# source: https://barometre.assemblee-nationale.fr/barometre_application_lois_assemblee.csv ; version du 05/10/2026 ; sha256 5a79d54f9fec5cd7366a2dabb7ccb3d0a444b317f29d36531d9015dcb52692b8 ; 2059 lois au fichier complet ; extrait : lois publiees du 01/10/2017 au 30/09/2025 (553)
Date de publication de la loi;Titre de la loi;Identifiant Légifrance de la loi;Identifiant Légifrance du dossier législatif;Identifiant Assemblée du dossier législatif;Chemin Assemblée du dossier législatif;Identifiant Sénat du dossier législatif;Identifiant de la commission de l'Assemblée saisie au fond;Libellé de la commission de l'Assemblée saisie au fond;Législature;Présidence;Gouvernement;Loi sans échéancier;Loi d'application directe;Loi autorisant la ratification d'accords internationaux;Loi d'habilitation (ordonnances);Loi de ratification (ordonnances);Nombre de mesures à appliquer;Nombre de mesures appliquées;Taux d'application des mesures;Mots-clés
2017-10-18;LOI n° 2017-1477 du 18 octobre 2017 autorisant l'approbation de l'accord entre le Gouvernement de la République française et le Gouvernement du Royaume hachémite de Jordanie relatif au statut de leurs forces;JORFTEXT000035829440;;DLR5L14N35769;accord_statut_forces_jordanie;pjl16-526;PO59047;Commission des affaires étrangères;15;Emmanuel Macron;PHILIPPE 2;non;oui;oui;non;non;0;0;1;AFFAIRES ETRANGERES,ACCORD INTERNATIONAL,ACCORD BILATERAL,FRANCE,JORDANIE,STATUT,FORCES ARMEES,DEFENSE,SECURITE,PROJET DE LOI
2017-10-18;LOI n° 2017-1478 du 18 octobre 2017 autorisant la ratification de l'accord entre la République française et la République portugaise relatif à l'assistance et à la coopération dans le domaine de la sécurité civile et l'approbation de l'accord entre le Gouvernement de la République française et le Gouvernement du Grand-Duché de Luxembourg relatif à l'assistance et à la coopération dans le domaine de la protection et de la sécurité civiles;JORFTEXT000035829442;;DLR5L14N35703;accords_portugal_luxembourg_securite_civile;pjl16-467;PO59047;Commission des affaires étrangères;15;Emmanuel Macron;PHILIPPE 2;non;oui;oui;non;non;0;0;1;AFFAIRES ETRANGERES,ACCORD INTERNATIONAL,ACCORD MULTILATERAL,FRANCE,PORTUGAL,LUXEMBOURG,RATIFICATION,ASSISTANCE,COOPERATION,SECURITE CIVILE,FORMATION,PERSONNEL,ASSISTANCE MUTUELLE,CATASTROPHE,ACCIDENT GRAVE,ACCIDENT NUCLEAIRE,EQUIPE D'ASSISTANCE,ACCUEIL,INDEMNISATION,DOMMAGE,PROJET DE LOI
2017-10-18;LOI n° 2017-1479 du 18 octobre 2017 autorisant la ratification de l'avenant modifiant la convention du 14 janvier 1971 entre la France et le Portugal tendant à éviter les doubles impositions et à établir des règles d'assistance administrative réciproque en matière d'impôts sur le revenu;JORFTEXT000035829445;;DLR5L14N35718;modification_convention_fiscale_portugal;pjl16-491;PO59047;Commission des affaires étrangères;15;Emmanuel Macron;PHILIPPE 2;non;oui;oui;non;non;0;0;1;AFFAIRES ETRANGERES,ACCORD INTERNATIONAL,ACCORD BILATERAL,FRANCE,PORTUGAL,AVENANT,RATIFICATION,CONVENTION FISCALE,DOUBLE IMPOSITION,ASSISTANCE ADMINISTRATIVE,IMPOT SUR LE REVENU,PROJET DE LOI
2017-10-23;LOI n° 2017-1487 du 23 octobre 2017 ratifiant l'ordonnance n° 2017-31 du 12 janvier 2017 de mise en cohérence des textes au regard des dispositions de la loi n° 2016-41 du 26 janvier 2016 de modernisation de notre système de santé;JORFTEXT000035860850;JORFDOLE000034315074;DLR5L15N35848;ratification_ordonnance_2017-31;pjl16-493;PO420120;Commission des affaires sociales;15;Emmanuel Macron;PHILIPPE 2;non;oui;non;non;oui;0;0;1;SOLIDARITES,SANTE,ORDONNANCE,RATIFICATION,PROJET DE LOI
2017-10-30;LOI n° 2017-1510 du 30 octobre 2017 renforçant la sécurité intérieure et la lutte contre le terrorisme;JORFTEXT000035932811;JORFDOLE000034990290;DLR5L15N35857;securite_interieure_lutte_terrorisme;pjl16-587;PO59051;Commission des lois constitutionnelles, de la législation et de l'administration générale de la République;15;Emmanuel Macron;PHILIPPE 2;non;non;non;non;non;8;7;0.875;INTERIEUR,CODE DE LA SECURITE INTERIEURE,CSI,CODE DE PROCEDURE PENALE,CPP,CODE PENAL,CODE DE LA DEFENSE,CODE DES TRANSPORTS,SECURITE INTERIEURE,RENFORCEMENT,LUTTE CONTRE LE TERRORISME,PREVENTION,ACTE DE TERRORISME,PERIMETRE DE PROTECTION,EVENEMENT,FERMETURE,LIEU DE CULTE,MESURE INDIVIDUELLE,CONTROLE ADMINISTRATIF,SURVEILLANCE,SAISINE,CONTROLE PARLEMENTAIRE,TECHNIQUE DE RENSEIGNEMENT,COMMUNICATION HERTZIENNE,ZONE FRONTALIERE,OUTRE-MER,NOUVELLE-CALEDONIE,POLYNESIE FRANCAISE,ILES WALLIS-ET-FUTUNA,TERRES AUSTRALES ET ANTARCTIQUES FRANCAISES,TAAF,PROJET DE LOI,DIRECTIVE EUROPEENNE,DIRECTIVE PNR,TRANSPOSITION COMPLETE
2017-11-17;LOI n° 2017-1575 du 17 novembre 2017 autorisant l'approbation de la convention d'entraide judiciaire en matière pénale entre le Gouvernement de la République française et le Gouvernement de la République algérienne démocratique et populaire;JORFTEXT000036038842;;DLR5L15N35842;convention_entraide_judiciaire_penale_algerie;pjl16-498;PO59047;Commission des affaires étrangères;15;Emmanuel Macron;PHILIPPE 2;non;oui;oui;non;non;0;0;1;AFFAIRES ETRANGERES,ACCORD INTERNATIONAL,ACCORD BILATERAL,FRANCE,ALGERIE,CONVENTION D'ENTRAIDE JUDICIAIRE,DOMAINE PENAL,PROJET DE LOI
2017-11-17;LOI n° 2017-1576 du 17 novembre 2017 autorisant la ratification du protocole relatif à la convention pour la répression d'actes illicites contre la sécurité de la navigation maritime et du protocole relatif au protocole pour la répression d'actes illicites contre la sécurité des plates-formes fixes situées sur le plateau continental;JORFTEXT000036038844;;DLR5L15N35845;repression_actes_illicites_navigation_maritime;pjl16-549;PO59047;Commission des affaires étrangères;15;Emmanuel Macron;PHILIPPE 2;non;oui;oui;non;non;0;0;1;AFFAIRES ETRANGERES,ACCORD INTERNATIONAL,ACCORD MULTILATERAL,PROTOCOLE,RATIFICATION,CONVENTION,REPRESSION,ACTE ILLICITE,SECURITE,CONVENTION SUA,PROTOCOLE SUA,NAVIGATION MARITIME,PLATE-FORME FIXE,PLATEAU CONTINENTAL,PROJET DE LOI
2017-12-01;LOI n° 2017-1640 du 1er décembre 2017 de finances rectificative pour 2017;JORFTEXT000036126766;JORFDOLE000035943752;DLR5L15N36107;collectif_budgetaire_2017;pjl17-067;PO59048;Commission des finances, de l'économie générale et du contrôle budgétaire;15;Emmanuel Macron;PHILIPPE 2;non;oui;non;non;non;0;0;1;COMPTES PUBLICS,LOI DE FINANCES RECTIFICATIVE POUR 2017,LFR 2017,IMPOT SUR LES SOCIETES,ASSUJETTISSEMENT,CONTRIBUTION EXCEPTIONNELLE,REMUNERATION,SERVICES RENDUS,AUTORISATION D'ENGAGEMENT,CREDIT DE PAIEMENT,DECRET D'AVANCE,RATIFICATION,IMPOT SUR LE REVENU,TAXE INTERIEURE DE CONSOMMATION SUR LES PRODUITS ENERGETIQUES,TICPE,TVA,PROJET DE LOI
2017-12-22;LOI n° 2017-1742 du 22 décembre 2017 autorisant l'approbation de l'accord entre le Gouvernement de la République française et le Conseil fédéral suisse relatif à la fiscalité applicable dans l'enceinte de l'aéroport de Bâle-Mulhouse;JORFTEXT000036251563;;DLR5L15N36069;accord_fiscalite_aeroport_bale-mulhouse;pjl17-036;PO59047;Commission des affaires étrangères;15;Emmanuel Macron;PHILIPPE 2;non;oui;oui;non;non;0;0;1;AFFAIRES ETRANGERES,ACCORD INTERNATIONAL,ACCORD BILATERAL,FRANCE,SUISSE,FISCALITE,TRANSPORT AERIEN,AEROPORT DE BALE-MULHOUSE,PROJET DE LOI
2017-12-25;LOI n° 2017-1752 du 25 décembre 2017 autorisant l'approbation de la convention d'extradition entre le Gouvernement de la République française et le Gouvernement de la République du Costa Rica;JORFTEXT000036259038;;DLR5L14N33602;convention_extradition_Costa_Rica;pjl14-130;PO59047;Commission des affaires étrangères;15;Emmanuel Macron;PHILIPPE 2;non;oui;oui;non;non;0;0;1;AFFAIRES ETRANGERES,ACCORD INTERNATIONAL,ACCORD BILATERAL,FRANCE,COSTA RICA,CONVENTION D'EXTRADITION,EXTRADITION ACCESSOIRE,MOTIF OBLIGATOIRE,MOTIF FACULTATIF,REFUS D'EXTRADITION,DEMANDE D'EXTRADITION,TRANSIT,AUTORISATION,APPROBATION,PROJET DE LOI
2017-12-25;LOI n° 2017-1753 du 25 décembre 2017 autorisant l'approbation de la convention d'entraide judiciaire en matière pénale entre le Gouvernement de la République française et le Gouvernement de la République du Costa Rica;JORFTEXT000036259040;;DLR5L14N33604;entraide_judiciaire_penale_Costa_Rica;pjl14-131;PO59047;Commission des affaires étrangères;15;Emmanuel Macron;PHILIPPE 2;non;oui;oui;non;non;0;0;1;AFFAIRES ETRANGERES,ACCORD INTERNATIONAL,ACCORD BILATERAL,FRANCE,COSTA RICA,CONVENTION D'ENTRAIDE JUDICIAIRE,DOMAINE PENAL,RESTRICTION,DEMANDE,TRANSMISSION,CONTENU,IMMUNITE,TEMOIN,EXPERT,PERSONNE DETENUE,TRANSFERT,ACTE DE PROCEDURE,DECISION JUDICIAIRE,PERQUISITION,INFRACTION,DENONCIATION,PROJET DE LOI
2017-12-25;LOI n° 2017-1754 du 25 décembre 2017 ratifiant l'ordonnance n° 2017-717 du 3 mai 2017 portant création de l'établissement public Paris La Défense;JORFTEXT000036259042;JORFDOLE000034646105;DLR5L14N35814;ratification_ordonnance_2017-717;pjl16-550;PO59051;Commission des lois constitutionnelles, de la législation et de l'administration générale de la République;15;Emmanuel Macron;PHILIPPE 2;non;non;non;non;oui;2;2;1;COHESION DES TERRITOIRES,PARIS LA DEFENSE,ETABLISSEMENT PUBLIC PARIS LA DEFENSE,ETABLISSEMENT PUBLIC LOCAL A CARACTERE INDUSTRIEL ET COMMERCIAL,ETABLISSEMENT PUBLIC LOCAL,EPL,CODE DE L'URBANISME,CODE DE LA ROUTE,ORDONNANCE,RATIFICATION,PROJET DE LOI
2017-12-28;LOI n° 2017-1775 du 28 décembre 2017 de finances rectificative pour 2017;JORFTEXT000036298548;JORFDOLE000036026064;DLR5L15N36131;deuxieme_collectif_budgetaire_2017;pjl17-155;PO59048;Commission des finances, de l'économie générale et du contrôle budgétaire;15;Emmanuel Macron;PHILIPPE 2;non;non;non;non;non;37;32;0.8648648648648649;COMPTES PUBLICS,LOI DE FINANCES RECTIFICATIVE POUR 2017,LFR 2017,CODE GENERAL DES IMPOTS,CGI,CODE DE LA SECURITE SOCIALE,CSS,LIVRE DES PROCEDURES FISCALES,CODE DE LA SANTE PUBLIQUE,CSP,CODE DU CINEMA ET DE L'IMAGE ANIMEE,CODE MINIER,CODE GENERAL DES COLLECTIVITES TERRITORIALES,CGCT,CODE DU TOURISME,CODE MONETAIRE ET FINANCIER,CMF,COMOFI,CODE DES DOUANES,CODE PENAL,CODE DE L'ENVIRONNEMENT,CODE DES ASSURANCES,CODE DE LA MUTUALITE,CODE DES RELATIONS ENTRE LE PUBLIC ET L'ADMINISTRATION,CRPA,CODE RURAL ET DE LA PECHE MARITIME,CRPM,CODE DES TRANSPORTS,CODE DU TRAVAIL,CODE DU PATRIMOINE,CODE DE L'ENTREE ET DU SEJOUR DES ETRANGERS ET DU DROIT D'ASILE,TAXE INTERIEURE DE CONSOMMATION SUR LES PRODUITS ENERGETIQUES,TICPE,AJUSTEMENT,COMPTE D'AFFECTATION SPECIALE,RESSOURCE,AGENCE DE FINANCEMENT DES INFRASTRUCTURES DE TRANSPORT DE FRANCE,AFITF,SERVICES NATIONAUX DE TRANSPORT CONVENTIONNES DE VOYAGEURS,TRANSITION ENERGETIQUE,OUVERTURE DE CREDITS,ANNULATION DE CREDITS,PLAFOND,AUTORISATION D'EMPLOI,EMPLOI DE L'ETAT,AMENAGEMENT,PRELEVEMENT A LA SOURCE,IMPOT SUR LE REVENU,ENTREPRISE,EXONERATION FISCALE,CREATION,BASSIN URBAIN,PROROGATION,DISPOSITIF,DEFI-FORET,INVESTISSEMENT FORESTIER,ENCOURAGEMENT,REGIME FISCAL,CLUB DE JEUX,SECURISATION,ASSIETTE,TAXE,DIFFUSION EN VIDEO,DIFFUSION EN LIGNE,CONTENU AUDIOVISUEL,PUBLICITE,CHAINE DE TELEVISION,EDITEUR,EXPLORATION,HYDROCARBURE,GITE GEOTHERMIQUE,REDUCTION,TAUX D'INTERET DE RETARD,TAUX D'INTERET MORATOIRE,SIMPLIFICATION,FISCALITE DOUANIERE,PAIEMENT DEMATERIALISE,TAXE SUR LES CERTIFICATS D'IMMATRICULATION DES VEHICULES,ACCES DIRECT,SYSTEME D'IMMATRICULATION DES VEHICULES,REDEVANCE D’ARCHEOLOGIE PREVENTIVE,MILIEU MARITIME,COMITE D’ORGANISATION DES JEUX OLYMPIQUES ET PARALYMPIQUES,COJO,GARANTIE,BENEFICE,PROJET DE LOI
2017-12-30;LOI n° 2017-1836 du 30 décembre 2017 de financement de la sécurité sociale pour 2018;JORFTEXT000036339090;JORFDOLE000035771815;DLR5L15N36030;plfss_2018;plfss2018;PO420120;Commission des affaires sociales;15;Emmanuel Macron;PHILIPPE 2;non;non;non;non;non;58;55;0.9482758620689655;COMPTES PUBLICS,LOI DE FINANCEMENT DE LA SECURITE SOCIALE POUR 2018,LFSS 2018,CODE DE LA SECURITE SOCIALE,CSS,CODE RURAL ET DE LA PECHE MARITIME,CRPM,CODE GENERAL DES IMPOTS,CGI,CODE DU TRAVAIL,CODE DE L'ACTION SOCIALE ET DES FAMILLES,CASF,CODE DES ASSURANCES,CODE DES TRANSPORTS,LIVRE DES PROCEDURES FISCALES,FONDS DE SOLIDARITE VIEILLESSE,FSV,FEH,MINORATION,FISCALITE,CONTRIBUTION SOCIALE DE SOLIDARITE DES SOCIETES,C3S,POUVOIR D'ACHAT,ACTIF,TRAVAILLEUR INDEPENDANT,SUPPRESSION,PAIEMENT,COTISATION SOCIALE,COTISATION SALARIALE,ASSURANCE MALADIE,CONTRIBUTION,ASSURANCE CHOMAGE,AUGMENTATION,CONTRIBUTION SOCIALE GENERALISEE,CSG,EMPLOI,ENTREPRENEUR,FONCTIONNAIRE,AGENT CONTRACTUEL,CONTRIBUTION EXCEPTIONNELLE DE SOLIDARITE,CES,TABAC,FAMILLE,GARDE D'ENFANT,ASSISTANTE MATERNELLE,ASSURANCE VIEILLESSE,ALLOCATION DE SOLIDARITE AUX PERSONNES AGEES,ASPA,ALLOCATION SUPPLEMENTAIRE VIEILLESSE,ASV,REVALORISATION,ACCIDENT DU TRAVAIL,MALADIE PROFESSIONNELLE,INDEMNISATION,FONDS D'INDEMNISATION DES VICTIMES DE L'AMIANTE,FIVA,FINANCEMENT,ENFANT,VACCINATION OBLIGATOIRE,VACCIN,PROJET DE LOI
2017-12-30;LOI n° 2017-1837 du 30 décembre 2017 de finances pour 2018;JORFTEXT000036339197;JORFDOLE000035656472;DLR5L15N35854;loi_finances_2018;pjlf2018;PO59048;Commission des finances, de l'économie générale et du contrôle budgétaire;15;Emmanuel Macron;PHILIPPE 2;non;non;non;non;non;32;30;0.9375;COMPTES PUBLICS,ECONOMIE,LOI DE FINANCES POUR 2018,CODE GENERAL DES IMPOTS,CGI,LIVRE DES PROCEDURES FISCALES,CODE DES DOUANES,CODE DE LA CONSTRUCTION ET DE L'HABITATION,CCH,CODE MONETAIRE ET FINANCIER,CMF,COMOFI,CODE DE LA DEFENSE,CODE DU PATRIMOINE,CODE DE L'ENTREE ET DU SEJOUR DES ETRANGERS ET DU DROIT D'ASILE,CODE GENERAL DES COLLECTIVITES TERRITORIALES,CGCT,CODE DE L'ENVIRONNEMENT,CODE DU TRAVAIL,CODE DE L'ENERGIE,CODE DE LA SANTE PUBLIQUE,CSP,CODE DE LA SECURITE SOCIALE,CSS,CODE DU TOURISME,CODE ELECTORAL,CODE DE L'ACTION SOCIALE ET DES FAMILLES,CASF,CODE DES PENSIONS MILITAIRES D'INVALIDITE ET DES VICTIMES DE GUERRE,CODE DE COMMERCE,CODE GENERAL DE LA PROPRIETE DES PERSONNES PUBLIQUES,CG3P,CODE DE L'EDUCATION,CODE DE LA VOIRIE ROUTIERE,CONTRIBUTION SOCIALE GENERALISEE,CSG,AUGMENTATION,COMPENSATION,FONCTIONNAIRE,CONTRACTUEL,JOUR DE CARENCE,RETABLISSEMENT,INDEPENDANT,RETRAITE,REVENU IMMOBILIER LOCATIF,IMPOT DE SOLIDARITE SUR LA FORTUNE,ISF,TRANSFORMATION,CHANGEMENT DE NOM,IMPOT SUR LA FORTUNE IMMOBILIERE,IFI,TAXE D'HABITATION,CESSATION PROGRESSIVE,PRELEVEMENT FORFAITAIRE UNIQUE,PFU,REVENU DU CAPITAL,FLAT TAX,CREATION,TAUX,PLAN D'EPARGNE LOGEMENT,PEL,ASSURANCE VIE,IMPOT SUR LE REVENU,BAREME,PRELEVEMENT A LA SOURCE,FISCALITE ECOLOGIQUE,GAZOLE,AIDE PERSONNALISEE AU LOGEMENT,APL,DIMINUTION,ACCESSION A LA PROPRIETE,AIDE,PRET A TAUX ZERO,PTZ,INVESTISSEMENT LOCATIF,LOI PINEL,PROROGATION,IMPOT SUR LES SOCIETES,ENTREPRISE,PME,TAXE SUR LES DIVIDENDES,SUPPRESSION,CREDIT D’IMPOT POUR LA COMPETITIVITE ET L’EMPLOI,CICE,COTISATION FONCIERE DES ENTREPRISES,CFE,AUTO-ENTREPRENEUR,CHIFFRE D'AFFAIRES,PLAFOND,RELEVEMENT,AUTOMOBILE,PRIME A LA CASSE,PRIME A LA CONVERSION,MALUS AUTOMOBILE,VEHICULE PROPRE,CREDIT D'IMPOT TRANSITION ENERGETIQUE,CITE,ECONOMIE D'ENERGIE,PRIME,PROJET DE LOI,DIRECTIVE EUROPEENNE,TRANSPOSITION COMPLETE
2017-12-30;LOI n° 2017-1838 du 30 décembre 2017 relative à l'exercice des compétences des collectivités territoriales dans le domaine de la gestion des milieux aquatiques et de la prévention des inondations;JORFTEXT000036339387;JORFDOLE000036124537;DLR5L15N36047;gestion_milieux_aquatiques_collectivites;ppl17-123;PO59051;Commission des lois constitutionnelles, de la législation et de l'administration générale de la République;15;Emmanuel Macron;PHILIPPE 2;non;oui;non;non;non;0;0;1;INTERIEUR,CODE GENERAL DES COLLECTIVITES TERRITORIALES,CGCT,CODE DE L'ENVIRONNEMENT,COLLECTIVITE TERRITORIALE,GESTION DES MILIEUX AQUATIQUES ET PREVENTION DES INONDATIONS,GEMAPI,COMPETENCE,ETABLISSEMENT PUBLIC D'AMENAGEMENT ET DE GESTION DE L'EAU,EPAGE,PREVENTION,RISQUE D'INONDATION,MILIEU AQUATIQUE,ZONE HUMIDE,PROPOSITION DE LOI,LOI FESNEAU
2017-12-30;LOI n° 2017-1839 du 30 décembre 2017 mettant fin à la recherche ainsi qu'à l'exploitation des hydrocarbures et portant diverses dispositions relatives à l'énergie et à l'environnement;JORFTEXT000036339396;JORFDOLE000035518975;DLR5L15N35929;fin_recherche_exploitation_hydrocarbures;pjl17-021;PO419865;Commission du développement durable et de l'aménagement du territoire;15;Emmanuel Macron;PHILIPPE 2;non;non;non;non;non;7;7;1;TRANSITION ECOLOGIQUE ET SOLIDAIRE,ORDONNANCE,RATIFICATION,CODE MINIER,POLITIQUE ENERGETIQUE,CESSATION PROGRESSIVE,RECHERCHE,EXPLOITATION,GISEMENT D'HYDROCARBURE,HYDROCARBURE LIQUIDE,HYDROCARBURE GAZEUX,PERMIS DE RECHERCHE,REDUCTION,CONSOMMATION,ENERGIE FOSSILE,PROTECTION,CONSOMMATEUR,ENERGIE,COMMISSION DE REGULATION DE L’ENERGIE,COMPETENCE,REMUNERATION,PRESTATION,GESTION,CLIENTELE,FOURNISSEUR,GESTIONNAIRE DU RESEAU DE DISTRIBUTION,GRD,CONTROLE,BIOCARBURANT,EMISSION,POLLUANT ATMOSPHERIQUE,OBLIGATION DE CAPACITE,TRANSPORT MARITIME,PAVILLON FRANCAIS,CERTIFICAT D'ECONOMIE D'ENERGIE,SANCTION ADMINISTRATIVE,OUTRE-MER,TERRES AUSTRALES ET ANTARCTIQUES FRANCAISES,TAAF,PROJET DE LOI,LOI HYDROCARBURES,DIRECTIVE EUROPEENNE,DIRECTIVE ILUC,TRANSPOSITION COMPLETE
2017-12-30;LOI n° 2017-1840 du 30 décembre 2017 autorisant la ratification du protocole sur les privilèges et immunités de la juridiction unifiée du brevet;JORFTEXT000036339433;;DLR5L15N35893;privileges_juridiction_unifiee_brevet;pjl17-006;PO59047;Commission des affaires étrangères;15;Emmanuel Macron;PHILIPPE 2;non;oui;oui;non;non;0;0;1;AFFAIRES ETRANGERES,ACCORD INTERNATIONAL,ACCORD MULTILATERAL,RATIFICATION,PROTOCOLE,AUTORISATION,PRIVILEGE,IMMUNITE,JUGE,JURIDICTION UNIFIEE DU BREVET,JUB,PROJET DE LOI
2017-12-30;LOI n° 2017-1841 du 30 décembre 2017 ratifiant l'ordonnance n° 2017-644 du 27 avril 2017 relative à l'adaptation des dispositions législatives relatives au fonctionnement des ordres des professions de santé;JORFTEXT000036339435;JORFDOLE000034558360;DLR5L15N35847;ratification_ordonnance_2017-644;pjl16-546;PO420120;Commission des affaires sociales;15;Emmanuel Macron;PHILIPPE 2;non;non;non;non;oui;2;2;1;SOLIDARITES,ORDONNANCE,RATIFICATION,CODE DE LA SANTE PUBLIQUE,CSP,CODE DE LA SECURITE SOCIALE,CSS,EGALITE DES CHANCES,RENFORCEMENT,PREVENTION,PROMOTION,SANTE,CENTRE DE SANTE,LUTTE,MAIGREUR EXCESSIVE,LUTTE CONTRE LE TABAGISME,SERVICE DE SANTE,TRAVAIL,RISQUE SANITAIRE,ENVIRONNEMENT,BRUIT,INFORMATION,PROTECTION,ESPECE VEGETALE,ESPECE ANIMALE,PROLIFERATION,NUISANCE,SANTE HUMAINE,PARCOURS DE SANTE,PACTE TERRITOIRE-SANTE,PROFESSIONNEL DE SANTE,GARANTIE,ACCES AUX SOINS,DOSSIER MEDICAL PARTAGE,CONSENTEMENT MUTUEL,SERVICE PUBLIC HOSPITALIER,MAISON D'ACCUEIL HOSPITLALIERE,ASSISTANT DENTAIRE,SECURITE DES SOINS,MEDICAMENT,APPROVISIONNEMENT,AGENCE REGIONALE DE SANTE,ARS,COMPETENCE,PROJET REGIONAL DE SANTE,TOXICOVIGILANCE,DECLARATION,INTOXICATION,ACTION DE GROUPE,MEDIATION,PROJET DE LOI
2018-01-22;LOI n° 2018-32 du 22 janvier 2018 de programmation des finances publiques pour les années 2018 à 2022;JORFTEXT000036526027;JORFDOLE000035655539;DLR5L15N35984;programmation_finances_publiques_2018-2022;pjl17-040;PO59048;Commission des finances, de l'économie générale et du contrôle budgétaire;15;Emmanuel Macron;PHILIPPE 2;non;non;non;non;non;1;1;1;COMPTES PUBLICS,BUDGET PLURIANNUEL,PROGRAMMATION BUDGETAIRE,LOI DE PROGRAMMATION DES FINANCES PUBLIQUES POUR 2018-2022,CODE MONETAIRE ET FINANCIER,CMF,COMOFI,ORIENTATION PLURIANNUELLE DES FINANCES PUBLIQUES,EVOLUTION,OBJECTIF A MOYEN TERME,OMT,DEPENSE PUBLIQUE,DEPENSE DE L'ETAT,OBJECTIF DE DEPENSES TOTALES DE L’ETAT,ODETE,RECETTE PUBLIQUE,PILOTAGE,NICHE FISCALE,NICHE SOCIALE,GESTION,FINANCES PUBLIQUES,INFORMATION,CONTROLE PARLEMENTAIRE,RAPPORT,CONFORMITE,PROJET DE LOI DE PROGRAMMATION,ADMINISTRATION PUBLIQUE LOCALE,APUL,SECURITE SOCIALE,PROJET DE LOI
2018-01-31;LOI n° 2018-51 du 31 janvier 2018 relative aux modalités de dépôt de candidature aux élections;JORFTEXT000036559728;JORFDOLE000033976384;DLR5L14N34301;candidatureselections;ppl16-362;PO59051;Commission des lois constitutionnelles, de la législation et de l'administration générale de la République;15;Emmanuel Macron;PHILIPPE 2;non;oui;non;non;non;0;0;1;INTERIEUR,CODE ELECTORAL,ELECTION,DEPOT DE CANDIDATURE,CANDIDAT,PROPOSITION DE LOI,LOI LE ROUX
2018-01-31;LOI n° 2018-52 du 31 janvier 2018 autorisant l'approbation de l'accord entre le Gouvernement de la République française et le Gouvernement de la Principauté d'Andorre relatif à la coopération technique et à l'assistance mutuelle en matière de sécurité civile;JORFTEXT000036559739;;DLR5L15N35949;accord_cooperation_securite_civile_andorre;pjl16-520;PO59047;Commission des affaires étrangères;15;Emmanuel Macron;PHILIPPE 2;non;oui;oui;non;non;0;0;1;EUROPE,AFFAIRES ETRANGERES,ACCORD INTERNATIONAL,ACCORD BILATERAL,FRANCE,ANDORRE,ACCORD DE COOPERATION,COOPERATION TECHNIQUE,ASSISTANCE MUTUELLE,SECURITE CIVILE,PROJET DE LOI
2018-01-31;LOI n° 2018-53 du 31 janvier 2018 autorisant l'approbation de l'accord entre le Gouvernement de la République française et le Gouvernement de la Principauté d'Andorre relatif à la coopération transfrontalière en matière policière et douanière;JORFTEXT000036559741;;DLR5L15N35950;accord_cooperation_policiere_andorre;pjl16-522;PO59047;Commission des affaires étrangères;15;Emmanuel Macron;PHILIPPE 2;non;oui;oui;non;non;0;0;1;EUROPE,AFFAIRES ETRANGERES,ACCORD INTERNATIONAL,ACCORD BILATERAL,FRANCE,ANDORRE,ACCORD DE COOPERATION,COOPERATION TRANSFRONTALIERE,COOPERATION POLICIERE,COOPERATION DOUANIERE,PROJET DE LOI
2018-02-13;LOI n° 2018-84 du 13 février 2018 créant un dispositif de don de jours de repos non pris au bénéfice des proches aidants de personnes en perte d'autonomie ou présentant un handicap;JORFTEXT000036596170;JORFDOLE000036171085;DLR5L15N35967;dons_jours_repos_aidants_familiaux;ppl17-146;PO420120;Commission des affaires sociales;15;Emmanuel Macron;PHILIPPE 2;non;non;non;non;non;2;2;1;TRAVAIL,CODE DU TRAVAIL,CREATION,DISPOSITIF,DON,JOUR DE REPOS,BENEFICE,PROCHE AIDANT,PERSONNE EN PERTE D'AUTONOMIE,HANDICAP,PROPOSITION DE LOI,LOI CHRISTOPHE
2018-02-26;LOI n° 2018-132 du 26 février 2018 ratifiant l'ordonnance n° 2017-48 du 19 janvier 2017 relative à la profession de physicien médical et l'ordonnance n° 2017-50 du 19 janvier 2017 relative à la reconnaissance des qualifications professionnelles dans le domaine de la santé;JORFTEXT000036644769;JORFDOLE000034315012;DLR5L15N35846;ratification_ordonnance_2017-48_ordonnance_2017-50;pjl16-489;PO420120;Commission des affaires sociales;15;Emmanuel Macron;PHILIPPE 2;non;oui;non;non;oui;0;0;1;SOLIDARITES,SANTE,EXERCICE DE LA PROFESSION,PHYSIQUE MEDICALE,PHYSICIEN MEDICAL,PROFESSION DE SANTE,RECONNAISSANCE DES QUALIFICATIONS PROFESSIONNELLES,ORDONNANCE,RATIFICATION,PROJET DE LOI
2018-02-26;LOI n° 2018-133 du 26 février 2018 portant diverses dispositions d'adaptation au droit de l'Union européenne dans le domaine de la sécurité;JORFTEXT000036644772;JORFDOLE000036073656;DLR5L15N36157;adaptation_droit_ue_securite;pjl17-105;PO59051;Commission des lois constitutionnelles, de la législation et de l'administration générale de la République;15;Emmanuel Macron;PHILIPPE 2;non;non;non;non;non;9;9;1;INTERIEUR,DDADUE,DDADUE SECURITE,CODE DE LA SECURITE INTERIEURE,SECURITE,RESEAU,SYSTEME D'INFORMATION,OPERATEUR DE SERVICE,FOURNISSEUR,SERVICE NUMERIQUE,CONTROLE,ACQUISITION,DETENTION,ARME,CODE DE LA DEFENSE,SERVICE PUBLIC REGLEMENTE,PRS,RADIONAVIGATION,SATELLITE,PROGRAMME GALILEO,EXTENSION,OUTRE-MER,WALLIS-ET-FUTUNA,POLYNESIE FRANCAISE,NOUVELLE-CALEDONIE,TERRES AUSTRALES ET ANTARCTIQUES FRANCAISES,TAAF,PROJET DE LOI,DIRECTIVE EUROPEENNE,DIRECTIVE NIS,TRANSPOSITION COMPLETE
2018-03-02;LOI n° 2018-148 du 2 mars 2018 ratifiant les ordonnances n° 2016-1058 du 3 août 2016 relative à la modification des règles applicables à l'évaluation environnementale des projets, plans et programmes et n° 2016-1060 du 3 août 2016 portant réforme des procédures destinées à assurer l'information et la participation du public à l'élaboration de certaines décisions susceptibles d'avoir une incidence sur l'environnement;JORFTEXT000036666074;JORFDOLE000033605859;DLR5L15N35843;ratification_ordonnances_2016-1058_2016_1060;pjl16-537;PO419865;Commission du développement durable et de l'aménagement du territoire;15;Emmanuel Macron;PHILIPPE 2;non;non;non;non;oui;1;1;1;TRANSITION ECOLOGIQUE ET SOLIDAIRE,CODE DE L'ENVIRONNEMENT,CODE GENERAL DES COLLECTIVITES TERRITORIALES,CGCT,CODE GENERAL DE LA PROPRIETE DES PERSONNES PUBLIQUES,CG3P,ORDONNANCE,RATIFICATION,ENVIRONNEMENT,EVALUATION ENVIRONNEMENTALE,PARTICIPATION DU PUBLIC,DROIT D'INITIATIVE,CITOYEN,ASSOCIATION,PROTECTION DE L'ENVIRONNEMENT,ORGANISATION,CONCERTATION PREALABLE,FONDS PUBLIC,PREROGATIVE,RENFORCEMENT,COMMISSION NATIONALE DU DEBAT PUBLIC,CNDP,ENQUETE PUBLIQUE,DEMATERIALISATION,PROJET DE LOI
2018-03-02;LOI n° 2018-149 du 2 mars 2018 autorisant l'approbation du protocole annexe à la convention générale entre le Gouvernement de la République française et le Gouvernement de la République algérienne démocratique et populaire sur la sécurité sociale du 1er octobre 1980 relatif aux soins de santé programmés dispensés en France aux ressortissants algériens assurés sociaux et démunis non assurés sociaux résidant en Algérie;JORFTEXT000036666080;;DLR5L15N35844;protocole_convention_algerie_securite_sociale;pjl16-529;PO59047;Commission des affaires étrangères;15;Emmanuel Macron;PHILIPPE 2;non;oui;oui;non;non;0;0;1;AFFAIRES ETRANGERES,ACCORD INTERNATIONAL,ACCORD BILATERAL,FRANCE,ALGERIE,AUTORISATION,APPROBATION,PROTOCOLE,SECURITE SOCIALE,DISPENSE,SOINS DE SANTE,RESSORTISSANT ALGERIEN,ASSURE SOCIAL,PERSONNE DEMUNIE,NON ASSURE SOCIAL,PROJET DE LOI
2018-03-02;LOI n° 2018-150 du 2 mars 2018 autorisant la ratification de l'accord de partenariat et de coopération renforcé entre l'Union européenne et ses Etats membres, d'une part, et la République du Kazakhstan, d'autre part;JORFTEXT000036666082;;DLR5L15N35896;accord_partenariat_ue_kazakhstan;pjl17-187;PO59047;Commission des affaires étrangères;15;Emmanuel Macron;PHILIPPE 2;non;oui;oui;non;non;0;0;1;AFFAIRES ETRANGERES,ACCORD INTERNATIONAL,ACCORD MULTILATERAL,UNION EUROPEENNE,ETAT MEMBRE,ACCORD MIXTE,KAZAKHSTAN,AUTORISATION,RATIFICATION,ACCORD DE PARTENARIAT,ACCORD DE COOPERATION,INVESTISSEMENT,DEVELOPPEMENT,COOPERATION DOUANIERE,COMMERCE INTERNATIONAL,TRANSPARENCE,DOMAINE SANITAIRE,DOMAINE PHYTOSANITAIRE,PROJET DE LOI
2018-03-02;LOI n° 2018-151 du 2 mars 2018 autorisant l'approbation de l'amendement au protocole de Montréal du 16 septembre 1987 relatif à des substances qui appauvrissent la couche d'ozone;JORFTEXT000036666084;;DLR5L15N36031;protocole_montreal_appauvrissement_couche_ozone;pjl17-186;PO59047;Commission des affaires étrangères;15;Emmanuel Macron;PHILIPPE 2;non;oui;oui;non;non;0;0;1;AFFAIRES ETRANGERES,ACCORD INTERNATIONAL,AUTORISATION,APPROBATION,AMENDEMENT DE KIGALI,PROTOCOLE DE MONTREAL,SUBSTANCE,APPAUVRISSEMENT,COUCHE D'OZONE,PROTECTION DE L'ENVIRONNEMENT,PROJET DE LOI
2018-03-08;LOI n° 2018-166 du 8 mars 2018 relative à l'orientation et à la réussite des étudiants;JORFTEXT000036683777;JORFDOLE000036073697;DLR5L15N36143;orientation_reussite_etudiants;pjl17-193;PO419604;Commission des affaires culturelles et de l'éducation;15;Emmanuel Macron;PHILIPPE 2;non;non;non;non;non;8;8;1;EDUCATION NATIONALE,CODE DE L'EDUCATION,CODE DE LA SECURITE SOCIALE,ORIENTATION,ETUDIANT,ENSEIGNEMENT SUPERIEUR,PREMIER CYCLE,GARANTIE,DROIT D'ACCES,ACCES PRIORITAIRE,INSCRIPTION,CANDIDATURE,FORMATION INITIALE,COMITE ETHIQUE ET SCIENTIFIQUE,CREATION,COMPETENCE,OBSERVATOIRE DE L'INSERTION PROFESSIONNELLE,ACCES AUX SOINS,PROJET DE LOI,LOI ORE
2018-03-15;LOI n° 2018-180 du 15 mars 2018 autorisant l'approbation de la convention d'extradition signée le 2 mai 2007 entre le Gouvernement de la République française et le Gouvernement de l'Etat des Emirats arabes unis;JORFTEXT000036711213;;;;;PO59047;Commission des affaires étrangères;15;Emmanuel Macron;PHILIPPE 2;non;oui;oui;non;non;0;0;1;AFFAIRES ETRANGERES,ACCORD INTERNATIONAL,ACCORD BILATERAL,FRANCE,EMIRATS ARABES UNIS,CONVENTION D'EXTRADITION,AUTORISATION,APPROBATION,PRINCIPE,NON BIS IN IDEM,PROJET DE LOI
2018-03-15;LOI n° 2018-181 du 15 mars 2018 autorisant la ratification de l'accord de transport aérien entre les Etats-Unis d'Amérique, premièrement, l'Union européenne et ses Etats membres, deuxièmement, l'Islande, troisièmement, et le Royaume de Norvège, quatrièmement;JORFTEXT000036711215;;;;;PO59047;Commission des affaires étrangères;15;Emmanuel Macron;PHILIPPE 2;non;oui;oui;non;non;0;0;1;AFFAIRES ETRANGERES,ACCORD INTERNATIONAL,ACCORD MULTILATERAL,UNION EUROPEENNE,ETAT MEMBRE,ETATS-UNIS D'AMERIQUE,ISLANDE,NORVEGE,RATIFICATION,AUTORISATION,TRANSPORT AERIEN,PROJET DE LOI
2018-03-15;LOI n° 2018-182 du 15 mars 2018 autorisant la ratification de l'accord euro-méditerranéen relatif aux services aériens entre l'Union européenne et ses Etats membres, d'une part, et le Gouvernement de l'Etat d'Israël, d'autre part;JORFTEXT000036711217;;;;;PO59047;Commission des affaires étrangères;15;Emmanuel Macron;PHILIPPE 2;non;oui;oui;non;non;0;0;1;AFFAIRES ETRANGERES,ACCORD INTERNATIONAL,ACCORD MULTILATERAL,UNION EUROPEENNE,ISRAEL,ACCORD EURO-MEDITERRANEEN,RATIFICATION,AUTORISATION,SERVICE AERIEN
2018-03-16;LOI n° 2018-185 du 16 mars 2018 autorisant l'approbation de la convention d'entraide judiciaire en matière pénale entre le Gouvernement de la République française et le Gouvernement de l'Union des Comores;JORFTEXT000036714500;;;;;PO59047;Commission des affaires étrangères;15;Emmanuel Macron;PHILIPPE 2;non;oui;oui;non;non;0;0;1;AFFAIRES ETRANGERES,ACCORD INTERNATIONAL,ACCORD BILATERAL,FRANCE,COMORES,CONVENTION D'ENTRAIDE JUDICIAIRE,DOMAINE PENAL,AUTORISATION,APPROBATION,PROJET DE LOI
2018-03-20;LOI n° 2018-187 du 20 mars 2018 permettant une bonne application du régime d'asile européen;JORFTEXT000036728690;JORFDOLE000036171159;DLR5L15N36071;bonne_application_asile_europeen;ppl17-149;PO59051;Commission des lois constitutionnelles, de la législation et de l'administration générale de la République;15;Emmanuel Macron;PHILIPPE 2;non;non;non;non;non;1;1;1;INTERIEUR,CODE DE L'ENTREE ET DU SEJOUR DES ETRANGERS ET DU DROIT D'ASILE,CESEDA,ETRANGER,ASILE,REGIME D'ASILE EUROPEEN,PLACEMENT EN RETENTION,MIGRANT,DECISION,TRANSFERT,ETAT EUROPEEN,PROPOSITION DE LOI,LOI WARSMANN
2018-03-26;LOI n° 2018-202 du 26 mars 2018 relative à l'organisation des jeux Olympiques et Paralympiques de 2024;JORFTEXT000036742943;JORFDOLE000036026063;DLR5L15N36130;jeux_olympiques_paralympiques_2024;pjl17-203;PO419604;Commission des affaires culturelles et de l'éducation;15;Emmanuel Macron;PHILIPPE 2;non;non;non;non;non;6;6;1;SPORTS,CODE DU SPORT,CODE DE L'URBANISME,CODE DES TRANSPORTS,CODE PENAL,JEUX OLYMPIQUES ET PARALYMPIQUES 2024,ORGANISATION,XXIIIE OLYMPIADE,ORGANISATEUR,COMITE D'ORGANISATION DES JEUX OLYMPIQUES ET PARALYMPIQUES,COMITE INTERNATIONAL OLYMPIQUE,CIO,COMITE INTERNATIONAL PARALYMPIQUE,CIP,COMITE D'ORGANISATION DES JEUX OLYMPIQUES,COJO,STIPULATION,CONTRAT DE VILLE HOTE,SECURITE,ETHIQUE,INTEGRITE,PROJET DE LOI
2018-03-29;LOI n° 2018-217 du 29 mars 2018 ratifiant diverses ordonnances prises sur le fondement de la loi n° 2017-1340 du 15 septembre 2017 d'habilitation à prendre par ordonnances les mesures pour le renforcement du dialogue social;JORFTEXT000036755446;JORFDOLE000035653662;DLR5L15N35986;ratification_ordonnances_loi2017-1340;pjl17-119;PO420120;Commission des affaires sociales;15;Emmanuel Macron;PHILIPPE 2;non;non;non;non;oui;5;5;1;TRAVAIL,CODE DU TRAVAIL,CODE DE L'EDUCATION,CODE RURAL ET DE LA PECHE MARITIME,CRPM,CODE DES TRANSPORTS,ORDONNANCE,RATIFICATION,RENFORCEMENT,DIALOGUE SOCIAL,PROJET DE LOI
2018-04-03;LOI n° 2018-237 du 3 avril 2018 autorisant la ratification du protocole n° 16 à la convention de sauvegarde des droits de l'homme et des libertés fondamentales;JORFTEXT000036763009;;DLR5L15N36240;convention_sauvegarde_droits_hommes;pjl17-304;PO59047;Commission des affaires étrangères;15;Emmanuel Macron;PHILIPPE 2;non;oui;oui;non;non;0;0;1;AFFAIRES ETRANGERES,CONVENTION DE SAUVEGARDE DES DROITS DE L'HOMME ET DES LIBERTES FONDAMENTALES,CONVENTION EUROPEENNE DES DROITS DE L'HOMME,CEDH,PROTOCOLE N° 16,AUTORISATION,RATIFICATION,PROJET DE LOI
2018-04-13;LOI n° 2018-266 du 13 avril 2018 visant à simplifier et mieux encadrer le régime d'ouverture et de contrôle des établissements privés hors contrat;JORFTEXT000036798673;JORFDOLE000036632658;DLR5L15N36364;encadrement_ouverture_etablissements_hors_contrat;ppl16-589;PO419604;Commission des affaires culturelles et de l'éducation;15;Emmanuel Macron;PHILIPPE 2;non;non;non;non;non;4;4;1;EDUCATION NATIONALE,CODE DE L'EDUCATION,CODE PENAL,CODE DU TRAVAIL,CODE GENERAL DES IMPOTS,CGI,SIMPLIFICATION,ENCADREMENT,OUVERTURE,CONTROLE,ETABLISSEMENT D'ENSEIGNEMENT PRIVE,ETABLISSEMENT PRIVE HORS CONTRAT,PROTECTION DE L'ENFANCE,PROTECTION DE LA JEUNESSE,DOSSIER,DECLARATION D'OUVERTURE,FINANCEMENT,PROPOSITION DE LOI,LOI GATEL
2018-04-19;LOI organique n° 2018-280 du 19 avril 2018 relative à l'organisation de la consultation sur l'accession à la pleine souveraineté de la Nouvelle-Calédonie;JORFTEXT000036819029;JORFDOLE000036175158;DLR5L15N36333;organisation_consultation_pleine_souverainete_nouvelle-caledonie;pjl17-152;PO59051;Commission des lois constitutionnelles, de la législation et de l'administration générale de la République;15;Emmanuel Macron;PHILIPPE 2;non;non;non;non;non;5;5;1;OUTRE-MER,NOUVELLE-CALEDONIE,ORGANISATION,CONSULTATION,ACCESSION,PLEINE SOUVERAINETE,LISTE ELECTORALE SPECIALE POUR LA CONSULTATION,LESC,ELECTEUR,INSCRIPTION D'OFFICE,BUREAU DE VOTE,REVISION,LISTE ELECTORALE SPECIALE PROVINCIALE,PROJET DE LOI ORGANIQUE
2018-04-19;LOI n° 2018-281 du 19 avril 2018 autorisant l'approbation du protocole additionnel à l'accord du 9 octobre 1997 entre le Gouvernement de la République française et le Gouvernement de la République fédérale d'Allemagne relatif à la coopération dans leurs zones frontalières entre les autorités de police et les autorités douanières concernant l'emploi transfrontalier d'aéronefs;JORFTEXT000036819040;;DLR5L15N36114;accord_allemagne_emploi_transfrontalier_aeronefs;pjl17-062;PO59047;Commission des affaires étrangères;15;Emmanuel Macron;PHILIPPE 2;non;oui;oui;non;non;0;0;1;AFFAIRES ETRANGERES,ACCORD INTERNATIONAL,ACCORD BILATERAL,FRANCE,ALLEMAGNE,ACCORD DE COOPERATION,ZONE FRONTALIERE,AUTORITE DE POLICE,AUTORITE DOUANIERE,UTILISATION,TRANSFRONTALIER,AERONEF,CENTRE DE COOPERATION POLICIERE ET DOUANIERE,CCPD,PROJET DE LOI
2018-04-20;LOI n° 2018-287 du 20 avril 2018 ratifiant l'ordonnance n° 2016-131 du 10 février 2016 portant réforme du droit des contrats, du régime général et de la preuve des obligations;JORFTEXT000036825602;JORFDOLE000032851308;;;;PO59051;Commission des lois constitutionnelles, de la législation et de l'administration générale de la République;15;Emmanuel Macron;PHILIPPE 2;non;oui;non;non;oui;0;0;1;JUSTICE,CODE CIVIL,CODE MONETAIRE ET FINANCIER,CMF,COMOFI,ORDONNANCE,RATIFICATION,REFORME,DROIT DES CONTRATS,REGIME GENERAL DES OBLIGATIONS,PREUVE DES OBLIGATIONS,PROJET DE LOI
2018-04-27;LOI n° 2018-305 du 27 avril 2018 autorisant l'approbation de l'accord entre le Gouvernement de la République française et le Gouvernement de la Principauté d'Andorre concernant l'amélioration de la viabilité des routes nationales 20, 320 et 22 entre Tarascon-sur-Ariège et la frontière franco-andorrane;JORFTEXT000036847665;;DLR5L15N36239;accord_andorre_routes_nationales;pjl17-303;PO59047;Commission des affaires étrangères;15;Emmanuel Macron;PHILIPPE 2;non;oui;oui;non;non;0;0;1;AFFAIRES ETRANGERES,ACCORD INTERNATIONAL,ACCORD BILATERAL,PRINCIPAUTE D'ANDORRE,CIRCULATION ROUTIERE,AMELIORATION,VIABILITE,ROUTE NATIONALE,RN 20,RN 230,RN 22,SECURITE,TRAFIC ROUTIER,REALISATION,TRAVAUX D'AMENAGEMENT,MESURE PREVENTIVE,RISQUE NATUREL,PROJET DE LOI
2018-06-20;LOI n° 2018-493 du 20 juin 2018 relative à la protection des données personnelles;JORFTEXT000037085952;JORFDOLE000036195293;DLR5L15N36220;donnees_personnelles_protection;pjl17-296;PO59051;Commission des lois constitutionnelles, de la législation et de l'administration générale de la République;15;Emmanuel Macron;PHILIPPE 2;non;non;non;non;non;17;15;0.8823529411764706;JUSTICE,CODE PENAL,CODE DE LA SANTE PUBLIQUE,CSP,CODE DU PATRIMOINE,CODE DE L'EDUCATION,CODE DE LA DEFENSE,CODE DE PROCEDURE PENALE,CPP,CODE DE LA CONSOMMATION,PROTECTION DES DONNEES,DONNEES PERSONNELLES,PROTECTION DE LA VIE PRIVEE,PROTECTION,PERSONNE PHYSIQUE,REGLEMENT GENERAL SUR LA PROTECTION DES DONNEES,RGPD,COMMISSION NATIONALE DE L'INFORMATIQUE ET DES LIBERTES,CNIL,AUTORITE DE CONTROLE,COMPETENCE,DROIT A L'INFORMATION,HABILITATION,PROJET DE LOI,DIRECTIVE EUROPEENNE,TRANSPOSITION COMPLETE
2018-06-25;LOI n° 2018-509 du 25 juin 2018 relative à l'élection des représentants au Parlement européen;JORFTEXT000037102048;JORFDOLE000036375020;DLR5L15N36254;election_des_representants_parlement_europeen;pjl17-314;PO59051;Commission des lois constitutionnelles, de la législation et de l'administration générale de la République;15;Emmanuel Macron;PHILIPPE 2;non;non;non;non;non;6;6;1;INTERIEUR,CODE ELECTORAL,PARLEMENT EUROPEEN,ELECTION,REPRESENTANT,CIRCONSCRIPTION ELECTORALE,CIRCONSCRIPTION UNIQUE,CAMPAGNE ELECTORALE,DEPENSE ELECTORALE,PLAFOND,OBLIGATION DECLARATIVE,PROJET DE LOI
2018-06-27;LOI n° 2018-515 du 27 juin 2018 pour un nouveau pacte ferroviaire;JORFTEXT000037111503;JORFDOLE000036708397;DLR5L15N36460;nouveau_pacte_ferroviaire;pjl17-435;PO419865;Commission du développement durable et de l'aménagement du territoire;15;Emmanuel Macron;PHILIPPE 2;non;non;non;non;non;45;44;0.9777777777777777;TRANSPORTS,CODE DES TRANSPORTS,TRANSPORT FERROVIAIRE,SNCF,NOUVEAU PACTE FERROVIAIRE,OUVERTURE A LA CONCURRENCE,ORGANISATION,EVOLUTION,TRANSFORMATION,SOCIETE NATIONALE A CAPITAUX PUBLICS,GESTION,PROJET DE LOI,DIRECTIVE EUROPEENNE,TRANSPOSITION COMPLETE
2018-06-28;LOI n° 2018-527 du 28 juin 2018 relative au défibrillateur cardiaque;JORFTEXT000037116260;JORFDOLE000033240335;;;;PO419604;Commission des affaires culturelles et de l'éducation;15;Emmanuel Macron;PHILIPPE 2;non;non;non;non;non;2;2;1;SOLIDARITES,SANTE,CODE DE LA CONSTRUCTION ET DE L'HABITATION,CCH,CODE DE LA SANTE PUBLIQUE,CSP,SECURITE DES PERSONNES,ETABLISSEMENT RECEVANT DU PUBLIC,DEFIBRILLATEUR CARDIAQUE,DEFIBRILLATEUR AUTOMATISE EXTERNE,DAE,BANQUE DE DONNEES,CREATION,LIEU D'IMPLANTATION,ACCESSIBILITE,PROPOSITION DE LOI,LOI DECOOL
2018-07-06;LOI n° 2018-581 du 6 juillet 2018 autorisant l'approbation de l'accord entre le Gouvernement de la République française et le Gouvernement de la République du Chili relatif à l'emploi rémunéré des personnes à charge des agents des missions officielles de chaque Etat dans l'autre et de l'accord entre le Gouvernement de la République française et le Gouvernement de l'Etat plurinational de Bolivie relatif à l'emploi salarié des membres des familles des agents des missions officielles de chaque Etat dans l'autre;JORFTEXT000037160295;;;;;PO59047;Commission des affaires étrangères;15;Emmanuel Macron;PHILIPPE 2;non;oui;oui;non;non;0;0;1;AFFAIRES ETRANGERES,ACCORD INTERNATIONAL,ACCORD BILATERAL,FRANCE,CHILI,BOLIVIE,EMPLOI SALARIE,MEMBRE,FAMILLE,AGENT,MISSION OFFICIELLE,EMPLOI REMUNERE,PERSONNE A CHARGE,REGIME FISCAL,SECURITE SOCIALE,PROJET DE LOI
2018-07-06;LOI n° 2018-582 du 6 juillet 2018 autorisant l'approbation de la convention d'entraide judiciaire en matière pénale entre le Gouvernement de la République française et le Gouvernement de Sainte-Lucie et de la convention d'extradition entre le Gouvernement de la République française et le Gouvernement de Sainte-Lucie;JORFTEXT000037160298;;;;;PO59047;Commission des affaires étrangères;15;Emmanuel Macron;PHILIPPE 2;non;oui;oui;non;non;0;0;1;AFFAIRES ETRANGERES,ACCORD INTERNATIONAL,ACCORD BILATERAL,FRANCE,SAINTE-LUCIE,CONVENTION D'ENTRAIDE JUDICIAIRE,DOMAINE PENAL,CONVENTION D'EXTRADITION,COOPERATION JUDICIAIRE,PROJET DE LOI
2018-07-12;LOI n° 2018-604 du 12 juillet 2018 autorisant la ratification de la convention multilatérale pour la mise en œuvre des mesures relatives aux conventions fiscales pour prévenir l'érosion de la base d'imposition et le transfert de bénéfices;JORFTEXT000037186586;;DLR5L15N36293;convention_prevention_erosion_base_imposition;pjl17-227;PO59047;Commission des affaires étrangères;15;Emmanuel Macron;PHILIPPE 2;non;oui;oui;non;non;0;0;1;AFFAIRES ETRANGERES,ACCORD INTERNATIONAL,ACCORD MULTILATERAL,CONVENTION MULTILATERALE OCDE,CONVENTION BEPS,RATIFICATION,AUTORISATION,MISE EN OEUVRE,CONVENTION FISCALE,MESURE PREVENTIVE,BASE D'IMPOSITION,TRANSFERT DE BENEFICES,PROJET DE LOI
2018-07-13;LOI n° 2018-607 du 13 juillet 2018 relative à la programmation militaire pour les années 2019 à 2025 et portant diverses dispositions intéressant la défense;JORFTEXT000037192797;JORFDOLE000036584151;DLR5L15N36362;programmation_militaire_2019-2025;pjl17-383;PO59046;Commission de la défense nationale et des forces armées;15;Emmanuel Macron;PHILIPPE 2;non;non;non;non;non;20;19;0.95;ARMEES,DEFENSE,CODE DE LA DEFENSE,CODE DU TRAVAIL,CODE DU SERVICE NATIONAL,CODE DES PENSIONS CIVILES ET MILITAIRES DE RETRAITE,CODE DE LA SECURITE SOCIALE,CSS,CODE ELECTORAL,CODE GENERAL DES COLLECTIVITES TERRITORIALES,CGCT,CODE DES POSTES ET DES COMMUNICATIONS ELECTRONIQUES,CPCE,CODE DE LA SECURITE INTERIEURE,CSI,CODE DE PROCEDURE PENALE,CPP,CODE GENERAL DE LA PROPRIETE DES PERSONNES PUBLIQUES,CG3P,CODE DES PENSIONS MILITAIRES D'INVALIDITE ET DES VICTIMES DE GUERRE,CODE DE LA SANTE PUBLIQUE,CSP,CODE DE L'ENVIRONNEMENT,CODE DE LA CONSTRUCTION ET DE L'HABITATION,CCH,CODE DES COMMUNES DE LA NOUVELLE-CALEDONIE,LOI DE PROGRAMMATION MILITAIRE,PROGRAMMATION MILITAIRE 2019-2025,LPM 2019-2025,POLITIQUE FINANCIERE,PROGRAMMATION FINANCIERE,EQUIPEMENT DES ARMEES,CONTROLE PARLEMENTAIRE,RESSOURCES HUMAINES,STATUT,CARRIERE,RESERVE MILITAIRE,EXPERIMENTATION,SERVICE MILITAIRE VOLONTAIRE,ELECTION,MILITAIRE,SCRUTIN,CYBERDEFENSE,RENSEIGNEMENT,ORDRE DE LA LIBERATION,CONSEIL D'ADMINISTRATION,COMPOSITION,DELEGUE NATIONAL,MODE DE NOMINATION,MESURE DE SIMPLIFICATION,AUGMENTATION,EFFECTIF,ORDONNANCE,RATIFICATION,PROJET DE LOI
2018-07-23;LOI n° 2018-643 du 23 juillet 2018 relative aux contrôles et aux sanctions en matière de concurrence en Polynésie française et en Nouvelle-Calédonie;JORFTEXT000037240537;JORFDOLE000036657181;DLR5L15N36430;ratification_ordonnance_2017-157;pjl17-334;PO59051;Commission des lois constitutionnelles, de la législation et de l'administration générale de la République;15;Emmanuel Macron;PHILIPPE 2;non;oui;non;non;non;0;0;1;OUTRE-MER,CODE DE COMMERCE,ORDONNANCE,RATIFICATION,CONTROLE,SANCTION,CONCURRENCE,AUTORITE DE LA CONCURRENCE,AUTORITE POLYNESIENNE DE LA CONCURRENCE,COMPETENCE,POURVOI EN CASSATION,NOUVELLE-CALEDONIE,POLYNESIE FRANCAISE,PROJET DE LOI
2018-07-25;LOI n° 2018-652 du 25 juillet 2018 de règlement du budget et d'approbation des comptes de l'année 2017;JORFTEXT000037248223;JORFDOLE000036936591;DLR5L15N36644;reglement_comptes_2017;pjl17-595;PO59048;Commission des finances, de l'économie générale et du contrôle budgétaire;15;Emmanuel Macron;PHILIPPE 2;non;oui;non;non;non;0;0;1;COMPTES PUBLICS,BUDGET 2017,APPROBATION DES COMPTES,LOI DE REGLEMENT,PROJET DE LOI
2018-07-30;LOI n° 2018-670 du 30 juillet 2018 relative à la protection du secret des affaires;JORFTEXT000037262111;JORFDOLE000036749877;DLR5L15N36388;protection_savoir-faire_informations_commerciales;ppl17-388;PO59051;Commission des lois constitutionnelles, de la législation et de l'administration générale de la République;15;Emmanuel Macron;PHILIPPE 2;non;non;non;non;non;2;2;1;JUSTICE,CODE DE COMMERCE,CODE DE JUSTICE ADMINISTRATIVE,CJA,CODE DU CINEMA ET DE L'IMAGE ANIMEE,CODE DES DOUANES,CODE DE L'ENERGIE,CODE DE L'ENVIRONNEMENT,LIVRE DES PROCEDURES FISCALES,CODE DU PATRIMOINE,CODE DE LA PROPRIETE INTELLECTUELLE,CPI,CODE DES RELATIONS ENTRE LE PUBLIC ET L'ADMINISTRATION,CODE RURAL ET DE LA PECHE MARITIME,CRPM,CSP,CODE DE LA SECURITE SOCIALE,CSS,CODE DES TRANSPORTS,ENTREPRISE,PROTECTION,SECRET DES AFFAIRES,EXCEPTION,DIVULGATION,PREVENTION,PUBLICITE,SANCTION,PROCEDURE DILATOIRE,PROCEDURE ABUSIVE,JURIDICTION CIVILE,JURIDICTION COMMERCIALE,PROCEDURE ORDINAIRE,COMMUNICATION ELECTRONIQUE,PROPOSITION DE LOI,LOI GAUVAIN,DIRECTIVE EUROPEENNE,DIRECTIVE SECRET DES AFFAIRES,TRANSPOSITION COMPLETE
2018-08-03;LOI n° 2018-692 du 3 août 2018 autorisant l'approbation de l'accord entre le Gouvernement de la République française et le Gouvernement fédéral autrichien relatif à la réadmission des personnes en situation irrégulière;JORFTEXT000037282577;;DLR5L15N36078;accord_readmission_personnes_situation_irreguliere;pjl16-528;PO59047;Commission des affaires étrangères;15;Emmanuel Macron;PHILIPPE 2;non;oui;oui;non;non;0;0;1;EUROPE,AFFAIRES ETRANGERES,ACCORD INTERNATIONAL,ACCORD BILATERAL,FRANCE,AUTRICHE,READMISSION,PERSONNE,SITUATION IRREGULIERE,LUTTE CONTRE L'IMMIGRATION IRREGULIERE,PROJET DE LOI
2018-08-03;LOI n° 2018-697 du 3 août 2018 relative à l'harmonisation de l'utilisation des caméras mobiles par les autorités de sécurité publique;JORFTEXT000037284329;JORFDOLE000037061046;DLR5L15N36690;utilisation_cameras_mobiles_securite_publique;ppl17-337;PO59051;Commission des lois constitutionnelles, de la législation et de l'administration générale de la République;15;Emmanuel Macron;PHILIPPE 2;non;non;non;non;non;3;3;1;INTERIEUR,CODE DE LA SECURITE INTERIEURE,CSI,HARMONISATION,UTILISATION,SAPEUR-POMPIER PROFESSIONNEL,SAPEUR-POMPIER VOLONTAIRE,AGENT,ADMINISTRATION PENITENTIAIRE,CAMERA MOBILE,AUTORITE,SECURITE PUBLIQUE,TITRE EXPERIMENTAL,PREVENTION,PROTECTION,LUTTE,RISQUE,SECURITE CIVILE,PROTECTION DE LA PERSONNE,ENREGISTREMENT AUDIOVISUEL,PROPOSITION DE LOI,LOI DECOOL
2018-08-03;LOI n° 2018-698 du 3 août 2018 relative à l'encadrement de l'utilisation du téléphone portable dans les établissements d'enseignement scolaire;JORFTEXT000037284333;JORFDOLE000037036828;DLR5L15N36622;interdiction_usage_telephone_portable_ecoles_colleges;ppl17-558;PO419604;Commission des affaires culturelles et de l'éducation;15;Emmanuel Macron;PHILIPPE 2;non;oui;non;non;non;0;0;1;EDUCATION NATIONALE,CODE DE L'EDUCATION,ETABLISSEMENT D'ENSEIGNEMENT,ENSEIGNEMENT SCOLAIRE,ENCADREMENT,UTILISATION,TELEPHONE PORTABLE,INTERDICTION,ECOLE MATERNELLE,ECOLE ELEMENTAIRE,COLLEGE,PROPOSITION DE LOI,LOI FERRAND
2018-08-03;LOI n° 2018-699 du 3 août 2018 visant à garantir la présence des parlementaires dans certains organismes extérieurs au Parlement et à simplifier les modalités de leur nomination;JORFTEXT000037284338;JORFDOLE000036943867;DLR5L15N36529;presence_parlementaires_organismes_exterieurs;ppl17-504;PO59051;Commission des lois constitutionnelles, de la législation et de l'administration générale de la République;15;Emmanuel Macron;PHILIPPE 2;non;non;non;non;non;3;3;1;PREMIER MINISTRE,PARLEMENT,PARLEMENTAIRE,PRESENCE,GARANTIE,ORGANISME EXTERIEUR AU PARLEMENT,OEP,SIMPLIFICATION,MODE DE NOMINATION,REMPLACEMENT,DEPUTE,SENATEUR,EGAL ACCES,PARITE ENTRE LES FEMMES ET LES HOMMES,RESPONSABILITE POLITIQUE,RESPONSABILITE PROFESSIONNELLE,RESPONSABILITE SOCIALE,ORGANISME EXTRAPARLEMENTAIRE,SUPPRESSION,CODE DES TRANSPORTS,CODE GENERAL DE LA PROPRIETE DES PERSONNES PUBLIQUES,CG3P,CODE DE PROCEDURE PENALE,CPP,CODE DE LA RECHERCHE,CODE DE LA ROUTE,CODE RURAL ET DE LA PECHE MARITIME,CRPM,CODE DE LA SANTE PUBLIQUE,CSP,CODE DE LA SECURITE INTERIEURE,CSI,CODE DE LA SECURITE SOCIALE,CSS,CODE DE LA VOIRIE ROUTIERE,CODE DES RELATIONS ENTRE LE PUBLIC ET L'ADMINISTRATION,CODE DE L'ENVIRONNEMENT,CODE DE L'ACTION SOCIALE ET DES FAMILLES,CASF,CODE DE LA DEFENSE,CODE DE L'EDUCATION,CODE DE L'ENERGIE,CODE MONETAIRE ET FINANCIER,CMF,COMOFI,CODE DE LA MUTUALITE,CODE DU SPORT,CODE DU TRAVAIL,CODE GENERAL DES COLLECTIVITES TERRITORIALES,CGCT,CODE DES POSTES ET DES COMMUNICATIONS ELECTRONIQUES,CPCE,CODE DU CINEMA ET DE L'IMAGE ANIMEE,CODE DE LA CONSTRUCTION ET DE L'HABITATION,CCH,CODE FORESTIER,CODE DU PATRIMOINE,CODE DE L'ENTREE ET DU SEJOUR DES ETRANGERS ET DU DROIT D'ASILE,CODE DE L'URBANISME,PROPOSITION DE LOI,LOI DE RUGY
2018-08-03;LOI n° 2018-700 du 3 août 2018 ratifiant l'ordonnance n° 2017-1252 du 9 août 2017 portant transposition de la directive 2015/2366 du Parlement européen et du Conseil du 25 novembre 2015 concernant les services de paiement dans le marché intérieur;JORFTEXT000037284433;JORFDOLE000035985856;DLR5L15N36122;ratification_ordonnance_2017-1252;pjl17-292;PO59048;Commission des finances, de l'économie générale et du contrôle budgétaire;15;Emmanuel Macron;PHILIPPE 2;non;non;non;non;oui;2;2;1;ECONOMIE,CODE MONETAIRE ET FINANCIER,CMF,COMOFI,ORDONNANCE,RATIFICATION,MARCHE INTERIEUR,SERVICE DE PAIEMENT,PROJET DE LOI
2018-08-03;LOI n° 2018-701 du 3 août 2018 renforçant la lutte contre les rodéos motorisés;JORFTEXT000037284442;JORFDOLE000037156528;DLR5L15N36621;renforcement_lutte_rodeos_motorises;ppl17-641;PO59051;Commission des lois constitutionnelles, de la législation et de l'administration générale de la République;15;Emmanuel Macron;PHILIPPE 2;non;oui;non;non;non;0;0;1;INTERIEUR,CODE DE LA ROUTE,LUTTE,RENFORCEMENT,RODEO MOTORISE,VEHICULE TERRESTRE A MOTEUR,IMMOBILISATION,INFRACTION,CONFISCATION,SUSPENSION,ANNULATION,PERMIS DE CONDUIRE,STAGE DE SENSIBILISATION,SECURITE,PROPOSITION DE LOI,LOI FERRAND
2018-08-03;LOI n° 2018-702 du 3 août 2018 relative à la mise en œuvre du transfert des compétences eau et assainissement aux communautés de communes;JORFTEXT000037284445;JORFDOLE000036558448;DLR5L15N36246;eau_assainissement_communautes_communes;ppl17-260;PO59051;Commission des lois constitutionnelles, de la législation et de l'administration générale de la République;15;Emmanuel Macron;PHILIPPE 2;non;oui;non;non;non;0;0;1;INTERIEUR,CODE GENERAL DES COLLECTIVITES TERRITORIALES,CGCT,MISE EN OEUVRE,TRANSFERT DE COMPETENCES,EAU,ASSAINISSEMENT,COMMUNAUTE DE COMMUNES,PROPOSITION DE LOI,LOI FERRAND
2018-08-03;LOI n° 2018-703 du 3 août 2018 renforçant la lutte contre les violences sexuelles et sexistes;JORFTEXT000037284450;JORFDOLE000036730730;DLR5L15N36496;lutte_violences_sexuelles_sexistes;pjl17-487;PO59051;Commission des lois constitutionnelles, de la législation et de l'administration générale de la République;15;Emmanuel Macron;PHILIPPE 2;non;oui;non;non;non;0;0;1;JUSTICE,CODE DE PROCEDURE PENALE,CPP,CODE PENAL,CODE DE L'ACTION SOCIALE ET DES FAMILLES,CASF,CODE DE LA SANTE PUBLIQUE,CSP,CODE DE L'EDUCATION,CODE DES TRANSPORTS,CODE CIVIL,LUTTE,VIOLENCE SEXUELLE,VIOLENCE SEXISTE,PROTECTION DES MINEURS,REPRESSION,INFRACTION,MINEUR,DELIT,HARCELEMENT SEXUEL,HARCELEMENT MORAL,OUTRAGE SEXISTE,ALLONGEMENT,DELAI DE PRESCRIPTION,CRIME SEXUEL,OUTRE-MER,PROJET DE LOI
2018-08-10;LOI n° 2018-727 du 10 août 2018 pour un Etat au service d'une société de confiance;JORFTEXT000037307624;JORFDOLE000036100205;DLR5L15N36159;etat_service_societe_confiance;pjl17-259;PO744107;Commission spéciale chargée d'examiner le projet de loi pour un État au service d'une société de confiance;15;Emmanuel Macron;PHILIPPE 2;non;non;non;non;non;33;33;1;PREMIER MINISTRE,CODE DES RELATIONS ENTRE LE PUBLIC ET L'ADMINISTRATION,CRPA,CODE DE LA SECURITE SOCIALE,CSS,CODE GENERAL DES IMPOTS,CGI,LIVRE DES PROCEDURES FISCALES,CODE DES DOUANES,CODE DU TRAVAIL,CODE DE L'URBANISME,CODE DE L'ENVIRONNEMENT,CODE DU PATRIMOINE,CODE DE L'EDUCATION,CODE DE COMMERCE,CODE DE LA CONSOMMATION,CODE RURAL ET DE LA PECHE MARITIME,CRPM,CODE MONETAIRE ET FINANCIER,COMOFI,CODE DE L'ENERGIE,CODE DE L'EXPROPRIATION POUR CAUSE D'UTILITE PUBLIQUE,ORDONNANCE,RATIFICATION,ORIENTATION,PROGRAMMATION,STRATEGIE NATIONALE D’ORIENTATION DE L’ACTION PUBLIQUE,SNOAP,ACTION PUBLIQUE VERS UNE SOCIETE DE CONFIANCE,APSC,DROIT A L'ERREUR,DROIT AU CONTROLE,RESCRIT,MEDIATEUR,DESIGNATION,DUREE DE MANDAT,DEMATERIALISATION,REFERENT UNIQUE,GUICHET ADMINISTRATIF UNIQUE,DEMARCHE ADMINISTRATIVE,ETAT AU SERVICE D'UNE SOCIETE DE CONFIANCE,PROJET DE LOI,LOI ESSOC
2018-09-05;LOI n° 2018-771 du 5 septembre 2018 pour la liberté de choisir son avenir professionnel;JORFTEXT000037367660;JORFDOLE000036847202;DLR5L15N36601;choix_avenir_professionnel;pjl17-583;PO420120;Commission des affaires sociales;15;Emmanuel Macron;PHILIPPE 2;non;non;non;non;non;176;173;0.9829545454545454;TRAVAIL,CODE DU TRAVAIL,CODE DE L'ACTION SOCIALE ET DES FAMILLES,CASF,CODE DES TRANSPORTS,CODE DE L'EDUCATION,CODE DE LA SANTE PUBLIQUE,CSP,CODE GENERAL DES IMPOTS,CGI,CODE GENERAL DES COLLECTIVITES TERRITORIALES,CGCT,CODE DE LA DEFENSE,CODE DE LA CONSTRUCTION ET DE L'HABITATION,CCH,CODE RURAL ET DE LA PECHE MARITIME,CRPM,CODE DE LA SECURITE SOCIALE,CSS,CODE DU SPORT,CODE DE LA PROPRIETE INTELLECTUELLE,CPI,CODE DE COMMERCE,APPRENTISSAGE,FORMATION PROFESSIONNELLE,ASSURANCE CHOMAGE,RELEVEMENT,LIMITE D'AGE,ENSEIGNEMENT,CLASSE DE TROISIEME,CREATION,APPELLATION,CLASSE PREPA-METIERS,CHOMAGE,INDEMNISATION,SALARIE,DEMISSIONNAIRE,TRAVAILLEUR INDEPENDANT,MISE EN PLACE,ALLOCATION SPECIFIQUE,ALLOCATION DES TRAVAILLEURS INDEPENDANTS,ATI,FRANCE COMPETENCES,PROJET DE LOI,LOI AVENIR PROFESSIONNEL,DIRECTIVE EUROPEENNE,TRANSPOSITION PARTIELLE
2018-09-10;LOI n° 2018-778 du 10 septembre 2018 pour une immigration maîtrisée, un droit d'asile effectif et une intégration réussie;JORFTEXT000037381808;JORFDOLE000036629528;DLR5L15N36410;immigration_maitrisee_droit_asile_effectif;pjl17-464;PO59051;Commission des lois constitutionnelles, de la législation et de l'administration générale de la République;15;Emmanuel Macron;PHILIPPE 2;non;non;non;non;non;41;41;1;INTERIEUR,CODE DE L'ENTREE ET DU SEJOUR DES ETRANGERS ET DU DROIT D'ASILE,CESEDA,CODE DE JUSTICE ADMINISTRATIVE,CJA,CODE DE L'ACTION SOCIALE ET DES FAMILLES,CASF,CODE CIVIL,CODE PENAL,CODE DES RELATIONS ENTRE LE PUBLIC ET L'ADMINISTRATION,CRPA,CODE DU TRAVAIL,CODE DE L'EDUCATION,CODE DE LA SECURITE SOCIALE,CSS,CODE DU SERVICE NATIONAL,CSN,CODE DE PROCEDURE PENALE,CPP,IMMIGRATION,DROIT D'ASILE,INTEGRATION,DEMANDEUR D'ASILE,AMELIORATION,CONDITION D'ACCUEIL,BENEFICIAIRE,SEJOUR,PROTECTION INTERNATIONALE,PROTECTION SUBSIDIAIRE,APATRIDE,CARTE DE SEJOUR PLURIANNUELLE,MENTION ETUDIANT-PROGRAMME DE MOBILITE,MENTION JEUNE AU PAIR,MENTION VISITEUR,DELIVRANCE,PROCEDURE,OFFICE FRANCAIS DE PROTECTION DES REFUGIES ET APATRIDES,OFPRA,COUR NATIONALE DU DROIT D'ASILE,CNDA,DROIT DU SOL,ACCES,NATIONALITE FRANCAISE,MAYOTTE,RENFORCEMENT,LUTTE,IMMIGRATION IRREGULIERE,PROCEDURE DE NON-ADMISSION,MISE EN OEUVRE,MESURE D'ELOIGNEMENT,GARANTIE,MINEUR,CONTROLE,SANCTION,ACCOMPAGNEMENT,ACCUEIL,ETRANGER EN SITUATION REGULIERE,ATTRACTIVITE,TALENT,COMPETENCE,ETUDIANT,PROTECTION DE L'ENFANCE,OUTRE-MER,PROJET DE LOI,DIRECTIVE EUROPEENNE,DIRECTIVE ETUDIANTS CHERCHEURS,TRANSPOSITION PARTIELLE
2018-10-09;LOI n° 2018-869 du 9 octobre 2018 autorisant l'approbation de la convention sur le transfèrement des personnes condamnées entre le Gouvernement de la République française et le Gouvernement de la République du Pérou;JORFTEXT000037481662;;;;;PO59047;Commission des affaires étrangères;15;Emmanuel Macron;PHILIPPE 2;non;oui;oui;non;non;0;0;1;AFFAIRES ETRANGERES,ACCORD INTERNATIONAL,ACCORD BILATERAL,FRANCE,PEROU,CONVENTION,TRANSFEREMENT,PERSONNE CONDAMNEE,REINSERTION,PROJET DE LOI
2018-10-09;LOI n° 2018-870 du 9 octobre 2018 autorisant l'approbation de l'accord entre le Gouvernement de la République française et le Gouvernement de la République du Congo relatif à l'activité professionnelle salariée des personnes à charge des agents des missions officielles de chaque Etat dans l'autre, de l'accord entre le Gouvernement de la République française et le Gouvernement de la République d'Equateur sur l'emploi salarié des personnes à charge des membres des missions officielles, et de l'accord entre le Gouvernement de la République française et le Gouvernement de la République du Pérou relatif à l'activité rémunérée des membres des familles des agents des missions officielles de chaque Etat dans l'autre;JORFTEXT000037481664;;DLR5L15N36123;accord_congo_equateur_perou_missions;pjl17-066;PO59047;Commission des affaires étrangères;15;Emmanuel Macron;PHILIPPE 2;non;oui;oui;non;non;0;0;1;AFFAIRES ETRANGERES,ACCORD INTERNATIONAL,ACCORD MULTILATERAL,CONGO,EQUATEUR,PEROU,ACTIVITE PROFESSIONNELLE,ACTIVITE SALARIEE,EMPLOI SALARIE,PERSONNE A CHARGE,AGENT,MEMBRE,ACTIVITE REMUNEREE,MISSION OFFICIELLE,PROJET DE LOI
2018-10-09;LOI n° 2018-871 du 9 octobre 2018 autorisant la ratification de l'accord instituant la Fondation internationale UE-ALC;JORFTEXT000037481668;;DLR5L15N36319;ratification_accord_fondation_internationale_ue-alc;pjl17-249;PO59047;Commission des affaires étrangères;15;Emmanuel Macron;PHILIPPE 2;non;oui;oui;non;non;0;0;1;AFFAIRES ETRANGERES,ACCORD INTERNATIONAL,ACCORD MULTILATERAL,UNION EUROPEENNE,ETAT MEMBRE,COMMUNAUTE DES ETATS LATINO-AMERICAINS ET DES CARAIBES,CELAC,AUTORISATION,RATIFICATION,ACCORD,FONDATION INTERNATIONALE UE-ALC,FONDATION UNION EUROPEENNE-AMERIQUE LATINE ET CARAIBES,ORGANISATION INTERNATIONALE,MEMBRE,STATUT JURIDIQUE,FONCTIONNEMENT,COMPOSITION,FINANCEMENT,PROJET DE LOI
2018-10-16;LOI n° 2018-888 du 16 octobre 2018 autorisant l'approbation du protocole entre le Gouvernement de la République française et le Conseil des ministres de Bosnie-Herzégovine portant sur l'application de l'accord du 18 septembre 2007 entre la Communauté européenne et la Bosnie-Herzégovine concernant la réadmission des personnes en séjour irrégulier;JORFTEXT000037501230;;DLR5L15N36080;application_accord_bosnie-herzegovine_sejour_irregulier;pjl16-527;PO59047;Commission des affaires étrangères;15;Emmanuel Macron;PHILIPPE 2;non;oui;oui;non;non;0;0;1;AFFAIRES ETRANGERES,ACCORD INTERNATIONAL,ACCORD BILATERAL,FRANCE,BOSNIE-HERZEGOVINE,READMISSION,PERSONNE,SEJOUR IRREGULIER,PROJET DE LOI
2018-10-16;LOI n° 2018-889 du 16 octobre 2018 autorisant l'adhésion au protocole contre la fabrication et le trafic illicites d'armes à feu, de leurs pièces, éléments et munitions, additionnel à la convention des Nations unies contre la criminalité transnationale organisée, adopté à New York le 31 mai 2001;JORFTEXT000037501232;;DLR5L15N36304;protocole_fabrication_trafic_armes-a-feu;pjl17-645;PO59047;Commission des affaires étrangères;15;Emmanuel Macron;PHILIPPE 2;non;oui;oui;non;non;0;0;1;AFFAIRES ETRANGERES,ACCORD INTERNATIONAL,AUTORISATION,ADHESION,PROTOCOLE,INTERDICTION,FABRICATION ILLICITE,TRAFIC ILLICITE,ARME A FEU,MUNITION,CONVENTION DES NATIONS UNIES CONTRE LA CRIMINALITE TRANSNATIONALE ORGANISEE,CONVENTION DE PALERME,PROJET DE LOI
2018-10-17;LOI n° 2018-892 du 17 octobre 2018 relative à la désignation aléatoire des comités de protection des personnes;JORFTEXT000037503516;JORFDOLE000036925229;DLR5L15N36531;expertise_comites_protection_personnes;ppl17-489;PO420120;Commission des affaires sociales;15;Emmanuel Macron;PHILIPPE 2;non;oui;non;non;non;0;0;1;SOLIDARITES,SANTE,CODE DE LA SANTE PUBLIQUE,CSP,COMITE DE PROTECTION DES PERSONNES,CPP,DESIGNATION ALEATOIRE,PROPOSITION DE LOI,LOI ISAAC-SIBILLE
2018-10-23;LOI n° 2018-898 du 23 octobre 2018 relative à la lutte contre la fraude;JORFTEXT000037518803;JORFDOLE000036747507;DLR5L15N36530;lutte_contre_fraude;pjl17-385;PO59048;Commission des finances, de l'économie générale et du contrôle budgétaire;15;Emmanuel Macron;PHILIPPE 2;non;non;non;non;non;13;12;0.9230769230769231;COMPTES PUBLICS,CODE DE PROCEDURE PENALE,CPP,CODE DES DOUANES,LIVRE DES PROCEDURES FISCALES,CODE GENERAL DES IMPOTS,CGI,CODE DE LA SECURITE SOCIALE,CSS,CODE MONETAIRE ET FINANCIER,COMOFI,CODE DE COMMERCE,CODE DE LA SANTE PUBLIQUE,CSP,LUTTE CONTRE LA FRAUDE,FRAUDE FISCALE,FRAUDE SOCIALE,FRAUDE DOUANIERE,RENFORCEMENT,SANCTION,SANCTION PENALE,SANCTION ADMINISTRATIVE,FRAUDEUR,EXTENSION,PROCEDURE,COMPARUTION IMMEDIATE SUR RECONNAISSANCE DE CULPABILITE,CRPC,PLAIDER COUPABLE,ETATS ET TERRITOIRES NON COOPERATIFS,ETNC,AJOUT,LISTE EUROPEENNE,PROJET DE LOI
2018-10-30;LOI n° 2018-938 du 30 octobre 2018 pour l'équilibre des relations commerciales dans le secteur agricole et alimentaire et une alimentation saine, durable et accessible à tous;JORFTEXT000037547946;JORFDOLE000036562265;DLR5L15N36336;equilibre_relations_commerciales_agriculture;pjl17-525;PO419610;Commission des affaires économiques;15;Emmanuel Macron;PHILIPPE 2;non;non;non;non;non;29;27;0.9310344827586207;AGRICULTURE,CODE RURAL ET DE LA PECHE MARITIME,CRPM,CODE DE COMMERCE,CODE DE LA CONSOMMATION,CODE DE L'ENVIRONNEMENT,CODE DE LA SANTE PUBLIQUE,CSP,CODE DE PROCEDURE PENALE,CPP,CODE DE L'EDUCATION,CODE DE L'ENERGIE,SUSPENSION,MISE SUR LE MARCHE,ADDITIF E 171,DIOXYDE DE TITANE,DENREE ALIMENTAIRE,LOI EGALIM,PROJET DE LOI
2018-11-07;LOI n° 2018-957 du 7 novembre 2018 relative à l'accueil des gens du voyage et à la lutte contre les installations illicites;JORFTEXT000037581660;JORFDOLE000035942634;;;;PO59051;Commission des lois constitutionnelles, de la législation et de l'administration générale de la République;15;Emmanuel Macron;PHILIPPE 2;non;non;non;non;non;1;1;1;INTERIEUR,CODE GENERAL DES COLLECTIVITES TERRITORIALES,CGCT,CODE PENAL,ACCUEIL,GENS DU VOYAGE,LUTTE,INSTALLATION ILLICITE,PROPOSITION DE LOI
2018-11-19;LOI n° 2018-1001 du 19 novembre 2018 autorisant l'approbation de l'accord entre le Gouvernement de la République française et le Conseil des ministres de Bosnie-Herzégovine relatif à la mobilité des jeunes;JORFTEXT000037623589;;DLR5L15N36079;accord_bosnie-herzegovine_mobilite_jeunes;pjl16-525;PO59047;Commission des affaires étrangères;15;Emmanuel Macron;PHILIPPE 2;non;oui;oui;non;non;0;0;1;AFFAIRES ETRANGERES,ACCORD INTERNATIONAL,ACCORD BILATERAL,FRANCE,BOSNIE-HERZEGOVINE,MOBILITE DES JEUNES,ETUDIANT,JEUNE PROFESSIONNEL,TITRE DE SEJOUR,VISA DE LONG SEJOUR,STAGIAIRE,PARTENARIAT,UNIVERSITE,PROJET DE LOI
2018-11-23;LOI n° 2018-1021 du 23 novembre 2018 portant évolution du logement, de l'aménagement et du numérique;JORFTEXT000037639478;JORFDOLE000036769798;DLR5L15N36537;evolution_logement_amenagement_numerique;pjl17-567;PO419610;Commission des affaires économiques;15;Emmanuel Macron;PHILIPPE 2;non;non;non;non;non;88;87;0.9886363636363636;TRANSITION ECOLOGIQUE ET SOLIDAIRE,CODE DE L'URBANISME,CODE DE L'ENVIRONNEMENT,CODE GENERAL DES COLLECTIVITES TERRITORIALES,CGCT,CODE DE L'EXPROPRIATION POUR CAUSE D'UTILITE PUBLIQUE,CODE DE LA CONSTRUCTION ET DE L'HABITATION,CCH,CODE GENERAL DE LA PROPRIETE DES PERSONNES PUBLIQUES,CG3P,CODE GENERAL DES IMPOTS,CGI,CODE DE COMMERCE,CODE DU PATRIMOINE,CODE DE L'ENERGIE,CODE DE JUSTICE ADMINISTRATIVE,CJA,CODE MONETAIRE ET FINANCIER,CMF,COMOFI,CODE DE LA SECURITE SOCIALE,CSS,CODE DES JURIDICTIONS FINANCIERES,CODE DE L'ACTION SOCIALE ET DES FAMILLES,CASF,CODE DE LA CONSOMMATION,CODE DU TOURISME,CODE PENAL,CODE DE LA SANTE PUBLIQUE,CSP,CODE DES PROCEDURES CIVILES D'EXECUTION,CODE CIVIL,CODE DES POSTES ET DES COMMUNICATIONS ELECTRONIQUES,ORDONNANCE,RATIFICATION,LOGEMENT,PROJET PARTENARIAL D'AMENAGEMENT,PPA,GRANDE OPERATION D'URBANISME,GOU,ENCADREMENT,LOYER,OBSERVATOIRE LOCAL DES LOYERS,OLL,MISE EN PLACE,ZONE TENDUE,BAIL MOBILITE,LOCATION,LOGEMENT MEUBLE,PERMIS DE CONSTRUIRE,LUTTE,RECOURS ABUSIF,HABITAT INDIGNE,HLM,REGROUPEMENT,ORGANISME D'HLM,LOCATAIRE,MOBILITE,COPROPRIETE,CONSEIL D'ADMINISTRATION DE COPROPRIETE,REMPLACEMENT,ASSEMBLEE GENERALE,EXPULSION,SQUATTER,SQUAT,BAIL NUMERIQUE,LOCATION TOURISTIQUE,LOCATION DE COURTE DUREE,REVISION,PLATEFORME DE LOCATION SAISONNIERE,AIRBNB,NORME D'ACCESSIBILITE,HANDICAPE,LOGEMENT NEUF,CORSE,PROGRAMME EXCEPTIONNEL D'INVESTISSEMENTS,PEI,MISE EN OEUVRE,DUREE,PROROGATION,PROJET DE LOI,LOI ELAN
2018-12-03;LOI n° 2018-1068 du 3 décembre 2018 autorisant l'approbation de l'accord entre le Gouvernement de la République française et le Gouvernement de la Géorgie relatif au séjour et à la migration circulaire de professionnels;JORFTEXT000037678921;;;;;PO59047;Commission des affaires étrangères;15;Emmanuel Macron;PHILIPPE 2;non;oui;oui;non;non;0;0;1;AFFAIRES ETRANGERES,ACCORD INTERNATIONAL,ACCORD BILATERAL,FRANCE,GEORGIE,SEJOUR,MIGRATION,PROFESSIONNEL,MIGRATION PROFESSIONNELLE,MIGRATION TEMPORAIRE,PROJET DE LOI
2018-12-10;LOI n° 2018-1104 du 10 décembre 2018 de finances rectificative pour 2018;JORFTEXT000037789708;JORFDOLE000037581656;DLR5L15N36985;plfr_2018;pjl18-121;PO59048;Commission des finances, de l'économie générale et du contrôle budgétaire;15;Emmanuel Macron;PHILIPPE 2;non;oui;non;non;non;0;0;1;COMPTES PUBLICS,LOI DE FINANCES RECTIFICATIVE POUR 2018,LFR 2018,RECETTE,SURPLUS,RADAR AUTOMATIQUE,UTILISATION,FINANCEMENT,INFRASTRUCTURE DE TRANSPORT,TAXE INTERIEURE DE CONSOMMATION SUR LES PRODUITS ENERGETIQUES,TICPE,COMPTE D'AFFECTATION SPECIALE,TRANSITION ENERGETIQUE,OUVERTURE DE CREDITS,AFFECTATION,FONDS DE STABILISATION,DEPARTEMENT,AUDE,DOTATION DE SOLIDARITE,INONDATION,CATASTROPHE NATURELLE,PRIME D'ACTIVITE,ENFANCE,MINEUR NON ACCOMPAGNE,PROJET DE LOI
2018-12-22;LOI organique n° 2018-1201 du 22 décembre 2018 relative à la lutte contre la manipulation de l'information;JORFTEXT000037847556;JORFDOLE000037151966;DLR5L15N36468;lutte_fausses_informations;ppl17-629;PO59051;Commission des lois constitutionnelles, de la législation et de l'administration générale de la République;15;Emmanuel Macron;PHILIPPE 2;non;oui;non;non;non;0;0;1;INTERIEUR,LUTTE,MANIPULATION DE L'INFORMATION,ELECTION,PRESIDENT DE LA REPUBLIQUE,ELECTION PRESIDENTIELLE,CAMPAGNE ELECTORALE,PROPOSITION DE LOI ORGANIQUE,LOI FAKE NEWS,LOI FERRAND
2018-12-22;LOI n° 2018-1202 du 22 décembre 2018 relative à la lutte contre la manipulation de l'information;JORFTEXT000037847559;JORFDOLE000037151987;DLR5L15N36488;fausses_informations_lutte;ppl17-623;PO419604;Commission des affaires culturelles et de l'éducation;15;Emmanuel Macron;PHILIPPE 2;non;non;non;non;non;2;2;1;COMPTES PUBLICS,CODE ELECTORAL,CODE DE JUSTICE ADMINISTRATIVE,CJA,CODE DE L'EDUCATION,LUTTE,MANIPULATION DE L'INFORMATION,FAUSSE INFORMATION,ELECTION,ELECTION EUROPEENNE,CAMPAGNE ELECTORALE,OBLIGATION DE TRANSPARENCE,PLATEFORME NUMERIQUE,CONSEIL SUPERIEUR DE L'AUDIOVISUEL,CSA,CONTROLE,PROPOSITION DE LOI,LOI FAKE NEWS,LOI FERRAND
2018-12-22;LOI n° 2018-1203 du 22 décembre 2018 de financement de la sécurité sociale pour 2019;JORFTEXT000037847585;JORFDOLE000037485357;DLR5L15N36892;plfss_2019;plfss2019;PO420120;Commission des affaires sociales;15;Emmanuel Macron;PHILIPPE 2;non;non;non;non;non;85;81;0.9529411764705882;COMPTES PUBLICS,CODE DE LA SECURITE SOCIALE,CSS,CODE RURAL ET DE LA PECHE MARITIME,CRPM,CODE DU TRAVAIL,CODE DE L'ACTION SOCIALE ET DES FAMILLES,CASF,CODE GENERAL DES IMPOTS,CGI,CODE DE L'EDUCATION,CODE DE LA CONSTRUCTION ET DE L'HABITATION,CCH,CODE DE LA SANTE PUBLIQUE,CSP,LOI DE FINANCEMEMENT DE LA SECURITE SOCIALE POUR 2019,LFSS 2019,ORDONNANCE,RATIFICATION,SALAIRE,REDUCTION,COTISATION,RETRAITE COMPLEMENTAIRE,EXONERATION,COTISATION SALARIALE,ASSURANCE VIEILLESSE,BAREME,COTISATION PATRONALE,EXTENSION,OUTRE-MER,ENTREPRISE,FORFAIT SOCIAL,PROTECTION SOCIALE COMPLEMENTAIRE,FRAIS DE SANTE,DEPENSE DE SANTE,OPTIQUE MEDICALE,PROTHESE DENTAIRE,PROTHESE AUDITIVE,SIMPLIFICATION,FORMALITE ADMINISTRATIVE,TITRE SIMPLIFIE,SUPPRESSION,LIMITATION,SALARIE,DEMATERIALISATION,DECLARATION,PAIEMENT,CONSERVATION,PIECE A FOURNIR,ARRET DE TRAVAIL,CONTROLE,SANTE,SECURITE,BENEFICE,TEMPS PARTIEL THERAPEUTIQUE,TRAVAIL ILLEGAL,TRAVAIL DISSIMULE,TRAVAIL INDEPENDANT,AGRICULTURE,TRAVAILLEUR OCCASIONNEL,DEMANDEUR D'EMPLOI,TO-DE,MAINTIEN,TITRE PROVISOIRE,DUREE,EXPLOITANTE AGRICOLE,CONGE DE MATERNITE,PROLONGATION,ACCRE,ENTREPRENEUR,MICRO-BA,ALLONGEMENT,CONGE DE PATERNITE,HOSPITALISATION,NOUVEAU-NE,PROJET DE LOI
2018-12-24;LOI n° 2018-1213 du 24 décembre 2018 portant mesures d'urgence économiques et sociales;JORFTEXT000037851899;JORFDOLE000037830626;DLR5L15N37103;mesures_urgence_economiques_sociales;pjl18-230;PO420120;Commission des affaires sociales;15;Emmanuel Macron;PHILIPPE 2;non;oui;non;non;non;0;0;1;COMPTES PUBLICS,CODE GENERAL DES IMPOTS,CGI,MESURE D'URGENCE ECONOMIQUE ET SOCIALE,POUVOIR D'ACHAT,EMPLOYEUR,VERSEMENT,PRIME EXCEPTIONNELLE DEFISCALISEE,SALARIE,PRIME D'ACTIVITE,AUGMENTATION,HEURE SUPPLEMENTAIRE,DEFISCALISATION,RETRAITE,DIMINUTION,TAUX,CSG,BENEFICIAIRE,PROJET DE LOI
2018-12-24;LOI n° 2018-1214 du 24 décembre 2018 relative à la réforme de la Caisse des Français de l'étranger;JORFTEXT000037851904;JORFDOLE000036568526;;;;PO419604;Commission des affaires culturelles et de l'éducation;15;Emmanuel Macron;PHILIPPE 2;non;non;non;non;non;9;9;1;SOLIDARITES,SANTE,CODE DE LA SECURITE SOCIALE,CSS,CAISSE DES FRANCAIS DE L'ETRANGER,CFE,REFORME,AMELIORATION,OFFRE COMMERCIALE,OFFRE TARIFAIRE,ASSURE RESIDANT A L'ETRANGER,ASSURE VOLONTAIRE A L'ETRANGER,ASSURANCE VOLONTAIRE MALADIE-MATERNITE,ADHESION,GOUVERNANCE,PROPOSITION DE LOI,LOI LECONTE
2018-12-27;LOI n° 2018-1244 du 27 décembre 2018 visant à faciliter la sortie de l'indivision successorale et à relancer la politique du logement en outre-mer;JORFTEXT000037864059;JORFDOLE000036517751;DLR5L15N36209;sortie_indivision_successorale_outre-mer;ppl17-231;PO59051;Commission des lois constitutionnelles, de la législation et de l'administration générale de la République;15;Emmanuel Macron;PHILIPPE 2;non;oui;non;non;non;0;0;1;OUTRE-MER,CODE GENERAL DES IMPOTS,CGI,RELANCE,POLITIQUE DU LOGEMENT,SUCCESSION,SORTIE,INDIVISION SUCCESSORALE,INDIVISAIRE,DEROGATION,REGLE DE L'UNANIMITE,ACTE NOTARIE,VENTE,PARTAGE,SAISINE,TRIBUNAL,PARTAGE JUDICIAIRE,PROPOSITION DE LOI,LOI FAURE
2018-12-27;LOI n° 2018-1245 du 27 décembre 2018 visant à sécuriser l'exercice des praticiens diplômés hors Union européenne;JORFTEXT000037864065;JORFDOLE000037805959;DLR5L15N36973;securisation_exercice_praticiens_diplomes_hors_ue;ppl18-201;PO420120;Commission des affaires sociales;15;Emmanuel Macron;PHILIPPE 2;non;oui;non;non;non;0;0;1;SOLIDARITES,SANTE,EXERCICE DE LA PROFESSION,PRATICIEN,DIPLOME HORS UNION EUROPEENNE,SECURITE,ETABLISSEMENT DE SANTE,PROPOSITION DE LOI,LOI BOROWCZYK
2018-12-28;LOI n° 2018-1317 du 28 décembre 2018 de finances pour 2019;JORFTEXT000037882341;JORFDOLE000037426644;DLR5L15N36733;loi_finances_2019;pjlf2019;PO59048;Commission des finances, de l'économie générale et du contrôle budgétaire;15;Emmanuel Macron;PHILIPPE 2;non;non;non;non;non;85;78;0.9176470588235294;COMPTES PUBLICS,ECONOMIE,LOI DE FINANCES POUR 2019,CODE GENERAL DES IMPOTS,CGI,CODE DE LA SECURITE SOCIALE,CODE DU TRAVAIL,CODE DES DOUANES,LIVRE DES PROCEDURES FISCALES,CODE RURAL ET DE LA PECHE MARITIME,CRPM,CODE DES TRANSPORTS,CODE DE L'ENERGIE,CODE DE L'ENTREE ET DU SEJOUR DES ETRANGERS ET DU DROIT D'ASILE,CODE GENERAL DES COLLECTIVITES TERRITORIALES,CGCT,CODE DU PATRIMOINE,CODE DE L'ACTION SOCIALE ET DES FAMILLES,CASF,CODE DE LA SANTE PUBLIQUE,CSP,CODE DES ASSURANCES,CODE DU CINEMA ET DE L'IMAGE ANIMEE,CODE DE L'ENVIRONNEMENT,CODE DE COMMERCE,CODE DE L'EDUCATION,CODE DE LA CONSTRUCTION ET DE L'HABITATION,CCH,CODE MONETAIRE ET FINANCIER,CMF,COMOFI,CODE GENERAL DE LA PROPRIETE DES PERSONNES PUBLIQUES,CG3P,LOGEMENT ANCIEN,INVESTISSEMENT LOCATIF,DEFISCALISATION,DISPOSITIF DENORMANDIE,PROJET DE LOI,DIRECTIVE EUROPEENNE,DIRECTIVE ATAD 1,TRANSPOSITION COMPLETE
2019-01-19;LOI n° 2019-30 du 19 janvier 2019 habilitant le Gouvernement à prendre par ordonnances les mesures de préparation au retrait du Royaume-Uni de l'Union européenne;JORFTEXT000038029184;JORFDOLE000037460423;DLR5L15N36910;preparation_retrait_royaume-uni_ue;pjl18-009;PO760148;Commission spéciale chargée d'examiner le projet de loi habilitant le Gouvernement à prendre par ordonnances les mesures de préparation au retrait du Royaume-Uni de l'Union européenne;15;Emmanuel Macron;PHILIPPE 2;non;oui;non;oui;non;0;0;1;EUROPE,AFFAIRES EUROPEENNES,LOI D'HABILITATION,ORDONNANCE,PREPARATION,RETRAIT,ROYAUME-UNI,UNION EUROPEENNE,BREXIT,PROJET DE LOI
2019-02-05;LOI n° 2019-72 du 5 février 2019 visant à améliorer la santé visuelle des personnes âgées en perte d'autonomie;JORFTEXT000038096841;JORFDOLE000037778199;DLR5L15N36922;sante_visuelle_personnes_agees_perte_autonomie;ppl18-185;PO420120;Commission des affaires sociales;15;Emmanuel Macron;PHILIPPE 2;non;non;non;non;non;1;1;1;SOLIDARITES,SANTE,PERSONNE AGEE,PERTE D'AUTONOMIE,RESIDENT,EHPAD,PARCOURS DE SOINS,SOINS VISUELS,RENOUVELLEMENT,DELIVRANCE,PRESCRIPTION MEDICALE,OPTICIEN-LUNETIER,AUTORISATION,REFRACTION,ADAPTATION,VERRES CORRECTEURS,CORRECTION OPTIQUE,TITRE EXPERIMENTAL,PROPOSITION DE LOI,LOI FIRMIN LE BODO
2019-02-13;LOI n° 2019-89 du 13 février 2019 autorisant la ratification de l'accord de partenariat sur les relations et la coopération entre l'Union européenne et ses Etats membres, d'une part, et la Nouvelle-Zélande, d'autre part;JORFTEXT000038124469;;DLR5L15N36332;accord_cooperation_ue_nouvelle-zelande;pjl17-646;PO59047;Commission des affaires étrangères;15;Emmanuel Macron;PHILIPPE 2;non;oui;oui;non;non;0;0;1;AFFAIRES EUROPEENNES,ACCORD MULTILATERAL,UNION EUROPEENNE,ETAT MEMBRE,AUTORISATION,RATIFICATION,ACCORD DE PARTENARIAT,ACCORD DE COOPERATION,LUTTE CONTRE LE TERRORISME,LUTTE CONTRE LA CRIMINALITE ORGANISEE,CYBERCRIMINALITE,COOPERATION JUDICIAIRE,MIGRATION,PROJET DE LOI
2019-02-13;LOI n° 2019-90 du 13 février 2019 autorisant la ratification de l'accord de dialogue politique et de coopération entre l'Union européenne et ses Etats membres, d'une part, et la République de Cuba, d'autre part;JORFTEXT000038124471;;DLR5L15N36449;ratification_accord_dialogue_politique_ue_cuba;pjl17-738;PO59047;Commission des affaires étrangères;15;Emmanuel Macron;PHILIPPE 2;non;oui;oui;non;non;0;0;1;AFFAIRES EUROPEENNES,ACCORD MULTILATERAL,UNION EUROPEENNE,ETAT MEMBRE,CUBA,AUTORISATION,RATIFICATION,ACCORD DE DIALOGUE POLITIQUE ET DE COOPERATION,ADPC,LUTTE CONTRE LE TERRORISME,LUTTE CONTRE LA TRAITE DES ETRES HUMAINS,LUTTE,DISCRIMINATION RACIALE,XENOPHOBIE,PROTECTION SOCIALE,PROTECTION DES CONSOMMATEURS,ENVIRONNEMENT,AGRICULTURE,PROJET DE LOI
2019-02-25;LOI n° 2019-127 du 25 février 2019 autorisant la ratification du traité de l'Organisation mondiale de la propriété intellectuelle (OMPI) sur les interprétations et exécutions audiovisuelles;JORFTEXT000038164909;;;;;PO59047;Commission des affaires étrangères;15;Emmanuel Macron;PHILIPPE 2;non;oui;oui;non;non;0;0;1;AFFAIRES ETRANGERES,ACCORD INTERNATIONAL,ORGANISATION MONDIALE DE LA PROPRIETE INTELLECTUELLE,OMPI,AUDIOVISUEL,ARTISTE-INTERPRETE,TRAITE,RATIFICATION,PROJET DE LOI
2019-02-25;LOI n° 2019-128 du 25 février 2019 autorisant l'approbation de l'accord entre le Gouvernement de la République française et le Gouvernement de la République d'Ouzbékistan relatif aux services aériens, de l'accord entre le Gouvernement de la République française et le Gouvernement de la République du Kazakhstan relatif aux services aériens et de l'accord entre le Gouvernement de la République française et le Gouvernement de la République de Côte d'Ivoire relatif aux services aériens;JORFTEXT000038164911;;DLR5L15N36465;accords_ouzbekistan_kazakhstan_cote_ivoire_services_aeriens;pjl17-360;PO59047;Commission des affaires étrangères;15;Emmanuel Macron;PHILIPPE 2;non;oui;oui;non;non;0;0;1;AFFAIRES ETRANGERES,ACCORD INTERNATIONAL,ACCORD BILATERAL,FRANCE,OUZBEKISTAN,KAZAKHSTAN,COTE D'IVOIRE,TRANSPORTS,TRANSPORT AERIEN,SERVICE AERIEN,PROJET DE LOI
2019-02-25;LOI n° 2019-129 du 25 février 2019 autorisant l'approbation de l'accord entre le Gouvernement de la République française et le Gouvernement de la République de Moldavie relatif à l'emploi salarié des conjoints des agents des missions officielles de chaque Etat dans l'autre, de l'accord entre le Gouvernement de la République française et le Gouvernement de la République du Bénin relatif à l'emploi salarié des personnes à charge des agents des missions officielles de chaque Etat dans l'autre, de l'accord entre le Gouvernement de la République française et le Gouvernement de la République de Serbie relatif à l'exercice d'une activité rémunérée des membres des familles des agents des missions officielles de chaque Etat dans l'autre et de l'accord entre le Gouvernement de la République française et le conseil des ministres de la République d'Albanie relatif à l'emploi salarié des membres des familles des agents des missions officielles de chaque Etat dans l'autre;JORFTEXT000038164915;;DLR5L15N36672;accord_pays_emploi_familles_missions_officielles;pjl17-521;PO59047;Commission des affaires étrangères;15;Emmanuel Macron;PHILIPPE 2;non;oui;oui;non;non;0;0;1;AFFAIRES ETRANGERES,ACCORD INTERNATIONAL,ACCORD BILATERAL,FRANCE,MOLDAVIE,BENIN,SERBIE,ALBANIE,AUTORISATION,APPROBATION,ACCORD,EMPLOI SALARIE,CONJOINT,AGENT,MISSION OFFICIELLE,PROJET DE LOI
2019-02-25;LOI n° 2019-130 du 25 février 2019 autorisant l'approbation de la convention entre le Gouvernement de la République française et le Gouvernement du Grand-Duché de Luxembourg en vue d'éviter les doubles impositions et de prévenir l'évasion et la fraude fiscales en matière d'impôts sur le revenu et la fortune;JORFTEXT000038164920;;DLR5L15N36954;convention_luxembourg_doubles_impositions;pjl18-084;PO59047;Commission des affaires étrangères;15;Emmanuel Macron;PHILIPPE 2;non;oui;oui;non;non;0;0;1;AFFAIRES ETRANGERES,ACCORD INTERNATIONAL,ACCORD BILATERAL,FRANCE,LUXEMBOURG,DOUBLE IMPOSITION,EVASION FISCALE,FRAUDE FISCALE,IMPOT SUR LE REVENU,IMPOT SUR LA FORTUNE,RESIDENCE FISCALE,CLAUSE ANTI-ABUS,CONVENTION BEPS,PROJET DE LOI
2019-02-25;LOI n° 2019-131 du 25 février 2019 autorisant l'approbation de la décision (UE, EURATOM) 2018/994 du Conseil du 13 juillet 2018 modifiant l'acte portant élection des membres du Parlement européen au suffrage universel direct, annexé à la décision 76/787/CECA, CEE, Euratom du Conseil du 20 septembre 1976;JORFTEXT000038164922;JORFDOLE000038131515;DLR5L15N36955;acte_election_parlement_europeen;pjl18-227;PO59047;Commission des affaires étrangères;15;Emmanuel Macron;PHILIPPE 2;non;oui;oui;non;non;0;0;1;AFFAIRES ETRANGERES,ACCORD INTERNATIONAL,DECISION,UNION EUROPEENNE,EURATOM,AUTORISATION,APPROBATION,PARLEMENT EUROPEEN,ELECTION EUROPEENNE,MEMBRE,ELECTION,SUFFRAGE UNIVERSEL DIRECT,PROJET DE LOI
2019-03-01;LOI n° 2019-161 du 1er mars 2019 relative au délai d'intervention du juge des libertés et de la détention en rétention administrative à Mayotte;JORFTEXT000038196209;JORFDOLE000038071755;DLR5L15N37090;delai_intervention_juge_retention_administrative_mayotte;ppl18-277;PO59051;Commission des lois constitutionnelles, de la législation et de l'administration générale de la République;15;Emmanuel Macron;PHILIPPE 2;non;oui;non;non;non;0;0;1;INTERIEUR,CODE DE L'ENTREE ET DU SEJOUR DES ETRANGERS ET DU DROIT D'ASILE,DELAI D'INTERVENTION,JUGE DES LIBERTES ET DE LA DETENTION,JLD,RETENTION ADMINISTRATIVE,DELAI DE SAISINE,OUTRE-MER,MAYOTTE,PROPOSITION DE LOI,LOI LE GENDRE
2019-03-08;LOI n° 2019-180 du 8 mars 2019 visant à renforcer la prise en charge des cancers pédiatriques par la recherche, le soutien aux aidants familiaux, la formation des professionnels et le droit à l'oubli;JORFTEXT000038215896;JORFDOLE000037666087;DLR5L15N36927;prise_charge_cancers_pediatriques;ppl18-167;PO420120;Commission des affaires sociales;15;Emmanuel Macron;PHILIPPE 2;non;non;non;non;non;3;2;0.6666666666666666;SOLIDARITES,SANTE,CODE DE LA SANTE PUBLIQUE,CSP,CODE DE LA SECURITE SOCIALE,CSS,RENFORCEMENT,PRISE EN CHARGE,ENFANT,PEDIATRIE,CANCER PEDIATRIQUE,RECHERCHE,SOUTIEN,AIDANT FAMILIAL,FORMATION,PROFESSIONNEL,DROIT A L'OUBLI,MINEUR,PROPOSITION DE LOI,LOI ELIMAS
2019-03-23;LOI organique n° 2019-221 du 23 mars 2019 relative au renforcement de l'organisation des juridictions;JORFTEXT000038261612;JORFDOLE000036830097;DLR5L15N36627;renforcement_organisation_juridictions;pjl17-462;PO59051;Commission des lois constitutionnelles, de la législation et de l'administration générale de la République;15;Emmanuel Macron;PHILIPPE 2;non;oui;non;non;non;0;0;1;JUSTICE,CODE ELECTORAL,MAGISTRATURE,STATUT,PROJET DE LOI ORGANIQUE
2019-03-23;LOI n° 2019-222 du 23 mars 2019 de programmation 2018-2022 et de réforme pour la justice;JORFTEXT000038261631;JORFDOLE000036830320;DLR5L15N36626;reforme_justice_programmation_2018-2022;pjl17-463;PO59051;Commission des lois constitutionnelles, de la législation et de l'administration générale de la République;15;Emmanuel Macron;PHILIPPE 2;non;non;non;non;non;69;60;0.8695652173913043;JUSTICE,CODE DU TRAVAIL,CODE DES DOUANES,CODE DES PROCEDURES CIVILES D'EXECUTION,CODE CIVIL,CODE DE LA SANTE PUBLIQUE,CSP,CODE GENERAL DES IMPOTS,CGI,CODE DES ASSURANCES,CODE DE LA MUTUALITE,CODE ELECTORAL,CODE DE L'ACTION SOCIALE ET DES FAMILLES,CASF,CODE RURAL ET DE LA PECHE MARITIME,CRPM,CODE DE L'ORGANISATION JUDICIAIRE,LIVRE DES PROCEDURES FISCALES,CODE DE LA CONSTRUCTION ET DE L'HABITATION,CCH,CODE DE COMMERCE,CODE DE JUSTICE ADMINISTRATIVE,CODE DE L'ENTREE ET DU SEJOUR DES ETRANGERS ET DU DROIT D'ASILE,CODE GENERAL DES COLLECTIVITES TERRITORIALES,CGCT,CPP,CODE PENAL,CODE DE LA ROUTE,CODE DES TRANSPORTS,CODE MONETAIRE ET FINANCIER,CMF,COMOFI,CODE DE LA SECURITE SOCIALE,CSS,CODE DE LA SECURITE INTERIEURE,CSI,CODE DU PATRIMOINE,CODE DU SPORT,CODE DE LA PROPRIETE INTELLECTUELLE,CPI,CODE DE L'AVIATION CIVILE,LOI DE PROGRAMMATION,2018-2022,PROGRAMMATION FINANCIERE,REFORME,SIMPLIFICATION,PROCEDURE CIVILE,REGLEMENT AMIABLE,DIFFEREND,EXTENSION,REPRESENTATION OBLIGATOIRE,JURIDICTION ADMINISTRATIVE,RENFORCEMENT,PROCEDURE PENALE,PARCOURS JUDICIAIRE,VICTIME,PLAINTE EN LIGNE,ORDONNANCE,RATIFICATION,PROJET DE LOI,DIRECTIVE EUROPEENNE,TRANSPOSITION COMPLETE,COMPLEMENT DE TRANSPOSITION
2019-04-08;LOI n° 2019-282 du 8 avril 2019 autorisant l'approbation de l'accord entre le Gouvernement de la République française et le Gouvernement de la République fédérale du Nigeria relatif à la coopération en matière de défense et au statut des forces;JORFTEXT000038349476;;;;;PO59047;Commission des affaires étrangères;15;Emmanuel Macron;PHILIPPE 2;non;oui;oui;non;non;0;0;1;AFFAIRES ETRANGERES,ACCORD INTERNATIONAL,ACCORD BILATERAL,FRANCE,NIGERIA,ACCORD DE COOPERATION,DEFENSE,STATUT DES FORCES,SECURITE,SURETE MARITIME,HAUT COMITE DE DEFENSE,REGIME FISCAL,REGIME DOUANIER,IMPORTATION,MATERIEL,APPROVISIONNEMENT,STOCKAGE,PROJET DE LOI
2019-04-08;LOI n° 2019-283 du 8 avril 2019 autorisant la ratification de la convention n° 184 de l'Organisation internationale du travail relative à la sécurité et la santé dans l'agriculture;JORFTEXT000038349478;;DLR5L15N35850;convention_oit_securite_sante_agriculture;pjl16-597;PO59047;Commission des affaires étrangères;15;Emmanuel Macron;PHILIPPE 2;non;oui;oui;non;non;0;0;1;AFFAIRES ETRANGERES,ORGANISATION INTERNATIONALE DU TRAVAIL,OIT,CONVENTION,RATIFICATION,SECURITE,SANTE,AGRICULTURE,ACTIVITE AGRICOLE,ACTIVITE FORESTIERE,PROTECTION DU TRAVAILLEUR,JEUNE TRAVAILLEUR,TRAVAILLEUR TEMPORAIRE,TRAVAILLEUR SAISONNIER,TEMPS DE TRAVAIL,RISQUE PROFESSIONNEL,ACCIDENT DU TRAVAIL,BUREAU INTERNATIONAL DU TRAVAIL,BIT,PROJET DE LOI
2019-04-08;LOI n° 2019-284 du 8 avril 2019 autorisant la ratification de la convention internationale sur les normes de formation du personnel des navires de pêche, de délivrance des brevets et de veille (STCW-F);JORFTEXT000038349480;;;;;PO59047;Commission des affaires étrangères;15;Emmanuel Macron;PHILIPPE 2;non;oui;oui;non;non;0;0;1;AFFAIRES ETRANGERES,ACCORD INTERNATIONAL,ACCORD MULTILATERAL,CONVENTION INTERNATIONALE,CONVENTION STCW-F,RATIFICATION,AUTORISATION,PERSONNEL,NAVIRE DE PECHE,DELIVRANCE,BREVET,ORGANISATION MARITIME INTERNATIONALE,OMI,PROJET DE LOI
2019-04-08;LOI n° 2019-285 du 8 avril 2019 autorisant l'approbation de l'accord entre le Gouvernement de la République française et le Gouvernement de la République dominicaine relatif à l'emploi des conjoints des agents des missions officielles de chaque Etat dans l'autre, et de l'accord entre le Gouvernement de la République française et le Gouvernement de la République du Nicaragua relatif au libre exercice des activités professionnelles salariées des membres des familles du personnel diplomatique, consulaire, administratif et technique des missions officielles;JORFTEXT000038349482;;DLR5L15N36838;accord_republicaine_dominicaine_et_nicaragua;pjl18-273;PO59047;Commission des affaires étrangères;15;Emmanuel Macron;PHILIPPE 2;non;oui;oui;non;non;0;0;1;AFFAIRES ETRANGERES,ACCORD INTERNATIONAL,ACCORD BILATERAL,FRANCE,REPUBLIQUE DOMINICAINE,NICARAGUA,PERSONNEL DIPLOMATIQUE,PERSONNEL CONSULAIRE,PERSONNEL ADMINISTRATIF,PERSONNEL TECHNIQUE,AGENT,MISSION OFFICIELLE,EMPLOI,CONJOINT,ACTIVITE PROFESSIONNELLE,ACTIVITE SALARIEE,MEMBRE,FAMILLE,PROJET DE LOI
2019-04-08;LOI n° 2019-286 du 8 avril 2019 relative à la représentation des personnels administratifs, techniques et spécialisés au sein des conseils d'administration des services départementaux d'incendie et de secours;JORFTEXT000038349485;JORFDOLE000037546530;DLR5L15N36914;representation_personnels_conseil_administration_sdis;ppl17-601;PO59051;Commission des lois constitutionnelles, de la législation et de l'administration générale de la République;15;Emmanuel Macron;PHILIPPE 2;non;oui;non;non;non;0;0;1;INTERIEUR,CODE GENERAL DES COLLECTIVITES TERRITORIALES,CGCT,SERVICE DEPARTEMENTAL D'INCENDIE ET DE SECOURS,SDIS,PERSONNEL ADMINISTRATIF,PERSONNEL TECHNIQUE,PERSONNEL SPECIALISE,PATS,CONSEIL D'ADMINISTRATION,REPRESENTATION DU PERSONNEL,PROPOSITION DE LOI,LOI TROENDLE
2019-04-10;LOI n° 2019-290 du 10 avril 2019 visant à renforcer et garantir le maintien de l'ordre public lors des manifestations;JORFTEXT000038358582;JORFDOLE000037523566;DLR5L15N36884;prevention_sanction_violences_manifestations;ppl17-575;PO59051;Commission des lois constitutionnelles, de la législation et de l'administration générale de la République;15;Emmanuel Macron;PHILIPPE 2;non;oui;non;non;non;0;0;1;INTERIEUR,CODE DE LA SECURITE INTERIEURE,CSI,CODE DE PROCEDURE PENALE,CPP,CODE PENAL,RENFORCEMENT,GARANTIE,MAINTIEN,ORDRE PUBLIC,MANIFESTATION,POLICE ADMINISTRATIVE,RESPONSABILITE CIVILE,OUTRE-MER,NOUVELLE-CALEDONIE,POLYNESIE FRANCAISE,ILES WALLIS ET FUTUNA,PROPOSITION DE LOI,LOI RETAILLEAU,LOI ANTICASSEURS
2019-05-17;LOI n° 2019-463 du 17 mai 2019 tendant à sécuriser l'actionnariat des entreprises publiques locales;JORFTEXT000038485588;JORFDOLE000038341148;DLR5L15N37317;securisation_actionnariat_spl_sem;ppl18-303;PO59051;Commission des lois constitutionnelles, de la législation et de l'administration générale de la République;15;Emmanuel Macron;PHILIPPE 2;non;oui;non;non;non;0;0;1;COHESION DES TERRITOIRES,CODE GENERAL DES COLLECTIVITES TERRITORIALES,CGCT,CODE DE L'URBANISME,SECURITE,ACTIONNARIAT,ENTREPRISE PUBLIQUE,SOCIETE PUBLIQUE LOCALE,SPL,COLLECTIVITE TERRITORIALE,PRISE DE PARTICIPATION,MISSION,COLLECTIVITE LOCALE,PROPOSITION DE LOI,LOI MARSEILLE
2019-05-20;LOI n° 2019-469 du 20 mai 2019 pour la protection foncière des activités agricoles et des cultures marines en zone littorale;JORFTEXT000038489303;JORFDOLE000037666103;DLR5L15N36917;protection_activites_agricoles_zones_littorale_montagne;ppl18-169;PO419610;Commission des affaires économiques;15;Emmanuel Macron;PHILIPPE 2;non;oui;non;non;non;0;0;1;AGRICULTURE,CODE RURAL ET DE LA PECHE MARITIME,CRPM,PROTECTION FONCIERE,ACTIVITE AGRICOLE,CULTURE MARINE,ZONE LITTORALE,SOCIETE D'AMENAGEMENT FONCIER ET D'ETABLISSEMENT RURAL,SAFER,VENTE,TERRAIN,BATIMENT,CONCHYLICULTURE,PROPOSITION DE LOI,LOI PAHUN
2019-05-22;LOI n° 2019-485 du 22 mai 2019 visant à favoriser la reconnaissance des proches aidants;JORFTEXT000038496095;JORFDOLE000037536146;DLR5L15N36913;reconnaissance_proches_aidants;ppl17-565;PO420120;Commission des affaires sociales;15;Emmanuel Macron;PHILIPPE 2;non;oui;non;non;non;0;0;1;TRAVAIL,CODE DU TRAVAIL,CODE DE L'ACTION SOCIALE ET DES FAMILLES,CASF,CODE DE LA SANTE PUBLIQUE,CSP,RECONNAISSANCE,PROCHE AIDANT,RECOURS,CONGE,DROITS SOCIAUX,PROPOSITION DE LOI,LOI GUIDEZ
2019-05-22;LOI n° 2019-486 du 22 mai 2019 relative à la croissance et la transformation des entreprises;JORFTEXT000038496102;JORFDOLE000037080861;DLR5L15N36728;Croissance_transformation_des_entreprises;pjl18-028;PO757134;Commission spéciale chargée d'examiner le projet de loi relatif à la croissance et la transformation des entreprises;15;Emmanuel Macron;PHILIPPE 2;non;non;non;non;non;160;151;0.94375;ECONOMIE,CODE DE COMMERCE,LIVRE DES PROCEDURES FISCALES,CODE CIVIL,CODE DE L'AVIATION CIVILE,CODE DE LA CONSTRUCTION ET DE L'HABITATION,CCH,CODE FORESTIER,CODE GENERAL DES IMPOTS,CGI,CODE GENERAL DES COLLECTIVITES TERRITORIALES,CGCT,CODE RURAL ET DE LA PECHE MARITIME,CRPM,CODE DE LA SECURITE SOCIALE,CSS,CODE DU TRAVAIL,CODE DU SERVICE NATIONAL,CODE MONETAIRE ET FINANCIER,COMOFI,CODE DE LA MUTUALITE,CODE GENERAL DE LA PROPRIETE DES PERSONNES PUBLIQUES,CG3P,CODE DE L'ARTISANAT,CODE DES DOUANES,CODE DES ASSURANCES,CODE DE LA COMMANDE PUBLIQUE,CODE DES JURIDICTIONS FINANCIERES,CODE DE LA PROPRIETE INTELLECTUELLE,CPI,CODE DE LA RECHERCHE,CODE DE L'ENERGIE,CODE DES TRANSPORTS,CODE DE L'ENVIRONNEMENT,CODE DE LA CONSOMMATION,CODE DE L'ACTION SOCIALE ET DES FAMILLES,CASF,ENTREPRISE,CREATION,ANNONCE JUDICIAIRE ET LEGALE,FORFAIT DEGRESSIF UNIQUE,COMPTABILITE,BILAN,COMPTE DE RESULTAT,RELEVEMENT,CERTIFICATION DES COMPTES,GUICHET UNIQUE ELECTRONIQUE,SEUIL,ENTREPRISE EN DIFFICULTE,REGISTRE UNIQUE,ENTREPRENEUR INDIVIDUEL,REDRESSEMENT JUDICIAIRE,DIRIGEANT,MAINTIEN,REMUNERATION,PROCEDURE DE LIQUIDATION,LIQUIDATION SIMPLIFIEE,LIQUIDATION OBLIGATOIRE,PME,NAME AND SHAME,MICRO-ENTREPRENEUR,COMPTE BANCAIRE,SUPPRESSION,PRIVATISATION,LA FRANCAISE DES JEUX,AEROPORTS DE PARIS,ADP,ORGANISME DE RETRAITE PROFESSIONNELLE SUPPLEMENTAIRE,ORPS,INSTITUTION DE RETRAITE PROFESSIONNELLE SUPPLEMENTAIRE,IRPS,RETRAITE CHAPEAU,ORDONNANCE,RATIFICATION,PROJET DE LOI,LOI PACTE,DIRECTIVE EUROPEENNE,DIRECTIVE INSOLVABILITE,TRANSPOSITION
2019-05-22;LOI n° 2019-487 du 22 mai 2019 relative à l'entrée en fonction des représentants au Parlement européen élus en France aux élections de 2019;JORFTEXT000038496347;JORFDOLE000038409568;DLR5L15N37434;entree_fonction_deputes_europeens_2019;pjl18-493;PO59051;Commission des lois constitutionnelles, de la législation et de l'administration générale de la République;15;Emmanuel Macron;PHILIPPE 2;non;oui;non;non;non;0;0;1;INTERIEUR,PARLEMENT EUROPEEN,ELECTION,REPRESENTANT DU PARLEMENT,PROJET DE LOI
2019-06-03;LOI n° 2019-550 du 3 juin 2019 autorisant l'approbation de l'accord entre le Gouvernement de la République française et l'Autorité européenne des marchés financiers relatif au siège de l'Autorité et à ses privilèges et immunités sur le territoire français;JORFTEXT000038543380;;DLR5L15N36751;accord_siege_autorite_europeenne_marches_financiers;pjl17-611;PO59047;Commission des affaires étrangères;15;Emmanuel Macron;PHILIPPE 2;non;oui;oui;non;non;0;0;1;AFFAIRES ETRANGERES,EUROPE,ACCORD INTERNATIONAL,AUTORITE EUROPEENNE DES MARCHES FINANCIERS,AEMF,SIEGE,PRIVILEGE,IMMUNITE,PROJET DE LOI
2019-06-03;LOI n° 2019-551 du 3 juin 2019 autorisant l'approbation de l'accord entre le Gouvernement de la République française et le Gouvernement du Royaume de Belgique relatif à leur coopération dans le domaine de la mobilité terrestre;JORFTEXT000038543382;;DLR5L15N37247;accord_belgique_mobilite_terrestre;pjl18-314;PO59047;Commission des affaires étrangères;15;Emmanuel Macron;PHILIPPE 2;non;oui;oui;non;non;0;0;1;AFFAIRES ETRANGERES,EUROPE,ACCORD INTERNATIONAL,FRANCE,BELGIQUE,ACCORD DE COOPERATION,MATERIEL DE DEFENSE
2019-07-01;LOI n° 2019-686 du 1er juillet 2019 autorisant l'approbation de l'accord-cadre sur la coopération sanitaire transfrontalière entre le Gouvernement de la République française et le Conseil fédéral suisse et de l'accord-cadre entre le Gouvernement de la République française et le Gouvernement du Grand-Duché de Luxembourg sur la coopération sanitaire transfrontalière;JORFTEXT000038711851;;DLR5L15N36142;accord_cooperation_sanitaire_suisse_luxembourg;pjl18-526;PO59047;Commission des affaires étrangères;15;Emmanuel Macron;PHILIPPE 2;non;oui;oui;non;non;0;0;1;
2019-07-05;LOI organique n° 2019-706 du 5 juillet 2019 portant modification du statut d'autonomie de la Polynésie française;JORFTEXT000038729900;JORFDOLE000037800454;DLR5L15N37075;statut_autonomie_polynesie_francaise;pjl18-198;PO59051;Commission des lois constitutionnelles, de la législation et de l'administration générale de la République;15;Emmanuel Macron;PHILIPPE 2;non;non;non;non;non;1;1;1;OUTRE-MER,POLYNESIE FRANCAISE,STATUT D'AUTONOMIE,CODE DES JURIDICTIONS FINANCIERES,CODE ELECTORAL,PROJET DE LOI ORGANIQUE
2019-07-05;LOI n° 2019-707 du 5 juillet 2019 portant diverses dispositions institutionnelles en Polynésie française;JORFTEXT000038729942;JORFDOLE000037800455;DLR5L15N37074;dispositions_institutionnelles_polynesie_francaise;pjl18-199;PO59051;Commission des lois constitutionnelles, de la législation et de l'administration générale de la République;15;Emmanuel Macron;PHILIPPE 2;non;oui;non;non;non;0;0;1;OUTRE-MER,POLYNESIE FRANCAISE,CODE GENERAL DES COLLECTIVITES TERRITORIALES,CGCT,PROJET DE LOI
2019-07-10;LOI n° 2019-721 du 10 juillet 2019 relative à l'interdiction des violences éducatives ordinaires;JORFTEXT000038746663;JORFDOLE000037666111;DLR5L15N36918;violences_educatives_ordinaires_interdiction;ppl18-168;PO59051;Commission des lois constitutionnelles, de la législation et de l'administration générale de la République;15;Emmanuel Macron;PHILIPPE 2;non;oui;non;non;non;0;0;1;SOLIDARITES,SANTE,CODE CIVIL,CODE DE L'ACTION SOCIALE ET DES FAMILLES,CASF,PROTECTION DE L'ENFANCE,VIOLENCE EDUCATIVE ORDINAIRE,VEO,INTERDICTION,PROPOSITION DE LOI,LOI PETIT
2019-07-12;LOI n° 2019-729 du 12 juillet 2019 autorisant la ratification du protocole additionnel de Nagoya-Kuala Lumpur sur la responsabilité et la réparation relatif au protocole de Carthagène sur la prévention des risques biotechnologiques;JORFTEXT000038757724;;DLR5L15N36831;ratification_protocole_additionnel_nagoya-kuala-lumpur;pjl17-704;PO59047;Commission des affaires étrangères;15;Emmanuel Macron;PHILIPPE 2;non;oui;oui;non;non;0;0;1;AFFAIRES ETRANGERES,ACCORD INTERNATIONAL,AUTORISATION,RATIFICATION,PROTOCOLE ADDITIONNEL,RESPONSABILITE,REPARATION,PROTOCOLE DE CARTHAGENE SUR LA BIOSECURITE,PREVENTION,RISQUE BIOTECHNOLOGIQUE,ORGANISME VIVANT MODIFIE,OVM,PROJET DE LOI
2019-07-14;LOI n° 2019-733 du 14 juillet 2019 relative au droit de résiliation sans frais de contrats de complémentaire santé;JORFTEXT000038766567;JORFDOLE000038282514;DLR5L15N37206;droit_resiliation_contrats_complementaire_sante;ppl18-417;PO420120;Commission des affaires sociales;15;Emmanuel Macron;PHILIPPE 2;non;non;non;non;non;8;8;1;SOLIDARITES,SANTE,CODE DES ASSURANCES,CODE DE LA SECURITE SOCIALE,CSS,CODE DE LA MUTUALITE,CODE DE LA CONSOMMATION,CONTRAT DE COMPLEMENTAIRE DE SANTE,CONTRAT D'ASSURANCE,ASSURANCE COMPLEMENTAIRE SANTE,DROIT DE RESILIATION,RESILIATION SANS FRAIS,SOCIETE D'ASSURANCE,PROPOSITION DE LOI,LOI LE GENDRE
2019-07-19;LOI n° 2019-744 du 19 juillet 2019 de simplification, de clarification et d'actualisation du droit des sociétés;JORFTEXT000038792157;JORFDOLE000036687300;;;;PO59051;Commission des lois constitutionnelles, de la législation et de l'administration générale de la République;15;Emmanuel Macron;PHILIPPE 2;non;oui;non;non;non;0;0;1;ECONOMIE,CODE DE COMMERCE,CODE CIVIL,ORDONNANCE,RATIFICATION,SIMPLIFICATION,CLARIFICATION,ACTUALISATION,DROIT DES SOCIETES,FONDS DE COMMERCE,CESSION,SUPPRESSION,MENTION LEGALE OBLIGATOIRE,DELAI D'INSCRIPTION,REGISTRE,LOCATION-GERANCE,SOCIETE CIVILE,SOCIETE A RESPONSABILITE LIMITEE,SARL,SOCIETE PAR ACTION,VALEUR MOBILIERE,SOCIETE ANONYME,SOCIETE COMMERCIALE,PROPOSITION DE LOI,LOI MOHAMED SOILIHI
2019-07-22;LOI n° 2019-753 du 22 juillet 2019 portant création d'une Agence nationale de la cohésion des territoires;JORFTEXT000038799829;JORFDOLE000037596845;DLR5L15N36915;cohesion_territoires_agence_nationale;ppl18-002;PO419865;Commission du développement durable et de l'aménagement du territoire;15;Emmanuel Macron;PHILIPPE 2;non;non;non;non;non;5;5;1;TRANSITION ECOLOGIQUE ET SOLIDAIRE,CODE GENERAL DES COLLECTIVITES TERRITORIALES,CGCT,CODE DE L'ENVIRONNEMENT,CODE DE L'URBANISME,CODE DE L'EXPROPRIATION POUR CAUSE D'UTILITE PUBLIQUE,CODE DE COMMERCE,CODE DE LA CONSTRUCTION ET DE L'HABITATION,CCH,AGENCE NATIONALE DE LA COHESION DES TERRITOIRES,ANCT,CREATION,INSTITUTION NATIONALE PUBLIQUE,ETABLISSEMENT PUBLIC,COMPETENCE,ORGANISATION,FONCTIONNEMENT,CONSEIL D'ADMINISTRATION,COMPOSITION,MEMBRE,PRESIDENT,DIRECTEUR GENERAL,MODE DE NOMINATION,DELEGUE TERRITORIAL,COMITE LOCAL DE COHESION TERRITORIALE,COMITE NATIONAL DE COORDINATION,COMITE TECHNIQUE,COMITE SOCIAL ET ECONOMIQUE,PROPOSITION DE LOI,LOI REQUIER,LOI ANCT
2019-07-24;LOI n° 2019-759 du 24 juillet 2019 portant création d'une taxe sur les services numériques et modification de la trajectoire de baisse de l'impôt sur les sociétés;JORFTEXT000038811588;JORFDOLE000038203221;DLR5L15N37309;creation_taxe_services_numeriques;pjl18-452;PO59048;Commission des finances, de l'économie générale et du contrôle budgétaire;15;Emmanuel Macron;PHILIPPE 2;non;oui;non;non;non;0;0;1;ECONOMIE,CODE GENERAL DES IMPOTS,CGI,LIVRE DES PROCEDURES FISCALES,ENTREPRISE,SECTEUR NUMERIQUE,SERVICE NUMERIQUE,TAXE,ACQUITTEMENT,REDEVABLE,IMPOT SUR LES SOCIETES,TAXE GAFA,PROJET DE LOI
2019-07-24;LOI n° 2019-773 du 24 juillet 2019 portant création de l'Office français de la biodiversité, modifiant les missions des fédérations des chasseurs et renforçant la police de l'environnement;JORFTEXT000038821234;JORFDOLE000037611465;DLR5L15N36997;creation_afb-oncfs;pjl18-274;PO419865;Commission du développement durable et de l'aménagement du territoire;15;Emmanuel Macron;PHILIPPE 2;non;non;non;non;non;22;20;0.9090909090909091;TRANSITION ECOLOGIQUE ET SOLIDAIRE,CODE DE L'ENVIRONNEMENT,CODE DE LA ROUTE,CODE FORESTIER,CODE DE PROCEDURE PENALE,CPP,CG3P,CODE RURAL ET DE LA PECHE MARITIME,CRPM,CODE DE LA SECURITE INTERIEURE,CSI,CODE GENERAL DES COLLECTIVITES TERRITORIALES,CGCT,CODE GENERAL DES IMPOTS,CGI,CODE CIVIL,OFFICE FRANCAIS DE LA BIODIVERSITE,EPA,CREATION,COMPETENCE,CONSEIL D'ADMINISTRATION,COMPOSITION,COLLEGE,MEMBRE,PRESIDENT,MODE DE NOMINATION,CONSEIL SCIENTIFIQUE,DIRECTEUR GENERAL,AGENCE FRANCAISE POUR LA BIODIVERSITE,TRANSFERT DE COMPETENCES,PROJET DE LOI
2019-07-24;LOI n° 2019-774 du 24 juillet 2019 relative à l'organisation et à la transformation du système de santé;JORFTEXT000038821260;JORFDOLE000038124322;DLR5L15N37234;organisation_transformation_systeme_sante;pjl18-404;PO420120;Commission des affaires sociales;15;Emmanuel Macron;PHILIPPE 2;non;non;non;non;non;109;105;0.963302752293578;SOLIDARITES,SANTE,CODE DE L'EDUCATION,CODE DE LA SANTE PUBLIQUE,CSP,CODE DE LA SECURITE SOCIALE,CSS,CODE GENERAL DES COLLECTIVITES TERRITORIALES,CGCT,CODE DE PROCEDURE PENALE,CPP,CODE DU TRAVAIL,INSTITUT NATIONAL DES DONNEES DE SANTE,GROUPEMENT D'INTERET PUBLIC,GIP,CHANGEMENT DE NOM,DENOMINATION,PLATEFORME DES DONNEES DE SANTE,CODE DE L'ACTION SOCIALE ET DES FAMILLES,CASF,AGENCE REGIONALE DE SANTE DE LA REUNION,AGENCE REGIONALE DE SANTE DE MAYOTTE,PROFESSIONNEL DE SANTE,PARCOURS DE FORMATION,CARRIERE,EXERCICE LIBERAL,HOPITAL,OFFRE DE SOINS,COLLECTIF DE SOINS,PATIENT,COLLECTIVITE TERRITORIALE,PROJET TERRITORIAL DE SANTE,PARCOURS DE SANTE,GROUPEMENT HOSPITALIER DE TERRITOIRE,GHT,COMMISSION MEDICALE DE GROUPEMENT,CME,CREATION,COMPOSITION,ESPACE NUMERIQUE DE SANTE,DEPLOIEMENT,TELEMEDECINE,TELESANTE,TELESOIN,PRISE EN CHARGE,ORDONNANCE,RATIFICATION,PROJET DE LOI,LOI SANTE
2019-07-24;LOI n° 2019-775 du 24 juillet 2019 tendant à créer un droit voisin au profit des agences de presse et des éditeurs de presse;JORFTEXT000038821358;JORFDOLE000038055554;DLR5L15N37127;droit_voisin_agences_editeurs_presse;ppl17-705;PO419604;Commission des affaires culturelles et de l'éducation;15;Emmanuel Macron;PHILIPPE 2;non;non;non;non;non;1;1;1;CULTURE,CODE DE LA PROPRIETE INTELLECTUELLE,CPI,AGENCE DE PRESSE,EDITEUR DE PRESSE,EXPLOITATION EN LIGNE,PRODUCTION,MODE DE CALCUL,REMUNERATION,DROIT VOISIN,CREATION,PROPOSITION DE LOI,LOI ASSOULINE
2019-07-24;LOI n° 2019-776 du 24 juillet 2019 visant à permettre aux conseillers de la métropole de Lyon de participer aux prochaines élections sénatoriales;JORFTEXT000038821374;JORFDOLE000038583437;DLR5L15N37485;participation_conseillers_lyon_elections_senatoriales;ppl18-462;PO59051;Commission des lois constitutionnelles, de la législation et de l'administration générale de la République;15;Emmanuel Macron;PHILIPPE 2;non;oui;non;non;non;0;0;1;INTERIEUR,CODE ELECTORAL,METROPOLE DE LYON,CONSEILLER METROPOLITAIN,PARTICIPATION,SENAT,ELECTION SENATORIALE,PROPOSITION DE LOI,LOI BUFFET
2019-07-26;LOI n° 2019-786 du 26 juillet 2019 relative à la Polynésie française;JORFTEXT000038827241;JORFDOLE000038756402;DLR5L15N37599;sortie_indivision_successorale_aerodrome_polynesie;;PO59051;Commission des lois constitutionnelles, de la législation et de l'administration générale de la République;15;Emmanuel Macron;PHILIPPE 2;non;oui;non;non;non;0;0;1;JUSTICE,OUTRE-MER,POLYNESIE FRANCAISE,SUCCESSION,INDIVISION SUCCESSORALE,HERITIER,BIEN IMMOBILIER,PROCEDURE,PARTAGE JUDICIAIRE,AERODROME,CONTRAT DE CONCESSION,DEVELOPPEMENT,RENOUVELLEMENT,ENTRETIEN,EXPLOITATION,PROPOSITION DE LOI,LOI VUILLETET
2019-07-26;LOI organique n° 2019-789 du 26 juillet 2019 modifiant la loi organique n° 2010-837 du 23 juillet 2010 relative à l'application du cinquième alinéa de l'article 13 de la Constitution;JORFTEXT000038829060;JORFDOLE000037611464;DLR5L15N36996;modification_loi_2010-837;pjl18-275;PO59051;Commission des lois constitutionnelles, de la législation et de l'administration générale de la République;15;Emmanuel Macron;PHILIPPE 2;non;oui;non;non;non;0;0;1;TRANSITION ECOLOGIQUE ET SOLIDAIRE,AGENCE FRANCAISE POUR LA BIODIVERSITE,PRESIDENCE,CONSEIL D'ADMINISTRATION,REMPLACEMENT,OFFICE FRANCAIS DE LA BIODIVERSITE,DIRECTION GENERALE,PROJET DE LOI ORGANIQUE
2019-07-26;LOI organique n° 2019-790 du 26 juillet 2019 relative à la nomination du directeur général de l'Agence nationale de la cohésion des territoires;JORFTEXT000038829063;JORFDOLE000037596829;DLR5L15N36933;directeur_general_agence_nationale_cohesion_territoires;ppl18-043;PO59051;Commission des lois constitutionnelles, de la législation et de l'administration générale de la République;15;Emmanuel Macron;PHILIPPE 2;non;oui;non;non;non;0;0;1;TRANSITION ECOLOGIQUE ET SOLIDAIRE,AGENCE NATIONALE DE LA COHESION DES TERRITOIRES,ANCT,DIRECTION GENERALE,CREATION,DIRECTEUR GENERAL,NOMINATION,PROPOSITION DE LOI ORGANIQUE,LOI MAUREY
2019-07-26;LOI n° 2019-791 du 26 juillet 2019 pour une école de la confiance;JORFTEXT000038829065;JORFDOLE000037732067;DLR5L15N37055;ecole_de_la_confiance;pjl18-323;PO419604;Commission des affaires culturelles et de l'éducation;15;Emmanuel Macron;PHILIPPE 2;non;non;non;non;non;21;19;0.9047619047619048;EDUCATION NATIONALE,CODE DE L'EDUCATION,CODE DE LA SANTE PUBLIQUE,CSP,CODE DU TRAVAIL,CODE GENERAL DES COLLECTIVITES TERRITORIALES,CGCT,CODE DE L'ACTION SOCIALE ET DES FAMILLES,CASF,CODE DE LA RECHERCHE,ORDONNANCE,RATIFICATION,ENSEIGNEMENT,ECOLE MATERNELLE,INSTRUCTION OBLIGATOIRE,JEUNE ENFANT,AGE,ENSEIGNEMENT PRIMAIRE,ENSEIGNEMENT SECONDAIRE,OBLIGATION DE FORMATION,CONTROLE,ETABLISSEMENT PUBLIC LOCAL D’ENSEIGNEMENT INTERNATIONAL,EPLEI,CONSEIL D'EVALUATION DE L'ECOLE,PROJET DE LOI,LOI BLANQUER
2019-07-29;LOI n° 2019-803 du 29 juillet 2019 pour la conservation et la restauration de la cathédrale Notre-Dame de Paris et instituant une souscription nationale à cet effet;JORFTEXT000038843049;JORFDOLE000038409522;DLR5L15N37436;souscription_nationale_restauration_notre-dame_paris;pjl18-492;PO419604;Commission des affaires culturelles et de l'éducation;15;Emmanuel Macron;PHILIPPE 2;non;non;non;non;non;3;2;0.6666666666666666;CULTURE,SOUSCRIPTION NATIONALE,MISE EN PLACE,FINANCEMENT,VERSEMENT,DON,CENTRE DES MONUMENTS NATIONAUX,FONDATION D'UTILITE PUBLIQUE,FONDATION DE FRANCE,FONDATION DU PATRIMOINE,FONDATION NOTRE DAME,CONSERVATION,RESTAURATION,CATHEDRALE NOTRE-DAME DE PARIS,EPA,CREATION,COMPETENCE,CONSEIL D'ADMINISTRATION,COMPOSITION,MEMBRE,PRESIDENT,MODE DE NOMINATION,CONSEIL SCIENTIFIQUE,PROJET DE LOI
2019-08-01;LOI n° 2019-809 du 1er août 2019 visant à adapter l'organisation des communes nouvelles à la diversité des territoires;JORFTEXT000038864079;JORFDOLE000037799362;DLR5L15N36990;adaptation_communes_nouvelles_diversite_territoires;ppl17-503;PO59051;Commission des lois constitutionnelles, de la législation et de l'administration générale de la République;15;Emmanuel Macron;PHILIPPE 2;non;oui;non;non;non;0;0;1;COHESION DES TERRITOIRES,CODE GENERAL DES COLLECTIVITES TERRITORIALES,CGCT,CODE ELECTORAL,CODE GENERAL DES IMPOTS,CGI,CODE DE LA CONSTRUCTION ET DE L'HABITATION,CCH,DECENTRALISATION,COMMUNE NOUVELLE,DIVERSITE DES TERRITOIRES,ORGANISATION TERRITORIALE,PROPOSITION DE LOI,LOI GATEL
2019-08-01;LOI n° 2019-810 du 1er août 2019 visant à préserver les intérêts de la défense et de la sécurité nationale de la France dans le cadre de l'exploitation des réseaux radioélectriques mobiles;JORFTEXT000038864094;JORFDOLE000038360175;DLR5L15N37263;interets_defense_reseaux_radioelectriques_mobiles;ppl18-454;PO419610;Commission des affaires économiques;15;Emmanuel Macron;PHILIPPE 2;non;non;non;non;non;1;1;1;ECONOMIE,CODE DES POSTES ET DES COMMUNICATIONS ELECTRONIQUES,CPCE,CODE PENAL,DEFENSE,SECURITE NATIONALE,EXPLOITATION,RESEAU RADIOELECTRIQUE MOBILE,DENOMINATION,PPL 5G,AUTORITE PREALABLE,AUTORITE COMPETENTE,PREMIER MINISTRE,AUTORISATION PREALABLE,EQUIPEMENT RADIOELECTRIQUE,INFRACTION,SANCTION PENALE,PROPOSITION DE LOI,LOI LE GENDRE
2019-08-01;LOI n° 2019-811 du 1er août 2019 de règlement du budget et d'approbation des comptes de l'année 2018;JORFTEXT000038864100;JORFDOLE000038474685;DLR5L15N37471;reglement_comptes_2018;pjl18-589;PO59048;Commission des finances, de l'économie générale et du contrôle budgétaire;15;Emmanuel Macron;PHILIPPE 2;non;oui;non;non;non;0;0;1;COMPTES PUBLICS,BUDGET 2018,APPROBATION DES COMPTES,LOI DE REGLEMENT,PROJET DE LOI
2019-08-01;LOI n° 2019-812 du 1er août 2019 relative à la création de l'Agence nationale du sport et à diverses dispositions relatives à l'organisation des jeux Olympiques et Paralympiques de 2024;JORFTEXT000038864110;JORFDOLE000038599055;DLR5L15N37573;ratification_ordonnance_2019-207;pjl18-573;PO419604;Commission des affaires culturelles et de l'éducation;15;Emmanuel Macron;PHILIPPE 2;non;non;non;non;non;4;4;1;SPORTS,CODE DU SPORT,CODE GENERAL DES COLLECTIVITES TERRITORIALES,CGCT,ORDONNANCE,RATIFICATION,AGENCE NATIONALE DU SPORT,GROUPEMENT D'INTERET PUBLIC,GIP,CREATION,COMPETENCE,CONSEIL D'ADMINISTRATION,COMPOSITION,JEUX OLYMPIQUES ET PARALYMPIQUES 2024,XXIIIE OLYMPIADE,ORGANISATION,PROJET DE LOI
2019-08-02;LOI n° 2019-816 du 2 août 2019 relative aux compétences de la Collectivité européenne d'Alsace;JORFTEXT000038872957;JORFDOLE000038174812;DLR5L15N37289;competences_collectivite_europeenne_alsace;pjl18-358;PO59051;Commission des lois constitutionnelles, de la législation et de l'administration générale de la République;15;Emmanuel Macron;PHILIPPE 2;non;non;non;non;non;4;4;1;COHESION DES TERRITOIRES,CODE GENERAL DES COLLECTIVITES TERRITORIALES,CGCT,CODE DU TOURISME,CODE ELECTORAL,DEPARTEMENT,BAS-RHIN,HAUT-RHIN,REGROUPEMENT,SUBSTITUTION,DENOMINATION,COLLECTIVITE EUROPEENNE D'ALSACE,SCHEMA ALSACIEN DE COOPERATION TRANSFRONTALIERE,COMPETENCE,CONSEIL DE DEVELOPPEMENT,CREATION,COMPOSITION,PROJET DE LOI,LOI ALSACE
2019-08-06;LOI n° 2019-828 du 6 août 2019 de transformation de la fonction publique;JORFTEXT000038889182;JORFDOLE000038274919;DLR5L15N37357;transformation_fonction_publique;pjl18-532;PO59051;Commission des lois constitutionnelles, de la législation et de l'administration générale de la République;15;Emmanuel Macron;PHILIPPE 2;non;non;non;non;non;145;141;0.9724137931034482;COMPTES PUBLICS,FONCTION PUBLIQUE,TRANSFORMATION,CODE GENERAL DES COLLECTIVITES TERRITORIALES,CGCT,CODE DE LA SANTE PUBLIQUE,CSP,CODE DE L'EDUCATION,CODE DE L'ACTION SOCIALE ET DES FAMILLES,CASF,CODE RURAL ET DE LA PECHE MARITIME,CRPM,CODE DES TRANSPORTS,CODE DE JUSTICE ADMINISTRATIVE,CJA,CODE DE LA CONSTRUCTION ET DE L'HABITATION,CCH,CODE DU TRAVAIL,CODE DE LA RECHERCHE,PROJET DE LOI
2019-09-26;LOI n° 2019-983 du 26 septembre 2019 autorisant l'adhésion de la France à la convention concernant la compétence judiciaire, la reconnaissance et l'exécution des décisions en matière civile et commerciale pour son application à Saint-Barthélemy, à Saint-Pierre-et-Miquelon, dans les îles Wallis et Futuna, en Polynésie française, en Nouvelle-Calédonie, et dans les Terres australes et antarctiques françaises;JORFTEXT000039138060;;;;;PO59047;Commission des affaires étrangères;15;Emmanuel Macron;PHILIPPE 2;non;oui;oui;non;non;0;0;1;AFFAIRES ETRANGERES,ACCORD INTERNATIONAL,ACCORD MULTILATERAL,AUTORISATION,ADHESION,CONVENTION,LUGANO II,COMPETENCE JUDICIAIRE,APPLICATION,OUTRE-MER,SAINT-BARTHELEMY,SAINT-PIERRE-ET-MIQUELON,ILES WALLIS ET FUTUNA,POLYNESIE FRANCAISE,TERRES AUSTRALES ET ANTARCTIQUES FRANCAISES,TAAF,PROJET DE LOI
2019-09-26;LOI n° 2019-984 du 26 septembre 2019 autorisant la ratification de l'accord de coopération en matière de partenariat et de développement entre l'Union européenne et ses Etats membres, d'une part, et la République islamique d'Afghanistan, d'autre part;JORFTEXT000039138062;;DLR5L15N37030;accord_cooperation_afghanistan;pjl18-158;PO59047;Commission des affaires étrangères;15;Emmanuel Macron;PHILIPPE 2;non;oui;oui;non;non;0;0;1;AFFAIRES ETRANGERES,ACCORD INTERNATIONAL,ACCORD MULTILATERAL,UNION EUROPEENNE,ETAT MEMBRE,AFGHANISTAN,AUTORISATION,RATIFICATION,ACCORD DE COOPERATION,PARTENARIAT,DEVELOPPEMENT,PROJET DE LOI
2019-09-30;LOI n° 2019-1006 du 30 septembre 2019 autorisant l'approbation de l'accord sous forme d'échange de lettres entre le Gouvernement de la République française et le Conseil fédéral suisse portant modification de l'annexe 1 à la convention du 13 septembre 1965 relative à l'extension en territoire français du domaine de l'Organisation européenne pour la recherche nucléaire;JORFTEXT000039159966;;DLR5L15N36853;accord_suisse_organisation_europeenne_recherche_nucleaire;pjl17-710;PO59047;Commission des affaires étrangères;15;Emmanuel Macron;PHILIPPE 2;non;oui;oui;non;non;0;0;1;AFFAIRES ETRANGERES,ACCORD INTERNATIONAL,ACCORD BILATERAL,FRANCE,SUISSE,ECHANGE DE LETTRES,ORGANISATION EUROPEENNE POUR LA RECHERCHE NUCLEAIRE,CERN,CONVENTION,PROJET DE LOI
2019-10-18;LOI n° 2019-1063 du 18 octobre 2019 relative à la modernisation de la distribution de la presse;JORFTEXT000039241255;JORFDOLE000038357854;;;;PO419604;Commission des affaires culturelles et de l'éducation;15;Emmanuel Macron;PHILIPPE 2;non;non;non;non;non;9;9;1;CULTURE,CODE DES POSTES ET DES COMMUNICATIONS ELECTRONIQUES,CODE DE JUSTICE ADMINISTRATIVE,CODE GENERAL DES COLLECTIVITES TERRITORIALES,CGCT,CODE GENERAL DES IMPOTS,CGI,CODE DE LA CONSOMMATION,PRESSE,DISTRIBUTION,MODERNISATION,REFORME,DIFFUSION NUMERIQUE,COMMISSION DU RESEAU DE LA DIFFUSION DE LA PRESSE,COMPETENCE,COMPOSITION,DELIVRANCE,CERTIFICAT D'INSCRIPTION,VENDEUR-COLPORTEUR,STATUT,PROJET DE LOI
2019-10-21;LOI n° 2019-1066 du 21 octobre 2019 autorisant la ratification du traité entre la République française et la République fédérale d'Allemagne sur la coopération et l'intégration franco-allemandes;JORFTEXT000039248462;JORFDOLE000039182515;DLR5L15N37597;traite_cooperation_integration_franco-allemandes;pjl18-558;PO59047;Commission des affaires étrangères;15;Emmanuel Macron;PHILIPPE 2;non;oui;oui;non;non;0;0;1;AFFAIRES ETRANGERES,ACCORD INTERNATIONAL,ACCORD BILATERAL,FRANCE,ALLEMAGNE,ACCORD DE COOPERATION,RATIFICATION,TRAITE D'AIX-LA-CHAPELLE,PROJET DE LOI
2019-10-28;LOI n° 2019-1093 du 28 octobre 2019 autorisant l'approbation du protocole entre le Gouvernement de la République française et le Gouvernement de la République de Djibouti relatif aux compétences de la prévôté sur le territoire de la République de Djibouti;JORFTEXT000039287757;;DLR5L15N36780;protocole_djibouti_competences_prevote;pjl18-648;PO59047;Commission des affaires étrangères;15;Emmanuel Macron;PHILIPPE 2;non;oui;oui;non;non;0;0;1;
2019-10-28;LOI n° 2019-1094 du 28 octobre 2019 autorisant l'approbation du protocole d'accord entre le Gouvernement de la République française et le Gouvernement du Grand-Duché de Luxembourg relatif au renforcement de la coopération en matière de transports transfrontaliers;JORFTEXT000039287759;;DLR5L15N37307;accord_luxembourg_transports_transfrontaliers;pjl18-642;PO59047;Commission des affaires étrangères;15;Emmanuel Macron;PHILIPPE 2;non;oui;oui;non;non;0;0;1;
2019-10-30;LOI n° 2019-1100 du 30 octobre 2019 relative à la création du Centre national de la musique;JORFTEXT000039295468;JORFDOLE000038449412;DLR5L15N37352;creation_centre_national_musique;ppl18-482;PO419604;Commission des affaires culturelles et de l'éducation;15;Emmanuel Macron;PHILIPPE 2;non;non;non;non;non;3;3;1;CULTURE,CODE GENERAL DES IMPOTS,CGI,CENTRE NATIONAL DE LA MUSIQUE,CNM,EPIC,CREATION,COMPETENCE,CONSEIL D'ADMINISTRATION,PRESIDENT,MEMBRE,CONSEIL PROFESSIONNEL,SUBSTITUTION,CENTRE NATIONAL DE LA CHANSON DES VARIETES ET DU JAZZ,PROPOSITION DE LOI,LOI BOIS
2019-11-08;LOI n° 2019-1147 du 8 novembre 2019 relative à l'énergie et au climat;JORFTEXT000039355955;JORFDOLE000038430994;DLR5L15N37447;energie_climat;pjl18-622;PO419610;Commission des affaires économiques;15;Emmanuel Macron;PHILIPPE 2;non;non;non;non;non;41;37;0.9024390243902439;TRANSITION ECOLOGIQUE ET SOLIDAIRE,CODE DE L'ENERGIE,CODE DE L'ENVIRONNEMENT,CODE GENERAL DES COLLECTIVITES TERRITORIALES,CGCT,CODE DE LA CONSTRUCTION ET DE L'HABITATION,CCH,CODE MINIER,CODE DES ASSURANCES,CODE MONETAIRE ET FINANCIER,COMOFI,CODE DE LA MUTUALITE,CODE DE LA SECURITE SOCIALE,CSS,CODE DE L'URBANISME,CODE DES COMMUNES DE LA NOUVELLE-CALEDONIE,ENERGIE,CLIMAT,POLITIQUE ENERGETIQUE,PREMIER MINISTRE,HAUT CONSEIL POUR LE CLIMAT,ORGANISME INDEPENDANT,CREATION,COMPOSITION,MEMBRE,PRESIDENT,MODE DE NOMINATION,DUREE DE MANDAT,EVALUATION ENVIRONEMENTALE,LUTTE CONTRE LA FRAUDE,CERTIFICAT D'ECONOMIE D'ENERGIE,TARIF REGLEMENTE,VENTE,GAZ,ELECTRICITE,PROJET DE LOI
2019-11-28;LOI n° 2019-1245 du 28 novembre 2019 autorisant la ratification du protocole au traité de l'Atlantique Nord sur l'accession de la République de Macédoine du Nord;JORFTEXT000039428897;;DLR5L15N37658;accession_macedoine_nord_otan;pjl18-676;PO59047;Commission des affaires étrangères;15;Emmanuel Macron;PHILIPPE 2;non;oui;oui;non;non;0;0;1;AFFAIRES ETRANGERES,ACCORD INTERNATIONAL,ACCORD MULTILATERAL,PROTOCOLE,RATIFICATION,TRAITE DE L'ATLANTIQUE NORD,MACEDOINE,PROJET DE LOI
2019-12-02;LOI organique n° 2019-1268 du 2 décembre 2019 visant à clarifier diverses dispositions du droit électoral;JORFTEXT000039439981;JORFDOLE000038695307;DLR5L15N37390;clarification_droit_electoral;ppl18-386;PO59051;Commission des lois constitutionnelles, de la législation et de l'administration générale de la République;15;Emmanuel Macron;PHILIPPE 2;non;oui;non;non;non;0;0;1;INTERIEUR,CODE ELECTORAL,DROIT ELECTORAL,COMPTE DE CAMPAGNE,FINANCEMENT,CANDIDAT,PROPOSITION DE LOI ORGANIQUE,LOI RICHARD
2019-12-02;LOI n° 2019-1269 du 2 décembre 2019 visant à clarifier diverses dispositions du droit électoral;JORFTEXT000039439987;JORFDOLE000038686324;DLR5L15N37385;clarification_dispositions_droit_electoral;ppl18-385;PO59051;Commission des lois constitutionnelles, de la législation et de l'administration générale de la République;15;Emmanuel Macron;PHILIPPE 2;non;non;non;non;non;6;6;1;INTERIEUR,CODE ELECTORAL,DROIT ELECTORAL,FINANCEMENT,CAMPAGNE ELECTORALE,INELIGIBILITE,PROPAGANDE ELECTORALE,PROPOSITION DE LOI,LOI RICHARD
2019-12-02;LOI n° 2019-1270 du 2 décembre 2019 de finances rectificative pour 2019;JORFTEXT000039440006;JORFDOLE000039341929;DLR5L15N37942;plfr_2019;pjl19-121;PO59048;Commission des finances, de l'économie générale et du contrôle budgétaire;15;Emmanuel Macron;PHILIPPE 2;non;oui;non;non;non;0;0;1;COMPTES PUBLICS,LOI DE FINANCES RECTIFICATIVE,LOI DE FINANCES RECTIFICATIVE POUR 2019,LFR 2019,PROJET DE LOI
2019-12-11;LOI n° 2019-1332 du 11 décembre 2019 tendant à améliorer la lisibilité du droit par l'abrogation de lois obsolètes;JORFTEXT000039480074;JORFDOLE000038229226;DLR5L15N37229;amelioration_droit_abrogation_lois_obsoletes;ppl18-008;PO59051;Commission des lois constitutionnelles, de la législation et de l'administration générale de la République;15;Emmanuel Macron;PHILIPPE 2;non;oui;non;non;non;0;0;1;COMPTES PUBLICS,LOI,OBSOLESCENCE,PROPOSITION DE LOI,LOI DELAHAYE
2019-12-17;LOI n° 2019-1364 du 17 décembre 2019 autorisant l'approbation de l'accord-cadre relatif à la coopération en matière de sécurité sanitaire entre le Gouvernement de la République française et la Principauté de Monaco et de l'accord relatif à la coopération en matière de transfusion sanguine entre le Gouvernement de la République française et la Principauté de Monaco;JORFTEXT000039630498;;DLR5L15N37272;accord-cadres_cooperation_monaco;pjl18-340;PO59047;Commission des affaires étrangères;15;Emmanuel Macron;PHILIPPE 2;non;oui;oui;non;non;0;0;1;AFFAIRES ETRANGERES,ACCORD INTERNATIONAL,ACCORD BILATERAL,FRANCE,MONACO,ACCORD DE COOPERATION,TRANSFUSION SANGUINE,ACCORD-CADRE,SECURITE SANITAIRE,PROJET DE LOI
2019-12-24;LOI n° 2019-1428 du 24 décembre 2019 d'orientation des mobilités;JORFTEXT000039666574;JORFDOLE000037646678;DLR5L15N37029;loi_orientation_mobilites;pjl18-157;PO419865;Commission du développement durable et de l'aménagement du territoire;15;Emmanuel Macron;PHILIPPE 2;non;non;non;non;non;128;123;0.9609375;TRAVAIL,CODE DES TRANSPORTS,CODE GENERAL DES COLLECTIVITES TERRITORIALES,CGCT,CODE DE LA SECURITE SOCIALE,CSS,CODE DE L'ENVIRONNEMENT,CODE DE L'URBANISME,CODE DE LA CONSTRUCTION ET DE L'HABITATION,CCH,CODE DE LA VOIRIE ROUTIERE,CODE GENERAL DES IMPOTS,CGI,CODE DE LA ROUTE,CODE DU TRAVAIL,CODE DE L'EDUCATION,CODE DE L'ENERGIE,CODE PENAL,CODE DE LA SANTE PUBLIQUE,CSP,CODE RURAL ET DE LA PECHE MARITIME,CRPM,CODE DE PROCEDURE PENALE,CPP,CODE DES DOUANES,CODE DE LA SECURITE INTERIEURE,CSI,CODE GENERAL DE LA PROPRIETE DES PERSONNES PUBLIQUES,CG3P,CODE DE LA COMMANDE PUBLIQUE,CODE MINIER,VTC,COVOITURAGE,AUTOPARTAGE,TROTINETTE,VEHICULE AUTONOME,FREE FLOATING,FORFAIT MOBILITES DURABLES,AUTORITES ORGANISATRICES DE MOBILITE,AOM,ORDONNANCE,RATIFICATION,BREXIT,PROJET DE LOI,LOI MOBILITES,LOI LOM,DIRECTIVE EUROPEENNE,TRANSPOSITION PARTIELLE
2019-12-24;LOI n° 2019-1446 du 24 décembre 2019 de financement de la sécurité sociale pour 2020;JORFTEXT000039675317;JORFDOLE000039195992;DLR5L15N37831;plfss_2020;plfss2020;PO420120;Commission des affaires sociales;15;Emmanuel Macron;PHILIPPE 2;non;non;non;non;non;119;106;0.8907563025210085;COMPTES PUBLICS,CODE DE LA SECURITE SOCIALE,CSS,CODE DE L'ACTION SOCIALE ET DES FAMILLES,CASF,CODE RURAL ET DE LA PECHE MARITIME,CRPM,CODE GENERAL DES IMPOTS,CGI,CODE DES TRANSPORTS,CODE DES PENSIONS DE RETRAITE DES MARINS FRANCAIS DU COMMERCE DE PECHE OU DE PLAISANCE,CODE DES JURIDICTIONS FINANCIERES,CJF,LIVRE DES PROCEDURES FISCALES,CODE DE LA SANTE PUBLIQUE,CSP,CODE CIVIL,CODE DE LA CONSTRUCTION ET DE L'HABITATION,CCH,CODE DES PROCEDURES CIVILES D'EXECUTION,LOI DE FINANCEMENT DE LA SECURITE SOCIALE POUR 2020,LFSS 2020,PROJET DE LOI
2019-12-26;LOI n° 2019-1447 du 26 décembre 2019 autorisant la ratification de l'accord de partenariat global et renforcé entre l'Union européenne et la Communauté européenne de l'énergie atomique et leurs Etats membres, d'une part, et la République d'Arménie, d'autre part;JORFTEXT000039675436;;DLR5L15N37133;accord_ue_ceea_armenie;pjl18-647;PO59047;Commission des affaires étrangères;15;Emmanuel Macron;PHILIPPE 2;non;oui;oui;non;non;0;0;1;AFFAIRES ETRANGERES,ACCORD INTERNATIONAL,ACCORD MULTILATERAL,ACCORD DE PARTENARIAT,RATIFICATION,UNION EUROPEENNE,UE,COMMUNAUTE EUROPEENNE DE L'ENERGIE ATOMIQUE,CEEA,ARMENIE,PROJET DE LOI
2019-12-27;LOI n° 2019-1461 du 27 décembre 2019 relative à l'engagement dans la vie locale et à la proximité de l'action publique;JORFTEXT000039681877;JORFDOLE000038776979;DLR5L15N37659;engagement_vie_locale_proximite_action_publique;pjl18-677;PO59051;Commission des lois constitutionnelles, de la législation et de l'administration générale de la République;15;Emmanuel Macron;PHILIPPE 2;non;non;non;non;non;23;18;0.782608695652174;TRANSITION ECOLOGIQUE ET SOLIDAIRE,CODE GENERAL DES COLLECTIVITES TERRITORIALES,CGCT,CODE ELECTORAL,CODE DU TOURISME,CODE DE L'URBANISME,CODE DE L'ENVIRONNEMENT,CODE GENERAL DES IMPOTS,CGI,CODE DE LA CONSTRUCTION ET DE L'HABITATION,CCH,CODE DE LA SANTE PUBLIQUE,CSP,CODE DE LA SECURITE INTERIEURE,CSI,CODE FORESTIER,CODE DE JUSTICE ADMINISTRATIVE,CODE RURAL ET DE LA PECHE MARITIME,CRPM,CODE DE L'ACTION SOCIALE ET DES FAMILLES,CASF,CODE DES COMMUNES DE LA NOUVELLE-CALEDONIE,CODE DU TRAVAIL,CODE DE LA SECURITE SOCIALE,CODE DE L'EDUCATION,PROJET DE LOI,LOI ENGAGEMENT ET PROXIMITE
2019-12-28;LOI n° 2019-1479 du 28 décembre 2019 de finances pour 2020;JORFTEXT000039683923;JORFDOLE000039145703;DLR5L15N37615;loi_finances_2020;pjlf2020;PO59048;Commission des finances, de l'économie générale et du contrôle budgétaire;15;Emmanuel Macron;PHILIPPE 2;non;non;non;non;non;88;75;0.8522727272727273;COMPTES PUBLICS,LOI DE FINANCES POUR 2020,CODE GENERAL DES IMPOTS,CGI,LIVRE DES PROCEDURES FISCALES,CODE GENERAL DES COLLECTIVITES TERRITORIALES,CGCT,CODE DE L'ACTION SOCIALE ET DES FAMILLES,CASF,CODE DE LA CONSTRUCTION ET DE L'HABITATION,CCH,CODE DE LA DEFENSE,CODE DE LA SECURITE SOCIALE,CSS,CODE MINIER,CODE DES DOUANES,CODE DE L'ENTREE ET DU SEJOUR DES ETRANGERS ET DU DROIT D'ASILE,CODE DU CINEMA ET DE L'IMAGE ANIMEE,CODE DU PATRIMOINE,CODE DES TRANSPORTS,PROJET DE LOI
2019-12-28;LOI n° 2019-1480 du 28 décembre 2019 visant à agir contre les violences au sein de la famille;JORFTEXT000039684243;JORFDOLE000039229373;DLR5L15N37702;Violences_faites_aux_femmes;ppl19-057;PO59051;Commission des lois constitutionnelles, de la législation et de l'administration générale de la République;15;Emmanuel Macron;PHILIPPE 2;non;non;non;non;non;5;5;1;JUSTICE,CODE DU SERVICE NATIONAL,CODE CIVIL,CODE DE LA SECURITE INTERIEURE,CSI,CODE DE LA SECURITE SOCIALE,CSS,CODE RURAL ET DE LA PECHE MARITIME,CRPM,CODE PENAL,CODE DE PROCEDURE PENALE,CPP,CODE DE LA CONSTRUCTION ET DE L'HABITATION,CCH,PROPOSITION DE LOI,LOI PRADIE
2020-01-27;LOI n° 2020-43 du 27 janvier 2020 autorisant la ratification du protocole additionnel à la Charte européenne de l'autonomie locale sur le droit de participer aux affaires des collectivités locales;JORFTEXT000041484726;;;;;PO59047;Commission des affaires étrangères;15;Emmanuel Macron;PHILIPPE 2;non;oui;oui;non;non;0;0;1;AFFAIRES ETRANGERES,CONSEIL DE L'EUROPE,ACCORD INTERNATIONAL,APPROBATION,RATIFICATION,PROTOCOLE ADDITIONNEL,CHARTE EUROPEENNE DE L'AUTONOMIE LOCALE,PROJET DE LOI,DEMOCRATIE LOCALE ET REGIONALE,DROIT DE PARTICIPER AUX AFFAIRES D’UNE COLLECTIVITE LOCALE,GARANTIE JURIDIQUE INTERNATIONALE
2020-01-27;LOI n° 2020-44 du 27 janvier 2020 autorisant la ratification du traité d'extradition entre la République française et la République socialiste du Viet Nam et du traité d'entraide judiciaire en matière pénale entre la République française et la République socialiste du Viet Nam;JORFTEXT000041484728;;DLR5L15N35851;traites_extradition_entraide_penale_vietnam;pjl16-614;PO59047;Commission des affaires étrangères;15;Emmanuel Macron;PHILIPPE 2;non;oui;oui;non;non;0;0;1;AFFAIRES ETRANGERES,ACCORD INTERNATIONAL,ACCORD BILATERAL,FRANCE,VIETNAM,AUTORISATION,RATIFICATION,TRAITE D'EXTRADITION,TRAITE D'ENTRAIDE JUDICIAIRE,DOMAINE PENAL,PROJET DE LOI
2020-01-27;LOI n° 2020-45 du 27 janvier 2020 autorisant l'approbation de l'accord entre le Gouvernement de la République française et le Conseil des ministres de la République d'Albanie relatif à la coopération dans le domaine de la défense et de l'accord de coopération en matière de défense entre le Gouvernement de la République française et le Gouvernement de la République de Chypre;JORFTEXT000041484731;;DLR5L15N36998;accord_albanie_chypre_defense;pjl18-130;PO59047;Commission des affaires étrangères;15;Emmanuel Macron;PHILIPPE 2;non;oui;oui;non;non;0;0;1;AFFAIRES ETRANGERES,ACCORD INTERNATIONAL,ACCORD BILATERAL,FRANCE,ALBANIE,CHYPRE,ACCORD DE COOPERATION,DEFENSE,PROJET  DE LOI
2020-01-27;LOI n° 2020-46 du 27 janvier 2020 autorisant l'approbation de l'accord entre le Gouvernement de la République française et le Gouvernement de la République d'Arménie relatif à l'emploi des membres de la famille des agents des missions officielles de chaque Etat dans l'autre;JORFTEXT000041484734;;DLR5L15N37372;accord_armenie_agents_missions_officielles;pjl18-422;PO59047;Commission des affaires étrangères;15;Emmanuel Macron;PHILIPPE 2;non;oui;oui;non;non;0;0;1;AFFAIRES ETRANGERES,ACCORD INTERNATIONAL,ACCORD BILATERAL,FRANCE,ARMENIE,EMPLOI,MEMBRE,FAMILLE,MISSION OFFICIELLE,PROJET DE LOI
2020-01-27;LOI n° 2020-47 du 27 janvier 2020 autorisant l'approbation du protocole entre le Gouvernement de la République française et le Gouvernement de la République d'Arménie portant application de l'accord signé à Bruxelles le 19 avril 2013 entre l'Union européenne et la République d'Arménie concernant la réadmission des personnes en séjour irrégulier;JORFTEXT000041484736;;DLR5L15N37495;accord_armenie_readmission_sejour_irregulier;pjl18-523;PO59047;Commission des affaires étrangères;15;Emmanuel Macron;PHILIPPE 2;non;oui;oui;non;non;0;0;1;AFFAIRES ETRANGERES,ACCORD INTERNATIONAL,ACCORD BILATERAL,FRANCE,ARMENIE,AUTORISATION,APPROBATION,PROTOCOLE,READMISSION,PERSONNE,SEJOUR IRREGULIER,PROJET DE LOI
2020-01-28;LOI n° 2020-48 du 28 janvier 2020 visant à lutter contre le mitage des espaces forestiers en Ile-de-France;JORFTEXT000041491217;JORFDOLE000039428142;DLR5L15N37618;lutte_mitage_espaces_forestiers_ile-de-france;ppl19-159;PO419610;Commission des affaires économiques;15;Emmanuel Macron;PHILIPPE 2;non;oui;non;non;non;0;0;1;AGRICULTURE,CODE RURAL ET DE LA PECHE MARITIME,CRPM,LUTTE,MITAGE,ESPACE FORESTIER,REGION,ILE-DE-FRANCE,PROPOSITION DE LOI,LOI BARROT
2020-02-05;LOI n° 2020-85 du 5 février 2020 autorisant l'approbation de l'accord entre le Gouvernement de la République française et le Gouvernement de la République fédérale démocratique d'Ethiopie relatif aux services aériens, de l'accord entre le Gouvernement de la République française et le Gouvernement de la République du Costa Rica relatif aux services aériens et de l'accord relatif aux services aériens entre le Gouvernement de la République française et le Gouvernement de la République du Mozambique;JORFTEXT000041535396;;DLR5L15N36802;accord_services_aeriens_ethiopie_costa-rica_mozambique;pjl18-732;PO59047;Commission des affaires étrangères;15;Emmanuel Macron;PHILIPPE 2;non;oui;oui;non;non;0;0;1;AFFAIRES ETRANGERES,ACCORD INTERNATIONAL,ACCORD BILATERAL,FRANCE,ETHIOPIE,COSTA RICA,MOZAMBIQUE,SERVICE AERIEN,PROJET DE LOI
2020-02-05;LOI n° 2020-86 du 5 février 2020 autorisant l'approbation de l'accord entre le Gouvernement de la République française et le Gouvernement de la République du Tchad relatif aux services aériens et de l'accord entre le Gouvernement de la République française et le Gouvernement de la République d'Angola relatif aux services aériens;JORFTEXT000041535400;;DLR5L15N37132;accord_tchad_angola_services_aeriens;;PO59047;Commission des affaires étrangères;15;Emmanuel Macron;PHILIPPE 2;non;oui;oui;non;non;0;0;1;AFFAIRES ETRANGERES,ACCORD INTERNATIONAL,ACCORD BILATERAL,FRANCE,TCHAD,ANGOLA,SERVICE AERIEN,PROJET DE LOI
2020-02-10;LOI n° 2020-105 du 10 février 2020 relative à la lutte contre le gaspillage et à l'économie circulaire;JORFTEXT000041553759;JORFDOLE000038746653;DLR5L15N37641;lutte_gaspillage_economie_circulaire;pjl18-660;PO419865;Commission du développement durable et de l'aménagement du territoire;15;Emmanuel Macron;PHILIPPE 2;non;non;non;non;non;89;81;0.9101123595505618;TRANSITION ECOLOGIQUE ET SOLIDAIRE,CODE DE L'ENVIRONNEMENT,CODE DE LA CONSOMMATION,CODE DE LA SANTE PUBLIQUE,CSP,CODE DE L'EDUCATION,CODE DE LA SECURITE SOCIALE,CSS,CODE GENERAL DES IMPOTS,CGI,CODE GENERAL DE LA PROPRIETE DES PERSONNES PUBLIQUES,CG3P,CODE RURAL ET DE LA PECHE MARITIME,CRPM,CODE DE LA CONSTRUCTION ET DE L'HABITATION,CCH,CODE DE LA COMMANDE PUBLIQUE,CODE GENERAL DES COLLECTIVITES TERRITORIALES,CGCT,CODE DES DOUANES,CODE DE LA ROUTE,CODE DE LA SECURITE INTERIEURE,CODE DES ASSURANCES,CODE DE L'URBANISME,LUTTE CONTRE LE GASPILLAGE,PROJET DE LOI,LOI ECONOMIE CIRCULAIRE,DIRECTIVE EUROPEENNE,TRANSPOSITION PARTIELLE
2020-02-21;LOI n° 2020-146 du 21 février 2020 ratifiant l'ordonnance n° 2019-235 du 27 mars 2019 relative aux dispositions pénales et de procédure pénale du code de l'urbanisme de Saint-Martin;JORFTEXT000041615675;JORFDOLE000038682175;DLR5L15N37595;ratification_ordonnance_2019-235;pjl18-594;PO59051;Commission des lois constitutionnelles, de la législation et de l'administration générale de la République;15;Emmanuel Macron;PHILIPPE 2;non;oui;non;non;oui;0;0;1;COHESION DES TERRITOIRES,ORDONNANCE,RATIFICATION,OUTRE-MER,CODE DE L'URBANISME,SAINT-MARTIN
2020-03-06;LOI n° 2020-220 du 6 mars 2020 visant à améliorer l'accès à la prestation de compensation du handicap;JORFTEXT000041697004;JORFDOLE000039329129;DLR5L15N37804;acces_prestation_compensation_handicap;ppl19-016;PO420120;Commission des affaires sociales;15;Emmanuel Macron;PHILIPPE 2;non;non;non;non;non;2;2;1;SOLIDARITES,SANTE,CODE DE L'ACTION SOCIALE ET DES FAMILLES,CASF,PRESTATION DE COMPENSATION DU HANDICAP,PCH,PROPOSITION DE LOI,LOI MILON
2020-03-13;LOI n° 2020-240 du 13 mars 2020 autorisant l'approbation de l'accord entre le Gouvernement de la République française et le Gouvernement de la République fédérale d'Allemagne relatif aux modalités de financement des infrastructures et de l'acquisition des outils de formation dans le cadre de la coopération franco-allemande dans le domaine du transport tactique aérien;JORFTEXT000041721604;;DLR5L15N37570;accord_transport_tactique_aerien_allemagne;;PO59047;Commission des affaires étrangères;15;Emmanuel Macron;PHILIPPE 2;non;oui;oui;non;non;0;0;1;
2020-03-23;LOI n° 2020-289 du 23 mars 2020 de finances rectificative pour 2020;JORFTEXT000041746298;JORFDOLE000041735409;DLR5L15N39144;plfr_2020;pjl19-384;PO59048;Commission des finances, de l'économie générale et du contrôle budgétaire;15;Emmanuel Macron;PHILIPPE 2;non;non;non;non;non;2;2;1;
2020-03-23;LOI n° 2020-290 du 23 mars 2020 d'urgence pour faire face à l'épidémie de covid-19;JORFTEXT000041746313;JORFDOLE000041736258;DLR5L15N39205;loi_urgence_epidemie_covid-19;pjl19-376;PO59051;Commission des lois constitutionnelles, de la législation et de l'administration générale de la République;15;Emmanuel Macron;PHILIPPE 2;non;non;non;non;non;10;6;0.6;
2020-03-30;LOI organique n° 2020-364 du 30 mars 2020 modifiant la loi organique n° 2010-837 du 23 juillet 2010 relative à l'application du cinquième alinéa de l'article 13 de la Constitution;JORFTEXT000041768065;JORFDOLE000039372974;DLR5L15N37969;modification_loi_alinea5_article13_constitution;pjl19-120;PO59051;Commission des lois constitutionnelles, de la législation et de l'administration générale de la République;15;Emmanuel Macron;PHILIPPE 2;non;oui;non;non;non;0;0;1;
2020-03-30;LOI organique n° 2020-365 du 30 mars 2020 d'urgence pour faire face à l'épidémie de covid-19;JORFTEXT000041768067;JORFDOLE000041736022;DLR5L15N39206;loi_organique_urgence_epidemie_covid-19;;PO59051;Commission des lois constitutionnelles, de la législation et de l'administration générale de la République;15;Emmanuel Macron;PHILIPPE 2;non;oui;non;non;non;0;0;1;
2020-03-30;LOI n° 2020-366 du 30 mars 2020 modifiant la loi n° 2010-838 du 23 juillet 2010 relative à l'application du cinquième alinéa de l'article 13 de la Constitution et prorogeant le mandat des membres de la Haute Autorité pour la diffusion des œuvres et la protection des droits sur internet;JORFTEXT000041768069;JORFDOLE000039373035;DLR5L15N37968;prorogation_mandat_membres_hadopi;pjl19-119;PO59051;Commission des lois constitutionnelles, de la législation et de l'administration générale de la République;15;Emmanuel Macron;PHILIPPE 2;non;oui;non;non;non;0;0;1;
2020-04-25;LOI n° 2020-473 du 25 avril 2020 de finances rectificative pour 2020;JORFTEXT000041820860;JORFDOLE000041899835;DLR5L15N39427;plfr2_2020;pjl19-403;PO59048;Commission des finances, de l'économie générale et du contrôle budgétaire;15;Emmanuel Macron;PHILIPPE 2;non;non;non;non;non;6;6;1;
2020-05-11;LOI n° 2020-546 du 11 mai 2020 prorogeant l'état d'urgence sanitaire et complétant ses dispositions;JORFTEXT000041865244;JORFDOLE000041896076;DLR5L15N39597;prorogation_etat_urgence_sanitaire;pjl19-414;PO59051;Commission des lois constitutionnelles, de la législation et de l'administration générale de la République;15;Emmanuel Macron;PHILIPPE 2;non;non;non;non;non;5;5;1;
2020-06-08;LOI n° 2020-692 du 8 juin 2020 visant à améliorer les droits des travailleurs et l'accompagnement des familles après le décès d'un enfant;JORFTEXT000041975976;JORFDOLE000041503619;DLR5L15N36748;conge_de_deuil_enfant_mineur;ppl19-288;PO420120;Commission des affaires sociales;15;Emmanuel Macron;PHILIPPE 2;non;non;non;non;non;15;14;0.9333333333333333;
2020-06-10;LOI n° 2020-699 du 10 juin 2020 relative à la transparence de l'information sur les produits agricoles et alimentaires;JORFTEXT000041982762;JORFDOLE000039451785;DLR5L15N37328;articles_loi_egalim;;PO419610;Commission des affaires économiques;15;Emmanuel Macron;PHILIPPE 2;non;non;non;non;non;4;3;0.75;
2020-06-17;LOI n° 2020-734 du 17 juin 2020 relative à diverses dispositions liées à la crise sanitaire, à d'autres mesures urgentes ainsi qu'au retrait du Royaume-Uni de l'Union européenne;JORFTEXT000042007059;JORFDOLE000041893160;DLR5L15N39644;dispositions_urgentes_consequences_covid-19;pjl19-440;PO771611;Commission spéciale chargée d’examiner le projet de loi portant diverses dispositions urgentes pour faire face aux conséquences de l’épidémie de covid-19;15;Emmanuel Macron;PHILIPPE 2;non;non;non;non;non;24;19;0.7916666666666666;
2020-06-22;LOI n° 2020-760 du 22 juin 2020 tendant à sécuriser l'organisation du second tour des élections municipales et communautaires de juin 2020 et à reporter les élections consulaires;JORFTEXT000042025624;JORFDOLE000041923270;DLR5L15N39814;scrutin_second_tour_municipales_2020;;PO59051;Commission des lois constitutionnelles, de la législation et de l'administration générale de la République;15;Emmanuel Macron;PHILIPPE 2;non;non;non;non;non;8;7;0.875;
2020-06-24;LOI n° 2020-766 du 24 juin 2020 visant à lutter contre les contenus haineux sur internet;JORFTEXT000042031970;JORFDOLE000038745184;DLR5L15N37327;lutte_contre_haine_internet;ppl18-645;PO59051;Commission des lois constitutionnelles, de la législation et de l'administration générale de la République;15;Emmanuel Macron;PHILIPPE 2;non;non;non;non;non;1;1;1;JUSTICE,PROPOSITION DE LOI,LOI AVIA
2020-07-02;LOI n° 2020-833 du 2 juillet 2020 relative au droit des victimes de présenter une demande d'indemnité au Fonds de garantie des victimes des actes de terrorisme et d'autres infractions;JORFTEXT000042075133;JORFDOLE000041575286;DLR5L15N37904;demande_indemnite_fonds_garantie_victimes_actes_terrorisme;ppl19-320;PO59051;Commission des lois constitutionnelles, de la législation et de l'administration générale de la République;15;Emmanuel Macron;PHILIPPE 2;non;oui;non;non;non;0;0;1;
2020-07-03;LOI n° 2020-839 du 3 juillet 2020 visant à assurer la revalorisation des pensions de retraite agricoles en France continentale et dans les outre-mer;JORFTEXT000042079121;JORFDOLE000033980182;;;;PO419604;Commission des affaires culturelles et de l'éducation;15;Emmanuel Macron;PHILIPPE 2;non;non;non;non;non;4;4;1;AGRICULTURE,PROPOSITION DE LOI
2020-07-03;LOI n° 2020-840 du 3 juillet 2020 visant à créer le statut de citoyen sauveteur, lutter contre l'arrêt cardiaque et sensibiliser aux gestes qui sauvent;JORFTEXT000042079128;JORFDOLE000038146192;DLR5L15N37091;lutte_mort_subite;ppl18-331;PO59051;Commission des lois constitutionnelles, de la législation et de l'administration générale de la République;15;Emmanuel Macron;PHILIPPE 2;non;non;non;non;non;5;5;1;
2020-07-09;LOI n° 2020-856 du 9 juillet 2020 organisant la sortie de l'état d'urgence sanitaire;JORFTEXT000042101318;JORFDOLE000041982758;DLR5L15N39896;fin_etat_urgence_sanitaire;pjl19-537;PO59051;Commission des lois constitutionnelles, de la législation et de l'administration générale de la République;15;Emmanuel Macron;CASTEX;non;non;non;non;non;2;1;0.5;
2020-07-24;LOI n° 2020-901 du 24 juillet 2020 visant à encadrer le démarchage téléphonique et à lutter contre les appels frauduleux;JORFTEXT000042148119;JORFDOLE000037775649;DLR5L15N36876;encadrement_demarchage_telephonique_appels_frauduleux;ppl18-183;PO419610;Commission des affaires économiques;15;Emmanuel Macron;CASTEX;non;non;non;non;non;5;3;0.6;
2020-07-27;LOI n° 2020-909 du 27 juillet 2020 visant à homologuer des peines d'emprisonnement prévues en Nouvelle-Calédonie;JORFTEXT000042157638;JORFDOLE000041402913;DLR5L15N37475;homologation_peines_emprisonnement_nouvelle-caledonie;;PO59051;Commission des lois constitutionnelles, de la législation et de l'administration générale de la République;15;Emmanuel Macron;CASTEX;non;oui;non;non;non;0;0;1;
2020-07-30;LOI n° 2020-935 du 30 juillet 2020 de finances rectificative pour 2020;JORFTEXT000042176557;JORFDOLE000041982757;DLR5L15N39895;plfr3_2020;pjl19-624;PO59048;Commission des finances, de l'économie générale et du contrôle budgétaire;15;Emmanuel Macron;CASTEX;non;non;non;non;non;17;17;1;
2020-07-30;LOI n° 2020-936 du 30 juillet 2020 visant à protéger les victimes de violences conjugales;JORFTEXT000042176652;JORFDOLE000041502001;DLR5L15N38334;protection_victimes_violences_conjugales;ppl19-285;PO59051;Commission des lois constitutionnelles, de la législation et de l'administration générale de la République;15;Emmanuel Macron;CASTEX;non;non;non;non;non;3;3;1;
2020-07-30;LOI n° 2020-937 du 30 juillet 2020 de règlement du budget et d'approbation des comptes de l'année 2019;JORFTEXT000042176699;JORFDOLE000041896006;DLR5L15N39596;reglement_comptes_2019;pjl19-505;PO59048;Commission des finances, de l'économie générale et du contrôle budgétaire;15;Emmanuel Macron;CASTEX;non;oui;non;non;non;0;0;1;
2020-07-30;LOI n° 2020-938 du 30 juillet 2020 permettant d'offrir des chèques-vacances aux personnels des secteurs sanitaire et médico-social en reconnaissance de leur action durant l'épidémie de covid-19;JORFTEXT000042176708;JORFDOLE000041948232;DLR5L15N39726;don_conges_cheques-vacances_secteur_medico-social_covid-19;ppl19-481;PO420120;Commission des affaires sociales;15;Emmanuel Macron;CASTEX;non;oui;non;non;non;0;0;1;
2020-08-03;LOI organique n° 2020-976 du 3 août 2020 portant report de l'élection de six sénateurs représentant les Français établis hors de France et des élections partielles pour les députés et les sénateurs représentant les Français établis hors de France;JORFTEXT000042197218;JORFDOLE000041923269;DLR5L15N39815;report_senatoriales_legislatives_partielles;pjl19-473;PO59051;Commission des lois constitutionnelles, de la législation et de l'administration générale de la République;15;Emmanuel Macron;CASTEX;non;oui;non;non;non;0;0;1;
2020-08-07;LOI organique n° 2020-991 du 7 août 2020 relative à la dette sociale et à l'autonomie;JORFTEXT000042219373;JORFDOLE000041923271;DLR5L15N39812;dette_sociale_autonomie;pjl19-517;PO771964;Commission spéciale chargée d'examiner le projet de loi organique relatif à la dette sociale et à l’autonomie et le projet de loi relatif à la dette sociale et à l’autonomie;15;Emmanuel Macron;CASTEX;non;oui;non;non;non;0;0;1;
2020-08-07;LOI n° 2020-992 du 7 août 2020 relative à la dette sociale et à l'autonomie;JORFTEXT000042219376;JORFDOLE000041923272;DLR5L15N39813;autonomie_dette_sociale;pjl19-518;PO771964;Commission spéciale chargée d'examiner le projet de loi organique relatif à la dette sociale et à l’autonomie et le projet de loi relatif à la dette sociale et à l’autonomie;15;Emmanuel Macron;CASTEX;non;non;non;non;non;2;2;1;
2020-08-10;LOI organique n° 2020-1022 du 10 août 2020 prorogeant le mandat des membres du Conseil économique, social et environnemental;JORFTEXT000042225081;JORFDOLE000042093435;DLR5L15N40096;prorogation_mandat_membres_cese;pjl19-596;PO59051;Commission des lois constitutionnelles, de la législation et de l'administration générale de la République;15;Emmanuel Macron;CASTEX;non;oui;non;non;non;0;0;1;
2020-08-10;LOI n° 2020-1023 du 10 août 2020 instaurant des mesures de sûreté à l'encontre des auteurs d'infractions terroristes à l'issue de leur peine;JORFTEXT000042225084;JORFDOLE000042026925;DLR5L15N39028;mesures_surete_auteurs_infractions_terroristes;ppl19-544;PO59051;Commission des lois constitutionnelles, de la législation et de l'administration générale de la République;15;Emmanuel Macron;CASTEX;non;oui;non;non;non;0;0;1;
2020-10-09;LOI n° 2020-1236 du 9 octobre 2020 autorisant l'approbation de l'avenant à la convention du 15 avril 1999 entre le Gouvernement de la République française et le Gouvernement de la République du Botswana en vue d'éviter les doubles impositions et de prévenir l'évasion et la fraude fiscales en matière d'impôts sur le revenu;JORFTEXT000042413392;;DLR5L15N37341;convention_fiscale_botswana;pjl18-398;PO59047;Commission des affaires étrangères;15;Emmanuel Macron;CASTEX;non;oui;oui;non;non;0;0;1;
2020-10-09;LOI n° 2020-1237 du 9 octobre 2020 autorisant la ratification du deuxième protocole additionnel à la convention européenne d'extradition, du troisième protocole additionnel à la convention européenne d'extradition et du quatrième protocole additionnel à la convention européenne d'extradition;JORFTEXT000042413394;;DLR5L15N38566;ratification_protocole_convention_europeenne_extradition;pjl19-274;PO59047;Commission des affaires étrangères;15;Emmanuel Macron;CASTEX;non;oui;oui;non;non;0;0;1;
2020-10-09;LOI n° 2020-1238 du 9 octobre 2020 autorisant l'approbation de l'accord entre le Gouvernement de la République française et le Gouvernement du Turkménistan sur l'octroi de l'autorisation d'exercer une activité professionnelle aux membres de la famille des agents des représentations diplomatiques ou des postes consulaires et de l'accord entre le Gouvernement de la République française et le Gouvernement des Etats-Unis d'Amérique sur l'emploi des personnes à charge des agents officiels;JORFTEXT000042413398;;DLR5L15N38768;accords_turkmenistan_etats-unis_personnes_charge_agents;pjl19-315;PO59047;Commission des affaires étrangères;15;Emmanuel Macron;CASTEX;non;oui;oui;non;non;0;0;1;
2020-10-19;LOI n° 2020-1266 du 19 octobre 2020 visant à encadrer l'exploitation commerciale de l'image d'enfants de moins de seize ans sur les plateformes en ligne;JORFTEXT000042439054;JORFDOLE000041569897;DLR5L15N38385;exploitation_commerciale_image_enfants;ppl19-317;PO419604;Commission des affaires culturelles et de l'éducation;15;Emmanuel Macron;CASTEX;non;non;non;non;non;3;1;0.3333333333333333;
2020-11-12;LOI n° 2020-1367 du 12 novembre 2020 autorisant l'approbation de l'accord entre le Gouvernement de la République française et le Gouvernement de la République de l'Inde relatif à la prévention de la consommation illicite et à la réduction du trafic illicite de stupéfiants, de substances psychotropes et de précurseurs chimiques, et des délits connexes;JORFTEXT000042515556;;DLR5L15N37977;accord_inde_trafic_stupefiants;pjl19-485;PO59047;Commission des affaires étrangères;15;Emmanuel Macron;CASTEX;non;oui;oui;non;non;0;0;1;
2020-11-14;LOI n° 2020-1379 du 14 novembre 2020 autorisant la prorogation de l'état d'urgence sanitaire et portant diverses mesures de gestion de la crise sanitaire;JORFTEXT000042520662;JORFDOLE000042452030;DLR5L15N40751;prorogation_de_letat_durgence_sanitaire;pjl20-074;PO59051;Commission des lois constitutionnelles, de la législation et de l'administration générale de la République;15;Emmanuel Macron;CASTEX;non;non;non;non;non;6;5;0.8333333333333334;
2020-11-30;LOI n° 2020-1473 du 30 novembre 2020 de finances rectificative pour 2020;JORFTEXT000042580124;JORFDOLE000042494724;DLR5L15N40849;loi_de_finances_rectificative_2020_4;pjl20-122;PO59048;Commission des finances, de l'économie générale et du contrôle budgétaire;15;Emmanuel Macron;CASTEX;non;oui;non;non;non;0;0;1;
2020-12-03;LOI n° 2020-1508 du 3 décembre 2020 portant diverses dispositions d'adaptation au droit de l'Union européenne en matière économique et financière;JORFTEXT000042607095;JORFDOLE000041566073;DLR5L15N38769;dispositions_adaptation_droit_ue_economie_finances;pjl19-314;PO419610;Commission des affaires économiques;15;Emmanuel Macron;CASTEX;non;non;non;non;non;36;35;0.9722222222222222;
2020-12-07;LOI n° 2020-1525 du 7 décembre 2020 d'accélération et de simplification de l'action publique;JORFTEXT000042619877;JORFDOLE000041534356;DLR5L15N38690;acceleration_simplification_action_publique;pjl19-307;PO770932;Commission spéciale chargée d'examiner le projet de loi d’accélération et de simplification de l’action publique;15;Emmanuel Macron;CASTEX;non;non;non;non;non;39;35;0.8974358974358975;
2020-12-14;LOI n° 2020-1576 du 14 décembre 2020 de financement de la sécurité sociale pour 2021;JORFTEXT000042665307;JORFDOLE000042407393;DLR5L15N40633;plfss_2021;plfss2021;PO420120;Commission des affaires sociales;15;Emmanuel Macron;CASTEX;non;non;non;non;non;88;77;0.875;
2020-12-14;LOI n° 2020-1577 du 14 décembre 2020 relative au renforcement de l'inclusion dans l'emploi par l'activité économique et à l'expérimentation « territoire zéro chômeur de longue durée »;JORFTEXT000042665434;JORFDOLE000042339090;DLR5L15N39924;inclusion_dans_l_emploi_par_l_activite_economique;ppl19-710;PO420120;Commission des affaires sociales;15;Emmanuel Macron;CASTEX;non;non;non;non;non;21;19;0.9047619047619048;
2020-12-14;LOI n° 2020-1578 du 14 décembre 2020 relative aux conditions de mise sur le marché de certains produits phytopharmaceutiques en cas de danger sanitaire pour les betteraves sucrières;JORFTEXT000042665456;JORFDOLE000042308226;DLR5L15N40450;mise_sur_le_marche_de_certains_produits_phytopharmaceutiques_en_cas_de_danger_sanitaire;pjl20-007;PO419610;Commission des affaires économiques;15;Emmanuel Macron;CASTEX;non;non;non;non;non;3;3;1;
2020-12-22;LOI n° 2020-1630 du 22 décembre 2020 relative à la répartition des sièges de conseiller à l'Assemblée de Guyane entre les sections électorales;JORFTEXT000042713137;JORFDOLE000042605101;DLR5L15N40666;conseillers_de_lassemblee_de_guyane;ppl20-178;PO59051;Commission des lois constitutionnelles, de la législation et de l'administration générale de la République;15;Emmanuel Macron;CASTEX;non;oui;non;non;non;0;0;1;
2020-12-24;LOI organique n° 2020-1669 du 24 décembre 2020 relative aux délais d'organisation des élections législatives et sénatoriales partielles;JORFTEXT000042737966;JORFDOLE000042532347;DLR5L15N40949;pjlo_delais_elections;pjl20-185;PO59051;Commission des lois constitutionnelles, de la législation et de l'administration générale de la République;15;Emmanuel Macron;CASTEX;non;oui;non;non;non;0;0;1;
2020-12-24;LOI n° 2020-1670 du 24 décembre 2020 relative aux délais d'organisation des élections municipales partielles et des élections des membres des commissions syndicales;JORFTEXT000042737968;JORFDOLE000042532348;DLR5L15N40950;pjl_delais_elections;pjl20-186;PO59051;Commission des lois constitutionnelles, de la législation et de l'administration générale de la République;15;Emmanuel Macron;CASTEX;non;oui;non;non;non;0;0;1;
2020-12-24;LOI n° 2020-1671 du 24 décembre 2020 relative à la prorogation des chapitres VI à X du titre II du livre II et de l'article L. 851-3 du code de la sécurité intérieure;JORFTEXT000042737973;JORFDOLE000042007055;DLR5L15N39947;code_securite_interieure;pjl19-669;PO59051;Commission des lois constitutionnelles, de la législation et de l'administration générale de la République;15;Emmanuel Macron;CASTEX;non;oui;non;non;non;0;0;1;
2020-12-24;LOI n° 2020-1672 du 24 décembre 2020 relative au Parquet européen, à la justice environnementale et à la justice pénale spécialisée;JORFTEXT000042737977;JORFDOLE000041496243;DLR5L15N38588;parquet_europeen_justice_penale_specialisee;pjl19-283;PO59051;Commission des lois constitutionnelles, de la législation et de l'administration générale de la République;15;Emmanuel Macron;CASTEX;non;non;non;non;non;6;5;0.8333333333333334;
2020-12-24;LOI n° 2020-1673 du 24 décembre 2020 relative à la restitution de biens culturels à la République du Bénin et à la République du Sénégal;JORFTEXT000042738023;JORFDOLE000042118115;DLR5L15N40129;restitution_biens_culturels_Benin_Senegal;pjl20-015;PO419604;Commission des affaires culturelles et de l'éducation;15;Emmanuel Macron;CASTEX;non;oui;non;non;non;0;0;1;
2020-12-24;LOI n° 2020-1674 du 24 décembre 2020 de programmation de la recherche pour les années 2021 à 2030 et portant diverses dispositions relatives à la recherche et à l'enseignement supérieur;JORFTEXT000042738027;JORFDOLE000042137953;DLR5L15N40171;programmation_recherche_2021_2030;pjl19-722;PO419604;Commission des affaires culturelles et de l'éducation;15;Emmanuel Macron;CASTEX;non;non;non;non;non;36;35;0.9722222222222222;
2020-12-29;LOI n° 2020-1721 du 29 décembre 2020 de finances pour 2021;JORFTEXT000042753580;JORFDOLE000042372311;DLR5L15N40245;loi_de_finances_pour_2021;pjlf2021;PO59048;Commission des finances, de l'économie générale et du contrôle budgétaire;15;Emmanuel Macron;CASTEX;non;non;non;non;non;92;82;0.8913043478260869;
2021-01-15;LOI organique n° 2021-27 du 15 janvier 2021 relative au Conseil économique, social et environnemental;JORFTEXT000042992836;JORFDOLE000042093735;DLR5L15N40073;Conseil_economique_social_environnemental;pjl19-712;PO59051;Commission des lois constitutionnelles, de la législation et de l'administration générale de la République;15;Emmanuel Macron;CASTEX;non;non;non;non;non;4;4;1;
2021-01-27;LOI n° 2021-65 du 27 janvier 2021 autorisant l'approbation de la convention d'entraide judiciaire en matière pénale entre le Gouvernement de la République française et le Gouvernement du Burkina Faso et de la convention d'extradition entre le Gouvernement de la République française et le Gouvernement du Burkina Faso;JORFTEXT000043059663;;DLR5L15N37715;conventions_entraide_judiciaire_extradition_burkina_faso;pjl18-705;PO59047;Commission des affaires étrangères;15;Emmanuel Macron;CASTEX;non;oui;oui;non;non;0;0;1;
2021-01-27;LOI n° 2021-66 du 27 janvier 2021 autorisant l'approbation de la convention d'entraide judiciaire en matière pénale entre le Gouvernement de la République française et le Gouvernement de la République du Niger et de la convention d'extradition entre le Gouvernement de la République française et le Gouvernement de la République du Niger;JORFTEXT000043059666;;DLR5L15N37727;conventions_entraide_penale_extradition_niger;pjl18-709;PO59047;Commission des affaires étrangères;15;Emmanuel Macron;CASTEX;non;oui;oui;non;non;0;0;1;
2021-01-27;LOI n° 2021-67 du 27 janvier 2021 autorisant l'approbation de la convention entre le Gouvernement de la République française, la région flamande et la région wallonne relative à l'aménagement de la Lys mitoyenne entre Deûlémont en France et Menin en Belgique;JORFTEXT000043059669;;DLR5L15N38427;convention_lys_deulemont_menin;pjl19-222;PO59047;Commission des affaires étrangères;15;Emmanuel Macron;CASTEX;non;oui;oui;non;non;0;0;1;
2021-01-27;LOI n° 2021-68 du 27 janvier 2021 autorisant l'approbation de l'avenant à la convention du 20 mars 2018 entre le Gouvernement de la République française et le Gouvernement du Grand-Duché de Luxembourg en vue d'éviter les doubles impositions et de prévenir l'évasion et la fraude fiscales en matière d'impôts sur le revenu et la fortune;JORFTEXT000043059671;;DLR5L15N39855;convention_luxembourg_doubles_impositions_fraude_fiscale;pjl19-486;PO59047;Commission des affaires étrangères;15;Emmanuel Macron;CASTEX;non;oui;oui;non;non;0;0;1;
2021-01-29;LOI n° 2021-85 du 29 janvier 2021 visant à définir et protéger le patrimoine sensoriel des campagnes françaises;JORFTEXT000043080343;JORFDOLE000041502435;DLR5L15N37637;definition_protection_patrimoine_sensoriel_campagnes;ppl19-286;PO419604;Commission des affaires culturelles et de l'éducation;15;Emmanuel Macron;CASTEX;non;oui;non;non;non;0;0;1;
2021-02-03;LOI n° 2021-107 du 3 février 2021 autorisant la ratification du protocole portant amendement de la convention relative aux infractions et à certains autres actes survenant à bord des aéronefs;JORFTEXT000043092478;;DLR5L15N38367;protocole_amendement_convention_infractions_aeronefs;pjl20-223;PO59047;Commission des affaires étrangères;15;Emmanuel Macron;CASTEX;non;oui;oui;non;non;0;0;1;
2021-02-03;LOI n° 2021-108 du 3 février 2021 autorisant l'approbation de l'accord de coopération entre le Gouvernement de la République française et les Gouvernements des Etats membres de l'Union monétaire ouest-africaine;JORFTEXT000043092480;;DLR5L15N39765;accord_cooperation_union_monetaire_ouest_africaine;pjl20-225;PO59047;Commission des affaires étrangères;15;Emmanuel Macron;CASTEX;non;oui;oui;non;non;0;0;1;
2021-02-08;LOI n° 2021-127 du 8 février 2021 autorisant l'approbation de la décision (UE, Euratom) 2020/2053 du Conseil du 14 décembre 2020 relative au système des ressources propres de l'Union européenne et abrogeant la décision 2014/335/UE, Euratom;JORFTEXT000043106274;;DLR5L15N41310;approbation_decision_ue_euratom;pjl20-303;PO59047;Commission des affaires étrangères;15;Emmanuel Macron;CASTEX;non;oui;oui;non;non;0;0;1;
2021-02-15;LOI n° 2021-160 du 15 février 2021 prorogeant l'état d'urgence sanitaire;JORFTEXT000043134078;JORFDOLE000042962092;DLR5L15N41308;prorogation_de_letat_durgence_sanitaire1;pjl20-296;PO59051;Commission des lois constitutionnelles, de la législation et de l'administration générale de la République;15;Emmanuel Macron;CASTEX;non;oui;non;non;non;0;0;1;
2021-02-22;LOI n° 2021-191 du 22 février 2021 portant report, de mars à juin 2021, du renouvellement général des conseils départementaux, des conseils régionaux et des assemblées de Corse, de Guyane et de Martinique;JORFTEXT000043168354;JORFDOLE000042708904;DLR5L15N41210;DLR5L15N41210;pjl20-254;PO59051;Commission des lois constitutionnelles, de la législation et de l'administration générale de la République;15;Emmanuel Macron;CASTEX;non;oui;non;non;non;0;0;1;
2021-02-23;LOI n° 2021-194 du 23 février 2021 habilitant le Gouvernement à prendre les mesures relevant du domaine de la loi nécessaires pour assurer la conformité du droit interne aux principes du code mondial antidopage et renforcer l'efficacité de la lutte contre le dopage;JORFTEXT000043173052;JORFDOLE000041604507;DLR5L15N38846;conformite_droit_code_mondial_antidopage;pjl20-198;PO419604;Commission des affaires culturelles et de l'éducation;15;Emmanuel Macron;CASTEX;non;oui;non;oui;non;0;0;1;
2021-02-23;LOI n° 2021-195 du 23 février 2021 ratifiant diverses ordonnances prises sur le fondement de l'article 11 de la loi n° 2020-290 du 23 mars 2020 d'urgence pour faire face à l'épidémie de covid-19;JORFTEXT000043173054;JORFDOLE000042137942;DLR5L15N40174;ratification_de_diverses_ordonnances_pour_lutter_contre_lepidemie_de_covid_19;pjl20-320;PO59048;Commission des finances, de l'économie générale et du contrôle budgétaire;15;Emmanuel Macron;CASTEX;non;oui;non;non;oui;0;0;1;
2021-02-26;LOI n° 2021-218 du 26 février 2021 ratifiant l'ordonnance n° 2019-950 du 11 septembre 2019 portant partie législative du code de la justice pénale des mineurs;JORFTEXT000043189286;JORFDOLE000039295368;DLR5L15N37919;ratification_ordonnance_2019-950;pjl20-228;PO59051;Commission des lois constitutionnelles, de la législation et de l'administration générale de la République;15;Emmanuel Macron;CASTEX;non;non;non;non;oui;1;1;1;
2021-02-26;LOI n° 2021-219 du 26 février 2021 relative à la déshérence des contrats de retraite supplémentaire;JORFTEXT000043189305;JORFDOLE000042026924;DLR5L15N39229;desherence_contrats_retraite_supplementaire;ppl19-543;PO420120;Commission des affaires sociales;15;Emmanuel Macron;CASTEX;non;non;non;non;non;2;2;1;
2021-03-22;LOI n° 2021-302 du 22 mars 2021 autorisant l'approbation de la convention d'extradition entre le Gouvernement de la République française et le Gouvernement de la République algérienne démocratique et populaire;JORFTEXT000043274677;;DLR5L15N38350;convention_extradition_france_algerie;pjl20-298;PO59047;Commission des affaires étrangères;15;Emmanuel Macron;CASTEX;non;oui;oui;non;non;0;0;1;
2021-03-22;LOI n° 2021-303 du 22 mars 2021 autorisant l'approbation de l'accord entre le Gouvernement de la République française et le Gouvernement du Burkina Faso relatif à l'emploi salarié des membres des familles des agents des missions officielles de chaque Etat dans l'autre et de l'accord sous forme d'échange de lettres entre le Gouvernement de la République française et le Gouvernement de la République du Paraguay relatif à l'emploi rémunéré des membres des familles des agents des missions officielles de chaque Etat dans l'autre;JORFTEXT000043274679;;DLR5L15N38416;accord_Burkina_Faso_emplois_agents_missions;pjl20-297;PO59047;Commission des affaires étrangères;15;Emmanuel Macron;CASTEX;non;oui;oui;non;non;0;0;1;
2021-03-29;LOI organique n° 2021-335 du 29 mars 2021 portant diverses mesures relatives à l'élection du Président de la République;JORFTEXT000043302367;JORFDOLE000042708903;DLR5L15N41207;election_president_republique;pjl20-285;PO59051;Commission des lois constitutionnelles, de la législation et de l'administration générale de la République;15;Emmanuel Macron;CASTEX;non;non;non;non;non;1;0;0;
2021-04-08;LOI n° 2021-401 du 8 avril 2021 améliorant l'efficacité de la justice de proximité et de la réponse pénale;JORFTEXT000043339206;JORFDOLE000042570143;DLR5L15N40640;justice_de_proximite_et_reponse_penale;ppl20-161;PO59051;Commission des lois constitutionnelles, de la législation et de l'administration générale de la République;15;Emmanuel Macron;CASTEX;non;non;non;non;non;6;5;0.8333333333333334;
2021-04-08;LOI n° 2021-402 du 8 avril 2021 relative à la réforme du courtage de l'assurance et du courtage en opérations de banque et en services de paiement;JORFTEXT000043339224;JORFDOLE000043071711;DLR5L15N38445;reforme_courtage_assurance_operations_banques;ppl20-312;PO59048;Commission des finances, de l'économie générale et du contrôle budgétaire;15;Emmanuel Macron;CASTEX;non;non;non;non;non;6;6;1;
2021-04-08;LOI n° 2021-403 du 8 avril 2021 tendant à garantir le droit au respect de la dignité en détention;JORFTEXT000043339226;JORFDOLE000043230846;DLR5L15N41688;DLR5L15N41688;ppl20-362;PO59051;Commission des lois constitutionnelles, de la législation et de l'administration générale de la République;15;Emmanuel Macron;CASTEX;non;non;non;non;non;1;1;1;
2021-04-19;LOI organique n° 2021-467 du 19 avril 2021 relative à la simplification des expérimentations mises en œuvre sur le fondement du quatrième alinéa de l'article 72 de la Constitution;JORFTEXT000043390423;JORFDOLE000042168752;DLR5L15N40253;DLR5L15N40253;pjl19-680;PO59051;Commission des lois constitutionnelles, de la législation et de l'administration générale de la République;15;Emmanuel Macron;CASTEX;non;oui;non;non;non;0;0;1;
2021-04-21;LOI n° 2021-475 du 21 avril 2021 autorisant l'approbation de la convention entre le Gouvernement de la République française et le Conseil fédéral suisse relative à la reconnaissance réciproque des poinçons officiels apposés sur les ouvrages en métaux précieux et les ouvrages multimétaux;JORFTEXT000043403196;;DLR5L15N38376;convention_suisse_poincons_metaux;pjl19-199;PO59047;Commission des affaires étrangères;15;Emmanuel Macron;CASTEX;non;oui;oui;non;non;0;0;1;
2021-04-21;LOI n° 2021-476 du 21 avril 2021 autorisant l'approbation de l'accord entre le Gouvernement de la République française et le Conseil fédéral suisse relatif à la coopération bilatérale en matière d'instruction militaire;JORFTEXT000043403198;;DLR5L15N38864;accord_suisse_cooperation_instruction_militaire;pjl19-338;PO59047;Commission des affaires étrangères;15;Emmanuel Macron;CASTEX;non;oui;oui;non;non;0;0;1;
2021-04-21;LOI n° 2021-477 du 21 avril 2021 autorisant l'approbation de l'accord portant reconnaissance réciproque et échange des permis de conduire entre le Gouvernement de la République française et le Gouvernement de l'Etat du Qatar et de l'accord portant reconnaissance réciproque et échange des permis de conduire entre le Gouvernement de la République française et le Gouvernement de la République populaire de Chine;JORFTEXT000043403200;;DLR5L15N40567;reconnaissance_des_permis_de_conduire_entre_la_france_le_qatar_et_la_chine;pjl19-717;PO59047;Commission des affaires étrangères;15;Emmanuel Macron;CASTEX;non;oui;oui;non;non;0;0;1;
2021-04-21;LOI n° 2021-478 du 21 avril 2021 visant à protéger les mineurs des crimes et délits sexuels et de l'inceste;JORFTEXT000043403203;JORFDOLE000043032513;DLR5L15N40997;DLR5L15N40997;ppl20-158;PO59051;Commission des lois constitutionnelles, de la législation et de l'administration générale de la République;15;Emmanuel Macron;CASTEX;non;oui;non;non;non;0;0;1;
2021-04-26;LOI n° 2021-502 du 26 avril 2021 visant à améliorer le système de santé par la confiance et la simplification;JORFTEXT000043421566;JORFDOLE000042631584;DLR5L15N40764;systeme_sante_confiance_simplification1;ppl20-200;PO420120;Commission des affaires sociales;15;Emmanuel Macron;CASTEX;non;non;non;non;non;16;13;0.8125;
2021-04-29;LOI n° 2021-513 du 29 avril 2021 rénovant la gouvernance des services publics d'eau potable et d'assainissement en Guadeloupe;JORFTEXT000043458617;JORFDOLE000043074462;DLR5L15N41089;eau_guadeloupe;ppl20-318;PO59051;Commission des lois constitutionnelles, de la législation et de l'administration générale de la République;15;Emmanuel Macron;CASTEX;non;non;non;non;non;1;0;0;
2021-05-21;LOI n° 2021-641 du 21 mai 2021 relative à la protection patrimoniale des langues régionales et à leur promotion;JORFTEXT000043524722;JORFDOLE000041575354;DLR5L15N38412;protection_patrimoniale_langues_regionales;ppl19-321;PO419604;Commission des affaires culturelles et de l'éducation;15;Emmanuel Macron;CASTEX;non;oui;non;non;non;0;0;1;
2021-05-25;LOI n° 2021-646 du 25 mai 2021 pour une sécurité globale préservant les libertés;JORFTEXT000043530276;JORFDOLE000042563668;DLR5L15N40712;securite_globale1;ppl20-150;PO59051;Commission des lois constitutionnelles, de la législation et de l'administration générale de la République;15;Emmanuel Macron;CASTEX;non;non;non;non;non;35;34;0.9714285714285714;
2021-05-31;LOI n° 2021-689 du 31 mai 2021 relative à la gestion de la sortie de crise sanitaire;JORFTEXT000043567200;JORFDOLE000043426698;DLR5L15N42326;gestion_sortie_crise_sanitaire;pjl20-571;PO59051;Commission des lois constitutionnelles, de la législation et de l'administration générale de la République;15;Emmanuel Macron;CASTEX;non;non;non;non;non;8;8;1;
2021-06-01;LOI n° 2021-695 du 1er juin 2021 tendant à prévenir les usages dangereux du protoxyde d'azote;JORFTEXT000043575111;JORFDOLE000039487910;DLR5L15N37978;protection_mineurs_danger_protoxyde_azote;ppl18-438;PO420120;Commission des affaires sociales;15;Emmanuel Macron;CASTEX;non;non;non;non;non;1;1;1;
2021-06-04;LOI n° 2021-710 du 4 juin 2021 visant à moderniser les outils et la gouvernance de la Fondation du patrimoine;JORFTEXT000043604510;JORFDOLE000039268253;DLR5L15N37846;fondation_patrimoine;ppl18-381;PO419604;Commission des affaires culturelles et de l'éducation;15;Emmanuel Macron;CASTEX;non;oui;non;non;non;0;0;1;
2021-06-08;LOI n° 2021-725 du 8 juin 2021 visant à sécuriser les droits à protection sociale des assistants maternels et des salariés des particuliers employeurs;JORFTEXT000043623358;JORFDOLE000043266698;DLR5L15N41447;protection_sociale_assistants_maternels;ppl20-459;PO420120;Commission des affaires sociales;15;Emmanuel Macron;CASTEX;non;oui;non;non;non;0;0;1;
2021-06-11;LOI n° 2021-748 du 11 juin 2021 autorisant l'approbation de l'accord entre le Gouvernement de la République française et le Gouvernement de la Principauté de Monaco relatif au régime fiscal des dons et legs faits aux personnes publiques et aux organismes à but désintéressé;JORFTEXT000043645983;;DLR5L15N40427;DLR5L15N40427;pjl19-688;PO59047;Commission des affaires étrangères;15;Emmanuel Macron;CASTEX;non;oui;oui;non;non;0;0;1;
2021-06-11;LOI n° 2021-749 du 11 juin 2021 autorisant l'approbation de l'accord sous forme d'échange de lettres entre le Gouvernement de la République française et l'Organisation mondiale de la santé relatif à l'octroi du statut diplomatique aux fonctionnaires de l'Organisation mondiale de la santé de grade P5 et supérieur du bureau de l'OMS;JORFTEXT000043645985;;DLR5L15N40452;DLR5L15N40452;pjl19-692;PO59047;Commission des affaires étrangères;15;Emmanuel Macron;CASTEX;non;oui;oui;non;non;0;0;1;
2021-06-11;LOI n° 2021-750 du 11 juin 2021 autorisant la ratification de l'accord portant extinction des traités bilatéraux d'investissement entre Etats membres de l'Union européenne;JORFTEXT000043645987;;DLR5L15N41351;DLR5L15N41351;pjl20-273;PO59047;Commission des affaires étrangères;15;Emmanuel Macron;CASTEX;non;oui;oui;non;non;0;0;1;
2021-06-17;LOI n° 2021-771 du 17 juin 2021 ratifiant les ordonnances n° 2021-45 du 20 janvier 2021 et n° 2021-71 du 27 janvier 2021 portant réforme de la formation des élus locaux;JORFTEXT000043672870;JORFDOLE000043147973;DLR5L15N41730;DLR5L15N41730;pjl20-377;PO59051;Commission des lois constitutionnelles, de la législation et de l'administration générale de la République;15;Emmanuel Macron;CASTEX;non;non;non;non;oui;2;0;0;
2021-07-01;LOI n° 2021-874 du 1er juillet 2021 en faveur de l'engagement associatif;JORFTEXT000043741537;JORFDOLE000036925120;DLR5L15N36532;engagement_association;ppl17-486;PO419604;Commission des affaires culturelles et de l'éducation;15;Emmanuel Macron;CASTEX;non;oui;non;non;non;0;0;1;
2021-07-01;LOI n° 2021-875 du 1er juillet 2021 visant à améliorer la trésorerie des associations;JORFTEXT000043741543;JORFDOLE000038274655;DLR5L15N36916;amelioration_tresorerie_associations;ppl18-410;PO59051;Commission des lois constitutionnelles, de la législation et de l'administration générale de la République;15;Emmanuel Macron;CASTEX;non;non;non;non;non;1;1;1;
2021-07-05;LOI n° 2021-888 du 5 juillet 2021 autorisant la ratification de l'accord-cadre entre l'Union européenne et ses Etats membres, d'une part, et l'Australie, d'autre part;JORFTEXT000043759896;;DLR5L15N38322;accord-cadre_ue_australie;pjl20-539;PO59047;Commission des affaires étrangères;15;Emmanuel Macron;CASTEX;non;oui;oui;non;non;0;0;1;
2021-07-05;LOI n° 2021-889 du 5 juillet 2021 autorisant l'approbation de l'accord de partenariat pour les migrations et la mobilité entre le Gouvernement de la République française et le Gouvernement de la République de l'Inde;JORFTEXT000043759898;;DLR5L15N39852;accord_partenariat_migrations_mobilite_inde;pjl20-537;PO59047;Commission des affaires étrangères;15;Emmanuel Macron;CASTEX;non;oui;oui;non;non;0;0;1;
2021-07-05;LOI n° 2021-890 du 5 juillet 2021 autorisant la ratification de l'accord de partenariat stratégique entre l'Union européenne et ses Etats membres, d'une part, et le Japon, d'autre part;JORFTEXT000043759900;;DLR5L15N40985;partenariat_ue_japon;pjl20-538;PO59047;Commission des affaires étrangères;15;Emmanuel Macron;CASTEX;non;oui;oui;non;non;0;0;1;
2021-07-19;LOI n° 2021-953 du 19 juillet 2021 de finances rectificative pour 2021;JORFTEXT000043805899;JORFDOLE000043587873;DLR5L15N42526;plfr_2021;pjl20-682;PO59048;Commission des finances, de l'économie générale et du contrôle budgétaire;15;Emmanuel Macron;CASTEX;non;non;non;non;non;9;7;0.7777777777777778;
2021-07-30;LOI n° 2021-998 du 30 juillet 2021 relative à la prévention d'actes de terrorisme et au renseignement;JORFTEXT000043876100;JORFDOLE000043426699;DLR5L15N42325;prevention-actes-terrorisme-et-renseignement;pjl20-672;PO59051;Commission des lois constitutionnelles, de la législation et de l'administration générale de la République;15;Emmanuel Macron;CASTEX;non;non;non;non;non;9;9;1;
2021-08-02;LOI n° 2021-1017 du 2 août 2021 relative à la bioéthique;JORFTEXT000043884384;JORFDOLE000038811571;DLR5L15N37672;bioethique_2;pjl19-063;PO766718;Commission spéciale chargée d'examiner le projet de loi relatif à la bioéthique;15;Emmanuel Macron;CASTEX;non;non;non;non;non;32;30;0.9375;
2021-08-02;LOI n° 2021-1018 du 2 août 2021 pour renforcer la prévention en santé au travail;JORFTEXT000043884445;JORFDOLE000043153878;DLR5L15N41215;prevention_sante_travail;ppl20-378;PO420120;Commission des affaires sociales;15;Emmanuel Macron;CASTEX;non;non;non;non;non;57;47;0.8245614035087719;
2021-08-04;LOI n° 2021-1031 du 4 août 2021 de programmation relative au développement solidaire et à la lutte contre les inégalités mondiales;JORFTEXT000043898536;JORFDOLE000042676989;DLR5L15N41162;programmation_inegalites_mondiales;pjl20-404;PO59047;Commission des affaires étrangères;15;Emmanuel Macron;CASTEX;non;non;non;non;non;3;2;0.6666666666666666;
2021-08-05;LOI n° 2021-1039 du 5 août 2021 de règlement du budget et d'approbation des comptes de l'année 2020;JORFTEXT000043909665;JORFDOLE000043370378;DLR5L15N42235;reglement_budget_2020;pjl20-699;PO59048;Commission des finances, de l'économie générale et du contrôle budgétaire;15;Emmanuel Macron;CASTEX;non;oui;non;non;non;0;0;1;
2021-08-05;LOI n° 2021-1040 du 5 août 2021 relative à la gestion de la crise sanitaire;JORFTEXT000043909676;JORFDOLE000043806849;DLR5L15N43005;gestion_crise_sanitaire;pjl20-796;PO59051;Commission des lois constitutionnelles, de la législation et de l'administration générale de la République;15;Emmanuel Macron;CASTEX;non;non;non;non;non;13;12;0.9230769230769231;
2021-08-22;LOI n° 2021-1104 du 22 août 2021 portant lutte contre le dérèglement climatique et renforcement de la résilience face à ses effets;JORFTEXT000043956924;JORFDOLE000043113774;DLR5L15N41668;lutte_contre_le_dereglement_climatique;pjl20-551;PO780850;Commission spéciale chargée d'examiner le projet de loi portant lutte contre le dérèglement climatique et renforcement de la résilience face à ses effets;15;Emmanuel Macron;CASTEX;non;non;non;non;non;150;118;0.7866666666666666;
2021-08-24;LOI n° 2021-1109 du 24 août 2021 confortant le respect des principes de la République;JORFTEXT000043964778;JORFDOLE000042635616;DLR5L15N41074;respects_principes_republique;pjl20-369;PO779099;Commission spéciale chargée d'examiner le projet de loi confortant le respect des principes de la République;15;Emmanuel Macron;CASTEX;non;non;non;non;non;48;48;1;
2021-09-11;LOI n° 2021-1172 du 11 septembre 2021 autorisant la prorogation de l'état d'urgence sanitaire dans les outre-mer;JORFTEXT000044036407;JORFDOLE000044010784;DLR5L15N43326;prorogationetaturgencesanitaireoutre-mer;pjl20-815;PO59051;Commission des lois constitutionnelles, de la législation et de l'administration générale de la République;15;Emmanuel Macron;CASTEX;non;oui;non;non;non;0;0;1;
2021-10-08;LOI n° 2021-1308 du 8 octobre 2021 portant diverses dispositions d'adaptation au droit de l'Union européenne dans le domaine des transports, de l'environnement, de l'économie et des finances;JORFTEXT000044176983;JORFDOLE000043370379;DLR5L15N42238;DLR5L15N42238;pjl20-535;PO419865;Commission du développement durable et de l'aménagement du territoire;15;Emmanuel Macron;CASTEX;non;non;non;non;non;20;17;0.85;
2021-10-11;LOI n° 2021-1317 du 11 octobre 2021 permettant la réélection des juges consulaires dans les tribunaux de commerce;JORFTEXT000044183797;JORFDOLE000044087525;DLR5L15N42539;DLR5L15N42539;ppl20-674;PO59051;Commission des lois constitutionnelles, de la législation et de l'administration générale de la République;15;Emmanuel Macron;CASTEX;non;oui;non;non;non;0;0;1;
2021-10-18;LOI n° 2021-1357 du 18 octobre 2021 visant à protéger la rémunération des agriculteurs;JORFTEXT000044220683;JORFDOLE000043701629;DLR5L15N42333;proteger_remuneration_agriculteurs;ppl20-718;PO419610;Commission des affaires économiques;15;Emmanuel Macron;CASTEX;non;non;non;non;non;19;11;0.5789473684210527;
2021-10-20;LOI n° 2021-1360 du 20 octobre 2021 visant au gel des matchs de football le 5 mai;JORFTEXT000044228872;JORFDOLE000041573143;DLR5L15N38411;gel_matchs_football_5_mai;ppl19-318;PO419604;Commission des affaires culturelles et de l'éducation;15;Emmanuel Macron;CASTEX;non;oui;non;non;non;0;0;1;
2021-10-25;LOI organique n° 2021-1381 du 25 octobre 2021 modifiant la loi organique n° 2010-837 du 23 juillet 2010 relative à l'application du cinquième alinéa de l'article 13 de la Constitution;JORFTEXT000044245612;JORFDOLE000043339188;DLR5L15N42195;DLR5L15N42195;pjl20-522;PO59051;Commission des lois constitutionnelles, de la législation et de l'administration générale de la République;15;Emmanuel Macron;CASTEX;non;oui;non;non;non;0;0;1;
2021-10-25;LOI n° 2021-1382 du 25 octobre 2021 relative à la régulation et à la protection de l'accès aux œuvres culturelles à l'ère numérique;JORFTEXT000044245615;JORFDOLE000043339178;DLR5L15N42194;DLR5L15N42194;pjl20-523;PO419604;Commission des affaires culturelles et de l'éducation;15;Emmanuel Macron;CASTEX;non;non;non;non;non;12;10;0.8333333333333334;
2021-11-03;LOI n° 2021-1429 du 3 novembre 2021 autorisant l'approbation de l'avenant à l'accord de sécurité sociale sous forme d'échange de lettres des 7 et 20 septembre 2011 entre le Gouvernement de la République française et l'Organisation internationale pour l'énergie de fusion en vue de la mise en œuvre conjointe du projet ITER;JORFTEXT000044287242;;DLR5L15N40796;avenant_accord_iter;pjl20-670;PO59047;Commission des affaires étrangères;15;Emmanuel Macron;CASTEX;non;oui;oui;non;non;0;0;1;
2021-11-08;LOI n° 2021-1457 du 8 novembre 2021 autorisant l'approbation de l'amendement au protocole de Göteborg du 1er décembre 1999, relatif à la réduction de l'acidification, de l'eutrophisation et de l'ozone troposphérique;JORFTEXT000044300212;;DLR5L15N41827;pjl_approbation_goteborg;;PO59047;Commission des affaires étrangères;15;Emmanuel Macron;CASTEX;non;oui;oui;non;non;0;0;1;
2021-11-08;LOI n° 2021-1458 du 8 novembre 2021 autorisant la ratification de la Convention n° 190 de l'Organisation internationale du Travail relative à l'élimination de la violence et du harcèlement dans le monde du travail;JORFTEXT000044300214;;DLR5L15N42527;ratification_convention_oit_violence_harcelement;pjl20-802;PO59047;Commission des affaires étrangères;15;Emmanuel Macron;CASTEX;non;oui;oui;non;non;0;0;1;
2021-11-08;LOI n° 2021-1459 du 8 novembre 2021 autorisant l'approbation de la Mesure 1 (2005) annexe VI au Protocole au Traité sur l'Antarctique relatif à la protection de l'environnement, responsabilité découlant de situations critiques pour l'environnement;JORFTEXT000044300216;;DLR5L15N42609;approbation_mesure_1;pjl20-803;PO59047;Commission des affaires étrangères;15;Emmanuel Macron;CASTEX;non;oui;oui;non;non;0;0;1;
2021-11-10;LOI n° 2021-1465 du 10 novembre 2021 portant diverses dispositions de vigilance sanitaire;JORFTEXT000044315202;JORFDOLE000044200485;DLR5L15N43812;vigilancesanitaire;pjl21-088;PO59051;Commission des lois constitutionnelles, de la législation et de l'administration générale de la République;15;Emmanuel Macron;CASTEX;non;oui;non;non;non;0;0;1;
2021-11-15;LOI n° 2021-1484 du 15 novembre 2021 visant à améliorer les conditions de présence parentale auprès d'un enfant dont la pathologie nécessite un accompagnement soutenu;JORFTEXT000044327270;JORFDOLE000042569094;DLR5L15N40629;presence_parentale_pathologie_enfant;ppl20-157;PO420120;Commission des affaires sociales;15;Emmanuel Macron;CASTEX;non;oui;non;non;non;0;0;1;
2021-11-15;LOI n° 2021-1485 du 15 novembre 2021 visant à réduire l'empreinte environnementale du numérique en France;JORFTEXT000044327272;JORFDOLE000042956321;DLR5L15N40696;DLR5L15N40696;ppl20-027;PO419865;Commission du développement durable et de l'aménagement du territoire;15;Emmanuel Macron;CASTEX;non;non;non;non;non;4;3;0.75;
2021-11-25;LOI n° 2021-1520 du 25 novembre 2021 visant à consolider notre modèle de sécurité civile et valoriser le volontariat des sapeurs-pompiers et les sapeurs-pompiers professionnels;JORFTEXT000044367862;JORFDOLE000043541568;DLR5L15N39995;valorisation_volontariat_sapeurs-pompiers;ppl20-646;PO59051;Commission des lois constitutionnelles, de la législation et de l'administration générale de la République;15;Emmanuel Macron;CASTEX;non;non;non;non;non;29;29;1;
2021-11-30;LOI n° 2021-1539 du 30 novembre 2021 visant à lutter contre la maltraitance animale et conforter le lien entre les animaux et les hommes;JORFTEXT000044387560;JORFDOLE000043084132;DLR5L15N41126;maltraitance_animale;ppl20-326;PO419610;Commission des affaires économiques;15;Emmanuel Macron;CASTEX;non;non;non;non;non;13;11;0.8461538461538461;
2021-12-01;LOI n° 2021-1549 du 1er décembre 2021 de finances rectificative pour 2021;JORFTEXT000044394364;JORFDOLE000044287225;DLR5L15N44111;plfr_2021_2;pjl21-147;PO59048;Commission des finances, de l'économie générale et du contrôle budgétaire;15;Emmanuel Macron;CASTEX;non;non;non;non;non;2;2;1;
2021-12-06;LOI n° 2021-1575 du 6 décembre 2021 relative aux restrictions d'accès à certaines professions en raison de l'état de santé;JORFTEXT000044441220;JORFDOLE000041510119;DLR5L15N37007;ouverture_marche_travail_personnes_diabetiques;;PO420120;Commission des affaires sociales;15;Emmanuel Macron;CASTEX;non;non;non;non;non;1;1;1;
2021-12-06;LOI n° 2021-1576 du 6 décembre 2021 visant à nommer les enfants nés sans vie;JORFTEXT000044441223;JORFDOLE000043644168;DLR5L15N41067;DLR5L15N41067;ppl20-189;PO59051;Commission des lois constitutionnelles, de la législation et de l'administration générale de la République;15;Emmanuel Macron;CASTEX;non;oui;non;non;non;0;0;1;
2021-12-06;LOI n° 2021-1577 du 6 décembre 2021 portant diverses dispositions relatives au Haut Conseil des finances publiques et à l'information du Parlement sur les finances publiques;JORFTEXT000044441225;JORFDOLE000043811315;DLR5L15N42043;ppl_hcfp;ppl20-781;PO782816;Commission spéciale chargée d’examiner la proposition de loi organique relative à la modernisation de la gestion des finances publiques et la proposition de loi portant diverses dispositions relatives au Haut Conseil des finances publiques et à l’information du Parlement sur les finances publiques ainsi que la proposition de loi organique et la proposition de loi relatives aux lois de financement de la sécurité sociale;15;Emmanuel Macron;CASTEX;non;oui;non;non;non;0;0;1;
2021-12-17;LOI n° 2021-1676 du 17 décembre 2021 autorisant l'approbation de l'accord de partenariat entre le Gouvernement de la République française et le Gouvernement de la République du Kenya relatif à la promotion et à l'échange des compétences et talents;JORFTEXT000044513760;;DLR5L15N42090;DLR5L15N42090;pjl20-484;PO59047;Commission des affaires étrangères;15;Emmanuel Macron;CASTEX;non;oui;oui;non;non;0;0;1;
2021-12-17;LOI n° 2021-1677 du 17 décembre 2021 autorisant la ratification de l'accord modifiant le traité instituant le Mécanisme européen de stabilité;JORFTEXT000044513762;;DLR5L15N43127;DLR5L15N43127;pjl20-806;PO59047;Commission des affaires étrangères;15;Emmanuel Macron;CASTEX;non;oui;oui;non;non;0;0;1;
2021-12-17;LOI n° 2021-1678 du 17 décembre 2021 visant à l'accompagnement des enfants atteints de pathologie chronique ou de cancer;JORFTEXT000044513764;JORFDOLE000043291240;DLR5L15N41644;accompagnement_enfants_pathologies;ppl20-490;PO419604;Commission des affaires culturelles et de l'éducation;15;Emmanuel Macron;CASTEX;non;non;non;non;non;2;2;1;
2021-12-17;LOI n° 2021-1679 du 17 décembre 2021 visant à assurer la revalorisation des pensions de retraites agricoles les plus faibles;JORFTEXT000044513772;JORFDOLE000043672866;DLR5L15N42337;revalorisation_retraites_agricoles;ppl20-702;PO420120;Commission des affaires sociales;15;Emmanuel Macron;CASTEX;non;oui;non;non;non;0;0;1;
2021-12-21;LOI n° 2021-1715 du 21 décembre 2021 autorisant l'approbation de l'accord de sécurité sociale entre le Gouvernement de la République française et l'Institut d'études de sécurité de l'Union européenne;JORFTEXT000044537505;;DLR5L15N39810;accord_securite_sociale_institut_etudes_securite;pjl20-877;PO59047;Commission des affaires étrangères;15;Emmanuel Macron;CASTEX;non;oui;oui;non;non;0;0;1;
2021-12-21;LOI n° 2021-1716 du 21 décembre 2021 créant la fonction de directrice ou de directeur d'école;JORFTEXT000044537507;JORFDOLE000042035439;DLR5L15N39648;fonction_directeur_ecole;ppl19-566;PO419604;Commission des affaires culturelles et de l'éducation;15;Emmanuel Macron;CASTEX;non;non;non;non;non;6;6;1;
2021-12-21;LOI n° 2021-1717 du 21 décembre 2021 relative aux bibliothèques et au développement de la lecture publique;JORFTEXT000044537514;JORFDOLE000043635120;DLR5L15N41616;DLR5L15N41616;ppl20-339;PO419604;Commission des affaires culturelles et de l'éducation;15;Emmanuel Macron;CASTEX;non;oui;non;non;non;0;0;1;
2021-12-22;LOI organique n° 2021-1728 du 22 décembre 2021 pour la confiance dans l'institution judiciaire;JORFTEXT000044545982;JORFDOLE000043370377;DLR5L15N42237;confiance_institution_judiciaire_organique;pjl20-631;PO59051;Commission des lois constitutionnelles, de la législation et de l'administration générale de la République;15;Emmanuel Macron;CASTEX;non;non;non;non;non;3;1;0.3333333333333333;
2021-12-22;LOI n° 2021-1729 du 22 décembre 2021 pour la confiance dans l'institution judiciaire;JORFTEXT000044545992;JORFDOLE000043370376;DLR5L15N42236;confiance_institution_judiciaire;pjl20-630;PO59051;Commission des lois constitutionnelles, de la législation et de l'administration générale de la République;15;Emmanuel Macron;CASTEX;non;non;non;non;non;22;22;1;
2021-12-23;LOI n° 2021-1754 du 23 décembre 2021 de financement de la sécurité sociale pour 2022;JORFTEXT000044553428;JORFDOLE000044172241;DLR5L15N43709;plfss_pour_2022;plfss2022;PO420120;Commission des affaires sociales;15;Emmanuel Macron;CASTEX;non;non;non;non;non;102;83;0.8137254901960784;
2021-12-23;LOI n° 2021-1755 du 23 décembre 2021 visant à renforcer la régulation environnementale du numérique par l'Autorité de régulation des communications électroniques, des postes et de la distribution de la presse;JORFTEXT000044553569;JORFDOLE000044288828;DLR5L15N43509;DLR5L15N43509;ppl20-837;PO419865;Commission du développement durable et de l'aménagement du territoire;15;Emmanuel Macron;CASTEX;non;non;non;non;non;2;2;1;
2021-12-23;LOI n° 2021-1756 du 23 décembre 2021 portant mesures d'urgence pour assurer la régulation de l'accès au foncier agricole au travers de structures sociétaires;JORFTEXT000044553572;JORFDOLE000043538462;DLR5L15N41647;urgence_foncier_agricole;ppl20-641;PO419610;Commission des affaires économiques;15;Emmanuel Macron;CASTEX;non;non;non;non;non;7;7;1;
2021-12-24;LOI n° 2021-1774 du 24 décembre 2021 visant à accélérer l'égalité économique et professionnelle;JORFTEXT000044559192;JORFDOLE000043498050;DLR5L15N42024;accelerer_egalite_economique_professionnelle;ppl20-592;PO420120;Commission des affaires sociales;15;Emmanuel Macron;CASTEX;non;non;non;non;non;10;10;1;
2021-12-28;LOI organique n° 2021-1836 du 28 décembre 2021 relative à la modernisation de la gestion des finances publiques;JORFTEXT000044589827;JORFDOLE000043811310;DLR5L15N42349;modernisation_gestion_fp;ppl20-780;PO782816;Commission spéciale chargée d’examiner la proposition de loi organique relative à la modernisation de la gestion des finances publiques et la proposition de loi portant diverses dispositions relatives au Haut Conseil des finances publiques et à l’information du Parlement sur les finances publiques ainsi que la proposition de loi organique et la proposition de loi relatives aux lois de financement de la sécurité sociale;15;Emmanuel Macron;CASTEX;non;oui;non;non;non;0;0;1;
2021-12-28;LOI n° 2021-1837 du 28 décembre 2021 relative à l'indemnisation des catastrophes naturelles;JORFTEXT000044589864;JORFDOLE000043078161;DLR5L15N41111;indemnisation_catastrophes_naturelles;ppl20-325;PO59048;Commission des finances, de l'économie générale et du contrôle budgétaire;15;Emmanuel Macron;CASTEX;non;non;non;non;non;7;7;1;
2021-12-30;LOI n° 2021-1900 du 30 décembre 2021 de finances pour 2022;JORFTEXT000044637640;JORFDOLE000044087520;DLR5L15N42785;plf_2022;pjlf2022;PO59048;Commission des finances, de l'économie générale et du contrôle budgétaire;15;Emmanuel Macron;CASTEX;non;non;non;non;non;68;59;0.8676470588235294;
2021-12-30;LOI n° 2021-1901 du 30 décembre 2021 visant à conforter l'économie du livre et à renforcer l'équité et la confiance entre ses acteurs;JORFTEXT000044637892;JORFDOLE000043625886;DLR5L15N41209;DLR5L15N41209;ppl20-252;PO419604;Commission des affaires culturelles et de l'éducation;15;Emmanuel Macron;CASTEX;non;non;non;non;non;2;2;1;
2022-01-22;LOI n° 2022-46 du 22 janvier 2022 renforçant les outils de gestion de la crise sanitaire et modifiant le code de la santé publique;JORFTEXT000045062855;JORFDOLE000044574203;DLR5L15N44625;projetdeloirenforcantlesoutilsdegestiondelacrisesanitaire;pjl21-327;PO59051;Commission des lois constitutionnelles, de la législation et de l'administration générale de la République;15;Emmanuel Macron;CASTEX;non;non;non;non;non;8;7;0.875;
2022-01-24;LOI n° 2022-52 du 24 janvier 2022 relative à la responsabilité pénale et à la sécurité intérieure;JORFTEXT000045067923;JORFDOLE000043806985;DLR5L15N43025;reponsabilite_penale_securite_interieure;pjl20-849;PO59051;Commission des lois constitutionnelles, de la législation et de l'administration générale de la République;15;Emmanuel Macron;CASTEX;non;non;non;non;non;13;13;1;
2022-01-24;LOI n° 2022-53 du 24 janvier 2022 visant à la création d'une plateforme de référencement et de prise en charge des malades chroniques de la covid-19;JORFTEXT000045067964;JORFDOLE000044380741;DLR5L15N40619;plateforme_referencement_covid;ppl21-229;PO420120;Commission des affaires sociales;15;Emmanuel Macron;CASTEX;non;non;non;non;non;1;0;0;
2022-01-31;LOI n° 2022-90 du 31 janvier 2022 autorisant l'approbation de l'avenant à la convention entre le Gouvernement de la République française et le Gouvernement de la République argentine du 4 avril 1979, en vue d'éviter les doubles impositions et de prévenir l'évasion fiscale en matière d'impôts sur le revenu et sur la fortune;JORFTEXT000045097699;;DLR5L15N40483;DLR5L15N40483;pjl19-701;PO59047;Commission des affaires étrangères;15;Emmanuel Macron;CASTEX;non;oui;oui;non;non;0;0;1;
2022-01-31;LOI n° 2022-91 du 31 janvier 2022 autorisant l'approbation de l'accord entre le Gouvernement de la République française et l'Agence de l'Union européenne pour les chemins de fer relatif au siège de l'Agence de l'Union européenne pour les chemins de fer et à ses privilèges et immunités sur le territoire français;JORFTEXT000045097701;;DLR5L15N42834;accord_aeucf;pjl21-288;PO59047;Commission des affaires étrangères;15;Emmanuel Macron;CASTEX;non;oui;oui;non;non;0;0;1;
2022-01-31;LOI n° 2022-92 du 31 janvier 2022 interdisant les pratiques visant à modifier l'orientation sexuelle ou l'identité de genre d'une personne;JORFTEXT000045097703;JORFDOLE000044169218;DLR5L15N42044;interdiction_pratiques_modifiant_orientation_sexuelle;ppl21-013;PO59051;Commission des lois constitutionnelles, de la législation et de l'administration générale de la République;15;Emmanuel Macron;CASTEX;non;oui;non;non;non;0;0;1;
2022-02-07;LOI n° 2022-139 du 7 février 2022 ratifiant l'ordonnance n° 2021-484 du 21 avril 2021 relative aux modalités de représentation des travailleurs indépendants recourant pour leur activité aux plateformes et aux conditions d'exercice de cette représentation et portant habilitation du Gouvernement à compléter par ordonnance les règles organisant le dialogue social avec les plateformes;JORFTEXT000045133768;JORFDOLE000043788093;DLR5L15N42930;ratification_ordonnance_representation_travailleurs_independants;pjl20-868;PO420120;Commission des affaires sociales;15;Emmanuel Macron;CASTEX;non;oui;non;non;oui;0;0;1;
2022-02-07;LOI n° 2022-140 du 7 février 2022 relative à la protection des enfants;JORFTEXT000045133771;JORFDOLE000043668561;DLR5L15N42608;pjl_protection_enfants;pjl20-764;PO420120;Commission des affaires sociales;15;Emmanuel Macron;CASTEX;non;non;non;non;non;26;21;0.8076923076923077;
2022-02-14;LOI n° 2022-171 du 14 février 2022 tendant à abroger des lois obsolètes pour une meilleure lisibilité du droit;JORFTEXT000045167534;JORFDOLE000043596436;DLR5L15N40768;DLR5L15N40768;ppl20-068;PO59051;Commission des lois constitutionnelles, de la législation et de l'administration générale de la République;15;Emmanuel Macron;CASTEX;non;oui;non;non;non;0;0;1;
2022-02-14;LOI n° 2022-172 du 14 février 2022 en faveur de l'activité professionnelle indépendante;JORFTEXT000045167536;JORFDOLE000044125588;DLR5L15N43599;DLR5L15N43599;pjl20-869;PO786857;Commission spéciale chargée d’examiner le projet de loi, adopté par le Sénat, en faveur de l'activité professionnelle indépendante;15;Emmanuel Macron;CASTEX;non;non;non;non;non;16;15;0.9375;
2022-02-21;LOI n° 2022-215 du 21 février 2022 autorisant l'approbation de l'accord entre le Gouvernement de la République française et le Gouvernement de la République de Maurice relatif à la coopération en matière de défense et au statut des forces;JORFTEXT000045197391;;DLR5L15N42488;apporbation_accord_maurice_defense;pjl21-415;PO59047;Commission des affaires étrangères;15;Emmanuel Macron;CASTEX;non;oui;oui;non;non;0;0;1;
2022-02-21;LOI n° 2022-216 du 21 février 2022 autorisant la ratification de la Convention relative à la nationalité entre la République française et le Royaume d'Espagne;JORFTEXT000045197393;;DLR5L15N44468;ratification_convention_nationalite_france_espagne;pjl21-418;PO59047;Commission des affaires étrangères;15;Emmanuel Macron;CASTEX;non;oui;oui;non;non;0;0;1;
2022-02-21;LOI n° 2022-217 du 21 février 2022 relative à la différenciation, la décentralisation, la déconcentration et portant diverses mesures de simplification de l'action publique locale;JORFTEXT000045197395;JORFDOLE000043496065;DLR5L15N42412;DLR5L15N42412;pjl20-588;PO59051;Commission des lois constitutionnelles, de la législation et de l'administration générale de la République;15;Emmanuel Macron;CASTEX;non;non;non;non;non;83;71;0.8554216867469879;
2022-02-21;LOI n° 2022-218 du 21 février 2022 relative à la restitution ou la remise de certains biens culturels aux ayants droit de leurs propriétaires victimes de persécutions antisémites;JORFTEXT000045197692;JORFDOLE000044287226;DLR5L15N44109;restitution_biens_antisemites;pjl21-395;PO419604;Commission des affaires culturelles et de l'éducation;15;Emmanuel Macron;CASTEX;non;oui;non;non;non;0;0;1;
2022-02-21;LOI n° 2022-219 du 21 février 2022 visant à réformer l'adoption;JORFTEXT000045197698;JORFDOLE000042618252;DLR5L15N39990;reforme_de_l_adoption;ppl20-188;PO59051;Commission des lois constitutionnelles, de la législation et de l'administration générale de la République;15;Emmanuel Macron;CASTEX;non;non;non;non;non;5;5;1;
2022-02-23;LOI n° 2022-226 du 23 février 2022 autorisant l'approbation de l'accord entre le Gouvernement de la République française et le Gouvernement de la République du Tadjikistan sur les services aériens;JORFTEXT000045215379;;DLR5L15N43839;DLR5L15N43839;pjl21-058;PO59047;Commission des affaires étrangères;15;Emmanuel Macron;CASTEX;non;oui;oui;non;non;0;0;1;
2022-02-23;LOI n° 2022-229 du 23 février 2022 portant reconnaissance de la Nation envers les harkis et les autres personnes rapatriées d'Algérie anciennement de statut civil de droit local et réparation des préjudices subis par ceux-ci et leurs familles du fait de l'indignité de leurs conditions d'accueil et de vie dans certaines structures sur le territoire français;JORFTEXT000045220741;JORFDOLE000044287224;DLR5L15N44108;reconnaissance_harkis;pjl21-178;PO59046;Commission de la défense nationale et des forces armées;15;Emmanuel Macron;CASTEX;non;non;non;non;non;3;3;1;
2022-02-28;LOI n° 2022-267 du 28 février 2022 visant à moderniser la régulation du marché de l'art;JORFTEXT000045268693;JORFDOLE000039268320;DLR5L15N37849;regulation_marche_art;ppl18-300;PO59051;Commission des lois constitutionnelles, de la législation et de l'administration générale de la République;15;Emmanuel Macron;CASTEX;non;non;non;non;non;5;5;1;
2022-02-28;LOI n° 2022-268 du 28 février 2022 visant à simplifier l'accès des experts forestiers aux données cadastrales;JORFTEXT000045268705;JORFDOLE000043074461;DLR5L15N41109;experts_forestiers;ppl20-315;PO419610;Commission des affaires économiques;15;Emmanuel Macron;CASTEX;non;non;non;non;non;1;1;1;
2022-02-28;LOI n° 2022-269 du 28 février 2022 ratifiant les ordonnances prises sur le fondement de l'article 13 de la loi n° 2019-816 du 2 août 2019 relative aux compétences de la Collectivité européenne d'Alsace;JORFTEXT000045268707;JORFDOLE000043766921;DLR5L15N42841;DLR5L15N42841;pjl20-755;PO419865;Commission du développement durable et de l'aménagement du territoire;15;Emmanuel Macron;CASTEX;non;oui;non;non;oui;0;0;1;
2022-02-28;LOI n° 2022-270 du 28 février 2022 pour un accès plus juste, plus simple et plus transparent au marché de l'assurance emprunteur;JORFTEXT000045268729;JORFDOLE000044373959;DLR5L15N44085;marche_assurance;ppl21-225;PO419610;Commission des affaires économiques;15;Emmanuel Macron;CASTEX;non;non;non;non;non;2;0;0;
2022-02-28;LOI n° 2022-271 du 28 février 2022 relative à l'aménagement du Rhône;JORFTEXT000045268743;JORFDOLE000045058743;DLR5L15N44561;amenagement_rhone;ppl21-373;PO419610;Commission des affaires économiques;15;Emmanuel Macron;CASTEX;non;oui;non;non;non;0;0;1;
2022-02-28;LOI n° 2022-272 du 28 février 2022 visant à faire évoluer la gouvernance de l'Agence pour l'enseignement français à l'étranger et à créer les instituts régionaux de formation;JORFTEXT000045268755;JORFDOLE000045081921;DLR5L15N44387;DLR5L15N44387;ppl21-234;PO59047;Commission des affaires étrangères;15;Emmanuel Macron;CASTEX;non;oui;non;non;non;0;0;1;
2022-03-02;LOI n° 2022-295 du 2 mars 2022 visant à renforcer le droit à l'avortement;JORFTEXT000045287560;JORFDOLE000042413245;DLR5L15N40346;renforcement_du_droit_a_lavortement;ppl20-023;PO420120;Commission des affaires sociales;15;Emmanuel Macron;CASTEX;non;non;non;non;non;1;1;1;
2022-03-02;LOI n° 2022-296 du 2 mars 2022 visant à démocratiser le sport en France;JORFTEXT000045287568;JORFDOLE000043272782;DLR5L15N41449;democratiser_sport_france;ppl20-465;PO419604;Commission des affaires culturelles et de l'éducation;15;Emmanuel Macron;CASTEX;non;non;non;non;non;17;17;1;
2022-03-02;LOI n° 2022-297 du 2 mars 2022 relative au monde combattant;JORFTEXT000045287631;JORFDOLE000043231520;DLR5L15N38461;DLR5L15N38461;ppl19-241;PO59046;Commission de la défense nationale et des forces armées;15;Emmanuel Macron;CASTEX;non;oui;non;non;non;0;0;1;
2022-03-02;LOI n° 2022-298 du 2 mars 2022 d'orientation relative à une meilleure diffusion de l'assurance récolte en agriculture et portant réforme des outils de gestion des risques climatiques en agriculture;JORFTEXT000045287633;JORFDOLE000044394354;DLR5L15N44395;reforme_outils_risques_climatiques_agriculture;pjl21-350;PO419610;Commission des affaires économiques;15;Emmanuel Macron;CASTEX;non;non;non;non;non;11;10;0.9090909090909091;
2022-03-02;LOI n° 2022-299 du 2 mars 2022 visant à combattre le harcèlement scolaire;JORFTEXT000045287658;JORFDOLE000044397603;DLR5L15N44129;combattre_harcelement;ppl21-254;PO419604;Commission des affaires culturelles et de l'éducation;15;Emmanuel Macron;CASTEX;non;non;non;non;non;1;1;1;
2022-03-02;LOI n° 2022-300 du 2 mars 2022 visant à renforcer le contrôle parental sur les moyens d'accès à internet;JORFTEXT000045287677;JORFDOLE000045026284;DLR5L15N44049;controle_parental;ppl21-364;PO419604;Commission des affaires culturelles et de l'éducation;15;Emmanuel Macron;CASTEX;non;non;non;non;non;4;4;1;
2022-03-02;LOI n° 2022-301 du 2 mars 2022 relative au choix du nom issu de la filiation;JORFTEXT000045287682;JORFDOLE000045079117;DLR5L15N44585;egalite_liberte_attribution_nom;ppl21-409;PO59051;Commission des lois constitutionnelles, de la législation et de l'administration générale de la République;15;Emmanuel Macron;CASTEX;non;oui;non;non;non;0;0;1;
2022-03-03;LOI n° 2022-309 du 3 mars 2022 pour la mise en place d'une certification de cybersécurité des plateformes numériques destinée au grand public;JORFTEXT000045294275;JORFDOLE000042458094;DLR5L15N40131;DLR5L15N40131;ppl19-629;PO419610;Commission des affaires économiques;15;Emmanuel Macron;CASTEX;non;non;non;non;non;1;0;0;
2022-03-14;LOI organique n° 2022-354 du 14 mars 2022 relative aux lois de financement de la sécurité sociale;JORFTEXT000045351804;JORFDOLE000043812881;DLR5L15N42350;pplo_lfss;ppl20-782;PO782816;Commission spéciale chargée d’examiner la proposition de loi organique relative à la modernisation de la gestion des finances publiques et la proposition de loi portant diverses dispositions relatives au Haut Conseil des finances publiques et à l’information du Parlement sur les finances publiques ainsi que la proposition de loi organique et la proposition de loi relatives aux lois de financement de la sécurité sociale;15;Emmanuel Macron;CASTEX;non;oui;non;non;non;0;0;1;
2022-03-14;LOI n° 2022-355 du 14 mars 2022 relative aux lois de financement de la sécurité sociale;JORFTEXT000045351814;JORFDOLE000043812882;DLR5L15N42346;ppl_lfss;ppl20-783;PO782816;Commission spéciale chargée d’examiner la proposition de loi organique relative à la modernisation de la gestion des finances publiques et la proposition de loi portant diverses dispositions relatives au Haut Conseil des finances publiques et à l’information du Parlement sur les finances publiques ainsi que la proposition de loi organique et la proposition de loi relatives aux lois de financement de la sécurité sociale;15;Emmanuel Macron;CASTEX;non;oui;non;non;non;0;0;1;
2022-03-21;LOI organique n° 2022-400 du 21 mars 2022 visant à renforcer le rôle du Défenseur des droits en matière de signalement d'alerte;JORFTEXT000045388740;JORFDOLE000044345204;DLR5L15N42967;role_du_defenseur_des_droits_signalement_alerte;ppl21-173;PO59051;Commission des lois constitutionnelles, de la législation et de l'administration générale de la République;15;Emmanuel Macron;CASTEX;non;non;non;non;non;1;1;1;
2022-03-21;LOI n° 2022-401 du 21 mars 2022 visant à améliorer la protection des lanceurs d'alerte;JORFTEXT000045388745;JORFDOLE000044344207;DLR5L15N42986;protection_lanceurs_alerte;ppl21-174;PO59051;Commission des lois constitutionnelles, de la législation et de l'administration générale de la République;15;Emmanuel Macron;CASTEX;non;non;non;non;non;7;7;1;
2022-07-22;LOI n° 2022-1032 du 22 juillet 2022 autorisant la ratification de la convention du Conseil de l'Europe contre le trafic d'organes humains;JORFTEXT000046081087;;;;;PO59047;Commission des affaires étrangères;16;Emmanuel Macron;BORNE;non;oui;oui;non;non;0;0;1;
2022-07-29;LOI n° 2022-1053 du 29 juillet 2022 autorisant l'approbation de l'accord entre le Gouvernement de la République française et le Gouvernement de l'Etat du Qatar relatif au statut de leurs forces;JORFTEXT000046113130;;;;;PO59047;Commission des affaires étrangères;16;Emmanuel Macron;BORNE;non;oui;oui;non;non;0;0;1;
2022-07-29;LOI n° 2022-1054 du 29 juillet 2022 autorisant l'approbation de la convention de coopération judiciaire internationale entre le Gouvernement de la République française et l'Organisation des Nations unies, représentée par le Mécanisme international, impartial et indépendant pour la Syrie;JORFTEXT000046113132;;;;;PO59047;Commission des affaires étrangères;16;Emmanuel Macron;BORNE;non;oui;oui;non;non;0;0;1;
2022-07-29;LOI n° 2022-1055 du 29 juillet 2022 autorisant l'approbation de l'accord entre le Gouvernement de la République française et l'Autorité bancaire européenne relatif au siège de l'Autorité bancaire européenne et à ses privilèges et immunités sur le territoire français;JORFTEXT000046113134;;;;;PO59047;Commission des affaires étrangères;16;Emmanuel Macron;BORNE;non;oui;oui;non;non;0;0;1;
2022-07-30;LOI n° 2022-1089 du 30 juillet 2022 mettant fin aux régimes d'exception créés pour lutter contre l'épidémie liée à la covid-19;JORFTEXT000046114630;JORFDOLE000046015949;DLR5L16N45927;maintien_dispositif_veille_securite_sanitaire;pjl21-779;PO59051;Commission des lois constitutionnelles, de la législation et de l'administration générale de la République;16;Emmanuel Macron;BORNE;non;non;non;non;non;2;2;1;
2022-08-05;LOI n° 2022-1124 du 5 août 2022 autorisant la ratification du protocole au Traité de l'Atlantique Nord sur l'accession de la République de Finlande et la ratification du protocole au Traité de l'Atlantique Nord sur l'accession du Royaume de Suède;JORFTEXT000046150407;;DLR5L16N45973;DLR5L16N45973;pjl21-782;PO59047;Commission des affaires étrangères;16;Emmanuel Macron;BORNE;non;oui;oui;non;non;0;0;1;
2022-08-09;LOI n° 2022-1136 du 9 août 2022 autorisant l'approbation de l'accord entre le Gouvernement de la République française et le Gouvernement de l'Etat du Qatar établissant un partenariat relatif à la sécurité de la Coupe du Monde de football de 2022;JORFTEXT000046165088;;;;;PO59047;Commission des affaires étrangères;16;Emmanuel Macron;BORNE;non;oui;oui;non;non;0;0;1;
2022-08-10;LOI n° 2022-1137 du 10 août 2022 ratifiant l'ordonnance n° 2021-1605 du 8 décembre 2021 étendant et adaptant à la fonction publique des communes de Polynésie française certaines dispositions statutaires relatives à la fonction publique territoriale;JORFTEXT000046168783;JORFDOLE000044942176;;;;PO59051;Commission des lois constitutionnelles, de la législation et de l'administration générale de la République;16;Emmanuel Macron;BORNE;non;non;non;non;oui;1;1;1;
2022-08-16;LOI n° 2022-1157 du 16 août 2022 de finances rectificative pour 2022;JORFTEXT000046186661;JORFDOLE000046027256;DLR5L16N45943;loi_finances_rectificative_2022;pjl21-830;PO59048;Commission des finances, de l'économie générale et du contrôle budgétaire;16;Emmanuel Macron;BORNE;non;non;non;non;non;19;16;0.8421052631578947;
2022-08-16;LOI n° 2022-1158 du 16 août 2022 portant mesures d'urgence pour la protection du pouvoir d'achat;JORFTEXT000046186723;JORFDOLE000046027237;DLR5L16N45942;mesures_urgence_pouvoir_achat;pjl21-817;PO420120;Commission des affaires sociales;16;Emmanuel Macron;BORNE;non;non;non;non;non;35;33;0.9428571428571428;
2022-08-16;LOI n° 2022-1159 du 16 août 2022 portant diverses dispositions d'adaptation au droit de l'Union européenne en matière de prévention de la diffusion de contenus à caractère terroriste en ligne;JORFTEXT000046186784;JORFDOLE000045188236;;;;PO59051;Commission des lois constitutionnelles, de la législation et de l'administration générale de la République;16;Emmanuel Macron;BORNE;non;non;non;non;non;1;1;1;
2022-10-24;LOI n° 2022-1348 du 24 octobre 2022 visant à actualiser le régime de réélection des juges consulaires dans les tribunaux de commerce;JORFTEXT000046480973;JORFDOLE000046370306;DLR5L16N45939;DLR5L16N45939;ppl21-768;PO59051;Commission des lois constitutionnelles, de la législation et de l'administration générale de la République;16;Emmanuel Macron;BORNE;non;oui;non;non;non;0;0;1;
2022-10-31;LOI n° 2022-1382 du 31 octobre 2022 autorisant la ratification de la convention portant création de l'Organisation internationale pour les aides à la navigation maritime;JORFTEXT000046510515;;;;;PO59047;Commission des affaires étrangères;16;Emmanuel Macron;BORNE;non;oui;oui;non;non;0;0;1;
2022-10-31;LOI n° 2022-1383 du 31 octobre 2022 autorisant l'approbation de l'accord de siège entre le Gouvernement de la République française et la Banque des règlements internationaux relatif au statut et aux activités de la Banque des règlements internationaux en France et de l'accord de sécurité sociale entre le Gouvernement de la République française et la Banque des règlements internationaux;JORFTEXT000046510517;;DLR5L16N45944;accord_banque_reglements_internationaux;pjl21-848;PO59047;Commission des affaires étrangères;16;Emmanuel Macron;BORNE;non;oui;oui;non;non;0;0;1;
2022-10-31;LOI n° 2022-1384 du 31 octobre 2022 autorisant la ratification du Traité entre la République française et la République italienne pour une coopération bilatérale renforcée;JORFTEXT000046510520;;DLR5L16N45931;ratif_traite_coop_france_italie;pjl21-847;PO59047;Commission des affaires étrangères;16;Emmanuel Macron;BORNE;non;oui;oui;non;non;0;0;1;
2022-11-22;LOI n° 2022-1449 du 22 novembre 2022 visant à accompagner la mise en place de comités sociauxet économiques à La Poste;JORFTEXT000046588706;JORFDOLE000046472709;DLR5L16N46271;DLR5L16N46271;ppl21-874;PO420120;Commission des affaires sociales;16;Emmanuel Macron;BORNE;non;non;non;non;non;4;4;1;
2022-11-24;LOI n° 2022-1460 du 24 novembre 2022 autorisant l'approbation de l'accord relatif à la restructuration de la plate-forme douanière de Saint-Louis - Bâle sur l'autoroute A35, en France entre le Gouvernement de la République française et le Conseil fédéral suisse;JORFTEXT000046599656;;DLR5L16N46063;restructuration_plateforme_douaniere_bale_saintlouis;pjl22-048;PO59047;Commission des affaires étrangères;16;Emmanuel Macron;BORNE;non;oui;oui;non;non;0;0;1;
2022-11-24;LOI n° 2022-1461 du 24 novembre 2022 autorisant la ratification du protocole d'amendement à la convention pour la protection des personnes à l'égard du traitement automatisé des données à caractère personnel;JORFTEXT000046599658;;;;;PO59047;Commission des affaires étrangères;16;Emmanuel Macron;BORNE;non;oui;oui;non;non;0;0;1;
2022-11-24;LOI n° 2022-1462 du 24 novembre 2022 autorisant l'approbation de la convention d'entraide judiciaire en matière pénale entre le Gouvernement de la République française et le Gouvernement de la République de Singapour;JORFTEXT000046599660;;;;;PO59047;Commission des affaires étrangères;16;Emmanuel Macron;BORNE;non;oui;oui;non;non;0;0;1;
2022-11-28;LOI n° 2022-1477 du 28 novembre 2022 autorisant l'approbation de la déclaration relative à la phase d'exploitation des lanceurs Ariane, Vega et Soyouz au Centre spatial guyanais;JORFTEXT000046652145;;;;;PO59047;Commission des affaires étrangères;16;Emmanuel Macron;BORNE;non;oui;oui;non;non;0;0;1;
2022-12-01;LOI n° 2022-1499 du 1er décembre 2022 de finances rectificative pour 2022;JORFTEXT000046672407;JORFDOLE000046513959;DLR5L16N46617;plfr_2022;pjl22-113;PO59048;Commission des finances, de l'économie générale et du contrôle budgétaire;16;Emmanuel Macron;BORNE;non;non;non;non;non;4;4;1;
2022-12-12;LOI n° 2022-1555 du 12 décembre 2022 autorisant la ratification de la Convention du Conseil de l'Europe sur la manipulation de compétitions sportives;JORFTEXT000046727391;;;;;PO59047;Commission des affaires étrangères;16;Emmanuel Macron;BORNE;non;oui;oui;non;non;0;0;1;
2022-12-16;LOI n° 2022-1574 du 16 décembre 2022 visant à lutter contre la précarité des accompagnants d'élèves en situation de handicap et des assistants d'éducation;JORFTEXT000046751169;JORFDOLE000045058812;;;;PO419604;Commission des affaires culturelles et de l'éducation;16;Emmanuel Macron;BORNE;non;non;non;non;non;1;1;1;
2022-12-19;LOI n° 2022-1587 du 19 décembre 2022 visant à lutter contre la fraude au compte personnel de formation et à interdire le démarchage de ses titulaires;JORFTEXT000046760877;JORFDOLE000046382160;DLR5L16N46187;lutte_fraudes_compte_personnel_formation;ppl22-032;PO420120;Commission des affaires sociales;16;Emmanuel Macron;BORNE;non;non;non;non;non;6;6;1;
2022-12-21;LOI n° 2022-1598 du 21 décembre 2022 portant mesures d'urgence relatives au fonctionnement du marché du travail en vue du plein emploi;JORFTEXT000046771781;JORFDOLE000046266678;DLR5L16N46266;mesures_urgence_fonctionnement_marche_travail;pjl22-044;PO420120;Commission des affaires sociales;16;Emmanuel Macron;BORNE;non;non;non;non;non;12;11;0.9166666666666666;
2022-12-23;LOI n° 2022-1616 du 23 décembre 2022 de financement de la sécurité sociale pour 2023;JORFTEXT000046791754;JORFDOLE000046330273;DLR5L16N46347;securite_sociale_2023;plfss2023;PO420120;Commission des affaires sociales;16;Emmanuel Macron;BORNE;non;non;non;non;non;88;67;0.7613636363636364;
2022-12-30;LOI n° 2022-1726 du 30 décembre 2022 de finances pour 2023;JORFTEXT000046845631;JORFDOLE000046330272;DLR5L16N45988;plf_2023;pjlf2023;PO59048;Commission des finances, de l'économie générale et du contrôle budgétaire;16;Emmanuel Macron;BORNE;non;non;non;non;non;45;38;0.8444444444444444;
2023-01-24;LOI n° 2023-22 du 24 janvier 2023 d'orientation et de programmation du ministère de l'intérieur;JORFTEXT000047046768;JORFDOLE000046266613;DLR5L16N46269;DLR5L16N46269;pjl21-876;PO59051;Commission des lois constitutionnelles, de la législation et de l'administration générale de la République;16;Emmanuel Macron;BORNE;non;non;non;non;non;6;6;1;
2023-01-24;LOI n° 2023-23 du 24 janvier 2023 visant à permettre aux assemblées d'élus et aux différentes associations d'élus de se constituer partie civile pour soutenir pleinement, au pénal, une personne investie d'un mandat électif public victime d'agression;JORFTEXT000047046812;JORFDOLE000046568941;;;;PO59051;Commission des lois constitutionnelles, de la législation et de l'administration générale de la République;16;Emmanuel Macron;BORNE;non;oui;non;non;non;0;0;1;
2023-01-25;LOI n° 2023-29 du 25 janvier 2023 visant à faire évoluer la formation de sage-femme;JORFTEXT000047055162;JORFDOLE000044373858;;;;PO420120;Commission des affaires sociales;16;Emmanuel Macron;BORNE;non;non;non;non;non;5;1;0.2;
2023-02-01;LOI n° 2023-47 du 1er février 2023 autorisant l'approbation de l'accord entre le Gouvernement de la République française et le Gouvernement de la République d'Ouzbékistan relatif aux transports routiers internationaux de voyageurs et de marchandises et de l'accord entre le Gouvernement de la République française et le Gouvernement de la République tunisienne sur le transport international routier de personnes;JORFTEXT000047079870;;;;;PO59047;Commission des affaires étrangères;16;Emmanuel Macron;BORNE;non;oui;oui;non;non;0;0;1;
2023-02-01;LOI n° 2023-48 du 1er février 2023 autorisant l'approbation de l'accord entre le Gouvernement de la République française et le Gouvernement de la République du Kosovo relatif à l'emploi des membres des familles des agents des missions officielles de chaque Etat dans l'autre;JORFTEXT000047079873;;;;;PO59047;Commission des affaires étrangères;16;Emmanuel Macron;BORNE;non;oui;oui;non;non;0;0;1;
2023-02-01;LOI n° 2023-49 du 1er février 2023 autorisant l'approbation de l'accord entre le Gouvernement de la République française et le Gouvernement du Royaume-Uni de Grande-Bretagne et d'Irlande du Nord relatif à la coopération sur les questions de sûreté maritime et portuaire s'agissant spécifiquement des navires à passagers dans la Manche;JORFTEXT000047079875;;DLR5L16N46206;accordFranceRoyaumeUnisecuritemaritime;pjl22-128;PO59047;Commission des affaires étrangères;16;Emmanuel Macron;BORNE;non;oui;oui;non;non;0;0;1;
2023-02-02;LOI n° 2023-54 du 2 février 2023 visant à limiter l'engrillagement des espaces naturels et à protéger la propriété privée;JORFTEXT000047087031;JORFDOLE000044920757;;;;PO419865;Commission du développement durable et de l'aménagement du territoire;16;Emmanuel Macron;BORNE;non;non;non;non;non;1;1;1;
2023-02-02;LOI n° 2023-55 du 2 février 2023 sur le déroulement des élections sénatoriales;JORFTEXT000047087042;JORFDOLE000046693218;DLR5L16N46445;DLR5L16N46445;ppl22-046;PO59051;Commission des lois constitutionnelles, de la législation et de l'administration générale de la République;16;Emmanuel Macron;BORNE;non;oui;non;non;non;0;0;1;
2023-02-08;LOI n° 2023-76 du 8 février 2023 autorisant l'approbation de l'accord pour la mise en place d'un mécanisme d'échange et de partage de l'information maritime dans l'océan Indien occidental et de l'accord régional sur la coordination des opérations en mer dans l'océan Indien occidental;JORFTEXT000047106049;;;;;PO59047;Commission des affaires étrangères;16;Emmanuel Macron;BORNE;non;oui;oui;non;non;0;0;1;
2023-02-13;LOI n° 2023-87 du 13 février 2023 visant à calculer la retraite de base des non-salariés agricoles en fonction des vingt-cinq années d'assurance les plus avantageuses;JORFTEXT000047128516;JORFDOLE000046677222;DLR5L16N46472;calculer_retraite_base_nonsalaries_agricoles;ppl22-166;PO420120;Commission des affaires sociales;16;Emmanuel Macron;BORNE;non;non;non;non;non;1;1;1;
2023-02-21;LOI n° 2023-115 du 21 février 2023 autorisant l'approbation de l'accord entre le Gouvernement de la République française et la Cour pénale internationale sur l'exécution des peines prononcées par la Cour;JORFTEXT000047208459;;DLR5L16N45971;accord_cour_penale_internationale;pjl22-196;PO59047;Commission des affaires étrangères;16;Emmanuel Macron;BORNE;non;oui;oui;non;non;0;0;1;
2023-02-28;LOI n° 2023-140 du 28 février 2023 créant une aide universelle d'urgence pour les victimes de violences conjugales;JORFTEXT000047241405;JORFDOLE000046472553;DLR5L16N46270;DLR5L16N46270;ppl21-875;PO420120;Commission des affaires sociales;16;Emmanuel Macron;BORNE;non;non;non;non;non;4;3;0.75;
2023-03-09;LOI n° 2023-171 du 9 mars 2023 portant diverses dispositions d'adaptation au droit de l'Union européenne dans les domaines de l'économie, de la santé, du travail, des transports et de l'agriculture;JORFTEXT000047281777;JORFDOLE000046590737;DLR5L16N46734;DLR5L16N46734;pjl22-140;PO420120;Commission des affaires sociales;16;Emmanuel Macron;BORNE;non;non;non;non;non;31;29;0.9354838709677419;
2023-03-10;LOI n° 2023-175 du 10 mars 2023 relative à l'accélération de la production d'énergies renouvelables;JORFTEXT000047294244;JORFDOLE000046329719;DLR5L16N46539;DLR5L16N46539;pjl21-889;PO419610;Commission des affaires économiques;16;Emmanuel Macron;BORNE;non;non;non;non;non;49;36;0.7346938775510204;
2023-03-22;LOI n° 2023-190 du 22 mars 2023 autorisant l'approbation de l'amendement de la convention relative à la collecte, au dépôt et à la réception des déchets survenant en navigation rhénane et intérieure et de son règlement d'application, partie B, par des dispositions concernant le traitement de résidus gazeux de cargaison liquide (vapeurs), issu de la résolution CDNI-2017-I-4, adoptée le 22 juin 2017;JORFTEXT000047332582;;;;;PO59047;Commission des affaires étrangères;16;Emmanuel Macron;BORNE;non;oui;oui;non;non;0;0;1;
2023-03-27;LOI n° 2023-203 du 27 mars 2023 autorisant l'approbation de l'accord entre le Gouvernement de la République française et le Gouvernement du Royaume des Pays-Bas relatif à la coopération en matière de défense et au statut de leurs forces sur les territoires caribéens et sud-américain de la République française et du Royaume des Pays-Bas;JORFTEXT000047350675;;DLR5L16N45914;accord_statut_force_france_paysbas;pjl21-654;PO59047;Commission des affaires étrangères;16;Emmanuel Macron;BORNE;non;oui;oui;non;non;0;0;1;
2023-03-30;LOI n° 2023-221 du 30 mars 2023 tendant à renforcer l'équilibre dans les relations commerciales entre fournisseurs et distributeurs;JORFTEXT000047377284;JORFDOLE000047010695;DLR5L16N46750;securiser_approvisionnement_francais_produit_grande_consommation_xvie;ppl22-261;PO419610;Commission des affaires économiques;16;Emmanuel Macron;BORNE;non;oui;non;non;non;0;0;1;
2023-03-30;LOI n° 2023-222 du 30 mars 2023 visant à ouvrir le tiers financement à l'Etat, à ses établissements publics et aux collectivités territoriales pour favoriser les travaux de rénovation énergétique;JORFTEXT000047377306;JORFDOLE000047013289;DLR5L16N46753;ouvrir_tiers_financement_favoriser_travaux_renovation;ppl22-264;PO59051;Commission des lois constitutionnelles, de la législation et de l'administration générale de la République;16;Emmanuel Macron;BORNE;non;non;non;non;non;3;3;1;
2023-04-13;LOI n° 2023-265 du 13 avril 2023 visant à favoriser l'accès de tous les étudiants à une offre de restauration à tarif modéré;JORFTEXT000047439303;JORFDOLE000043643957;;;;PO419604;Commission des affaires culturelles et de l'éducation;16;Emmanuel Macron;BORNE;non;non;non;non;non;1;1;1;
2023-04-14;LOI n° 2023-270 du 14 avril 2023 de financement rectificative de la sécurité sociale pour 2023;JORFTEXT000047445077;JORFDOLE000047022789;DLR5L16N47066;plrfss_pour_2023;pjl22-368;PO420120;Commission des affaires sociales;16;Emmanuel Macron;BORNE;non;non;non;non;non;91;90;0.989010989010989;
2023-04-24;LOI n° 2023-305 du 24 avril 2023 portant fusion des filières à responsabilité élargie des producteurs d'emballages ménagers et des producteurs de papier;JORFTEXT000047483124;JORFDOLE000047084693;DLR5L16N46965;fusion_filieres_responsabilite_elargie_emballages_menagers;ppl22-305;PO419865;Commission du développement durable et de l'aménagement du territoire;16;Emmanuel Macron;BORNE;non;non;non;non;non;2;2;1;
2023-05-19;LOI n° 2023-378 du 19 mai 2023 visant à améliorer l'encadrement des centres de santé;JORFTEXT000047561943;JORFDOLE000046676720;DLR5L16N46485;encadrement_centres_sante;ppl22-162;PO420120;Commission des affaires sociales;16;Emmanuel Macron;BORNE;non;non;non;non;non;5;5;1;
2023-05-19;LOI n° 2023-379 du 19 mai 2023 portant amélioration de l'accès aux soins par la confiance aux professionnels de santé;JORFTEXT000047561956;JORFDOLE000047013201;DLR5L16N46486;amelioration_confiance_professionnels;ppl22-263;PO420120;Commission des affaires sociales;16;Emmanuel Macron;BORNE;non;non;non;non;non;14;12;0.8571428571428571;
2023-05-19;LOI n° 2023-380 du 19 mai 2023 relative aux jeux Olympiques et Paralympiques de 2024 et portant diverses autres dispositions;JORFTEXT000047561974;JORFDOLE000046777392;DLR5L16N46918;DLR5L16N46918;pjl22-220;PO59051;Commission des lois constitutionnelles, de la législation et de l'administration générale de la République;16;Emmanuel Macron;BORNE;non;non;non;non;non;13;12;0.9230769230769231;
2023-06-02;LOI n° 2023-425 du 2 juin 2023 autorisant l'approbation de la convention d'entraide judiciaire en matière pénale entre le Gouvernement de la République française et le Gouvernement de la République du Sénégal, et de la convention d'extradition entre le Gouvernement de la République française et le Gouvernement de la République du Sénégal;JORFTEXT000047623751;;DLR5L16N46205;approbationconventionentraidejudiciaireenmatierepenaleFranceSenegal;pjl22-307;PO59047;Commission des affaires étrangères;16;Emmanuel Macron;BORNE;non;oui;oui;non;non;0;0;1;
2023-06-02;LOI n° 2023-426 du 2 juin 2023 autorisant l'approbation de l'accord entre le Gouvernement de la République française et le Gouvernement de la Principauté d'Andorre concernant l'amélioration de la résilience climatique et de la viabilité des routes nationales 116, 20, 320 et 22 liées aux risques naturels entre Prades et la frontière franco-andorrane;JORFTEXT000047623754;;DLR5L16N47211;accord_france_andorre_routes_nationales;pjl22-529;PO59047;Commission des affaires étrangères;16;Emmanuel Macron;BORNE;non;oui;oui;non;non;0;0;1;
2023-06-02;LOI n° 2023-427 du 2 juin 2023 autorisant l'approbation de l'accord entre le Gouvernement de la République française et le Gouvernement de la Principauté d'Andorre relatif à l'exercice des activités professionnelles des membres de la famille du personnel diplomatique, consulaire, technique et administratif des missions officielles;JORFTEXT000047623756;;;;;PO59047;Commission des affaires étrangères;16;Emmanuel Macron;BORNE;non;oui;oui;non;non;0;0;1;
2023-06-09;LOI n° 2023-451 du 9 juin 2023 visant à encadrer l'influence commerciale et à lutter contre les dérives des influenceurs sur les réseaux sociaux;JORFTEXT000047663185;JORFDOLE000047381960;DLR5L16N47074;influenceurs_derives_reseaux;ppl22-489;PO419610;Commission des affaires économiques;16;Emmanuel Macron;BORNE;non;non;non;non;non;4;3;0.75;
2023-06-21;LOI n° 2023-479 du 21 juin 2023 visant à faciliter le passage et l'obtention de l'examen du permis de conduire;JORFTEXT000047709059;JORFDOLE000047356061;DLR5L16N47073;permis_conduire_facile;ppl22-453;PO59051;Commission des lois constitutionnelles, de la législation et de l'administration générale de la République;16;Emmanuel Macron;BORNE;non;non;non;non;non;2;2;1;
2023-06-22;LOI n° 2023-491 du 22 juin 2023 relative à l'accélération des procédures liées à la construction de nouvelles installations nucléaires à proximité de sites nucléaires existants et au fonctionnement des installations existantes;JORFTEXT000047715784;JORFDOLE000046513775;DLR5L16N46622;DLR5L16N46622;pjl22-100;PO419610;Commission des affaires économiques;16;Emmanuel Macron;BORNE;non;non;non;non;non;5;5;1;
2023-06-26;LOI n° 2023-506 du 26 juin 2023 tendant à garantir la continuité de la représentation des communes au sein des conseils communautaires;JORFTEXT000047739419;JORFDOLE000047313321;DLR5L16N46115;DLR5L16N46115;ppl21-860;PO59051;Commission des lois constitutionnelles, de la législation et de l'administration générale de la République;16;Emmanuel Macron;BORNE;non;oui;non;non;non;0;0;1;
2023-07-07;LOI n° 2023-565 du 7 juillet 2023 autorisant l'approbation de l'accord de sécurité sociale du 6 novembre 2014 entre le Gouvernement de la République française et le Gouvernement de la République de Serbie;JORFTEXT000047799531;;DLR5L16N46537;DLR5L16N46537;pjl22-081;PO59047;Commission des affaires étrangères;16;Emmanuel Macron;BORNE;non;oui;oui;non;non;0;0;1;
2023-07-07;LOI n° 2023-566 du 7 juillet 2023 visant à instaurer une majorité numérique et à lutter contre la haine en ligne;JORFTEXT000047799533;JORFDOLE000047256856;DLR5L16N47035;majorite_haine_ligne;ppl22-389;PO419604;Commission des affaires culturelles et de l'éducation;16;Emmanuel Macron;BORNE;non;non;non;non;non;2;0;0;
2023-07-07;LOI n° 2023-567 du 7 juillet 2023 visant à favoriser l'accompagnement psychologique des femmes victimes de fausse couche;JORFTEXT000047799541;JORFDOLE000047280840;DLR5L16N47015;accomagnement_psychologique_femmes_victimes;ppl22-417;PO420120;Commission des affaires sociales;16;Emmanuel Macron;BORNE;non;non;non;non;non;1;0;0;
2023-07-07;LOI n° 2023-568 du 7 juillet 2023 maintenant provisoirement un dispositif de plafonnement de revalorisation de la variation annuelle des indices locatifs;JORFTEXT000047799547;JORFDOLE000047617713;DLR5L16N47975;maintenir_provisoirement_plafonnement_indices_locatifs;ppl22-667;PO419610;Commission des affaires économiques;16;Emmanuel Macron;BORNE;non;oui;non;non;non;0;0;1;
2023-07-10;LOI n° 2023-580 du 10 juillet 2023 visant à renforcer la prévention et la lutte contre l'intensification et l'extension du risque incendie;JORFTEXT000047805414;JORFDOLE000047409881;DLR5L16N47006;DLR5L16N47006;ppl22-206;PO419610;Commission des affaires économiques;16;Emmanuel Macron;BORNE;non;non;non;non;non;11;10;0.9090909090909091;
2023-07-13;LOI n° 2023-594 du 13 juillet 2023 ratifiant les ordonnances relatives à la partie législative du livre VII du code monétaire et financier et portant diverses dispositions relatives à l'outre-mer;JORFTEXT000047825968;JORFDOLE000047464163;DLR5L16N47615;DLR5L16N47615;pjl22-540;PO59048;Commission des finances, de l'économie générale et du contrôle budgétaire;16;Emmanuel Macron;BORNE;non;oui;non;non;oui;0;0;1;
2023-07-18;LOI n° 2023-610 du 18 juillet 2023 visant à donner à la douane les moyens de faire face aux nouvelles menaces;JORFTEXT000047858021;JORFDOLE000047439285;DLR5L16N47571;douanes_moyens_nouvelles_menaces;pjl22-531;PO59048;Commission des finances, de l'économie générale et du contrôle budgétaire;16;Emmanuel Macron;BORNE;non;non;non;non;non;12;8;0.6666666666666666;
2023-07-19;LOI n° 2023-622 du 19 juillet 2023 visant à renforcer la protection des familles d'enfants atteints d'une maladie ou d'un handicap ou victimes d'un accident d'une particulière gravité;JORFTEXT000047862209;JORFDOLE000047256957;DLR5L16N47037;protection_enfants_ald;ppl22-393;PO420120;Commission des affaires sociales;16;Emmanuel Macron;BORNE;non;oui;non;non;non;0;0;1;
2023-07-19;LOI n° 2023-623 du 19 juillet 2023 visant à renforcer l'accès des femmes aux responsabilités dans la fonction publique;JORFTEXT000047862217;JORFDOLE000047413540;DLR5L16N46695;DLR5L16N46695;ppl22-123;PO59051;Commission des lois constitutionnelles, de la législation et de l'administration générale de la République;16;Emmanuel Macron;BORNE;non;non;non;non;non;8;8;1;
2023-07-20;LOI n° 2023-629 du 20 juillet 2023 autorisant la ratification de la résolution A.1152 (32) relative aux amendements à la convention du 6 mars 1948 portant création de l'Organisation maritime internationale;JORFTEXT000047866731;;DLR5L16N46988;ratification_resolution_convention_1948_creation_omi;pjl22-528;PO59047;Commission des affaires étrangères;16;Emmanuel Macron;BORNE;non;oui;oui;non;non;0;0;1;
2023-07-20;LOI n° 2023-630 du 20 juillet 2023 visant à faciliter la mise en œuvre des objectifs de lutte contre l'artificialisation des sols et à renforcer l'accompagnement des élus locaux;JORFTEXT000047866733;JORFDOLE000047315898;DLR5L16N46880;DLR5L16N46880;ppl22-205;PO419610;Commission des affaires économiques;16;Emmanuel Macron;BORNE;non;non;non;non;non;1;1;1;
2023-07-21;LOI n° 2023-649 du 21 juillet 2023 visant à régulariser le plan local d'urbanisme intercommunal de la communauté de communes du Bas Chablais;JORFTEXT000047873054;JORFDOLE000047084694;DLR5L16N46409;DLR5L16N46409;ppl22-028;PO419610;Commission des affaires économiques;16;Emmanuel Macron;BORNE;non;oui;non;non;non;0;0;1;
2023-07-22;LOI n° 2023-650 du 22 juillet 2023 relative à la restitution des biens culturels ayant fait l'objet de spoliations dans le contexte des persécutions antisémites perpétrées entre 1933 et 1945;JORFTEXT000047874541;JORFDOLE000047464528;DLR5L16N47616;DLR5L16N47616;pjl22-539;PO419604;Commission des affaires culturelles et de l'éducation;16;Emmanuel Macron;BORNE;non;non;non;non;non;1;1;1;
2023-07-23;LOI n° 2023-652 du 23 juillet 2023 autorisant l'approbation du premier amendement à la convention adoptée à Espoo le 25 février 1991 sur l'évaluation de l'impact sur l'environnement dans un contexte transfrontière et du protocole à la convention adoptée à Espoo le 25 février 1991 sur l'évaluation de l'impact sur l'environnement dans un contexte transfrontière relatif à l'évaluation stratégique environnementale;JORFTEXT000047879048;;DLR5L16N46825;approbation_premier_amendement_protocole_convention_espoo;pjl22-438;PO59047;Commission des affaires étrangères;16;Emmanuel Macron;BORNE;non;oui;oui;non;non;0;0;1;
2023-07-23;LOI n° 2023-653 du 23 juillet 2023 autorisant la ratification du protocole du 30 avril 2010 à la convention internationale de 1996 sur la responsabilité et l'indemnisation pour les dommages liés au transport par mer de substances nocives et potentiellement dangereuses;JORFTEXT000047879051;;DLR5L16N46919;DLR5L16N46919;pjl22-219;PO59047;Commission des affaires étrangères;16;Emmanuel Macron;BORNE;non;oui;oui;non;non;0;0;1;
2023-07-23;LOI n° 2023-654 du 23 juillet 2023 autorisant l'approbation de l'accord entre le Gouvernement de la République française et le Gouvernement de la République du Sénégal sur l'octroi de l'autorisation d'exercer une activité professionnelle aux personnes à charge des agents des missions officielles de chaque Etat dans l'autre, signé à Paris le 7 septembre 2021, et de l'accord entre le Gouvernement de la République française et le Gouvernement de la République démocratique socialiste de Sri Lanka relatif à l'autorisation d'exercice d'une activité professionnelle salariée par les membres de la famille des agents des missions officielles de chaque Etat dans l'autre, signé à Paris le 23 février 2022;JORFTEXT000047879053;;DLR5L16N47271;DLR5L16N47271;pjl22-371;PO59047;Commission des affaires étrangères;16;Emmanuel Macron;BORNE;non;oui;oui;non;non;0;0;1;
2023-07-25;LOI n° 2023-656 du 25 juillet 2023 relative à l'accélération de la reconstruction et de la réfection des bâtiments dégradés ou détruits au cours des violences urbaines survenues du 27 juin au 5 juillet 2023;JORFTEXT000047881941;JORFDOLE000047823307;DLR5L16N48392;DLR5L16N48392;pjl22-888;PO419610;Commission des affaires économiques;16;Emmanuel Macron;BORNE;non;oui;non;non;non;0;0;1;
2023-07-26;LOI n° 2023-659 du 26 juillet 2023 visant à lutter contre le dumping social sur le transmanche et à renforcer la sécurité du transport maritime;JORFTEXT000047887525;JORFDOLE000047368506;DLR5L16N47089;dumping_transmanche;ppl22-469;PO420120;Commission des affaires sociales;16;Emmanuel Macron;BORNE;non;non;non;non;non;4;4;1;
2023-07-27;LOI n° 2023-668 du 27 juillet 2023 visant à protéger les logements contre l'occupation illicite;JORFTEXT000047897040;JORFDOLE000046682522;DLR5L16N46484;logements_occupationillicite;ppl22-174;PO419610;Commission des affaires économiques;16;Emmanuel Macron;BORNE;non;non;non;non;non;4;4;1;
2023-08-01;LOI n° 2023-703 du 1er août 2023 relative à la programmation militaire pour les années 2024 à 2030 et portant diverses dispositions intéressant la défense;JORFTEXT000047914986;JORFDOLE000047403917;DLR5L16N47509;programmation_militaire_2024_2030;pjl22-712;PO59046;Commission de la défense nationale et des forces armées;16;Emmanuel Macron;BORNE;non;non;non;non;non;43;43;1;
2023-10-23;LOI n° 2023-973 du 23 octobre 2023 relative à l'industrie verte;JORFTEXT000048242288;JORFDOLE000047551965;DLR5L16N47917;DLR5L16N47917;pjl22-607;PO825530;Commission spéciale chargée d’examiner le projet de loi relatif à l'industrie verte;16;Emmanuel Macron;BORNE;non;non;non;non;non;37;34;0.918918918918919;
2023-11-06;LOI n° 2023-1023 du 6 novembre 2023 autorisant l'approbation du protocole entre le Gouvernement de la République française et le Gouvernement de la République de Macédoine du Nord portant application de l'accord du 18 septembre 2007 concernant la réadmission des personnes en séjour irrégulier, signé à Skopje le 5 juillet 2021;JORFTEXT000048368151;;DLR5L16N47267;protocole_France_MacedoineduNord_sejourirregulier;pjl22-812;PO59047;Commission des affaires étrangères;16;Emmanuel Macron;BORNE;non;oui;oui;non;non;0;0;1;
2023-11-17;LOI n° 2023-1041 du 17 novembre 2023 portant mesures d'urgence pour lutter contre l'inflation concernant les produits de grande consommation;JORFTEXT000048423101;JORFDOLE000048110714;DLR5L16N48681;urgence_nego_grd_distrib;pjl23-020;PO419610;Commission des affaires économiques;16;Emmanuel Macron;BORNE;non;oui;non;non;non;0;0;1;
2023-11-20;LOI organique n° 2023-1058 du 20 novembre 2023 relative à l'ouverture, à la modernisation et à la responsabilité du corps judiciaire;JORFTEXT000048430497;JORFDOLE000047519370;DLR5L16N47780;DLR5L16N47780;pjl22-570;PO59051;Commission des lois constitutionnelles, de la législation et de l'administration générale de la République;16;Emmanuel Macron;BORNE;non;non;non;non;non;36;33;0.9166666666666666;
2023-11-20;LOI n° 2023-1059 du 20 novembre 2023 d'orientation et de programmation du ministère de la justice 2023-2027;JORFTEXT000048430512;JORFDOLE000047538699;DLR5L16N47779;DLR5L16N47779;pjl22-569;PO59051;Commission des lois constitutionnelles, de la législation et de l'administration générale de la République;16;Emmanuel Macron;BORNE;non;non;non;non;non;55;54;0.9818181818181818;
2023-11-29;LOI n° 2023-1107 du 29 novembre 2023 portant transposition de l'accord national interprofessionnel relatif au partage de la valeur au sein de l'entreprise;JORFTEXT000048480565;JORFDOLE000047583352;DLR5L16N47979;partage_valeur_accord;pjl22-816;PO420120;Commission des affaires sociales;16;Emmanuel Macron;BORNE;non;non;non;non;non;5;5;1;
2023-11-30;LOI n° 2023-1114 du 30 novembre 2023 de finances de fin de gestion pour 2023;JORFTEXT000048493365;JORFDOLE000048296923;DLR5L16N48839;PJL_finances_gestion_fin_2023;pjl23-088;PO59048;Commission des finances, de l'économie générale et du contrôle budgétaire;16;Emmanuel Macron;BORNE;non;oui;non;non;non;0;0;1;
2023-12-14;LOI n° 2023-1177 du 14 décembre 2023 visant à assurer la pérennité des établissements de spectacles cinématographiques et l'accès au cinéma dans les outre mer;JORFTEXT000048566885;JORFDOLE000047691818;DLR5L16N47515;DLR5L16N47515;ppl22-506;PO419604;Commission des affaires culturelles et de l'éducation;16;Emmanuel Macron;BORNE;non;oui;non;non;non;0;0;1;
2023-12-14;LOI n° 2023-1178 du 14 décembre 2023 visant à réduire les inégalités territoriales pour les ouvertures de casinos;JORFTEXT000048566887;JORFDOLE000047555736;DLR5L16N47246;casinos-inegalites_territoriales;ppl22-363;PO59051;Commission des lois constitutionnelles, de la législation et de l'administration générale de la République;16;Emmanuel Macron;BORNE;non;oui;non;non;non;0;0;1;
2023-12-18;LOI n° 2023-1195 du 18 décembre 2023 de programmation des finances publiques pour les années 2023 à 2027;JORFTEXT000048581885;JORFDOLE000046330139;DLR5L16N46346;programmation_finances_publiques_2023_2027;pjl22-071;PO59048;Commission des finances, de l'économie générale et du contrôle budgétaire;16;Emmanuel Macron;BORNE;non;non;non;non;non;1;0;0;
2023-12-18;LOI n° 2023-1196 du 18 décembre 2023 pour le plein emploi;JORFTEXT000048581935;JORFDOLE000047650123;DLR5L16N48163;DLR5L16N48163;pjl22-710;PO420120;Commission des affaires sociales;16;Emmanuel Macron;BORNE;non;non;non;non;non;45;36;0.8;
2023-12-22;LOI n° 2023-1232 du 22 décembre 2023 autorisant l'approbation de la convention entre le Gouvernement de la République française et le Gouvernement du Royaume du Danemark pour l'élimination de la double imposition en matière d'impôts sur le revenu et la prévention de l'évasion et de la fraude fiscales et la ratification de la convention entre la République française et la République hellénique pour l'élimination de la double imposition en matière d'impôts sur le revenu et pour la prévention de l'évasion et de la fraude fiscales;JORFTEXT000048657925;;DLR5L16N47719;DLR5L16N47719;pjl22-549;PO59047;Commission des affaires étrangères;16;Emmanuel Macron;BORNE;non;oui;oui;non;non;0;0;1;
2023-12-26;LOI n° 2023-1250 du 26 décembre 2023 de financement de la sécurité sociale pour 2024;JORFTEXT000048668665;JORFDOLE000048110467;DLR5L16N48683;PLFSS2024;plfss2024;PO420120;Commission des affaires sociales;16;Emmanuel Macron;BORNE;non;non;non;non;non;124;98;0.7903225806451613;
2023-12-26;LOI n° 2023-1251 du 26 décembre 2023 relative à la restitution de restes humains appartenant aux collections publiques;JORFTEXT000048668800;JORFDOLE000047687993;DLR5L16N47720;DLR5L16N47720;ppl22-551;PO419604;Commission des affaires culturelles et de l'éducation;16;Emmanuel Macron;BORNE;non;non;non;non;non;1;1;1;
2023-12-26;LOI n° 2023-1252 du 26 décembre 2023 visant à prolonger en 2024 l'utilisation des titres restaurant pour des achats de produits alimentaires non directement consommables;JORFTEXT000048668803;JORFDOLE000049152712;DLR5L16N48925;prolonger_2024_tickets_restaurants;ppl23-143;PO419610;Commission des affaires économiques;16;Emmanuel Macron;BORNE;non;oui;non;non;non;0;0;1;
2023-12-27;LOI n° 2023-1264 du 27 décembre 2023 autorisant l'approbation de l'accord entre le Gouvernement de la République française et le Gouvernement de la République du Panama relatif à l'exercice d'activités professionnelles rémunérées par les membres des familles des agents des missions officielles de chaque Etat dans l'autre;JORFTEXT000048678290;;DLR5L16N47439;DLR5L16N47439;pjl22-444;PO59047;Commission des affaires étrangères;16;Emmanuel Macron;BORNE;non;oui;oui;non;non;0;0;1;
2023-12-27;LOI n° 2023-1265 du 27 décembre 2023 autorisant l'approbation de l'avenant entre le Gouvernement de la République française et le Gouvernement du Grand-Duché de Luxembourg au protocole d'accord du 20 mars 2018 relatif au renforcement de la coopération en matière de transports transfrontaliers et à la convention du 23 octobre 2020 relative au financement d'aménagements visant à renforcer la desserte ferroviaire et favoriser les mobilités durables;JORFTEXT000048678292;;DLR5L16N47778;accord_France_Luxembourg_transports_transfrontaliers;pjl22-815;PO59047;Commission des affaires étrangères;16;Emmanuel Macron;BORNE;non;oui;oui;non;non;0;0;1;
2023-12-27;LOI n° 2023-1266 du 27 décembre 2023 autorisant l'approbation de l'accord entre le Gouvernement de la République française et la Banque internationale pour la reconstruction et le développement, l'Association internationale de développement, la Société financière internationale, l'Agence multilatérale de garantie des investissements et le Centre international pour le règlement des différends relatifs aux investissements;JORFTEXT000048678294;;DLR5L16N48347;reglement_differends_investissements;pjl22-937;PO59047;Commission des affaires étrangères;16;Emmanuel Macron;BORNE;non;oui;oui;non;non;0;0;1;
2023-12-27;LOI n° 2023-1267 du 27 décembre 2023 visant à faciliter la mobilité internationale des alternants, pour un « Erasmus de l'apprentissage »;JORFTEXT000048678296;JORFDOLE000047539377;DLR5L16N46767;faciliter_mobilite_alternants_Erasmus_apprentissage;ppl22-598;PO420120;Commission des affaires sociales;16;Emmanuel Macron;BORNE;non;non;non;non;non;4;4;1;
2023-12-27;LOI n° 2023-1268 du 27 décembre 2023 visant à améliorer l'accès aux soins par l'engagement territorial des professionnels;JORFTEXT000048678304;JORFDOLE000047691817;DLR5L16N47721;soins_engagement_territorial_professionnels;ppl22-747;PO420120;Commission des affaires sociales;16;Emmanuel Macron;BORNE;non;non;non;non;non;34;31;0.9117647058823529;
2023-12-27;LOI n° 2023-1269 du 27 décembre 2023 relative aux services express régionaux métropolitains;JORFTEXT000048678343;JORFDOLE000047697024;DLR5L16N47637;services_express;ppl22-749;PO419865;Commission du développement durable et de l'aménagement du territoire;16;Emmanuel Macron;BORNE;non;non;non;non;non;2;2;1;
2023-12-27;LOI n° 2023-1270 du 27 décembre 2023 relative à l'ouverture à la concurrence du réseau de bus francilien de la RATP;JORFTEXT000048678366;JORFDOLE000049150811;DLR5L16N48696;DLR5L16N48696;ppl22-943;PO419865;Commission du développement durable et de l'aménagement du territoire;16;Emmanuel Macron;BORNE;non;non;non;non;non;9;9;1;
2023-12-28;LOI n° 2023-1289 du 28 décembre 2023 relative à la prévisibilité de l'organisation des services de la navigation aérienne en cas de mouvement social et à l'adéquation entre l'ampleur de la grève et la réduction du trafic;JORFTEXT000048706102;JORFDOLE000047691878;DLR5L16N47781;DLR5L16N47781;ppl22-553;PO419865;Commission du développement durable et de l'aménagement du territoire;16;Emmanuel Macron;BORNE;non;oui;non;non;non;0;0;1;
2023-12-29;LOI n° 2023-1322 du 29 décembre 2023 de finances pour 2024;JORFTEXT000048727345;JORFDOLE000048110358;DLR5L16N48397;PLF_2024;pjlf2024;PO59048;Commission des finances, de l'économie générale et du contrôle budgétaire;16;Emmanuel Macron;BORNE;non;non;non;non;non;125;108;0.864;
2023-12-30;LOI n° 2023-1380 du 30 décembre 2023 visant à revaloriser le métier de secrétaire de mairie;JORFTEXT000048734585;JORFDOLE000047688077;DLR5L16N47755;DLR5L16N47755;ppl22-554;PO59051;Commission des lois constitutionnelles, de la législation et de l'administration générale de la République;16;Emmanuel Macron;BORNE;non;non;non;non;non;6;5;0.8333333333333334;
2024-01-26;LOI n° 2024-42 du 26 janvier 2024 pour contrôler l'immigration, améliorer l'intégration;JORFTEXT000049040245;JORFDOLE000047079143;DLR5L16N47118;DLR5L16N47118;pjl22-304;PO59051;Commission des lois constitutionnelles, de la législation et de l'administration générale de la République;16;Emmanuel Macron;ATTAL;non;non;non;non;non;29;27;0.9310344827586207;
2024-02-06;LOI n° 2024-84 du 6 février 2024 autorisant l'approbation de la convention d'entraide judiciaire en matière pénale entre le Gouvernement de la République française et le Gouvernement de la République de Maurice et la convention d'extradition entre le Gouvernement de la République française et le Gouvernement de la République de Maurice;JORFTEXT000049097485;;DLR5L16N48541;entraide_Maurice_France;pjl23-146;PO59047;Commission des affaires étrangères;16;Emmanuel Macron;ATTAL;non;oui;oui;non;non;0;0;1;
2024-02-19;LOI n° 2024-120 du 19 février 2024 visant à garantir le respect du droit à l'image des enfants;JORFTEXT000049163317;JORFDOLE000047271086;DLR5L16N47047;garantir_respect_droit_image;ppl22-396;PO59051;Commission des lois constitutionnelles, de la législation et de l'administration générale de la République;16;Emmanuel Macron;ATTAL;non;oui;non;non;non;0;0;1;
2024-03-06;LOI n° 2024-174 du 6 mars 2024 autorisant l'approbation de l'accord entre le Gouvernement de la République française et le Gouvernement de la Principauté d'Andorre concernant la démarcation et l'entretien de la frontière;JORFTEXT000049241383;;DLR5L16N48255;approbation_accord_france_andorre_demarcation;pjl23-145;PO59047;Commission des affaires étrangères;16;Emmanuel Macron;ATTAL;non;oui;oui;non;non;0;0;1;
2024-03-08;LOI constitutionnelle n° 2024-200 du 8 mars 2024 relative à la liberté de recourir à l'interruption volontaire de grossesse;JORFTEXT000049251463;JORFDOLE000048554458;DLR5L16N49095;liberte_interruption_grossesse;pjl23-299;PO59051;Commission des lois constitutionnelles, de la législation et de l'administration générale de la République;16;Emmanuel Macron;ATTAL;non;oui;non;non;non;0;0;1;
2024-03-08;LOI n° 2024-201 du 8 mars 2024 visant à renforcer la protection des mineurs et l'honorabilité dans le sport;JORFTEXT000049251465;JORFDOLE000047691829;DLR5L16N47026;DLR5L16N47026;ppl22-241;PO419604;Commission des affaires culturelles et de l'éducation;16;Emmanuel Macron;ATTAL;non;non;non;non;non;2;2;1;
2024-03-18;LOI n° 2024-233 du 18 mars 2024 visant à mieux protéger et accompagner les enfants victimes et covictimes de violences intrafamiliales;JORFTEXT000049291163;JORFDOLE000047125367;DLR5L16N46864;mieux_proteger_accompagner_victimes_violences_intrafamiliales;ppl22-344;PO59051;Commission des lois constitutionnelles, de la législation et de l'administration générale de la République;16;Emmanuel Macron;ATTAL;non;oui;non;non;non;0;0;1;
2024-03-21;LOI n° 2024-245 du 21 mars 2024 autorisant l'approbation de l'accord entre le Gouvernement de la République française et le Gouvernement du Canada relatif au déploiement d'agents de sûreté en vol;JORFTEXT000049309563;;DLR5L16N47858;approbation_accord_france_canada_vol;pjl22-938;PO59047;Commission des affaires étrangères;16;Emmanuel Macron;ATTAL;non;oui;oui;non;non;0;0;1;
2024-03-21;LOI n° 2024-246 du 21 mars 2024 autorisant l'approbation de la convention entre le Gouvernement de la République française et le Gouvernement de la République de Moldavie pour l'élimination de la double imposition en matière d'impôts sur le revenu et pour la prévention de l'évasion et de la fraude fiscales;JORFTEXT000049309565;;DLR5L16N48838;ratif_convention_fiscal_moldavie;pjl23-283;PO59047;Commission des affaires étrangères;16;Emmanuel Macron;ATTAL;non;oui;oui;non;non;0;0;1;
2024-03-21;LOI n° 2024-247 du 21 mars 2024 renforçant la sécurité et la protection des maires et des élus locaux;JORFTEXT000049309567;JORFDOLE000048197421;DLR5L16N48018;DLR5L16N48018;ppl22-648;PO59051;Commission des lois constitutionnelles, de la législation et de l'administration générale de la République;16;Emmanuel Macron;ATTAL;non;non;non;non;non;1;1;1;
2024-03-22;LOI n° 2024-250 du 22 mars 2024 visant à faciliter la mise à disposition aux régions du réseau routier national non concédé;JORFTEXT000049314103;JORFDOLE000049272376;DLR5L16N49021;faciliter_mise_disposition_regions_du_reseau_routier_national_non_concede;ppl23-347;PO59051;Commission des lois constitutionnelles, de la législation et de l'administration générale de la République;16;Emmanuel Macron;ATTAL;non;oui;non;non;non;0;0;1;
2024-03-29;LOI n° 2024-279 du 29 mars 2024 tendant à tenir compte de la capacité contributive des collectivités territoriales dans l'attribution des subventions et dotations destinées aux investissements relatifs à la transition écologique des bâtiments scolaires;JORFTEXT000049343003;JORFDOLE000049239851;DLR5L16N48597;DLR5L16N48597;ppl22-922;PO59048;Commission des finances, de l'économie générale et du contrôle budgétaire;16;Emmanuel Macron;ATTAL;non;oui;non;non;non;0;0;1;
2024-04-02;LOI n° 2024-300 du 2 avril 2024 autorisant l'approbation de l'accord entre le Gouvernement de la République française et le Gouvernement du Land du Bade-Wurtemberg relatif à la création d'une compagnie de gendarmerie fluviale franco-allemande sur le Rhin;JORFTEXT000049358003;;DLR5L16N48779;DLR5L16N48779;pjl23-050;PO59047;Commission des affaires étrangères;16;Emmanuel Macron;ATTAL;non;oui;oui;non;non;0;0;1;
2024-04-02;LOI n° 2024-301 du 2 avril 2024 visant à pérenniser les jardins d'enfants gérés par une collectivité publique ou bénéficiant de financements publics;JORFTEXT000049358005;JORFDOLE000049264743;DLR5L16N48586;perenniser_jardins_enfants_collectivite_publique;ppl23-311;PO419604;Commission des affaires culturelles et de l'éducation;16;Emmanuel Macron;ATTAL;non;oui;non;non;non;0;0;1;
2024-04-05;LOI n° 2024-309 du 5 avril 2024 relative à la mise en place et au fonctionnement de la commission d'évaluation de l'aide publique au développement instituée par la loi n° 2021-1031 du 4 août 2021;JORFTEXT000049373323;JORFDOLE000049265670;DLR5L16N47695;eval_aide_publique_dev;ppl23-264;PO59047;Commission des affaires étrangères;16;Emmanuel Macron;ATTAL;non;oui;non;non;non;0;0;1;
2024-04-05;LOI n° 2024-310 du 5 avril 2024 visant à favoriser le réemploi des véhicules, au service des mobilités durables et solidaires sur les territoires;JORFTEXT000049373326;JORFDOLE000049240685;DLR5L16N48617;DLR5L16N48617;ppl22-923;PO419865;Commission du développement durable et de l'aménagement du territoire;16;Emmanuel Macron;ATTAL;non;non;non;non;non;1;0;0;
2024-04-08;LOI n° 2024-317 du 8 avril 2024 portant mesures pour bâtir la société du bien vieillir et de l'autonomie;JORFTEXT000049385823;JORFDOLE000049262627;DLR5L16N46868;mesures_societe_bien_vieillir;ppl23-147;PO420120;Commission des affaires sociales;16;Emmanuel Macron;ATTAL;non;non;non;non;non;39;33;0.8461538461538461;
2024-04-09;LOI n° 2024-321 du 9 avril 2024 autorisant la ratification du traité d'entraide judiciaire en matière pénale entre la République française et la République du Kazakhstan;JORFTEXT000049392423;;DLR5L16N48040;entraide_kazakhstan;pjl23-212;PO59047;Commission des affaires étrangères;16;Emmanuel Macron;ATTAL;non;oui;oui;non;non;0;0;1;
2024-04-09;LOI n° 2024-322 du 9 avril 2024 visant à l'accélération et à la simplification de la rénovation de l'habitat dégradé et des grandes opérations d'aménagement;JORFTEXT000049392425;JORFDOLE000048559623;DLR5L16N49096;renovation_habitat_degrade;pjl23-278;PO419610;Commission des affaires économiques;16;Emmanuel Macron;ATTAL;non;non;non;non;non;15;12;0.8;
2024-04-11;LOI n° 2024-330 du 11 avril 2024 visant à protéger le groupe Électricité de France d'un démembrement;JORFTEXT000049405323;JORFDOLE000047125194;DLR5L16N46921;nationalisation_EDF;ppl22-341;PO59048;Commission des finances, de l'économie générale et du contrôle budgétaire;16;Emmanuel Macron;ATTAL;non;non;non;non;non;1;0;0;
2024-04-15;LOI organique n° 2024-343 du 15 avril 2024 portant report du renouvellement général des membres du congrès et des assemblées de province de la Nouvelle-Calédonie;JORFTEXT000049418383;JORFDOLE000049059364;DLR5L16N49374;DLR5L16N49374;pjl23-290;PO59051;Commission des lois constitutionnelles, de la législation et de l'administration générale de la République;16;Emmanuel Macron;ATTAL;non;oui;non;non;non;0;0;1;
2024-04-15;LOI n° 2024-344 du 15 avril 2024 visant à soutenir l'engagement bénévole et à simplifier la vie associative;JORFTEXT000049418388;JORFDOLE000049265458;DLR5L16N48422;engagement_benevole;ppl23-309;PO419604;Commission des affaires culturelles et de l'éducation;16;Emmanuel Macron;ATTAL;non;non;non;non;non;5;5;1;
2024-04-15;LOI n° 2024-345 du 15 avril 2024 ratifiant l'ordonnance n° 2023-389 du 24 mai 2023 modifiant les dispositions du code général de la propriété des personnes publiques relatives à la Polynésie française;JORFTEXT000049418430;JORFDOLE000049009926;DLR5L16N49320;DLR5L16N49320;pjl23-279;PO59051;Commission des lois constitutionnelles, de la législation et de l'administration générale de la République;16;Emmanuel Macron;ATTAL;non;oui;non;non;oui;0;0;1;
2024-04-15;LOI n° 2024-346 du 15 avril 2024 visant à adapter le droit de la responsabilité civile aux enjeux actuels;JORFTEXT000049418434;JORFDOLE000049265716;DLR5L16N48414;responsabilite_civile;ppl23-160;PO59051;Commission des lois constitutionnelles, de la législation et de l'administration générale de la République;16;Emmanuel Macron;ATTAL;non;oui;non;non;non;0;0;1;
2024-04-17;LOI n° 2024-353 du 17 avril 2024 autorisant l'approbation de l'accord global dans le domaine du transport aérien entre les Etats membres de l'Association des nations de l'Asie du sud-est, et l'Union européenne et ses Etats membres;JORFTEXT000049429503;;DLR5L16N49049;DLR5L16N49049;pjl23-180;PO59047;Commission des affaires étrangères;16;Emmanuel Macron;ATTAL;non;oui;oui;non;non;0;0;1;
2024-04-22;LOI n° 2024-364 du 22 avril 2024 portant diverses dispositions d'adaptation au droit de l'Union européenne en matière d'économie, de finances, de transition écologique, de droit pénal, de droit social et en matière agricole;JORFTEXT000049453263;JORFDOLE000048399123;DLR5L16N48908;DLR5L16N48908;pjl23-112;PO59051;Commission des lois constitutionnelles, de la législation et de l'administration générale de la République;16;Emmanuel Macron;ATTAL;non;non;non;non;non;23;21;0.9130434782608695;
2024-05-10;LOI n° 2024-420 du 10 mai 2024 visant à renforcer la lutte contre les dérives sectaires et à améliorer l'accompagnement des victimes;JORFTEXT000049523123;JORFDOLE000048404267;DLR5L16N48909;DLR5L16N48909;pjl23-111;PO59051;Commission des lois constitutionnelles, de la législation et de l'administration générale de la République;16;Emmanuel Macron;ATTAL;non;non;non;non;non;2;1;0.5;
2024-05-21;LOI organique n° 2024-448 du 21 mai 2024 modifiant la loi organique n° 2010-837 du 23 juillet 2010 relative à l'application du cinquième alinéa de l'article 13 de la Constitution;JORFTEXT000049563363;JORFDOLE000048603485;DLR5L16N49123;DLR5L16N49123;pjl23-230;PO59051;Commission des lois constitutionnelles, de la législation et de l'administration générale de la République;16;Emmanuel Macron;ATTAL;non;oui;non;non;non;0;0;1;
2024-05-21;LOI n° 2024-449 du 21 mai 2024 visant à sécuriser et à réguler l'espace numérique;JORFTEXT000049563368;JORFDOLE000047533100;DLR5L16N47884;DLR5L16N47884;pjl22-593;PO826232;Commission spéciale chargée d’examiner le projet de loi visant à sécuriser et réguler l’espace numérique;16;Emmanuel Macron;ATTAL;non;non;non;non;non;49;44;0.8979591836734694;
2024-05-21;LOI n° 2024-450 du 21 mai 2024 relative à l'organisation de la gouvernance de la sûreté nucléaire et de la radioprotection pour répondre au défi de la relance de la filière nucléaire;JORFTEXT000049563783;JORFDOLE000048632889;DLR5L16N49124;DLR5L16N49124;pjl23-229;PO419865;Commission du développement durable et de l'aménagement du territoire;16;Emmanuel Macron;ATTAL;non;non;non;non;non;17;14;0.8235294117647058;
2024-05-23;LOI n° 2024-456 du 23 mai 2024 ratifiant l'ordonnance n° 2023-285 du 19 avril 2023 portant extension et adaptation à la Polynésie française, à la Nouvelle-Calédonie et aux îles Wallis et Futuna de diverses dispositions législatives relatives à la santé;JORFTEXT000049583373;JORFDOLE000048451266;DLR5L16N48973;DLR5L16N48973;pjl23-140;PO420120;Commission des affaires sociales;16;Emmanuel Macron;ATTAL;non;oui;non;non;oui;0;0;1;
2024-05-27;LOI n° 2024-475 du 27 mai 2024 visant la prise en charge par l'Etat de l'accompagnement humain des élèves en situation de handicap durant le temps de pause méridienne;JORFTEXT000049602933;JORFDOLE000049243134;DLR5L16N48348;DLR5L16N48348;ppl22-840;PO419604;Commission des affaires culturelles et de l'éducation;16;Emmanuel Macron;ATTAL;non;oui;non;non;non;0;0;1;
2024-05-31;LOI n° 2024-494 du 31 mai 2024 visant à assurer une justice patrimoniale au sein de la famille;JORFTEXT000049629693;JORFDOLE000049265506;DLR5L16N49023;justice_patrimoniale_famille;ppl23-266;PO59051;Commission des lois constitutionnelles, de la législation et de l'administration générale de la République;16;Emmanuel Macron;ATTAL;non;oui;non;non;non;0;0;1;
2024-06-13;LOI n° 2024-536 du 13 juin 2024 renforçant l'ordonnance de protection et créant l'ordonnance provisoire de protection immédiate;JORFTEXT000049707555;JORFDOLE000049249925;DLR5L16N49029;allonger_ordonnance_protection;ppl23-380;PO59051;Commission des lois constitutionnelles, de la législation et de l'administration générale de la République;16;Emmanuel Macron;ATTAL;non;non;non;non;non;1;1;1;
2024-06-13;LOI n° 2024-537 du 13 juin 2024 visant à accroître le financement des entreprises et l'attractivité de la France;JORFTEXT000049707573;JORFDOLE000049403274;DLR5L16N49601;financement_entreprises_attractivite_France;ppl23-536;PO59048;Commission des finances, de l'économie générale et du contrôle budgétaire;16;Emmanuel Macron;ATTAL;non;non;non;non;non;21;18;0.8571428571428571;
2024-06-13;LOI n° 2024-538 du 13 juin 2024 visant à poursuivre la dématérialisation de l'état civil du ministère de l'Europe et des affaires étrangères;JORFTEXT000049707721;JORFDOLE000049536697;DLR5L16N49623;DLR5L16N49623;ppl23-433;PO59051;Commission des lois constitutionnelles, de la législation et de l'administration générale de la République;16;Emmanuel Macron;ATTAL;non;non;non;non;non;1;0;0;
2024-06-24;LOI n° 2024-582 du 24 juin 2024 améliorant l'efficacité des dispositifs de saisie et de confiscation des avoirs criminels;JORFTEXT000049775573;JORFDOLE000049260911;DLR5L16N47629;dispositifs_saisie;ppl23-169;PO59051;Commission des lois constitutionnelles, de la législation et de l'administration générale de la République;16;Emmanuel Macron;ATTAL;non;oui;non;non;non;0;0;1;
2024-07-25;LOI n° 2024-850 du 25 juillet 2024 visant à prévenir les ingérences étrangères en France;JORFTEXT000050052193;JORFDOLE000049335132;DLR5L16N49386;prevenir_ingerences_etrangeres_France;ppl23-479;PO59051;Commission des lois constitutionnelles, de la législation et de l'administration générale de la République;17;Emmanuel Macron;ATTAL;non;non;non;non;non;3;2;0.6666666666666666;
2024-11-13;LOI n° 2024-1017 du 13 novembre 2024 autorisant l'approbation de l'accord entre le Gouvernement de la République française et le Gouvernement de l'Etat indépendant de Papouasie-Nouvelle-Guinée relatif à la coopération en matière de défense et au statut des forces;JORFTEXT000050490636;;DLR5L16N49392;accord_PNG_defense;pjl23-531;PO59047;Commission des affaires étrangères;17;Emmanuel Macron;BARNIER;non;oui;oui;non;non;0;0;1;
2024-11-13;LOI n° 2024-1018 du 13 novembre 2024 autorisant la ratification de l'accord se rapportant à la convention des Nations unies sur le droit de la mer et portant sur la conservation et l'utilisation durable de la diversité biologique marine des zones ne relevant pas de la juridiction nationale;JORFTEXT000050490638;;DLR5L16N49957;convention_nations_unies_droit_mer_conservation_utilisation_durable;pjl23-645;PO59047;Commission des affaires étrangères;17;Emmanuel Macron;BARNIER;non;oui;oui;non;non;0;0;1;
2024-11-15;LOI organique n° 2024-1026 du 15 novembre 2024 visant à reporter le renouvellement général des membres du congrès et des assemblées de province de la Nouvelle-Calédonie;JORFTEXT000050500464;JORFDOLE000050394191;DLR5L17N50450;DLR5L17N50450;ppl23-759;PO59051;Commission des lois constitutionnelles, de la législation et de l'administration générale de la République;17;Emmanuel Macron;BARNIER;non;oui;non;non;non;0;0;1;
2024-11-15;LOI n° 2024-1027 du 15 novembre 2024 visant à poursuivre l'expérimentation relative au travail à temps partagé aux fins d'employabilité;JORFTEXT000050500471;JORFDOLE000049265546;DLR5L16N49033;generalisation_CDIE;ppl23-265;PO420120;Commission des affaires sociales;17;Emmanuel Macron;BARNIER;non;oui;non;non;non;0;0;1;
2024-11-15;LOI n° 2024-1028 du 15 novembre 2024 visant à améliorer le repérage et l'accompagnement des personnes présentant des troubles du neuro-développement et à favoriser le répit des proches aidants;JORFTEXT000050500482;JORFDOLE000049244307;DLR5L16N48498;DLR5L16N48498;ppl22-908;PO420120;Commission des affaires sociales;17;Emmanuel Macron;BARNIER;non;non;non;non;non;3;2;0.6666666666666666;
2024-11-19;LOI n° 2024-1039 du 19 novembre 2024 visant à renforcer les outils de régulation des meublés de tourisme à l'échelle locale;JORFTEXT000050612711;JORFDOLE000049265492;DLR5L16N47722;locatif_zone_tendue;ppl23-292;PO419610;Commission des affaires économiques;17;Emmanuel Macron;BARNIER;non;non;non;non;non;4;1;0.25;
2024-11-26;LOI n° 2024-1061 du 26 novembre 2024 visant à sécuriser le mécanisme de purge des nullités;JORFTEXT000050662812;JORFDOLE000050372085;DLR5L16N50082;DLR5L16N50082;ppl23-660;;;17;Emmanuel Macron;BARNIER;non;oui;non;non;non;0;0;1;
2024-12-06;LOI n° 2024-1167 du 6 décembre 2024 de finances de fin de gestion pour 2024;JORFTEXT000050754939;JORFDOLE000050455843;DLR5L17N50838;plffg2024;pjl24-155;PO59048;Commission des finances, de l'économie générale et du contrôle budgétaire;17;Emmanuel Macron;BARNIER;non;oui;non;non;non;0;0;1;
2024-12-13;LOI organique n° 2024-1177 du 13 décembre 2024 portant réforme du financement de l'audiovisuel public;JORFTEXT000050774292;JORFDOLE000050394198;DLR5L17N50168;DLR5L17N50168;ppl23-720;PO849323;Commission spéciale chargée d’examiner la proposition de loi organique portant réforme du financement de l’audiovisuel public;17;Emmanuel Macron;BARNIER;non;oui;non;non;non;0;0;1;
2024-12-20;LOI n° 2024-1188 du 20 décembre 2024 spéciale prévue par l'article 45 de la loi organique du 1er août 2001 relative aux lois de finances;JORFTEXT000050805059;JORFDOLE000050767111;DLR5L17N51079;pjl_speciale_article45lolf_2025;pjl24-207;PO59048;Commission des finances, de l'économie générale et du contrôle budgétaire;17;Emmanuel Macron;BAYROU;non;oui;non;non;non;0;0;1;
2025-01-21;LOI n° 2025-56 du 21 janvier 2025 visant à prolonger la dérogation d'usage des titres restaurant pour tout produit alimentaire;JORFTEXT000051018078;JORFDOLE000050646591;DLR5L17N50820;prolongation_derogation_usage_titres_restaurant;ppl24-160;PO419610;Commission des affaires économiques;17;Emmanuel Macron;BAYROU;non;oui;non;non;non;0;0;1;
2025-01-29;LOI n° 2025-74 du 29 janvier 2025 relative à l'instauration d'un nombre minimum de soignants par patient hospitalisé;JORFTEXT000051058565;JORFDOLE000047085025;DLR5L16N46650;DLR5L16N46650;ppl22-105;PO420120;Commission des affaires sociales;17;Emmanuel Macron;BAYROU;non;non;non;non;non;1;0;0;
2025-02-05;LOI n° 2025-106 du 5 février 2025 visant à améliorer la prise en charge des soins et dispositifs spécifiques au traitement du cancer du sein par l'assurance maladie;JORFTEXT000051138764;JORFDOLE000049624327;DLR5L16N49801;prise_en_charge_integrale_cancer_du_sein;ppl23-653;PO420120;Commission des affaires sociales;17;Emmanuel Macron;BAYROU;non;non;non;non;non;3;0;0;
2025-02-07;LOI n° 2025-115 du 7 février 2025 visant à proroger la loi n° 2017-285 du 6 mars 2017 relative à l'assainissement cadastral et à la résorption du désordre de la propriété;JORFTEXT000051144918;JORFDOLE000049399470;DLR5L16N48725;DLR5L16N48725;ppl23-022;PO59051;Commission des lois constitutionnelles, de la législation et de l'administration générale de la République;17;Emmanuel Macron;BAYROU;non;oui;non;non;non;0;0;1;
2025-02-14;LOI n° 2025-127 du 14 février 2025 de finances pour 2025;JORFTEXT000051168007;JORFDOLE000050332489;DLR5L17N50198;PLF2025;pjlf2025;PO59048;Commission des finances, de l'économie générale et du contrôle budgétaire;17;Emmanuel Macron;BAYROU;non;non;non;non;non;59;49;0.8305084745762712;
2025-02-14;LOI n° 2025-128 du 14 février 2025 visant à permettre l'élection du maire d'une commune nouvelle en cas de conseil municipal incomplet;JORFTEXT000051169614;JORFDOLE000050352586;DLR5L16N49843;DLR5L16N49843;ppl23-551;;;17;Emmanuel Macron;BAYROU;non;oui;non;non;non;0;0;1;
2025-02-15;LOI n° 2025-136 du 15 février 2025 visant à adapter le fonctionnement des instances de gouvernance des chambres d'agriculture et de la mutualité sociale agricole;JORFTEXT000051171077;JORFDOLE000051027353;DLR5L17N50915;exercice_democratie_agricole;ppl24-261;PO419610;Commission des affaires économiques;17;Emmanuel Macron;BAYROU;non;non;non;non;non;1;1;1;
2025-02-17;LOI n° 2025-138 du 17 février 2025 pour améliorer la prise en charge de la sclérose latérale amyotrophique et d'autres maladies évolutives graves;JORFTEXT000051186794;JORFDOLE000050352380;DLR5L16N49796;DLR5L16N49796;ppl23-542;;;17;Emmanuel Macron;BAYROU;non;oui;non;non;non;0;0;1;
2025-02-17;LOI n° 2025-139 du 17 février 2025 autorisant l'approbation de l'avenant à la convention entre le Gouvernement de la République française et le Gouvernement du Grand-duché de Luxembourg en vue d'éviter les doubles impositions et de prévenir l'évasion et la fraude fiscales en matière d'impôts sur le revenu et la fortune;JORFTEXT000051186802;;DLR5L16N49273;DLR5L16N49273;pjl23-255;PO59047;Commission des affaires étrangères;17;Emmanuel Macron;BAYROU;non;oui;oui;non;non;0;0;1;
2025-02-17;LOI n° 2025-140 du 17 février 2025 autorisant l'approbation de l'accord entre le Gouvernement de la République française et le Gouvernement de la République fédérale d'Allemagne relatif à l'apprentissage transfrontalier;JORFTEXT000051186804;;DLR5L16N49615;DLR5L16N49615;pjl23-426;PO59047;Commission des affaires étrangères;17;Emmanuel Macron;BAYROU;non;oui;oui;non;non;0;0;1;
2025-02-24;LOI n° 2025-175 du 24 février 2025 visant à interdire les dispositifs électroniques de vapotage à usage unique;JORFTEXT000051244550;JORFDOLE000049245784;DLR5L16N46655;interdire_vapotage_unique;ppl23-161;PO420120;Commission des affaires sociales;17;Emmanuel Macron;BAYROU;non;oui;non;non;non;0;0;1;
2025-02-24;LOI n° 2025-176 du 24 février 2025 d'urgence pour Mayotte;JORFTEXT000051244562;JORFDOLE000050959741;DLR5L17N51222;urgenceMayotte;pjl24-260;PO419610;Commission des affaires économiques;17;Emmanuel Macron;BAYROU;non;non;non;non;non;22;17;0.7727272727272727;
2025-02-27;LOI n° 2025-188 du 27 février 2025 visant à protéger la population des risques liés aux substances perfluoroalkylées et polyfluoroalkylées;JORFTEXT000051260902;JORFDOLE000049373243;DLR5L16N49455;proteger_population_risques_pfas;ppl23-514;PO419865;Commission du développement durable et de l'aménagement du territoire;17;Emmanuel Macron;BAYROU;non;non;non;non;non;6;6;1;
2025-02-28;LOI n° 2025-199 du 28 février 2025 de financement de la sécurité sociale pour 2025;JORFTEXT000051269481;JORFDOLE000050332564;DLR5L17N50588;plfss_pour_2025;plfss2025;PO420120;Commission des affaires sociales;17;Emmanuel Macron;BAYROU;non;non;non;non;non;78;50;0.6410256410256411;
2025-03-14;LOI n° 2025-237 du 14 mars 2025 visant à endiguer la prolifération du frelon asiatique et à préserver la filière apicole;JORFTEXT000051329052;JORFDOLE000049409140;DLR5L16N49472;DLR5L16N49472;ppl23-359;PO419865;Commission du développement durable et de l'aménagement du territoire;17;Emmanuel Macron;BAYROU;non;non;non;non;non;1;1;1;
2025-03-20;LOI n° 2025-250 du 20 mars 2025 autorisant la ratification du traité sur la coopération dans le domaine de la défense entre la République française et le Royaume d'Espagne;JORFTEXT000051357514;;DLR5L17N50946;ratification_traite_cooperation_domaine_defense_france_espagne;pjl23-707;PO59047;Commission des affaires étrangères;17;Emmanuel Macron;BAYROU;non;oui;oui;non;non;0;0;1;
2025-03-24;LOI n° 2025-268 du 24 mars 2025 d'orientation pour la souveraineté alimentaire et le renouvellement des générations en agriculture;JORFTEXT000051368091;JORFDOLE000049363907;DLR5L16N49726;souverainete_agricole_renouvellement_generations;pjl23-639;PO419610;Commission des affaires économiques;17;Emmanuel Macron;BAYROU;non;non;non;non;non;20;16;0.8;
2025-03-24;LOI n° 2025-269 du 24 mars 2025 visant à proroger le dispositif d'expérimentation favorisant l'égalité des chances pour l'accès à certaines écoles de service public;JORFTEXT000051368383;JORFDOLE000051204601;DLR5L17N51161;proroger_dispositif_experimentation_favorisant_egalite_chances;ppl24-353;PO59051;Commission des lois constitutionnelles, de la législation et de l'administration générale de la République;17;Emmanuel Macron;BAYROU;non;oui;non;non;non;0;0;1;
2025-03-25;LOI n° 2025-272 du 25 mars 2025 autorisant l'approbation de l'accord sur la création d'un espace aérien commun entre l'Union européenne et ses Etats membres, d'une part, et la République d'Arménie, d'autre part, et de l'accord sur la création d'un espace aérien commun entre l'Union européenne et ses Etats membres, d'une part, et l'Ukraine, d'autre part;JORFTEXT000051376542;;DLR5L16N49807;DLR5L16N49807;pjl23-544;;;17;Emmanuel Macron;BAYROU;non;oui;oui;non;non;0;0;1;
2025-03-25;LOI n° 2025-273 du 25 mars 2025 autorisant l'approbation de la convention d'extradition entre le Gouvernement de la République française et le Gouvernement du Royaume du Cambodge;JORFTEXT000051376545;;;;;;;17;Emmanuel Macron;BAYROU;non;oui;oui;non;non;0;0;1;
2025-03-25;LOI n° 2025-274 du 25 mars 2025 autorisant l'approbation de l'accord entre le Gouvernement de la République française et le Gouvernement de la République d'Indonésie relatif à la coopération dans le domaine de la défense;JORFTEXT000051376547;;DLR5L16N49806;DLR5L16N49806;pjl23-545;;;17;Emmanuel Macron;BAYROU;non;oui;oui;non;non;0;0;1;
2025-04-11;LOI n° 2025-327 du 11 avril 2025 visant à assouplir la gestion des compétences « eau » et « assainissement »;JORFTEXT000051451755;JORFDOLE000050372160;DLR5L16N49927;DLR5L16N49927;ppl23-556;;;17;Emmanuel Macron;BAYROU;non;non;non;non;non;2;2;1;
2025-04-14;LOI n° 2025-336 du 14 avril 2025 visant à convertir des centrales à charbon vers des combustibles moins émetteurs en dioxyde de carbone pour permettre une transition écologique plus juste socialement;JORFTEXT000051465651;JORFDOLE000051378205;DLR5L17N51485;DLR5L17N51485;ppl24-324;PO419610;Commission des affaires économiques;17;Emmanuel Macron;BAYROU;non;non;non;non;non;1;1;1;
2025-04-14;LOI n° 2025-337 du 14 avril 2025 visant à renforcer la stabilité économique et la compétitivité du secteur agroalimentaire;JORFTEXT000051465667;JORFDOLE000051344375;DLR5L17N51504;renforcer_stabilite_economique_agroalimentaire_17e;ppl24-451;PO419610;Commission des affaires économiques;17;Emmanuel Macron;BAYROU;non;oui;non;non;non;0;0;1;
2025-04-15;LOI n° 2025-339 du 15 avril 2025 autorisant l'approbation de la résolution n° 259 portant modification de l'article 1er de l'Accord portant création de la Banque européenne pour la reconstruction et le développement afin de permettre l'élargissement limité et progressif du champ d'action géographique de la Banque à l'Afrique subsaharienne et à l'Irak;JORFTEXT000051468800;;DLR5L17N51237;DLR5L17N51237;pjl24-232;PO59047;Commission des affaires étrangères;17;Emmanuel Macron;BAYROU;non;oui;oui;non;non;0;0;1;
2025-04-23;LOI n° 2025-365 du 23 avril 2025 visant à améliorer le traitement des maladies affectant les cultures végétales à l'aide d'aéronefs télépilotés;JORFTEXT000051507744;JORFDOLE000051045060;DLR5L17N50636;ameliorer_traitement_maladies_affectant_cultures_vegetales_aeronefs;ppl24-273;PO419610;Commission des affaires économiques;17;Emmanuel Macron;BAYROU;non;non;non;non;non;3;2;0.6666666666666666;
2025-04-28;LOI n° 2025-379 du 28 avril 2025 relative au renforcement de la sûreté dans les transports;JORFTEXT000051528207;JORFDOLE000049243025;DLR5L16N49176;DLR5L16N49176;ppl23-235;PO59051;Commission des lois constitutionnelles, de la législation et de l'administration générale de la République;17;Emmanuel Macron;BAYROU;non;non;non;non;non;17;10;0.5882352941176471;
2025-04-30;LOI n° 2025-391 du 30 avril 2025 portant diverses dispositions d'adaptation au droit de l'Union européenne en matière économique, financière, environnementale, énergétique, de transport, de santé et de circulation des personnes;JORFTEXT000051538879;JORFDOLE000050427907;DLR5L17N50796;diverses_dispositions_adaptation_due_2024_eco_finances_environnement;pjl24-352;PO419865;Commission du développement durable et de l'aménagement du territoire;17;Emmanuel Macron;BAYROU;non;non;non;non;non;55;39;0.7090909090909091;
2025-05-12;LOI n° 2025-412 du 12 mai 2025 visant à renforcer les conditions d'accès à la nationalité française à Mayotte;JORFTEXT000051582188;JORFDOLE000051143958;DLR5L17N51039;renforcer_conditions_acces_nationalite_francaise_mayotte;ppl24-315;PO59051;Commission des lois constitutionnelles, de la législation et de l'administration générale de la République;17;Emmanuel Macron;BAYROU;non;oui;non;non;non;0;0;1;
2025-05-13;LOI n° 2025-415 du 13 mai 2025 visant à réduire et à encadrer les frais bancaires sur succession;JORFTEXT000051586300;JORFDOLE000049267361;DLR5L16N49258;reduction_frais_bancaires_succession;ppl23-374;PO59048;Commission des finances, de l'économie générale et du contrôle budgétaire;17;Emmanuel Macron;BAYROU;non;non;non;non;non;1;1;1;
2025-05-21;LOI organique n° 2025-443 du 21 mai 2025 visant à harmoniser le mode de scrutin aux élections municipales afin de garantir la vitalité démocratique, la cohésion municipale et la parité;JORFTEXT000051643172;JORFDOLE000051314406;DLR5L17N50579;DLR5L17N50579;ppl24-011;PO59051;Commission des lois constitutionnelles, de la législation et de l'administration générale de la République;17;Emmanuel Macron;BAYROU;non;oui;non;non;non;0;0;1;
2025-05-21;LOI n° 2025-444 du 21 mai 2025 visant à harmoniser le mode de scrutin aux élections municipales afin de garantir la vitalité démocratique, la cohésion municipale et la parité;JORFTEXT000051643176;JORFDOLE000045120188;;;;;;17;Emmanuel Macron;BAYROU;non;non;non;non;non;2;2;1;
2025-05-23;LOI n° 2025-449 du 23 mai 2025 autorisant l'approbation de l'accord-cadre entre le Gouvernement de la République française et les Nations unies portant sur les arrangements relatifs aux privilèges et immunités ainsi que d'autres questions afférentes aux réunions des Nations unies tenues sur le territoire français;JORFTEXT000051655987;;DLR5L17N51729;accord_cadre_france_onu_privileges_immunites;pjl24-533;PO59047;Commission des affaires étrangères;17;Emmanuel Macron;BAYROU;non;oui;oui;non;non;0;0;1;
2025-05-30;LOI n° 2025-474 du 30 mai 2025 autorisant l'approbation de l'accord portant création du Centre de développement des capacités cyber dans les Balkans occidentaux (C3BO);JORFTEXT000051672385;;DLR5L17N50957;DLR5L17N50957;pjl24-166;PO59047;Commission des affaires étrangères;17;Emmanuel Macron;BAYROU;non;oui;oui;non;non;0;0;1;
2025-06-02;LOI n° 2025-486 du 2 juin 2025 relative au transfert à l'Etat des personnels enseignants de l'enseignement du premier degré dans les îles Wallis et Futuna;JORFTEXT000051680907;JORFDOLE000051498532;DLR5L17N51986;DLR5L17N51986;pjl24-546;PO419604;Commission des affaires culturelles et de l'éducation;17;Emmanuel Macron;BAYROU;non;oui;non;non;non;0;0;1;
2025-06-13;LOI organique n° 2025-531 du 13 juin 2025 fixant le statut du procureur de la République anti-criminalité organisée;JORFTEXT000051734847;JORFDOLE000051138342;DLR5L17N51078;DLR5L17N51078;ppl24-197;PO59051;Commission des lois constitutionnelles, de la législation et de l'administration générale de la République;17;Emmanuel Macron;BAYROU;non;oui;non;non;non;0;0;1;
2025-06-13;LOI n° 2025-532 du 13 juin 2025 visant à sortir la France du piège du narcotrafic;JORFTEXT000051734851;JORFDOLE000051138266;DLR5L17N50169;DLR5L17N50169;ppl23-735;PO59051;Commission des lois constitutionnelles, de la législation et de l'administration générale de la République;17;Emmanuel Macron;BAYROU;non;non;non;non;non;35;21;0.6;
2025-06-13;LOI n° 2025-533 du 13 juin 2025 instaurant des réponses adaptées et proportionnées pour prévenir notamment le développement des vignes non cultivées;JORFTEXT000051734925;JORFDOLE000051302164;DLR5L17N51328;dispositif_sanction_contraventionnelle_prevenir_developpement_vignes_non_cultivees_17e;ppl24-414;PO419610;Commission des affaires économiques;17;Emmanuel Macron;BAYROU;non;oui;non;non;non;0;0;1;
2025-06-13;LOI n° 2025-534 du 13 juin 2025 expérimentant l'encadrement des loyers et améliorant l'habitat dans les outre-mer;JORFTEXT000051734927;JORFDOLE000051298841;DLR5L17N51115;DLR5L17N51115;ppl24-198;PO419610;Commission des affaires économiques;17;Emmanuel Macron;BAYROU;non;non;non;non;non;2;0;0;
2025-06-16;LOI n° 2025-541 du 16 juin 2025 visant à faciliter la transformation des bureaux et autres bâtiments en logements;JORFTEXT000051745438;JORFDOLE000049249991;DLR5L16N49107;transformation_bureaux_logements;ppl23-406;PO419610;Commission des affaires économiques;17;Emmanuel Macron;BAYROU;non;non;non;non;non;1;0;0;
2025-06-23;LOI n° 2025-566 du 23 juin 2025 autorisant la ratification de la résolution LP.3(4) portant amendement de l'article 6 du Protocole de Londres de 1996 à la Convention de 1972 sur la prévention de la pollution des mers résultant de l'immersion de déchets et autres matières;JORFTEXT000051782992;;DLR5L17N51362;DLR5L17N51362;pjl23-715;PO59047;Commission des affaires étrangères;17;Emmanuel Macron;BAYROU;non;oui;oui;non;non;0;0;1;
2025-06-23;LOI n° 2025-567 du 23 juin 2025 autorisant l'approbation de l'avenant à la convention entre la France et la Suisse du 9 septembre 1966 modifiée, en vue d'éliminer les doubles impositions en matière d'impôts sur le revenu et sur la fortune et de prévenir la fraude et l'évasion fiscales;JORFTEXT000051782994;;DLR5L17N51783;DLR5L17N51783;pjl23-706;PO59047;Commission des affaires étrangères;17;Emmanuel Macron;BAYROU;non;oui;oui;non;non;0;0;1;
2025-06-23;LOI n° 2025-568 du 23 juin 2025 visant à renforcer l'autorité de la justice à l'égard des mineurs délinquants et de leurs parents;JORFTEXT000051782996;JORFDOLE000051166134;DLR5L17N50690;restaurer_autorite_justice_mineurs_delinquants_et_parents;ppl24-343;PO59051;Commission des lois constitutionnelles, de la législation et de l'administration générale de la République;17;Emmanuel Macron;BAYROU;non;non;non;non;non;2;2;1;
2025-06-27;LOI n° 2025-579 du 27 juin 2025 autorisant la ratification du traité de coopération en matière de défense entre la République française et la République de Djibouti;JORFTEXT000051806011;;DLR5L17N51789;DLR5L17N51789;pjl24-491;PO59047;Commission des affaires étrangères;17;Emmanuel Macron;BAYROU;non;oui;oui;non;non;0;0;1;
2025-06-27;LOI n° 2025-580 du 27 juin 2025 visant à améliorer l'accès aux soins par la territorialisation et la formation;JORFTEXT000051806013;JORFDOLE000051759069;DLR5L16N48758;soins_territoriaux;ppl23-189;PO420120;Commission des affaires sociales;17;Emmanuel Macron;BAYROU;non;non;non;non;non;2;0;0;
2025-06-27;LOI n° 2025-581 du 27 juin 2025 sur la profession d'infirmier;JORFTEXT000051806032;JORFDOLE000051314141;DLR5L17N51002;profession_infirmier;ppl24-420;PO420120;Commission des affaires sociales;17;Emmanuel Macron;BAYROU;non;non;non;non;non;8;4;0.5;
2025-06-30;LOI n° 2025-594 du 30 juin 2025 contre toutes les fraudes aux aides publiques;JORFTEXT000051824277;JORFDOLE000051045642;DLR5L17N50715;contre_fraudes_aides_publiques;ppl24-274;PO419610;Commission des affaires économiques;17;Emmanuel Macron;BAYROU;non;non;non;non;non;21;16;0.7619047619047619;
2025-06-30;LOI n° 2025-595 du 30 juin 2025 visant à protéger les personnes engagées dans un projet parental des discriminations au travail;JORFTEXT000051824492;JORFDOLE000051565884;DLR5L17N50689;proteger_personnes_engagees_projet_parental_discriminations_travail;ppl24-568;PO420120;Commission des affaires sociales;17;Emmanuel Macron;BAYROU;non;non;non;non;non;1;1;1;
2025-06-30;LOI n° 2025-596 du 30 juin 2025 visant à mettre en place un registre national des cancers;JORFTEXT000051824503;JORFDOLE000047691860;DLR5L16N47676;DLR5L16N47676;ppl22-546;PO420120;Commission des affaires sociales;17;Emmanuel Macron;BAYROU;non;non;non;non;non;1;1;1;
2025-07-09;LOI n° 2025-622 du 9 juillet 2025 créant l'homicide routier et visant à lutter contre la violence routière;JORFTEXT000051871463;JORFDOLE000049265475;DLR5L16N48739;homicide_lutte_violence;ppl23-308;PO59051;Commission des lois constitutionnelles, de la législation et de l'administration générale de la République;17;Emmanuel Macron;BAYROU;non;non;non;non;non;5;1;0.2;
2025-07-09;LOI n° 2025-623 du 9 juillet 2025 visant à renforcer la sécurité des professionnels de santé;JORFTEXT000051871545;JORFDOLE000049284719;DLR5L16N49299;renforcer_securite_professionnels_sante;ppl23-430;PO59051;Commission des lois constitutionnelles, de la législation et de l'administration générale de la République;17;Emmanuel Macron;BAYROU;non;non;non;non;non;1;1;1;
2025-07-15;LOI n° 2025-640 du 15 juillet 2025 portant création de l'établissement public du commerce et de l'industrie de la collectivité de Corse;JORFTEXT000051894691;JORFDOLE000051526716;DLR5L17N52002;DLR5L17N52002;pjl24-552;PO59051;Commission des lois constitutionnelles, de la législation et de l'administration générale de la République;17;Emmanuel Macron;BAYROU;non;non;non;non;non;4;4;1;
2025-07-16;LOI n° 2025-644 du 16 juillet 2025 relative à la restitution d'un bien culturel à la République de Côte d'Ivoire;JORFTEXT000051900012;JORFDOLE000051531724;DLR5L17N50882;DLR5L17N50882;ppl24-140;PO419604;Commission des affaires culturelles et de l'éducation;17;Emmanuel Macron;BAYROU;non;oui;non;non;non;0;0;1;
2025-07-18;LOI n° 2025-658 du 18 juillet 2025 relative au droit de vote par correspondance des personnes détenues;JORFTEXT000051919380;JORFDOLE000051360135;DLR5L17N51052;DLR5L17N51052;ppl24-192;PO59051;Commission des lois constitutionnelles, de la législation et de l'administration générale de la République;17;Emmanuel Macron;BAYROU;non;oui;non;non;non;0;0;1;
2025-07-21;LOI n° 2025-677 du 21 juillet 2025 autorisant l'approbation de la convention d'entraide judiciaire en matière pénale entre le Gouvernement de la République française et le Gouvernement de la République du Panama et de la convention d'extradition entre le Gouvernement de la République française et le Gouvernement de la République du Panama;JORFTEXT000051934845;;DLR5L17N51599;convention_panama_jud;pjl24-651;PO59047;Commission des affaires étrangères;17;Emmanuel Macron;BAYROU;non;oui;oui;non;non;0;0;1;
2025-07-31;LOI n° 2025-732 du 31 juillet 2025 relative à la lutte contre l'antisémitisme dans l'enseignement supérieur;JORFTEXT000052018661;JORFDOLE000051232516;DLR5L17N50724;DLR5L17N50724;ppl24-026;PO419604;Commission des affaires culturelles et de l'éducation;17;Emmanuel Macron;BAYROU;non;non;non;non;non;6;6;1;
2025-08-11;LOI organique n° 2025-793 du 11 août 2025 relative au Département-Région de Mayotte;JORFTEXT000052075804;JORFDOLE000051498891;DLR5L17N51984;DLR5L17N51984;pjl24-545;PO59051;Commission des lois constitutionnelles, de la législation et de l'administration générale de la République;17;Emmanuel Macron;BAYROU;non;non;non;non;non;1;0;0;
2025-08-11;LOI n° 2025-794 du 11 août 2025 visant à lever les contraintes à l'exercice du métier d'agriculteur;JORFTEXT000052075814;JORFDOLE000051046044;DLR5L17N50819;DLR5L17N50819;ppl24-108;PO419610;Commission des affaires économiques;17;Emmanuel Macron;BAYROU;non;non;non;non;non;8;8;1;
2025-08-11;LOI n° 2025-795 du 11 août 2025 visant à réformer le mode d'élection des membres du conseil de Paris et des conseils municipaux de Lyon et de Marseille;JORFTEXT000052075863;JORFDOLE000051446696;DLR5L17N50692;reformer_mode_election_membres_Conseil_Paris;ppl24-532;PO59051;Commission des lois constitutionnelles, de la législation et de l'administration générale de la République;17;Emmanuel Macron;BAYROU;oui;non;non;non;non;0;0;0;
2025-08-11;LOI n° 2025-796 du 11 août 2025 visant à faciliter le maintien en rétention des personnes condamnées pour des faits d'une particulière gravité et présentant de forts risques de récidive;JORFTEXT000052075884;JORFDOLE000051352203;DLR5L17N51429;DLR5L17N51429;ppl24-298;PO59051;Commission des lois constitutionnelles, de la législation et de l'administration générale de la République;17;Emmanuel Macron;BAYROU;non;non;non;non;non;1;0;0;
2025-08-11;LOI n° 2025-797 du 11 août 2025 de programmation pour la refondation de Mayotte;JORFTEXT000052075903;JORFDOLE000051498948;DLR5L17N51985;DLR5L17N51985;pjl24-544;PO59051;Commission des lois constitutionnelles, de la législation et de l'administration générale de la République;17;Emmanuel Macron;BAYROU;non;non;non;non;non;30;24;0.8;
