session;num_loi;jorf;titre;date_promulgation;date_publication_jo;convention_baro;directe_baro;n_mesures_baro;sans_echeancier_baro;categorie_senat;directe_senat;source_senat;commission_senat;note_identification
2017-2018;2017-1487;JORFTEXT000035860850;LOI n° 2017-1487 du 23 octobre 2017 ratifiant l'ordonnance n° 2017-31 du 12 janvier 2017 de mise en cohérence des textes au regard des dispositions de la loi n° 2016-41 du 26 janvier 2016 de modernisation de notre système de santé;2017-10-23;2017-10-23;non;oui;0;non;directe;oui;r18-542 p.533 (PDF);;
2017-2018;2017-1510;JORFTEXT000035932811;LOI n° 2017-1510 du 30 octobre 2017 renforçant la sécurité intérieure et la lutte contre le terrorisme;2017-10-30;2017-10-30;non;non;8;non;partielle;non;r18-542 p.534 (PDF);;
2017-2018;2017-1640;JORFTEXT000036126766;LOI n° 2017-1640 du 1er décembre 2017 de finances rectificative pour 2017;2017-12-01;2017-12-01;non;oui;0;non;directe;oui;r18-542 p.533 (PDF);;
2017-2018;2017-1754;JORFTEXT000036259042;LOI n° 2017-1754 du 25 décembre 2017 ratifiant l'ordonnance n° 2017-717 du 3 mai 2017 portant création de l'établissement public Paris La Défense;2017-12-25;2017-12-25;non;non;2;non;mise_en_application;non;r18-542 p.534 (PDF);;
2017-2018;2017-1775;JORFTEXT000036298548;LOI n° 2017-1775 du 28 décembre 2017 de finances rectificative pour 2017;2017-12-28;2017-12-28;non;non;37;non;partielle;non;r18-542 p.534 (PDF);;
2017-2018;2017-1836;JORFTEXT000036339090;LOI n° 2017-1836 du 30 décembre 2017 de financement de la sécurité sociale pour 2018;2017-12-30;2017-12-30;non;non;58;non;partielle;non;r18-542 p.534 (PDF);;
2017-2018;2017-1837;JORFTEXT000036339197;LOI n° 2017-1837 du 30 décembre 2017 de finances pour 2018;2017-12-30;2017-12-30;non;non;32;non;partielle;non;r18-542 p.534 (PDF);;
2017-2018;2017-1838;JORFTEXT000036339387;LOI n° 2017-1838 du 30 décembre 2017 relative à l'exercice des compétences des collectivités territoriales dans le domaine de la gestion des milieux aquatiques et de la prévention des inondations;2017-12-30;2017-12-30;non;oui;0;non;mise_en_application;non;r18-542 p.534 (PDF);;
2017-2018;2017-1839;JORFTEXT000036339396;LOI n° 2017-1839 du 30 décembre 2017 mettant fin à la recherche ainsi qu'à l'exploitation des hydrocarbures et portant diverses dispositions relatives à l'énergie et à l'environnement;2017-12-30;2017-12-30;non;non;7;non;partielle;non;r18-542 p.535 (PDF);;
2017-2018;2017-1841;JORFTEXT000036339435;LOI n° 2017-1841 du 30 décembre 2017 ratifiant l'ordonnance n° 2017-644 du 27 avril 2017 relative à l'adaptation des dispositions législatives relatives au fonctionnement des ordres des professions de santé;2017-12-30;2017-12-30;non;non;2;non;directe;oui;r18-542 p.533 (PDF);;
2017-2018;2018-32;JORFTEXT000036526027;LOI n° 2018-32 du 22 janvier 2018 de programmation des finances publiques pour les années 2018 à 2022;2018-01-22;2018-01-22;non;non;1;non;mise_en_application;non;r18-542 p.534 (PDF);;
2017-2018;2018-51;JORFTEXT000036559728;LOI n° 2018-51 du 31 janvier 2018 relative aux modalités de dépôt de candidature aux élections;2018-01-31;2018-01-31;non;oui;0;non;directe;oui;r18-542 p.533 (PDF);;
2017-2018;2018-84;JORFTEXT000036596170;LOI n° 2018-84 du 13 février 2018 créant un dispositif de don de jours de repos non pris au bénéfice des proches aidants de personnes en perte d'autonomie ou présentant un handicap;2018-02-13;2018-02-13;non;non;2;non;mise_en_application;non;r18-542 p.534 (PDF);;
2017-2018;2018-132;JORFTEXT000036644769;LOI n° 2018-132 du 26 février 2018 ratifiant l'ordonnance n° 2017-48 du 19 janvier 2017 relative à la profession de physicien médical et l'ordonnance n° 2017-50 du 19 janvier 2017 relative à la reconnaissance des qualifications professionnelles dans le domaine de la santé;2018-02-26;2018-02-26;non;oui;0;non;directe;oui;r18-542 p.533 (PDF);;
2017-2018;2018-133;JORFTEXT000036644772;LOI n° 2018-133 du 26 février 2018 portant diverses dispositions d'adaptation au droit de l'Union européenne dans le domaine de la sécurité;2018-02-26;2018-02-26;non;non;9;non;mise_en_application;non;r18-542 p.534 (PDF);;
2017-2018;2018-148;JORFTEXT000036666074;LOI n° 2018-148 du 2 mars 2018 ratifiant les ordonnances n° 2016-1058 du 3 août 2016 relative à la modification des règles applicables à l'évaluation environnementale des projets, plans et programmes et n° 2016-1060 du 3 août 2016 portant réforme des procédures destinées à assurer l'information et la participation du public à l'élaboration de certaines décisions susceptibles d'avoir une incidence sur l'environnement;2018-03-02;2018-03-02;non;non;1;non;directe;oui;r18-542 p.533 (PDF);;
2017-2018;2018-166;JORFTEXT000036683777;LOI n° 2018-166 du 8 mars 2018 relative à l'orientation et à la réussite des étudiants;2018-03-08;2018-03-08;non;non;8;non;partielle;non;r18-542 p.535 (PDF);;
2017-2018;2018-187;JORFTEXT000036728690;LOI n° 2018-187 du 20 mars 2018 permettant une bonne application du régime d'asile européen;2018-03-20;2018-03-20;non;non;1;non;mise_en_application;non;r18-542 p.534 (PDF);;
2017-2018;2018-202;JORFTEXT000036742943;LOI n° 2018-202 du 26 mars 2018 relative à l'organisation des jeux Olympiques et Paralympiques de 2024;2018-03-26;2018-03-26;non;non;6;non;partielle;non;r18-542 p.535 (PDF);;
2017-2018;2018-217;JORFTEXT000036755446;LOI n° 2018-217 du 29 mars 2018 ratifiant diverses ordonnances prises sur le fondement de la loi n° 2017-1340 du 15 septembre 2017 d'habilitation à prendre par ordonnances les mesures pour le renforcement du dialogue social;2018-03-29;2018-03-29;non;non;5;non;partielle;non;r18-542 p.535 (PDF);;
2017-2018;2018-266;JORFTEXT000036798673;LOI n° 2018-266 du 13 avril 2018 visant à simplifier et mieux encadrer le régime d'ouverture et de contrôle des établissements privés hors contrat;2018-04-13;2018-04-13;non;non;4;non;mise_en_application;non;r18-542 p.534 (PDF);;
2017-2018;2018-280;JORFTEXT000036819029;LOI organique n° 2018-280 du 19 avril 2018 relative à l'organisation de la consultation sur l'accession à la pleine souveraineté de la Nouvelle-Calédonie;2018-04-19;2018-04-19;non;non;5;non;mise_en_application;non;r18-542 p.534 (PDF);;
2017-2018;2018-287;JORFTEXT000036825602;LOI n° 2018-287 du 20 avril 2018 ratifiant l'ordonnance n° 2016-131 du 10 février 2016 portant réforme du droit des contrats, du régime général et de la preuve des obligations;2018-04-20;2018-04-20;non;oui;0;non;directe;oui;r18-542 p.533 (PDF);;
2017-2018;2018-493;JORFTEXT000037085952;LOI n° 2018-493 du 20 juin 2018 relative à la protection des données personnelles;2018-06-20;2018-06-20;non;non;17;non;partielle;non;r18-542 p.535 (PDF);;
2017-2018;2018-509;JORFTEXT000037102048;LOI n° 2018-509 du 25 juin 2018 relative à l'élection des représentants au Parlement européen;2018-06-25;2018-06-25;non;non;6;non;mise_en_application;non;r18-542 p.534 (PDF);;
2017-2018;2018-515;JORFTEXT000037111503;LOI n° 2018-515 du 27 juin 2018 pour un nouveau pacte ferroviaire;2018-06-27;2018-06-27;non;non;45;non;partielle;non;r18-542 p.535 (PDF);;
2017-2018;2018-527;JORFTEXT000037116260;LOI n° 2018-527 du 28 juin 2018 relative au défibrillateur cardiaque;2018-06-28;2018-06-28;non;non;2;non;partielle;non;r18-542 p.535 (PDF);;
2017-2018;2018-607;JORFTEXT000037192797;LOI n° 2018-607 du 13 juillet 2018 relative à la programmation militaire pour les années 2019 à 2025 et portant diverses dispositions intéressant la défense;2018-07-13;2018-07-13;non;non;20;non;partielle;non;r18-542 p.535 (PDF);;
2017-2018;2018-643;JORFTEXT000037240537;LOI n° 2018-643 du 23 juillet 2018 relative aux contrôles et aux sanctions en matière de concurrence en Polynésie française et en Nouvelle-Calédonie;2018-07-23;2018-07-23;non;oui;0;non;directe;oui;r18-542 p.533 (PDF);;
2017-2018;2018-652;JORFTEXT000037248223;LOI n° 2018-652 du 25 juillet 2018 de règlement du budget et d'approbation des comptes de l'année 2017;2018-07-25;2018-07-25;non;oui;0;non;directe;oui;r18-542 p.533 (PDF);;
2017-2018;2018-670;JORFTEXT000037262111;LOI n° 2018-670 du 30 juillet 2018 relative à la protection du secret des affaires;2018-07-30;2018-07-30;non;non;2;non;mise_en_application;non;r18-542 p.534 (PDF);;
2017-2018;2018-697;JORFTEXT000037284329;LOI n° 2018-697 du 3 août 2018 relative à l'harmonisation de l'utilisation des caméras mobiles par les autorités de sécurité publique;2018-08-03;2018-08-03;non;non;3;non;partielle;non;r18-542 p.535 (PDF);;
2017-2018;2018-698;JORFTEXT000037284333;LOI n° 2018-698 du 3 août 2018 relative à l'encadrement de l'utilisation du téléphone portable dans les établissements d'enseignement scolaire;2018-08-03;2018-08-03;non;oui;0;non;directe;oui;r18-542 p.533 (PDF);;
2017-2018;2018-699;JORFTEXT000037284338;LOI n° 2018-699 du 3 août 2018 visant à garantir la présence des parlementaires dans certains organismes extérieurs au Parlement et à simplifier les modalités de leur nomination;2018-08-03;2018-08-03;non;non;3;non;partielle;non;r18-542 p.535 (PDF);;
2017-2018;2018-700;JORFTEXT000037284433;LOI n° 2018-700 du 3 août 2018 ratifiant l'ordonnance n° 2017-1252 du 9 août 2017 portant transposition de la directive 2015/2366 du Parlement européen et du Conseil du 25 novembre 2015 concernant les services de paiement dans le marché intérieur;2018-08-03;2018-08-03;non;non;2;non;mise_en_application;non;r18-542 p.534 (PDF);;
2017-2018;2018-701;JORFTEXT000037284442;LOI n° 2018-701 du 3 août 2018 renforçant la lutte contre les rodéos motorisés;2018-08-03;2018-08-03;non;oui;0;non;directe;oui;r18-542 p.533 (PDF);;
2017-2018;2018-702;JORFTEXT000037284445;LOI n° 2018-702 du 3 août 2018 relative à la mise en œuvre du transfert des compétences eau et assainissement aux communautés de communes;2018-08-03;2018-08-03;non;oui;0;non;directe;oui;r18-542 p.533 (PDF);;
2017-2018;2018-703;JORFTEXT000037284450;LOI n° 2018-703 du 3 août 2018 renforçant la lutte contre les violences sexuelles et sexistes;2018-08-03;2018-08-03;non;oui;0;non;directe;oui;r18-542 p.533 (PDF);;
2017-2018;2018-727;JORFTEXT000037307624;LOI n° 2018-727 du 10 août 2018 pour un Etat au service d'une société de confiance;2018-08-10;2018-08-10;non;non;33;non;partielle;non;r18-542 p.535 (PDF);;
2017-2018;2018-771;JORFTEXT000037367660;LOI n° 2018-771 du 5 septembre 2018 pour la liberté de choisir son avenir professionnel;2018-09-05;2018-09-05;non;non;176;non;partielle;non;r18-542 p.535 (PDF);;
2017-2018;2018-778;JORFTEXT000037381808;LOI n° 2018-778 du 10 septembre 2018 pour une immigration maîtrisée, un droit d'asile effectif et une intégration réussie;2018-09-10;2018-09-10;non;non;41;non;partielle;non;r18-542 p.535 (PDF);;
2018-2019;2018-892;JORFTEXT000037503516;LOI n° 2018-892 du 17 octobre 2018 relative à la désignation aléatoire des comités de protection des personnes;2018-10-17;2018-10-17;non;oui;0;non;directe;oui;r19-523 p.622 (PDF);;
2018-2019;2018-898;JORFTEXT000037518803;LOI n° 2018-898 du 23 octobre 2018 relative à la lutte contre la fraude;2018-10-23;2018-10-23;non;non;13;non;partielle;non;r19-523 p.623 (PDF);;
2018-2019;2018-938;JORFTEXT000037547946;LOI n° 2018-938 du 30 octobre 2018 pour l'équilibre des relations commerciales dans le secteur agricole et alimentaire et une alimentation saine, durable et accessible à tous;2018-10-30;2018-10-30;non;non;29;non;partielle;non;r19-523 p.623 (PDF);;
2018-2019;2018-957;JORFTEXT000037581660;LOI n° 2018-957 du 7 novembre 2018 relative à l'accueil des gens du voyage et à la lutte contre les installations illicites;2018-11-07;2018-11-07;non;non;1;non;mise_ou_non_mise;non;r19-523 p.624 (PDF);;"annexe r19-523 p.622-624 (PDF) : la liste « Lois non mises en application (6) » reproduit mot pour mot les 6 noms de la liste « Lois mises en application (6) » ; categorie Senat de ces 6 lois indecidable entre mise en application et non mise, NON directe dans les deux cas (liste des 22 directes complete)"
2018-2019;2018-1021;JORFTEXT000037639478;LOI n° 2018-1021 du 23 novembre 2018 portant évolution du logement, de l'aménagement et du numérique;2018-11-23;2018-11-23;non;non;88;non;partielle;non;r19-523 p.623 (PDF);;
2018-2019;2018-1104;JORFTEXT000037789708;LOI n° 2018-1104 du 10 décembre 2018 de finances rectificative pour 2018;2018-12-10;2018-12-10;non;oui;0;non;directe;oui;r19-523 p.622 (PDF);;
2018-2019;2018-1201;JORFTEXT000037847556;LOI organique n° 2018-1201 du 22 décembre 2018 relative à la lutte contre la manipulation de l'information;2018-12-22;2018-12-22;non;oui;0;non;directe;oui;r19-523 p.622 (PDF);;
2018-2019;2018-1202;JORFTEXT000037847559;LOI n° 2018-1202 du 22 décembre 2018 relative à la lutte contre la manipulation de l'information;2018-12-22;2018-12-22;non;non;2;non;mise_ou_non_mise;non;r19-523 p.624 (PDF);;"annexe r19-523 p.622-624 (PDF) : la liste « Lois non mises en application (6) » reproduit mot pour mot les 6 noms de la liste « Lois mises en application (6) » ; categorie Senat de ces 6 lois indecidable entre mise en application et non mise, NON directe dans les deux cas (liste des 22 directes complete)"
2018-2019;2018-1203;JORFTEXT000037847585;LOI n° 2018-1203 du 22 décembre 2018 de financement de la sécurité sociale pour 2019;2018-12-22;2018-12-22;non;non;85;non;partielle;non;r19-523 p.623 (PDF);;
2018-2019;2018-1213;JORFTEXT000037851899;LOI n° 2018-1213 du 24 décembre 2018 portant mesures d'urgence économiques et sociales;2018-12-24;2018-12-24;non;oui;0;non;directe;oui;r19-523 p.622 (PDF);;
2018-2019;2018-1214;JORFTEXT000037851904;LOI n° 2018-1214 du 24 décembre 2018 relative à la réforme de la Caisse des Français de l'étranger;2018-12-24;2018-12-24;non;non;9;non;partielle;non;r19-523 p.623 (PDF);;
2018-2019;2018-1244;JORFTEXT000037864059;LOI n° 2018-1244 du 27 décembre 2018 visant à faciliter la sortie de l'indivision successorale et à relancer la politique du logement en outre-mer;2018-12-27;2018-12-27;non;oui;0;non;directe;oui;r19-523 p.622 (PDF);;
2018-2019;2018-1245;JORFTEXT000037864065;LOI n° 2018-1245 du 27 décembre 2018 visant à sécuriser l'exercice des praticiens diplômés hors Union européenne;2018-12-27;2018-12-27;non;oui;0;non;directe;oui;r19-523 p.622 (PDF);;
2018-2019;2018-1317;JORFTEXT000037882341;LOI n° 2018-1317 du 28 décembre 2018 de finances pour 2019;2018-12-28;2018-12-28;non;non;85;non;partielle;non;r19-523 p.623 (PDF);;
2018-2019;2019-30;JORFTEXT000038029184;LOI n° 2019-30 du 19 janvier 2019 habilitant le Gouvernement à prendre par ordonnances les mesures de préparation au retrait du Royaume-Uni de l'Union européenne;2019-01-19;2019-01-19;non;oui;0;non;mise_ou_non_mise;non;r19-523 p.624 (PDF);;"annexe r19-523 p.622-624 (PDF) : la liste « Lois non mises en application (6) » reproduit mot pour mot les 6 noms de la liste « Lois mises en application (6) » ; categorie Senat de ces 6 lois indecidable entre mise en application et non mise, NON directe dans les deux cas (liste des 22 directes complete)"
2018-2019;2019-72;JORFTEXT000038096841;LOI n° 2019-72 du 5 février 2019 visant à améliorer la santé visuelle des personnes âgées en perte d'autonomie;2019-02-05;2019-02-05;non;non;1;non;partielle;non;r19-523 p.623 (PDF);;
2018-2019;2019-161;JORFTEXT000038196209;LOI n° 2019-161 du 1er mars 2019 relative au délai d'intervention du juge des libertés et de la détention en rétention administrative à Mayotte;2019-03-01;2019-03-01;non;oui;0;non;directe;oui;r19-523 p.621 (PDF);;
2018-2019;2019-180;JORFTEXT000038215896;LOI n° 2019-180 du 8 mars 2019 visant à renforcer la prise en charge des cancers pédiatriques par la recherche, le soutien aux aidants familiaux, la formation des professionnels et le droit à l'oubli;2019-03-08;2019-03-08;non;non;3;non;mise_ou_non_mise;non;r19-523 p.623 (PDF);;"annexe r19-523 p.622-624 (PDF) : la liste « Lois non mises en application (6) » reproduit mot pour mot les 6 noms de la liste « Lois mises en application (6) » ; categorie Senat de ces 6 lois indecidable entre mise en application et non mise, NON directe dans les deux cas (liste des 22 directes complete)"
2018-2019;2019-221;JORFTEXT000038261612;LOI organique n° 2019-221 du 23 mars 2019 relative au renforcement de l'organisation des juridictions;2019-03-23;2019-03-23;non;oui;0;non;directe;oui;r19-523 p.621 (PDF);;
2018-2019;2019-222;JORFTEXT000038261631;LOI n° 2019-222 du 23 mars 2019 de programmation 2018-2022 et de réforme pour la justice;2019-03-23;2019-03-23;non;non;69;non;partielle;non;r19-523 p.623 (PDF);;
2018-2019;2019-286;JORFTEXT000038349485;LOI n° 2019-286 du 8 avril 2019 relative à la représentation des personnels administratifs, techniques et spécialisés au sein des conseils d'administration des services départementaux d'incendie et de secours;2019-04-08;2019-04-08;non;oui;0;non;directe;oui;r19-523 p.621 (PDF);;
2018-2019;2019-290;JORFTEXT000038358582;LOI n° 2019-290 du 10 avril 2019 visant à renforcer et garantir le maintien de l'ordre public lors des manifestations;2019-04-10;2019-04-10;non;oui;0;non;directe;oui;r19-523 p.621 (PDF);;
2018-2019;2019-463;JORFTEXT000038485588;LOI n° 2019-463 du 17 mai 2019 tendant à sécuriser l'actionnariat des entreprises publiques locales;2019-05-17;2019-05-17;non;oui;0;non;directe;oui;r19-523 p.621 (PDF);;
2018-2019;2019-469;JORFTEXT000038489303;LOI n° 2019-469 du 20 mai 2019 pour la protection foncière des activités agricoles et des cultures marines en zone littorale;2019-05-20;2019-05-20;non;oui;0;non;directe;oui;r19-523 p.621 (PDF);;
2018-2019;2019-485;JORFTEXT000038496095;LOI n° 2019-485 du 22 mai 2019 visant à favoriser la reconnaissance des proches aidants;2019-05-22;2019-05-22;non;oui;0;non;non_directe_inferee;non;r19-523;;"absente des listes publiees du Senat (r19-523) ; la liste des 22 lois directes etant complete (22 noms / 22 annonces), la loi est NON directe pour le Senat ; categorie fine inferee par elimination : l'une des 6 « non mises en application » dont les noms manquent (suppose)"
2018-2019;2019-486;JORFTEXT000038496102;LOI n° 2019-486 du 22 mai 2019 relative à la croissance et la transformation des entreprises;2019-05-22;2019-05-22;non;non;160;non;partielle;non;r19-523 p.623 (PDF);;
2018-2019;2019-487;JORFTEXT000038496347;LOI n° 2019-487 du 22 mai 2019 relative à l'entrée en fonction des représentants au Parlement européen élus en France aux élections de 2019;2019-05-22;2019-05-22;non;oui;0;non;directe;oui;r19-523 p.621 (PDF);;
2018-2019;2019-706;JORFTEXT000038729900;LOI organique n° 2019-706 du 5 juillet 2019 portant modification du statut d'autonomie de la Polynésie française;2019-07-05;2019-07-05;non;non;1;non;non_directe_inferee;non;r19-523;;"absente des listes publiees du Senat (r19-523) ; la liste des 22 lois directes etant complete (22 noms / 22 annonces), la loi est NON directe pour le Senat ; categorie fine inferee par elimination : l'une des 6 « non mises en application » dont les noms manquent (suppose)"
2018-2019;2019-707;JORFTEXT000038729942;LOI n° 2019-707 du 5 juillet 2019 portant diverses dispositions institutionnelles en Polynésie française;2019-07-05;2019-07-05;non;oui;0;non;directe;oui;r19-523 p.621 (PDF);;
2018-2019;2019-721;JORFTEXT000038746663;LOI n° 2019-721 du 10 juillet 2019 relative à l'interdiction des violences éducatives ordinaires;2019-07-10;2019-07-10;non;oui;0;non;directe;oui;r19-523 p.621 (PDF);;
2018-2019;2019-733;JORFTEXT000038766567;LOI n° 2019-733 du 14 juillet 2019 relative au droit de résiliation sans frais de contrats de complémentaire santé;2019-07-14;2019-07-14;non;non;8;non;non_directe_inferee;non;r19-523;;"absente des listes publiees du Senat (r19-523) ; la liste des 22 lois directes etant complete (22 noms / 22 annonces), la loi est NON directe pour le Senat ; categorie fine inferee par elimination : l'une des 6 « non mises en application » dont les noms manquent (suppose)"
2018-2019;2019-744;JORFTEXT000038792157;LOI n° 2019-744 du 19 juillet 2019 de simplification, de clarification et d'actualisation du droit des sociétés;2019-07-19;2019-07-19;non;oui;0;non;directe;oui;r19-523 p.621 (PDF);;
2018-2019;2019-753;JORFTEXT000038799829;LOI n° 2019-753 du 22 juillet 2019 portant création d'une Agence nationale de la cohésion des territoires;2019-07-22;2019-07-22;non;non;5;non;partielle;non;r19-523 p.623 (PDF);;
2018-2019;2019-759;JORFTEXT000038811588;LOI n° 2019-759 du 24 juillet 2019 portant création d'une taxe sur les services numériques et modification de la trajectoire de baisse de l'impôt sur les sociétés;2019-07-24;2019-07-24;non;oui;0;non;non_directe_inferee;non;r19-523;;"absente des listes publiees du Senat (r19-523) ; la liste des 22 lois directes etant complete (22 noms / 22 annonces), la loi est NON directe pour le Senat ; categorie fine inferee par elimination : l'une des 6 « non mises en application » dont les noms manquent (suppose)"
2018-2019;2019-773;JORFTEXT000038821234;LOI n° 2019-773 du 24 juillet 2019 portant création de l'Office français de la biodiversité, modifiant les missions des fédérations des chasseurs et renforçant la police de l'environnement;2019-07-24;2019-07-24;non;non;22;non;partielle;non;r19-523 p.623 (PDF);;
2018-2019;2019-774;JORFTEXT000038821260;LOI n° 2019-774 du 24 juillet 2019 relative à l'organisation et à la transformation du système de santé;2019-07-24;2019-07-24;non;non;109;non;partielle;non;r19-523 p.623 (PDF);;
2018-2019;2019-775;JORFTEXT000038821358;LOI n° 2019-775 du 24 juillet 2019 tendant à créer un droit voisin au profit des agences de presse et des éditeurs de presse;2019-07-24;2019-07-24;non;non;1;non;non_directe_inferee;non;r19-523;;"absente des listes publiees du Senat (r19-523) ; la liste des 22 lois directes etant complete (22 noms / 22 annonces), la loi est NON directe pour le Senat ; categorie fine inferee par elimination : l'une des 6 « non mises en application » dont les noms manquent (suppose)"
2018-2019;2019-776;JORFTEXT000038821374;LOI n° 2019-776 du 24 juillet 2019 visant à permettre aux conseillers de la métropole de Lyon de participer aux prochaines élections sénatoriales;2019-07-24;2019-07-24;non;oui;0;non;directe;oui;r19-523 p.621 (PDF);;
2018-2019;2019-786;JORFTEXT000038827241;LOI n° 2019-786 du 26 juillet 2019 relative à la Polynésie française;2019-07-26;2019-07-26;non;oui;0;non;directe;oui;r19-523 p.621 (PDF);;
2018-2019;2019-789;JORFTEXT000038829060;LOI organique n° 2019-789 du 26 juillet 2019 modifiant la loi organique n° 2010-837 du 23 juillet 2010 relative à l'application du cinquième alinéa de l'article 13 de la Constitution;2019-07-26;2019-07-26;non;oui;0;non;directe;oui;r19-523 p.621 (PDF);;
2018-2019;2019-790;JORFTEXT000038829063;LOI organique n° 2019-790 du 26 juillet 2019 relative à la nomination du directeur général de l'Agence nationale de la cohésion des territoires;2019-07-26;2019-07-26;non;oui;0;non;directe;oui;r19-523 p.621 (PDF);;
2018-2019;2019-791;JORFTEXT000038829065;LOI n° 2019-791 du 26 juillet 2019 pour une école de la confiance;2019-07-26;2019-07-26;non;non;21;non;partielle;non;r19-523 p.623 (PDF);;
2018-2019;2019-803;JORFTEXT000038843049;LOI n° 2019-803 du 29 juillet 2019 pour la conservation et la restauration de la cathédrale Notre-Dame de Paris et instituant une souscription nationale à cet effet;2019-07-29;2019-07-29;non;non;3;non;mise_ou_non_mise;non;r19-523 p.623 (PDF);;"annexe r19-523 p.622-624 (PDF) : la liste « Lois non mises en application (6) » reproduit mot pour mot les 6 noms de la liste « Lois mises en application (6) » ; categorie Senat de ces 6 lois indecidable entre mise en application et non mise, NON directe dans les deux cas (liste des 22 directes complete)"
2018-2019;2019-809;JORFTEXT000038864079;LOI n° 2019-809 du 1er août 2019 visant à adapter l'organisation des communes nouvelles à la diversité des territoires;2019-08-01;2019-08-01;non;oui;0;non;directe;oui;r19-523 p.621 (PDF);;
2018-2019;2019-810;JORFTEXT000038864094;LOI n° 2019-810 du 1er août 2019 visant à préserver les intérêts de la défense et de la sécurité nationale de la France dans le cadre de l'exploitation des réseaux radioélectriques mobiles;2019-08-01;2019-08-01;non;non;1;non;mise_ou_non_mise;non;r19-523 p.623 (PDF);;"annexe r19-523 p.622-624 (PDF) : la liste « Lois non mises en application (6) » reproduit mot pour mot les 6 noms de la liste « Lois mises en application (6) » ; categorie Senat de ces 6 lois indecidable entre mise en application et non mise, NON directe dans les deux cas (liste des 22 directes complete)"
2018-2019;2019-811;JORFTEXT000038864100;LOI n° 2019-811 du 1er août 2019 de règlement du budget et d'approbation des comptes de l'année 2018;2019-08-01;2019-08-01;non;oui;0;non;directe;oui;r19-523 p.621 (PDF);;
2018-2019;2019-812;JORFTEXT000038864110;LOI n° 2019-812 du 1er août 2019 relative à la création de l'Agence nationale du sport et à diverses dispositions relatives à l'organisation des jeux Olympiques et Paralympiques de 2024;2019-08-01;2019-08-01;non;non;4;non;partielle;non;r19-523 p.622 (PDF);;
2018-2019;2019-816;JORFTEXT000038872957;LOI n° 2019-816 du 2 août 2019 relative aux compétences de la Collectivité européenne d'Alsace;2019-08-02;2019-08-02;non;non;4;non;non_directe_inferee;non;r19-523;;"absente des listes publiees du Senat (r19-523) ; la liste des 22 lois directes etant complete (22 noms / 22 annonces), la loi est NON directe pour le Senat ; categorie fine inferee par elimination : l'une des 6 « non mises en application » dont les noms manquent (suppose)"
2018-2019;2019-828;JORFTEXT000038889182;LOI n° 2019-828 du 6 août 2019 de transformation de la fonction publique;2019-08-06;2019-08-06;non;non;145;non;partielle;non;r19-523 p.622 (PDF);;
2019-2020;2019-1063;JORFTEXT000039241255;LOI n° 2019-1063 du 18 octobre 2019 relative à la modernisation de la distribution de la presse;2019-10-18;2019-10-18;non;non;9;non;partielle;non;r20-645 p.599 (PDF);;
2019-2020;2019-1100;JORFTEXT000039295468;LOI n° 2019-1100 du 30 octobre 2019 relative à la création du Centre national de la musique;2019-10-30;2019-10-30;non;non;3;non;mise_en_application;non;r20-645 p.598 (PDF);;
2019-2020;2019-1147;JORFTEXT000039355955;LOI n° 2019-1147 du 8 novembre 2019 relative à l'énergie et au climat;2019-11-08;2019-11-08;non;non;41;non;partielle;non;r20-645 p.599 (PDF);;
2019-2020;2019-1268;JORFTEXT000039439981;LOI organique n° 2019-1268 du 2 décembre 2019 visant à clarifier diverses dispositions du droit électoral;2019-12-02;2019-12-02;non;oui;0;non;directe;oui;r20-645 p.598 (PDF);;
2019-2020;2019-1269;JORFTEXT000039439987;LOI n° 2019-1269 du 2 décembre 2019 visant à clarifier diverses dispositions du droit électoral;2019-12-02;2019-12-02;non;non;6;non;mise_en_application;non;r20-645 p.598 (PDF);;
2019-2020;2019-1270;JORFTEXT000039440006;LOI n° 2019-1270 du 2 décembre 2019 de finances rectificative pour 2019;2019-12-02;2019-12-02;non;oui;0;non;directe;oui;r20-645 p.598 (PDF);;
2019-2020;2019-1332;JORFTEXT000039480074;LOI n° 2019-1332 du 11 décembre 2019 tendant à améliorer la lisibilité du droit par l'abrogation de lois obsolètes;2019-12-11;2019-12-11;non;oui;0;non;directe;oui;r20-645 p.598 (PDF);;
2019-2020;2019-1428;JORFTEXT000039666574;LOI n° 2019-1428 du 24 décembre 2019 d'orientation des mobilités;2019-12-24;2019-12-24;non;non;128;non;partielle;non;r20-645 p.599 (PDF);;
2019-2020;2019-1446;JORFTEXT000039675317;LOI n° 2019-1446 du 24 décembre 2019 de financement de la sécurité sociale pour 2020;2019-12-24;2019-12-24;non;non;119;non;partielle;non;r20-645 p.599 (PDF);;
2019-2020;2019-1461;JORFTEXT000039681877;LOI n° 2019-1461 du 27 décembre 2019 relative à l'engagement dans la vie locale et à la proximité de l'action publique;2019-12-27;2019-12-27;non;non;23;non;partielle;non;r20-645 p.599 (PDF);;
2019-2020;2019-1479;JORFTEXT000039683923;LOI n° 2019-1479 du 28 décembre 2019 de finances pour 2020;2019-12-28;2019-12-28;non;non;88;non;partielle;non;r20-645 p.599 (PDF);;
2019-2020;2019-1480;JORFTEXT000039684243;LOI n° 2019-1480 du 28 décembre 2019 visant à agir contre les violences au sein de la famille;2019-12-28;2019-12-28;non;non;5;non;mise_en_application;non;r20-645 p.598 (PDF);;coquille de millesime dans l'annexe r20-645 p.598 (PDF) : « Loi n° 2020-1480 du 28 decembre 2019 visant a agir contre les violences au sein de la famille » = loi n° 2019-1480 (titre et date identiques)
2019-2020;2020-48;JORFTEXT000041491217;LOI n° 2020-48 du 28 janvier 2020 visant à lutter contre le mitage des espaces forestiers en Ile-de-France;2020-01-28;2020-01-28;non;oui;0;non;directe;oui;r20-645 p.597 (PDF);;
2019-2020;2020-105;JORFTEXT000041553759;LOI n° 2020-105 du 10 février 2020 relative à la lutte contre le gaspillage et à l'économie circulaire;2020-02-10;2020-02-10;non;non;89;non;partielle;non;r20-645 p.599 (PDF);;
2019-2020;2020-146;JORFTEXT000041615675;LOI n° 2020-146 du 21 février 2020 ratifiant l'ordonnance n° 2019-235 du 27 mars 2019 relative aux dispositions pénales et de procédure pénale du code de l'urbanisme de Saint-Martin;2020-02-21;2020-02-21;non;oui;0;non;directe;oui;r20-645 p.597 (PDF);;
2019-2020;2020-220;JORFTEXT000041697004;LOI n° 2020-220 du 6 mars 2020 visant à améliorer l'accès à la prestation de compensation du handicap;2020-03-06;2020-03-06;non;non;2;non;non_mise;non;r20-645 p.600 (PDF);;
2019-2020;2020-289;JORFTEXT000041746298;LOI n° 2020-289 du 23 mars 2020 de finances rectificative pour 2020;2020-03-23;2020-03-23;non;non;2;non;mise_en_application;non;r20-645 p.598 (PDF);;
2019-2020;2020-290;JORFTEXT000041746313;LOI n° 2020-290 du 23 mars 2020 d'urgence pour faire face à l'épidémie de covid-19;2020-03-23;2020-03-23;non;non;10;non;mise_en_application;non;r20-645 p.598 (PDF);;
2019-2020;2020-364;JORFTEXT000041768065;LOI organique n° 2020-364 du 30 mars 2020 modifiant la loi organique n° 2010-837 du 23 juillet 2010 relative à l'application du cinquième alinéa de l'article 13 de la Constitution;2020-03-30;2020-03-30;non;oui;0;non;directe;oui;r20-645 p.597 (PDF);;
2019-2020;2020-365;JORFTEXT000041768067;LOI organique n° 2020-365 du 30 mars 2020 d'urgence pour faire face à l'épidémie de covid-19;2020-03-30;2020-03-30;non;oui;0;non;directe;oui;r20-645 p.597 (PDF);;
2019-2020;2020-366;JORFTEXT000041768069;LOI n° 2020-366 du 30 mars 2020 modifiant la loi n° 2010-838 du 23 juillet 2010 relative à l'application du cinquième alinéa de l'article 13 de la Constitution et prorogeant le mandat des membres de la Haute Autorité pour la diffusion des œuvres et la protection des droits sur internet;2020-03-30;2020-03-30;non;oui;0;non;directe;oui;r20-645 p.597 (PDF);;
2019-2020;2020-473;JORFTEXT000041820860;LOI n° 2020-473 du 25 avril 2020 de finances rectificative pour 2020;2020-04-25;2020-04-25;non;non;6;non;mise_en_application;non;r20-645 p.598 (PDF);;
2019-2020;2020-546;JORFTEXT000041865244;LOI n° 2020-546 du 11 mai 2020 prorogeant l'état d'urgence sanitaire et complétant ses dispositions;2020-05-11;2020-05-11;non;non;5;non;mise_en_application;non;r20-645 p.598 (PDF);;
2019-2020;2020-692;JORFTEXT000041975976;LOI n° 2020-692 du 8 juin 2020 visant à améliorer les droits des travailleurs et l'accompagnement des familles après le décès d'un enfant;2020-06-08;2020-06-08;non;non;15;non;partielle;non;r20-645 p.599 (PDF);;
2019-2020;2020-699;JORFTEXT000041982762;LOI n° 2020-699 du 10 juin 2020 relative à la transparence de l'information sur les produits agricoles et alimentaires;2020-06-10;2020-06-10;non;non;4;non;non_mise;non;r20-645 p.600 (PDF);;
2019-2020;2020-734;JORFTEXT000042007059;LOI n° 2020-734 du 17 juin 2020 relative à diverses dispositions liées à la crise sanitaire, à d'autres mesures urgentes ainsi qu'au retrait du Royaume-Uni de l'Union européenne;2020-06-17;2020-06-17;non;non;24;non;partielle;non;r20-645 p.599 (PDF);;
2019-2020;2020-760;JORFTEXT000042025624;LOI n° 2020-760 du 22 juin 2020 tendant à sécuriser l'organisation du second tour des élections municipales et communautaires de juin 2020 et à reporter les élections consulaires;2020-06-22;2020-06-22;non;non;8;non;partielle;non;r20-645 p.599 (PDF);;
2019-2020;2020-766;JORFTEXT000042031970;LOI n° 2020-766 du 24 juin 2020 visant à lutter contre les contenus haineux sur internet;2020-06-24;2020-06-24;non;non;1;non;mise_en_application;non;r20-645 p.598 (PDF);;
2019-2020;2020-833;JORFTEXT000042075133;LOI n° 2020-833 du 2 juillet 2020 relative au droit des victimes de présenter une demande d'indemnité au Fonds de garantie des victimes des actes de terrorisme et d'autres infractions;2020-07-02;2020-07-02;non;oui;0;non;directe;oui;r20-645 p.597 (PDF);;
2019-2020;2020-839;JORFTEXT000042079121;LOI n° 2020-839 du 3 juillet 2020 visant à assurer la revalorisation des pensions de retraite agricoles en France continentale et dans les outre-mer;2020-07-03;2020-07-03;non;non;4;non;non_mise;non;r20-645 p.599 (PDF);;
2019-2020;2020-840;JORFTEXT000042079128;LOI n° 2020-840 du 3 juillet 2020 visant à créer le statut de citoyen sauveteur, lutter contre l'arrêt cardiaque et sensibiliser aux gestes qui sauvent;2020-07-03;2020-07-03;non;non;5;non;non_mise;non;r20-645 p.599 (PDF);;
2019-2020;2020-856;JORFTEXT000042101318;LOI n° 2020-856 du 9 juillet 2020 organisant la sortie de l'état d'urgence sanitaire;2020-07-09;2020-07-09;non;non;2;non;mise_en_application;non;r20-645 p.598 (PDF);;
2019-2020;2020-901;JORFTEXT000042148119;LOI n° 2020-901 du 24 juillet 2020 visant à encadrer le démarchage téléphonique et à lutter contre les appels frauduleux;2020-07-24;2020-07-24;non;non;5;non;non_mise;non;r20-645 p.599 (PDF);;
2019-2020;2020-909;JORFTEXT000042157638;LOI n° 2020-909 du 27 juillet 2020 visant à homologuer des peines d'emprisonnement prévues en Nouvelle-Calédonie;2020-07-27;2020-07-27;non;oui;0;non;directe;oui;r20-645 p.597 (PDF);;
2019-2020;2020-935;JORFTEXT000042176557;LOI n° 2020-935 du 30 juillet 2020 de finances rectificative pour 2020;2020-07-30;2020-07-30;non;non;17;non;partielle;non;r20-645 p.598 (PDF);;
2019-2020;2020-936;JORFTEXT000042176652;LOI n° 2020-936 du 30 juillet 2020 visant à protéger les victimes de violences conjugales;2020-07-30;2020-07-30;non;non;3;non;partielle;non;r20-645 p.598 (PDF);;
2019-2020;2020-937;JORFTEXT000042176699;LOI n° 2020-937 du 30 juillet 2020 de règlement du budget et d'approbation des comptes de l'année 2019;2020-07-30;2020-07-30;non;oui;0;non;directe;oui;r20-645 p.597 (PDF);;
2019-2020;2020-938;JORFTEXT000042176708;LOI n° 2020-938 du 30 juillet 2020 permettant d'offrir des chèques-vacances aux personnels des secteurs sanitaire et médico-social en reconnaissance de leur action durant l'épidémie de covid-19;2020-07-30;2020-07-30;non;oui;0;non;non_mise;non;r20-645 p.599 (PDF);;
2019-2020;2020-976;JORFTEXT000042197218;LOI organique n° 2020-976 du 3 août 2020 portant report de l'élection de six sénateurs représentant les Français établis hors de France et des élections partielles pour les députés et les sénateurs représentant les Français établis hors de France;2020-08-03;2020-08-03;non;oui;0;non;directe;oui;r20-645 p.597 (PDF);;
2019-2020;2020-991;JORFTEXT000042219373;LOI organique n° 2020-991 du 7 août 2020 relative à la dette sociale et à l'autonomie;2020-08-07;2020-08-07;non;oui;0;non;directe;oui;r20-645 p.597 (PDF);;
2019-2020;2020-992;JORFTEXT000042219376;LOI n° 2020-992 du 7 août 2020 relative à la dette sociale et à l'autonomie;2020-08-07;2020-08-07;non;non;2;non;mise_en_application;non;r20-645 p.598 (PDF);;
2019-2020;2020-1022;JORFTEXT000042225081;LOI organique n° 2020-1022 du 10 août 2020 prorogeant le mandat des membres du Conseil économique, social et environnemental;2020-08-10;2020-08-10;non;oui;0;non;directe;oui;r20-645 p.597 (PDF);;
2019-2020;2020-1023;JORFTEXT000042225084;LOI n° 2020-1023 du 10 août 2020 instaurant des mesures de sûreté à l'encontre des auteurs d'infractions terroristes à l'issue de leur peine;2020-08-10;2020-08-10;non;oui;0;non;directe;oui;r20-645 p.597 (PDF);;
2020-2021;2020-1266;JORFTEXT000042439054;LOI n° 2020-1266 du 19 octobre 2020 visant à encadrer l'exploitation commerciale de l'image d'enfants de moins de seize ans sur les plateformes en ligne;2020-10-19;2020-10-19;non;non;3;non;non_mise;non;r21-658 p.878 (PDF);;
2020-2021;2020-1379;JORFTEXT000042520662;LOI n° 2020-1379 du 14 novembre 2020 autorisant la prorogation de l'état d'urgence sanitaire et portant diverses mesures de gestion de la crise sanitaire;2020-11-14;2020-11-14;non;non;6;non;mise_en_application;non;r21-658 p.877 (PDF);;
2020-2021;2020-1473;JORFTEXT000042580124;LOI n° 2020-1473 du 30 novembre 2020 de finances rectificative pour 2020;2020-11-30;2020-11-30;non;oui;0;non;directe;oui;r21-658 p.876 (PDF);;
2020-2021;2020-1508;JORFTEXT000042607095;LOI n° 2020-1508 du 3 décembre 2020 portant diverses dispositions d'adaptation au droit de l'Union européenne en matière économique et financière;2020-12-03;2020-12-03;non;non;36;non;partielle;non;r21-658 p.878 (PDF);;
2020-2021;2020-1525;JORFTEXT000042619877;LOI n° 2020-1525 du 7 décembre 2020 d'accélération et de simplification de l'action publique;2020-12-07;2020-12-07;non;non;39;non;partielle;non;r21-658 p.878 (PDF);;
2020-2021;2020-1576;JORFTEXT000042665307;LOI n° 2020-1576 du 14 décembre 2020 de financement de la sécurité sociale pour 2021;2020-12-14;2020-12-14;non;non;88;non;partielle;non;r21-658 p.878 (PDF);;
2020-2021;2020-1577;JORFTEXT000042665434;LOI n° 2020-1577 du 14 décembre 2020 relative au renforcement de l'inclusion dans l'emploi par l'activité économique et à l'expérimentation « territoire zéro chômeur de longue durée »;2020-12-14;2020-12-14;non;non;21;non;partielle;non;r21-658 p.878 (PDF);;
2020-2021;2020-1578;JORFTEXT000042665456;LOI n° 2020-1578 du 14 décembre 2020 relative aux conditions de mise sur le marché de certains produits phytopharmaceutiques en cas de danger sanitaire pour les betteraves sucrières;2020-12-14;2020-12-14;non;non;3;non;mise_en_application;non;r21-658 p.877 (PDF);;
2020-2021;2020-1630;JORFTEXT000042713137;LOI n° 2020-1630 du 22 décembre 2020 relative à la répartition des sièges de conseiller à l'Assemblée de Guyane entre les sections électorales;2020-12-22;2020-12-22;non;oui;0;non;mise_en_application;non;r21-658 p.877 (PDF);;
2020-2021;2020-1669;JORFTEXT000042737966;LOI organique n° 2020-1669 du 24 décembre 2020 relative aux délais d'organisation des élections législatives et sénatoriales partielles;2020-12-24;2020-12-24;non;oui;0;non;directe;oui;r21-658 p.876 (PDF);;
2020-2021;2020-1670;JORFTEXT000042737968;LOI n° 2020-1670 du 24 décembre 2020 relative aux délais d'organisation des élections municipales partielles et des élections des membres des commissions syndicales;2020-12-24;2020-12-24;non;oui;0;non;directe;oui;r21-658 p.876 (PDF);;
2020-2021;2020-1671;JORFTEXT000042737973;LOI n° 2020-1671 du 24 décembre 2020 relative à la prorogation des chapitres VI à X du titre II du livre II et de l'article L. 851-3 du code de la sécurité intérieure;2020-12-24;2020-12-24;non;oui;0;non;directe;oui;r21-658 p.876 (PDF);;
2020-2021;2020-1672;JORFTEXT000042737977;LOI n° 2020-1672 du 24 décembre 2020 relative au Parquet européen, à la justice environnementale et à la justice pénale spécialisée;2020-12-24;2020-12-24;non;non;6;non;partielle;non;r21-658 p.878 (PDF);;
2020-2021;2020-1673;JORFTEXT000042738023;LOI n° 2020-1673 du 24 décembre 2020 relative à la restitution de biens culturels à la République du Bénin et à la République du Sénégal;2020-12-24;2020-12-24;non;oui;0;non;directe;oui;r21-658 p.876 (PDF);;
2020-2021;2020-1674;JORFTEXT000042738027;LOI n° 2020-1674 du 24 décembre 2020 de programmation de la recherche pour les années 2021 à 2030 et portant diverses dispositions relatives à la recherche et à l'enseignement supérieur;2020-12-24;2020-12-24;non;non;36;non;partielle;non;r21-658 p.878 (PDF);;
2020-2021;2020-1721;JORFTEXT000042753580;LOI n° 2020-1721 du 29 décembre 2020 de finances pour 2021;2020-12-29;2020-12-29;non;non;92;non;partielle;non;r21-658 p.878 (PDF);;
2020-2021;2021-27;JORFTEXT000042992836;LOI organique n° 2021-27 du 15 janvier 2021 relative au Conseil économique, social et environnemental;2021-01-15;2021-01-15;non;non;4;non;partielle;non;r21-658 p.877 (PDF);;
2020-2021;2021-85;JORFTEXT000043080343;LOI n° 2021-85 du 29 janvier 2021 visant à définir et protéger le patrimoine sensoriel des campagnes françaises;2021-01-29;2021-01-29;non;oui;0;non;directe;oui;r21-658 p.875 (PDF);;
2020-2021;2021-160;JORFTEXT000043134078;LOI n° 2021-160 du 15 février 2021 prorogeant l'état d'urgence sanitaire;2021-02-15;2021-02-15;non;oui;0;non;directe;oui;r21-658 p.875 (PDF);;
2020-2021;2021-191;JORFTEXT000043168354;LOI n° 2021-191 du 22 février 2021 portant report, de mars à juin 2021, du renouvellement général des conseils départementaux, des conseils régionaux et des assemblées de Corse, de Guyane et de Martinique;2021-02-22;2021-02-22;non;oui;0;non;mise_en_application;non;r21-658 p.877 (PDF);;
2020-2021;2021-194;JORFTEXT000043173052;LOI n° 2021-194 du 23 février 2021 habilitant le Gouvernement à prendre les mesures relevant du domaine de la loi nécessaires pour assurer la conformité du droit interne aux principes du code mondial antidopage et renforcer l'efficacité de la lutte contre le dopage;2021-02-23;2021-02-23;non;oui;0;non;directe;oui;r21-658 p.875 (PDF);;
2020-2021;2021-195;JORFTEXT000043173054;LOI n° 2021-195 du 23 février 2021 ratifiant diverses ordonnances prises sur le fondement de l'article 11 de la loi n° 2020-290 du 23 mars 2020 d'urgence pour faire face à l'épidémie de covid-19;2021-02-23;2021-02-23;non;oui;0;non;directe;oui;r21-658 p.875 (PDF);;
2020-2021;2021-218;JORFTEXT000043189286;LOI n° 2021-218 du 26 février 2021 ratifiant l'ordonnance n° 2019-950 du 11 septembre 2019 portant partie législative du code de la justice pénale des mineurs;2021-02-26;2021-02-26;non;non;1;non;mise_en_application;non;r21-658 p.876 (PDF);;
2020-2021;2021-219;JORFTEXT000043189305;LOI n° 2021-219 du 26 février 2021 relative à la déshérence des contrats de retraite supplémentaire;2021-02-26;2021-02-26;non;non;2;non;mise_en_application;non;r21-658 p.876 (PDF);;
2020-2021;2021-335;JORFTEXT000043302367;LOI organique n° 2021-335 du 29 mars 2021 portant diverses mesures relatives à l'élection du Président de la République;2021-03-29;2021-03-29;non;non;1;non;mise_en_application;non;r21-658 p.876 (PDF);;
2020-2021;2021-401;JORFTEXT000043339206;LOI n° 2021-401 du 8 avril 2021 améliorant l'efficacité de la justice de proximité et de la réponse pénale;2021-04-08;2021-04-08;non;non;6;non;mise_en_application;non;r21-658 p.876 (PDF);;
2020-2021;2021-402;JORFTEXT000043339224;LOI n° 2021-402 du 8 avril 2021 relative à la réforme du courtage de l'assurance et du courtage en opérations de banque et en services de paiement;2021-04-08;2021-04-08;non;non;6;non;mise_en_application;non;r21-658 p.876 (PDF);;
2020-2021;2021-403;JORFTEXT000043339226;LOI n° 2021-403 du 8 avril 2021 tendant à garantir le droit au respect de la dignité en détention;2021-04-08;2021-04-08;non;non;1;non;mise_en_application;non;r21-658 p.876 (PDF);;
2020-2021;2021-467;JORFTEXT000043390423;LOI organique n° 2021-467 du 19 avril 2021 relative à la simplification des expérimentations mises en œuvre sur le fondement du quatrième alinéa de l'article 72 de la Constitution;2021-04-19;2021-04-19;non;oui;0;non;directe;oui;r21-658 p.875 (PDF);;
2020-2021;2021-478;JORFTEXT000043403203;LOI n° 2021-478 du 21 avril 2021 visant à protéger les mineurs des crimes et délits sexuels et de l'inceste;2021-04-21;2021-04-21;non;oui;0;non;directe;oui;r21-658 p.875 (PDF);;
2020-2021;2021-502;JORFTEXT000043421566;LOI n° 2021-502 du 26 avril 2021 visant à améliorer le système de santé par la confiance et la simplification;2021-04-26;2021-04-26;non;non;16;non;partielle;non;r21-658 p.877 (PDF);;
2020-2021;2021-513;JORFTEXT000043458617;LOI n° 2021-513 du 29 avril 2021 rénovant la gouvernance des services publics d'eau potable et d'assainissement en Guadeloupe;2021-04-29;2021-04-29;non;non;1;non;directe;oui;r21-658 p.875 (PDF);;
2020-2021;2021-641;JORFTEXT000043524722;LOI n° 2021-641 du 21 mai 2021 relative à la protection patrimoniale des langues régionales et à leur promotion;2021-05-21;2021-05-21;non;oui;0;non;directe;oui;r21-658 p.875 (PDF);;
2020-2021;2021-646;JORFTEXT000043530276;LOI n° 2021-646 du 25 mai 2021 pour une sécurité globale préservant les libertés;2021-05-25;2021-05-25;non;non;35;non;partielle;non;r21-658 p.877 (PDF);;
2020-2021;2021-689;JORFTEXT000043567200;LOI n° 2021-689 du 31 mai 2021 relative à la gestion de la sortie de crise sanitaire;2021-05-31;2021-05-31;non;non;8;non;mise_en_application;non;r21-658 p.876 (PDF);;
2020-2021;2021-695;JORFTEXT000043575111;LOI n° 2021-695 du 1er juin 2021 tendant à prévenir les usages dangereux du protoxyde d'azote;2021-06-01;2021-06-01;non;non;1;non;non_mise;non;r21-658 p.878 (PDF);;
2020-2021;2021-710;JORFTEXT000043604510;LOI n° 2021-710 du 4 juin 2021 visant à moderniser les outils et la gouvernance de la Fondation du patrimoine;2021-06-04;2021-06-04;non;oui;0;non;directe;oui;r21-658 p.875 (PDF);;
2020-2021;2021-725;JORFTEXT000043623358;LOI n° 2021-725 du 8 juin 2021 visant à sécuriser les droits à protection sociale des assistants maternels et des salariés des particuliers employeurs;2021-06-08;2021-06-08;non;oui;0;non;directe;oui;r21-658 p.875 (PDF);;
2020-2021;2021-771;JORFTEXT000043672870;LOI n° 2021-771 du 17 juin 2021 ratifiant les ordonnances n° 2021-45 du 20 janvier 2021 et n° 2021-71 du 27 janvier 2021 portant réforme de la formation des élus locaux;2021-06-17;2021-06-17;non;non;2;non;partielle;non;r21-658 p.877 (PDF);;
2020-2021;2021-874;JORFTEXT000043741537;LOI n° 2021-874 du 1er juillet 2021 en faveur de l'engagement associatif;2021-07-01;2021-07-01;non;oui;0;non;directe;oui;r21-658 p.875 (PDF);;
2020-2021;2021-875;JORFTEXT000043741543;LOI n° 2021-875 du 1er juillet 2021 visant à améliorer la trésorerie des associations;2021-07-01;2021-07-01;non;non;1;non;non_mise;non;r21-658 p.878 (PDF);;
2020-2021;2021-953;JORFTEXT000043805899;LOI n° 2021-953 du 19 juillet 2021 de finances rectificative pour 2021;2021-07-19;2021-07-19;non;non;9;non;partielle;non;r21-658 p.877 (PDF);;
2020-2021;2021-998;JORFTEXT000043876100;LOI n° 2021-998 du 30 juillet 2021 relative à la prévention d'actes de terrorisme et au renseignement;2021-07-30;2021-07-30;non;non;9;non;partielle;non;r21-658 p.877 (PDF);;
2020-2021;2021-1017;JORFTEXT000043884384;LOI n° 2021-1017 du 2 août 2021 relative à la bioéthique;2021-08-02;2021-08-02;non;non;32;non;partielle;non;r21-658 p.877 (PDF);;
2020-2021;2021-1018;JORFTEXT000043884445;LOI n° 2021-1018 du 2 août 2021 pour renforcer la prévention en santé au travail;2021-08-02;2021-08-02;non;non;57;non;partielle;non;r21-658 p.877 (PDF);;
2020-2021;2021-1031;JORFTEXT000043898536;LOI n° 2021-1031 du 4 août 2021 de programmation relative au développement solidaire et à la lutte contre les inégalités mondiales;2021-08-04;2021-08-04;non;non;3;non;non_mise;non;r21-658 p.878 (PDF);;
2020-2021;2021-1039;JORFTEXT000043909665;LOI n° 2021-1039 du 5 août 2021 de règlement du budget et d'approbation des comptes de l'année 2020;2021-08-05;2021-08-05;non;oui;0;non;directe;oui;r21-658 p.875 (PDF);;
2020-2021;2021-1040;JORFTEXT000043909676;LOI n° 2021-1040 du 5 août 2021 relative à la gestion de la crise sanitaire;2021-08-05;2021-08-05;non;non;13;non;mise_en_application;non;r21-658 p.876 (PDF);;
2020-2021;2021-1104;JORFTEXT000043956924;LOI n° 2021-1104 du 22 août 2021 portant lutte contre le dérèglement climatique et renforcement de la résilience face à ses effets;2021-08-22;2021-08-22;non;non;150;non;partielle;non;r21-658 p.877 (PDF);;
2020-2021;2021-1109;JORFTEXT000043964778;LOI n° 2021-1109 du 24 août 2021 confortant le respect des principes de la République;2021-08-24;2021-08-24;non;non;48;non;partielle;non;r21-658 p.877 (PDF);;
2020-2021;2021-1172;JORFTEXT000044036407;LOI n° 2021-1172 du 11 septembre 2021 autorisant la prorogation de l'état d'urgence sanitaire dans les outre-mer;2021-09-11;2021-09-11;non;oui;0;non;directe;oui;r21-658 p.875 (PDF);;
2021-2022;2021-1308;JORFTEXT000044176983;LOI n° 2021-1308 du 8 octobre 2021 portant diverses dispositions d'adaptation au droit de l'Union européenne dans le domaine des transports, de l'environnement, de l'économie et des finances;2021-10-08;2021-10-08;non;non;20;non;partielle;non;r22-636 p.563 (PDF);;
2021-2022;2021-1317;JORFTEXT000044183797;LOI n° 2021-1317 du 11 octobre 2021 permettant la réélection des juges consulaires dans les tribunaux de commerce;2021-10-11;2021-10-11;non;oui;0;non;directe;oui;r22-636 p.561 (PDF);;
2021-2022;2021-1357;JORFTEXT000044220683;LOI n° 2021-1357 du 18 octobre 2021 visant à protéger la rémunération des agriculteurs;2021-10-18;2021-10-18;non;non;19;non;partielle;non;r22-636 p.563 (PDF);;
2021-2022;2021-1360;JORFTEXT000044228872;LOI n° 2021-1360 du 20 octobre 2021 visant au gel des matchs de football le 5 mai;2021-10-20;2021-10-20;non;oui;0;non;directe;oui;r22-636 p.561 (PDF);;
2021-2022;2021-1381;JORFTEXT000044245612;LOI organique n° 2021-1381 du 25 octobre 2021 modifiant la loi organique n° 2010-837 du 23 juillet 2010 relative à l'application du cinquième alinéa de l'article 13 de la Constitution;2021-10-25;2021-10-25;non;oui;0;non;directe;oui;r22-636 p.561 (PDF);;
2021-2022;2021-1382;JORFTEXT000044245615;LOI n° 2021-1382 du 25 octobre 2021 relative à la régulation et à la protection de l'accès aux œuvres culturelles à l'ère numérique;2021-10-25;2021-10-25;non;non;12;non;partielle;non;r22-636 p.563 (PDF);;
2021-2022;2021-1465;JORFTEXT000044315202;LOI n° 2021-1465 du 10 novembre 2021 portant diverses dispositions de vigilance sanitaire;2021-11-10;2021-11-10;non;oui;0;non;mise_en_application;non;r22-636 p.562 (PDF);;
2021-2022;2021-1484;JORFTEXT000044327270;LOI n° 2021-1484 du 15 novembre 2021 visant à améliorer les conditions de présence parentale auprès d'un enfant dont la pathologie nécessite un accompagnement soutenu;2021-11-15;2021-11-15;non;oui;0;non;mise_en_application;non;r22-636 p.562 (PDF);;
2021-2022;2021-1485;JORFTEXT000044327272;LOI n° 2021-1485 du 15 novembre 2021 visant à réduire l'empreinte environnementale du numérique en France;2021-11-15;2021-11-15;non;non;4;non;partielle;non;r22-636 p.563 (PDF);;
2021-2022;2021-1520;JORFTEXT000044367862;LOI n° 2021-1520 du 25 novembre 2021 visant à consolider notre modèle de sécurité civile et valoriser le volontariat des sapeurs-pompiers et les sapeurs-pompiers professionnels;2021-11-25;2021-11-25;non;non;29;non;partielle;non;r22-636 p.563 (PDF);;
2021-2022;2021-1539;JORFTEXT000044387560;LOI n° 2021-1539 du 30 novembre 2021 visant à lutter contre la maltraitance animale et conforter le lien entre les animaux et les hommes;2021-11-30;2021-11-30;non;non;13;non;partielle;non;r22-636 p.563 (PDF);;
2021-2022;2021-1549;JORFTEXT000044394364;LOI n° 2021-1549 du 1er décembre 2021 de finances rectificative pour 2021;2021-12-01;2021-12-01;non;non;2;non;directe;oui;r22-636 p.561 (PDF);;
2021-2022;2021-1575;JORFTEXT000044441220;LOI n° 2021-1575 du 6 décembre 2021 relative aux restrictions d'accès à certaines professions en raison de l'état de santé;2021-12-06;2021-12-06;non;non;1;non;mise_en_application;non;r22-636 p.562 (PDF);;
2021-2022;2021-1576;JORFTEXT000044441223;LOI n° 2021-1576 du 6 décembre 2021 visant à nommer les enfants nés sans vie;2021-12-06;2021-12-06;non;oui;0;non;directe;oui;r22-636 p.561 (PDF);;
2021-2022;2021-1577;JORFTEXT000044441225;LOI n° 2021-1577 du 6 décembre 2021 portant diverses dispositions relatives au Haut Conseil des finances publiques et à l'information du Parlement sur les finances publiques;2021-12-06;2021-12-06;non;oui;0;non;directe;oui;r22-636 p.561 (PDF);;
2021-2022;2021-1678;JORFTEXT000044513764;LOI n° 2021-1678 du 17 décembre 2021 visant à l'accompagnement des enfants atteints de pathologie chronique ou de cancer;2021-12-17;2021-12-17;non;non;2;non;partielle;non;r22-636 p.563 (PDF);;
2021-2022;2021-1679;JORFTEXT000044513772;LOI n° 2021-1679 du 17 décembre 2021 visant à assurer la revalorisation des pensions de retraites agricoles les plus faibles;2021-12-17;2021-12-17;non;oui;0;non;partielle;non;r22-636 p.563 (PDF);;
2021-2022;2021-1716;JORFTEXT000044537507;LOI n° 2021-1716 du 21 décembre 2021 créant la fonction de directrice ou de directeur d'école;2021-12-21;2021-12-21;non;non;6;non;partielle;non;r22-636 p.563 (PDF);;
2021-2022;2021-1717;JORFTEXT000044537514;LOI n° 2021-1717 du 21 décembre 2021 relative aux bibliothèques et au développement de la lecture publique;2021-12-21;2021-12-21;non;oui;0;non;directe;oui;r22-636 p.561 (PDF);;
2021-2022;2021-1728;JORFTEXT000044545982;LOI organique n° 2021-1728 du 22 décembre 2021 pour la confiance dans l'institution judiciaire;2021-12-22;2021-12-22;non;non;3;non;mise_en_application;non;r22-636 p.562 (PDF);;
2021-2022;2021-1729;JORFTEXT000044545992;LOI n° 2021-1729 du 22 décembre 2021 pour la confiance dans l'institution judiciaire;2021-12-22;2021-12-22;non;non;22;non;partielle;non;r22-636 p.563 (PDF);;
2021-2022;2021-1754;JORFTEXT000044553428;LOI n° 2021-1754 du 23 décembre 2021 de financement de la sécurité sociale pour 2022;2021-12-23;2021-12-23;non;non;102;non;partielle;non;r22-636 p.564 (PDF);;
2021-2022;2021-1755;JORFTEXT000044553569;LOI n° 2021-1755 du 23 décembre 2021 visant à renforcer la régulation environnementale du numérique par l'Autorité de régulation des communications électroniques, des postes et de la distribution de la presse;2021-12-23;2021-12-23;non;non;2;non;mise_en_application;non;r22-636 p.562 (PDF);;
2021-2022;2021-1756;JORFTEXT000044553572;LOI n° 2021-1756 du 23 décembre 2021 portant mesures d'urgence pour assurer la régulation de l'accès au foncier agricole au travers de structures sociétaires;2021-12-23;2021-12-23;non;non;7;non;mise_en_application;non;r22-636 p.562 (PDF);;
2021-2022;2021-1774;JORFTEXT000044559192;LOI n° 2021-1774 du 24 décembre 2021 visant à accélérer l'égalité économique et professionnelle;2021-12-24;2021-12-24;non;non;10;non;partielle;non;r22-636 p.564 (PDF);;
2021-2022;2021-1836;JORFTEXT000044589827;LOI organique n° 2021-1836 du 28 décembre 2021 relative à la modernisation de la gestion des finances publiques;2021-12-28;2021-12-28;non;oui;0;non;partielle;non;r22-636 p.564 (PDF);;
2021-2022;2021-1837;JORFTEXT000044589864;LOI n° 2021-1837 du 28 décembre 2021 relative à l'indemnisation des catastrophes naturelles;2021-12-28;2021-12-28;non;non;7;non;mise_en_application;non;r22-636 p.562 (PDF);;
2021-2022;2021-1900;JORFTEXT000044637640;LOI n° 2021-1900 du 30 décembre 2021 de finances pour 2022;2021-12-30;2021-12-30;non;non;68;non;partielle;non;r22-636 p.564 (PDF);;
2021-2022;2021-1901;JORFTEXT000044637892;LOI n° 2021-1901 du 30 décembre 2021 visant à conforter l'économie du livre et à renforcer l'équité et la confiance entre ses acteurs;2021-12-30;2021-12-30;non;non;2;non;partielle;non;r22-636 p.564 (PDF);;
2021-2022;2022-46;JORFTEXT000045062855;LOI n° 2022-46 du 22 janvier 2022 renforçant les outils de gestion de la crise sanitaire et modifiant le code de la santé publique;2022-01-22;2022-01-22;non;non;8;non;mise_en_application;non;r22-636 p.562 (PDF);;
2021-2022;2022-52;JORFTEXT000045067923;LOI n° 2022-52 du 24 janvier 2022 relative à la responsabilité pénale et à la sécurité intérieure;2022-01-24;2022-01-24;non;non;13;non;partielle;non;r22-636 p.564 (PDF);;
2021-2022;2022-53;JORFTEXT000045067964;LOI n° 2022-53 du 24 janvier 2022 visant à la création d'une plateforme de référencement et de prise en charge des malades chroniques de la covid-19;2022-01-24;2022-01-24;non;non;1;non;non_mise;non;r22-636 p.564 (PDF);;
2021-2022;2022-92;JORFTEXT000045097703;LOI n° 2022-92 du 31 janvier 2022 interdisant les pratiques visant à modifier l'orientation sexuelle ou l'identité de genre d'une personne;2022-01-31;2022-01-31;non;oui;0;non;directe;oui;r22-636 p.561 (PDF);;
2021-2022;2022-139;JORFTEXT000045133768;LOI n° 2022-139 du 7 février 2022 ratifiant l'ordonnance n° 2021-484 du 21 avril 2021 relative aux modalités de représentation des travailleurs indépendants recourant pour leur activité aux plateformes et aux conditions d'exercice de cette représentation et portant habilitation du Gouvernement à compléter par ordonnance les règles organisant le dialogue social avec les plateformes;2022-02-07;2022-02-07;non;oui;0;non;directe;oui;r22-636 p.561 (PDF);;
2021-2022;2022-140;JORFTEXT000045133771;LOI n° 2022-140 du 7 février 2022 relative à la protection des enfants;2022-02-07;2022-02-07;non;non;26;non;partielle;non;r22-636 p.564 (PDF);;
2021-2022;2022-171;JORFTEXT000045167534;LOI n° 2022-171 du 14 février 2022 tendant à abroger des lois obsolètes pour une meilleure lisibilité du droit;2022-02-14;2022-02-14;non;oui;0;non;directe;oui;r22-636 p.561 (PDF);;
2021-2022;2022-172;JORFTEXT000045167536;LOI n° 2022-172 du 14 février 2022 en faveur de l'activité professionnelle indépendante;2022-02-14;2022-02-14;non;non;16;non;partielle;non;r22-636 p.564 (PDF);;
2021-2022;2022-217;JORFTEXT000045197395;LOI n° 2022-217 du 21 février 2022 relative à la différenciation, la décentralisation, la déconcentration et portant diverses mesures de simplification de l'action publique locale;2022-02-21;2022-02-21;non;non;83;non;partielle;non;r22-636 p.564 (PDF);;
2021-2022;2022-218;JORFTEXT000045197692;LOI n° 2022-218 du 21 février 2022 relative à la restitution ou la remise de certains biens culturels aux ayants droit de leurs propriétaires victimes de persécutions antisémites;2022-02-21;2022-02-21;non;oui;0;non;directe;oui;r22-636 p.562 (PDF);;
2021-2022;2022-219;JORFTEXT000045197698;LOI n° 2022-219 du 21 février 2022 visant à réformer l'adoption;2022-02-21;2022-02-21;non;non;5;non;non_mise;non;r22-636 p.564 (PDF);;
2021-2022;2022-229;JORFTEXT000045220741;LOI n° 2022-229 du 23 février 2022 portant reconnaissance de la Nation envers les harkis et les autres personnes rapatriées d'Algérie anciennement de statut civil de droit local et réparation des préjudices subis par ceux-ci et leurs familles du fait de l'indignité de leurs conditions d'accueil et de vie dans certaines structures sur le territoire français;2022-02-23;2022-02-23;non;non;3;non;mise_en_application;non;r22-636 p.563 (PDF);;
2021-2022;2022-267;JORFTEXT000045268693;LOI n° 2022-267 du 28 février 2022 visant à moderniser la régulation du marché de l'art;2022-02-28;2022-02-28;non;non;5;non;directe;oui;r22-636 p.562 (PDF);;
2021-2022;2022-268;JORFTEXT000045268705;LOI n° 2022-268 du 28 février 2022 visant à simplifier l'accès des experts forestiers aux données cadastrales;2022-02-28;2022-02-28;non;non;1;non;non_mise;non;r22-636 p.564 (PDF);;
2021-2022;2022-269;JORFTEXT000045268707;LOI n° 2022-269 du 28 février 2022 ratifiant les ordonnances prises sur le fondement de l'article 13 de la loi n° 2019-816 du 2 août 2019 relative aux compétences de la Collectivité européenne d'Alsace;2022-02-28;2022-02-28;non;oui;0;non;mise_en_application;non;r22-636 p.563 (PDF);;
2021-2022;2022-270;JORFTEXT000045268729;LOI n° 2022-270 du 28 février 2022 pour un accès plus juste, plus simple et plus transparent au marché de l'assurance emprunteur;2022-02-28;2022-02-28;non;non;2;non;directe;oui;r22-636 p.562 (PDF);;
2021-2022;2022-271;JORFTEXT000045268743;LOI n° 2022-271 du 28 février 2022 relative à l'aménagement du Rhône;2022-02-28;2022-02-28;non;oui;0;non;partielle;non;r22-636 p.564 (PDF);;
2021-2022;2022-272;JORFTEXT000045268755;LOI n° 2022-272 du 28 février 2022 visant à faire évoluer la gouvernance de l'Agence pour l'enseignement français à l'étranger et à créer les instituts régionaux de formation;2022-02-28;2022-02-28;non;oui;0;non;directe;oui;r22-636 p.562 (PDF);;
2021-2022;2022-295;JORFTEXT000045287560;LOI n° 2022-295 du 2 mars 2022 visant à renforcer le droit à l'avortement;2022-03-02;2022-03-02;non;non;1;non;non_mise;non;r22-636 p.564 (PDF);;
2021-2022;2022-296;JORFTEXT000045287568;LOI n° 2022-296 du 2 mars 2022 visant à démocratiser le sport en France;2022-03-02;2022-03-02;non;non;17;non;partielle;non;r22-636 p.564 (PDF);;
2021-2022;2022-297;JORFTEXT000045287631;LOI n° 2022-297 du 2 mars 2022 relative au monde combattant;2022-03-02;2022-03-02;non;oui;0;non;directe;oui;r22-636 p.562 (PDF);;
2021-2022;2022-298;JORFTEXT000045287633;LOI n° 2022-298 du 2 mars 2022 d'orientation relative à une meilleure diffusion de l'assurance récolte en agriculture et portant réforme des outils de gestion des risques climatiques en agriculture;2022-03-02;2022-03-02;non;non;11;non;mise_en_application;non;r22-636 p.563 (PDF);;
2021-2022;2022-299;JORFTEXT000045287658;LOI n° 2022-299 du 2 mars 2022 visant à combattre le harcèlement scolaire;2022-03-02;2022-03-02;non;non;1;non;mise_en_application;non;r22-636 p.563 (PDF);;
2021-2022;2022-300;JORFTEXT000045287677;LOI n° 2022-300 du 2 mars 2022 visant à renforcer le contrôle parental sur les moyens d'accès à internet;2022-03-02;2022-03-02;non;non;4;non;partielle;non;r22-636 p.564 (PDF);;
2021-2022;2022-301;JORFTEXT000045287682;LOI n° 2022-301 du 2 mars 2022 relative au choix du nom issu de la filiation;2022-03-02;2022-03-02;non;oui;0;non;directe;oui;r22-636 p.562 (PDF);;
2021-2022;2022-309;JORFTEXT000045294275;LOI n° 2022-309 du 3 mars 2022 pour la mise en place d'une certification de cybersécurité des plateformes numériques destinée au grand public;2022-03-03;2022-03-03;non;non;1;non;non_mise;non;r22-636 p.564 (PDF);;
2021-2022;2022-354;JORFTEXT000045351804;LOI organique n° 2022-354 du 14 mars 2022 relative aux lois de financement de la sécurité sociale;2022-03-14;2022-03-14;non;oui;0;non;directe;oui;r22-636 p.562 (PDF);;
2021-2022;2022-355;JORFTEXT000045351814;LOI n° 2022-355 du 14 mars 2022 relative aux lois de financement de la sécurité sociale;2022-03-14;2022-03-14;non;oui;0;non;directe;oui;r22-636 p.562 (PDF);;
2021-2022;2022-400;JORFTEXT000045388740;LOI organique n° 2022-400 du 21 mars 2022 visant à renforcer le rôle du Défenseur des droits en matière de signalement d'alerte;2022-03-21;2022-03-21;non;non;1;non;mise_en_application;non;r22-636 p.563 (PDF);;
2021-2022;2022-401;JORFTEXT000045388745;LOI n° 2022-401 du 21 mars 2022 visant à améliorer la protection des lanceurs d'alerte;2022-03-21;2022-03-21;non;non;7;non;partielle;non;r22-636 p.564 (PDF);;
2021-2022;2022-1089;JORFTEXT000046114630;LOI n° 2022-1089 du 30 juillet 2022 mettant fin aux régimes d'exception créés pour lutter contre l'épidémie liée à la covid-19;2022-07-30;2022-07-30;non;non;2;non;mise_en_application;non;r22-636 p.563 (PDF);;
2021-2022;2022-1137;JORFTEXT000046168783;LOI n° 2022-1137 du 10 août 2022 ratifiant l'ordonnance n° 2021-1605 du 8 décembre 2021 étendant et adaptant à la fonction publique des communes de Polynésie française certaines dispositions statutaires relatives à la fonction publique territoriale;2022-08-10;2022-08-10;non;non;1;non;non_mise;non;r22-636 p.565 (PDF);;
2021-2022;2022-1157;JORFTEXT000046186661;LOI n° 2022-1157 du 16 août 2022 de finances rectificative pour 2022;2022-08-16;2022-08-16;non;non;19;non;partielle;non;r22-636 p.564 (PDF);;
2021-2022;2022-1158;JORFTEXT000046186723;LOI n° 2022-1158 du 16 août 2022 portant mesures d'urgence pour la protection du pouvoir d'achat;2022-08-16;2022-08-16;non;non;35;non;partielle;non;r22-636 p.564 (PDF);;
2021-2022;2022-1159;JORFTEXT000046186784;LOI n° 2022-1159 du 16 août 2022 portant diverses dispositions d'adaptation au droit de l'Union européenne en matière de prévention de la diffusion de contenus à caractère terroriste en ligne;2022-08-16;2022-08-16;non;non;1;non;non_mise;non;r22-636 p.565 (PDF);;
2022-2023;2022-1348;JORFTEXT000046480973;LOI n° 2022-1348 du 24 octobre 2022 visant à actualiser le régime de réélection des juges consulaires dans les tribunaux de commerce;2022-10-24;2022-10-24;non;oui;0;non;directe;oui;r23-624 p.549 (PDF);;
2022-2023;2022-1449;JORFTEXT000046588706;LOI n° 2022-1449 du 22 novembre 2022 visant à accompagner la mise en place de comités sociauxet économiques à La Poste;2022-11-22;2022-11-22;non;non;4;non;partielle;non;r23-624 p.550 (PDF);;
2022-2023;2022-1499;JORFTEXT000046672407;LOI n° 2022-1499 du 1er décembre 2022 de finances rectificative pour 2022;2022-12-01;2022-12-01;non;non;4;non;mise_en_application;non;r23-624 p.550 (PDF);;
2022-2023;2022-1574;JORFTEXT000046751169;LOI n° 2022-1574 du 16 décembre 2022 visant à lutter contre la précarité des accompagnants d'élèves en situation de handicap et des assistants d'éducation;2022-12-16;2022-12-16;non;non;1;non;mise_en_application;non;r23-624 p.550 (PDF);;
2022-2023;2022-1587;JORFTEXT000046760877;LOI n° 2022-1587 du 19 décembre 2022 visant à lutter contre la fraude au compte personnel de formation et à interdire le démarchage de ses titulaires;2022-12-19;2022-12-19;non;non;6;non;partielle;non;r23-624 p.550 (PDF);;
2022-2023;2022-1598;JORFTEXT000046771781;LOI n° 2022-1598 du 21 décembre 2022 portant mesures d'urgence relatives au fonctionnement du marché du travail en vue du plein emploi;2022-12-21;2022-12-21;non;non;12;non;partielle;non;r23-624 p.550 (PDF);;
2022-2023;2022-1616;JORFTEXT000046791754;LOI n° 2022-1616 du 23 décembre 2022 de financement de la sécurité sociale pour 2023;2022-12-23;2022-12-23;non;non;88;non;partielle;non;r23-624 p.550 (PDF);;
2022-2023;2022-1726;JORFTEXT000046845631;LOI n° 2022-1726 du 30 décembre 2022 de finances pour 2023;2022-12-30;2022-12-30;non;non;45;non;partielle;non;r23-624 p.550 (PDF);;
2022-2023;2023-22;JORFTEXT000047046768;LOI n° 2023-22 du 24 janvier 2023 d'orientation et de programmation du ministère de l'intérieur;2023-01-24;2023-01-24;non;non;6;non;partielle;non;r23-624 p.550 (PDF);;
2022-2023;2023-23;JORFTEXT000047046812;LOI n° 2023-23 du 24 janvier 2023 visant à permettre aux assemblées d'élus et aux différentes associations d'élus de se constituer partie civile pour soutenir pleinement, au pénal, une personne investie d'un mandat électif public victime d'agression;2023-01-24;2023-01-24;non;oui;0;non;directe;oui;r23-624 p.549 (PDF);;
2022-2023;2023-29;JORFTEXT000047055162;LOI n° 2023-29 du 25 janvier 2023 visant à faire évoluer la formation de sage-femme;2023-01-25;2023-01-25;non;non;5;non;non_mise;non;r23-624 p.551 (PDF);;
2022-2023;2023-54;JORFTEXT000047087031;LOI n° 2023-54 du 2 février 2023 visant à limiter l'engrillagement des espaces naturels et à protéger la propriété privée;2023-02-02;2023-02-02;non;non;1;non;mise_en_application;non;r23-624 p.550 (PDF);;
2022-2023;2023-55;JORFTEXT000047087042;LOI n° 2023-55 du 2 février 2023 sur le déroulement des élections sénatoriales;2023-02-02;2023-02-02;non;oui;0;non;directe;oui;r23-624 p.549 (PDF);;
2022-2023;2023-87;JORFTEXT000047128516;LOI n° 2023-87 du 13 février 2023 visant à calculer la retraite de base des non-salariés agricoles en fonction des vingt-cinq années d'assurance les plus avantageuses;2023-02-13;2023-02-13;non;non;1;non;non_mise;non;r23-624 p.551 (PDF);;
2022-2023;2023-140;JORFTEXT000047241405;LOI n° 2023-140 du 28 février 2023 créant une aide universelle d'urgence pour les victimes de violences conjugales;2023-02-28;2023-02-28;non;non;4;non;partielle;non;r23-624 p.550 (PDF);;
2022-2023;2023-171;JORFTEXT000047281777;LOI n° 2023-171 du 9 mars 2023 portant diverses dispositions d'adaptation au droit de l'Union européenne dans les domaines de l'économie, de la santé, du travail, des transports et de l'agriculture;2023-03-09;2023-03-09;non;non;31;non;partielle;non;r23-624 p.550 (PDF);;
2022-2023;2023-175;JORFTEXT000047294244;LOI n° 2023-175 du 10 mars 2023 relative à l'accélération de la production d'énergies renouvelables;2023-03-10;2023-03-10;non;non;49;non;partielle;non;r23-624 p.550 (PDF);;
2022-2023;2023-221;JORFTEXT000047377284;LOI n° 2023-221 du 30 mars 2023 tendant à renforcer l'équilibre dans les relations commerciales entre fournisseurs et distributeurs;2023-03-30;2023-03-30;non;oui;0;non;directe;oui;r23-624 p.549 (PDF);;
2022-2023;2023-222;JORFTEXT000047377306;LOI n° 2023-222 du 30 mars 2023 visant à ouvrir le tiers financement à l'Etat, à ses établissements publics et aux collectivités territoriales pour favoriser les travaux de rénovation énergétique;2023-03-30;2023-03-30;non;non;3;non;mise_en_application;non;r23-624 p.550 (PDF);;
2022-2023;2023-265;JORFTEXT000047439303;LOI n° 2023-265 du 13 avril 2023 visant à favoriser l'accès de tous les étudiants à une offre de restauration à tarif modéré;2023-04-13;2023-04-13;non;non;1;non;non_mise;non;r23-624 p.551 (PDF);;
2022-2023;2023-270;JORFTEXT000047445077;LOI n° 2023-270 du 14 avril 2023 de financement rectificative de la sécurité sociale pour 2023;2023-04-14;2023-04-14;non;non;91;non;partielle;non;r23-624 p.550 (PDF);;
2022-2023;2023-305;JORFTEXT000047483124;LOI n° 2023-305 du 24 avril 2023 portant fusion des filières à responsabilité élargie des producteurs d'emballages ménagers et des producteurs de papier;2023-04-24;2023-04-24;non;non;2;non;mise_en_application;non;r23-624 p.550 (PDF);;
2022-2023;2023-378;JORFTEXT000047561943;LOI n° 2023-378 du 19 mai 2023 visant à améliorer l'encadrement des centres de santé;2023-05-19;2023-05-19;non;non;5;non;non_mise;non;r23-624 p.551 (PDF);;
2022-2023;2023-379;JORFTEXT000047561956;LOI n° 2023-379 du 19 mai 2023 portant amélioration de l'accès aux soins par la confiance aux professionnels de santé;2023-05-19;2023-05-19;non;non;14;non;partielle;non;r23-624 p.550 (PDF);;
2022-2023;2023-380;JORFTEXT000047561974;LOI n° 2023-380 du 19 mai 2023 relative aux jeux Olympiques et Paralympiques de 2024 et portant diverses autres dispositions;2023-05-19;2023-05-19;non;non;13;non;mise_en_application;non;r23-624 p.550 (PDF);;
2022-2023;2023-451;JORFTEXT000047663185;LOI n° 2023-451 du 9 juin 2023 visant à encadrer l'influence commerciale et à lutter contre les dérives des influenceurs sur les réseaux sociaux;2023-06-09;2023-06-09;non;non;4;non;partielle;non;r23-624 p.550 (PDF);;
2022-2023;2023-479;JORFTEXT000047709059;LOI n° 2023-479 du 21 juin 2023 visant à faciliter le passage et l'obtention de l'examen du permis de conduire;2023-06-21;2023-06-21;non;non;2;non;non_mise;non;r23-624 p.551 (PDF);;
2022-2023;2023-491;JORFTEXT000047715784;LOI n° 2023-491 du 22 juin 2023 relative à l'accélération des procédures liées à la construction de nouvelles installations nucléaires à proximité de sites nucléaires existants et au fonctionnement des installations existantes;2023-06-22;2023-06-22;non;non;5;non;partielle;non;r23-624 p.550 (PDF);;
2022-2023;2023-506;JORFTEXT000047739419;LOI n° 2023-506 du 26 juin 2023 tendant à garantir la continuité de la représentation des communes au sein des conseils communautaires;2023-06-26;2023-06-26;non;oui;0;non;directe;oui;r23-624 p.549 (PDF);;
2022-2023;2023-566;JORFTEXT000047799533;LOI n° 2023-566 du 7 juillet 2023 visant à instaurer une majorité numérique et à lutter contre la haine en ligne;2023-07-07;2023-07-07;non;non;2;non;non_mise;non;r23-624 p.551 (PDF);;
2022-2023;2023-567;JORFTEXT000047799541;LOI n° 2023-567 du 7 juillet 2023 visant à favoriser l'accompagnement psychologique des femmes victimes de fausse couche;2023-07-07;2023-07-07;non;non;1;non;directe;oui;r23-624 p.549 (PDF);;
2022-2023;2023-568;JORFTEXT000047799547;LOI n° 2023-568 du 7 juillet 2023 maintenant provisoirement un dispositif de plafonnement de revalorisation de la variation annuelle des indices locatifs;2023-07-07;2023-07-07;non;oui;0;non;directe;oui;r23-624 p.549 (PDF);;
2022-2023;2023-580;JORFTEXT000047805414;LOI n° 2023-580 du 10 juillet 2023 visant à renforcer la prévention et la lutte contre l'intensification et l'extension du risque incendie;2023-07-10;2023-07-10;non;non;11;non;partielle;non;r23-624 p.550 (PDF);;
2022-2023;2023-594;JORFTEXT000047825968;LOI n° 2023-594 du 13 juillet 2023 ratifiant les ordonnances relatives à la partie législative du livre VII du code monétaire et financier et portant diverses dispositions relatives à l'outre-mer;2023-07-13;2023-07-13;non;oui;0;non;directe;oui;r23-624 p.549 (PDF);;
2022-2023;2023-610;JORFTEXT000047858021;LOI n° 2023-610 du 18 juillet 2023 visant à donner à la douane les moyens de faire face aux nouvelles menaces;2023-07-18;2023-07-18;non;non;12;non;partielle;non;r23-624 p.550 (PDF);;
2022-2023;2023-622;JORFTEXT000047862209;LOI n° 2023-622 du 19 juillet 2023 visant à renforcer la protection des familles d'enfants atteints d'une maladie ou d'un handicap ou victimes d'un accident d'une particulière gravité;2023-07-19;2023-07-19;non;oui;0;non;directe;oui;r23-624 p.549 (PDF);;
2022-2023;2023-623;JORFTEXT000047862217;LOI n° 2023-623 du 19 juillet 2023 visant à renforcer l'accès des femmes aux responsabilités dans la fonction publique;2023-07-19;2023-07-19;non;non;8;non;partielle;non;r23-624 p.550 (PDF);;
2022-2023;2023-630;JORFTEXT000047866733;LOI n° 2023-630 du 20 juillet 2023 visant à faciliter la mise en œuvre des objectifs de lutte contre l'artificialisation des sols et à renforcer l'accompagnement des élus locaux;2023-07-20;2023-07-20;non;non;1;non;mise_en_application;non;r23-624 p.550 (PDF);;
2022-2023;2023-649;JORFTEXT000047873054;LOI n° 2023-649 du 21 juillet 2023 visant à régulariser le plan local d'urbanisme intercommunal de la communauté de communes du Bas Chablais;2023-07-21;2023-07-21;non;oui;0;non;directe;oui;r23-624 p.549 (PDF);;
2022-2023;2023-650;JORFTEXT000047874541;LOI n° 2023-650 du 22 juillet 2023 relative à la restitution des biens culturels ayant fait l'objet de spoliations dans le contexte des persécutions antisémites perpétrées entre 1933 et 1945;2023-07-22;2023-07-22;non;non;1;non;mise_en_application;non;r23-624 p.550 (PDF);;
2022-2023;2023-656;JORFTEXT000047881941;LOI n° 2023-656 du 25 juillet 2023 relative à l'accélération de la reconstruction et de la réfection des bâtiments dégradés ou détruits au cours des violences urbaines survenues du 27 juin au 5 juillet 2023;2023-07-25;2023-07-25;non;oui;0;non;directe;oui;r23-624 p.549 (PDF);;
2022-2023;2023-659;JORFTEXT000047887525;LOI n° 2023-659 du 26 juillet 2023 visant à lutter contre le dumping social sur le transmanche et à renforcer la sécurité du transport maritime;2023-07-26;2023-07-26;non;non;4;non;mise_en_application;non;r23-624 p.550 (PDF);;
2022-2023;2023-668;JORFTEXT000047897040;LOI n° 2023-668 du 27 juillet 2023 visant à protéger les logements contre l'occupation illicite;2023-07-27;2023-07-27;non;non;4;non;non_mise;non;r23-624 p.551 (PDF);;
2022-2023;2023-703;JORFTEXT000047914986;LOI n° 2023-703 du 1er août 2023 relative à la programmation militaire pour les années 2024 à 2030 et portant diverses dispositions intéressant la défense;2023-08-01;2023-08-01;non;non;43;non;partielle;non;r23-624 p.550 (PDF);;
2023-2024;2023-973;JORFTEXT000048242288;LOI n° 2023-973 du 23 octobre 2023 relative à l'industrie verte;2023-10-23;2023-10-23;non;non;37;non;partielle;non;r24-710 p.483 (PDF);;
2023-2024;2023-1041;JORFTEXT000048423101;LOI n° 2023-1041 du 17 novembre 2023 portant mesures d'urgence pour lutter contre l'inflation concernant les produits de grande consommation;2023-11-17;2023-11-17;non;oui;0;non;directe;oui;r24-710 p.481 (PDF);;
2023-2024;2023-1058;JORFTEXT000048430497;LOI organique n° 2023-1058 du 20 novembre 2023 relative à l'ouverture, à la modernisation et à la responsabilité du corps judiciaire;2023-11-20;2023-11-20;non;non;36;non;partielle;non;r24-710 p.483 (PDF);;
2023-2024;2023-1059;JORFTEXT000048430512;LOI n° 2023-1059 du 20 novembre 2023 d'orientation et de programmation du ministère de la justice 2023-2027;2023-11-20;2023-11-20;non;non;55;non;partielle;non;r24-710 p.483 (PDF);;
2023-2024;2023-1107;JORFTEXT000048480565;LOI n° 2023-1107 du 29 novembre 2023 portant transposition de l'accord national interprofessionnel relatif au partage de la valeur au sein de l'entreprise;2023-11-29;2023-11-29;non;non;5;non;mise_en_application;non;r24-710 p.483 (PDF);;
2023-2024;2023-1114;JORFTEXT000048493365;LOI n° 2023-1114 du 30 novembre 2023 de finances de fin de gestion pour 2023;2023-11-30;2023-11-30;non;oui;0;non;directe;oui;r24-710 p.481 (PDF);;
2023-2024;2023-1177;JORFTEXT000048566885;LOI n° 2023-1177 du 14 décembre 2023 visant à assurer la pérennité des établissements de spectacles cinématographiques et l'accès au cinéma dans les outre mer;2023-12-14;2023-12-14;non;oui;0;non;directe;oui;r24-710 p.481 (PDF);;
2023-2024;2023-1178;JORFTEXT000048566887;LOI n° 2023-1178 du 14 décembre 2023 visant à réduire les inégalités territoriales pour les ouvertures de casinos;2023-12-14;2023-12-14;non;oui;0;non;directe;oui;r24-710 p.481 (PDF);;
2023-2024;2023-1195;JORFTEXT000048581885;LOI n° 2023-1195 du 18 décembre 2023 de programmation des finances publiques pour les années 2023 à 2027;2023-12-18;2023-12-18;non;non;1;non;non_mise;non;r24-710 p.484 (PDF);;
2023-2024;2023-1196;JORFTEXT000048581935;LOI n° 2023-1196 du 18 décembre 2023 pour le plein emploi;2023-12-18;2023-12-18;non;non;45;non;partielle;non;r24-710 p.483 (PDF);;
2023-2024;2023-1250;JORFTEXT000048668665;LOI n° 2023-1250 du 26 décembre 2023 de financement de la sécurité sociale pour 2024;2023-12-26;2023-12-26;non;non;124;non;partielle;non;r24-710 p.483 (PDF);;
2023-2024;2023-1251;JORFTEXT000048668800;LOI n° 2023-1251 du 26 décembre 2023 relative à la restitution de restes humains appartenant aux collections publiques;2023-12-26;2023-12-26;non;non;1;non;mise_en_application;non;r24-710 p.483 (PDF);;
2023-2024;2023-1252;JORFTEXT000048668803;LOI n° 2023-1252 du 26 décembre 2023 visant à prolonger en 2024 l'utilisation des titres restaurant pour des achats de produits alimentaires non directement consommables;2023-12-26;2023-12-26;non;oui;0;non;directe;oui;r24-710 p.481 (PDF);;
2023-2024;2023-1267;JORFTEXT000048678296;LOI n° 2023-1267 du 27 décembre 2023 visant à faciliter la mobilité internationale des alternants, pour un « Erasmus de l'apprentissage »;2023-12-27;2023-12-27;non;non;4;non;mise_en_application;non;r24-710 p.483 (PDF);;
2023-2024;2023-1268;JORFTEXT000048678304;LOI n° 2023-1268 du 27 décembre 2023 visant à améliorer l'accès aux soins par l'engagement territorial des professionnels;2023-12-27;2023-12-27;non;non;34;non;partielle;non;r24-710 p.483 (PDF);;
2023-2024;2023-1269;JORFTEXT000048678343;LOI n° 2023-1269 du 27 décembre 2023 relative aux services express régionaux métropolitains;2023-12-27;2023-12-27;non;non;2;non;mise_en_application;non;r24-710 p.483 (PDF);;
2023-2024;2023-1270;JORFTEXT000048678366;LOI n° 2023-1270 du 27 décembre 2023 relative à l'ouverture à la concurrence du réseau de bus francilien de la RATP;2023-12-27;2023-12-27;non;non;9;non;partielle;non;r24-710 p.483 (PDF);;
2023-2024;2023-1289;JORFTEXT000048706102;LOI n° 2023-1289 du 28 décembre 2023 relative à la prévisibilité de l'organisation des services de la navigation aérienne en cas de mouvement social et à l'adéquation entre l'ampleur de la grève et la réduction du trafic;2023-12-28;2023-12-28;non;oui;0;non;directe;oui;r24-710 p.481 (PDF);;
2023-2024;2023-1322;JORFTEXT000048727345;LOI n° 2023-1322 du 29 décembre 2023 de finances pour 2024;2023-12-29;2023-12-29;non;non;125;non;partielle;non;r24-710 p.483 (PDF);;
2023-2024;2023-1380;JORFTEXT000048734585;LOI n° 2023-1380 du 30 décembre 2023 visant à revaloriser le métier de secrétaire de mairie;2023-12-30;2023-12-30;non;non;6;non;partielle;non;r24-710 p.483 (PDF);;
2023-2024;2024-42;JORFTEXT000049040245;LOI n° 2024-42 du 26 janvier 2024 pour contrôler l'immigration, améliorer l'intégration;2024-01-26;2024-01-26;non;non;29;non;partielle;non;r24-710 p.483 (PDF);;
2023-2024;2024-120;JORFTEXT000049163317;LOI n° 2024-120 du 19 février 2024 visant à garantir le respect du droit à l'image des enfants;2024-02-19;2024-02-19;non;oui;0;non;directe;oui;r24-710 p.481 (PDF);;
2023-2024;2024-200;JORFTEXT000049251463;LOI constitutionnelle n° 2024-200 du 8 mars 2024 relative à la liberté de recourir à l'interruption volontaire de grossesse;2024-03-08;2024-03-08;non;oui;0;non;directe;oui;r24-710 p.481 (PDF);;
2023-2024;2024-201;JORFTEXT000049251465;LOI n° 2024-201 du 8 mars 2024 visant à renforcer la protection des mineurs et l'honorabilité dans le sport;2024-03-08;2024-03-08;non;non;2;non;non_mise;non;r24-710 p.484 (PDF);;
2023-2024;2024-233;JORFTEXT000049291163;LOI n° 2024-233 du 18 mars 2024 visant à mieux protéger et accompagner les enfants victimes et covictimes de violences intrafamiliales;2024-03-18;2024-03-18;non;oui;0;non;directe;oui;r24-710 p.482 (PDF);;
2023-2024;2024-247;JORFTEXT000049309567;LOI n° 2024-247 du 21 mars 2024 renforçant la sécurité et la protection des maires et des élus locaux;2024-03-21;2024-03-21;non;non;1;non;non_mise;non;r24-710 p.484 (PDF);;
2023-2024;2024-250;JORFTEXT000049314103;LOI n° 2024-250 du 22 mars 2024 visant à faciliter la mise à disposition aux régions du réseau routier national non concédé;2024-03-22;2024-03-22;non;oui;0;non;directe;oui;r24-710 p.482 (PDF);;
2023-2024;2024-279;JORFTEXT000049343003;LOI n° 2024-279 du 29 mars 2024 tendant à tenir compte de la capacité contributive des collectivités territoriales dans l'attribution des subventions et dotations destinées aux investissements relatifs à la transition écologique des bâtiments scolaires;2024-03-29;2024-03-29;non;oui;0;non;directe;oui;r24-710 p.482 (PDF);;
2023-2024;2024-301;JORFTEXT000049358005;LOI n° 2024-301 du 2 avril 2024 visant à pérenniser les jardins d'enfants gérés par une collectivité publique ou bénéficiant de financements publics;2024-04-02;2024-04-02;non;oui;0;non;directe;oui;r24-710 p.482 (PDF);;
2023-2024;2024-309;JORFTEXT000049373323;LOI n° 2024-309 du 5 avril 2024 relative à la mise en place et au fonctionnement de la commission d'évaluation de l'aide publique au développement instituée par la loi n° 2021-1031 du 4 août 2021;2024-04-05;2024-04-05;non;oui;0;non;directe;oui;r24-710 p.482 (PDF);;
2023-2024;2024-310;JORFTEXT000049373326;LOI n° 2024-310 du 5 avril 2024 visant à favoriser le réemploi des véhicules, au service des mobilités durables et solidaires sur les territoires;2024-04-05;2024-04-05;non;non;1;non;non_mise;non;r24-710 p.484 (PDF);;
2023-2024;2024-317;JORFTEXT000049385823;LOI n° 2024-317 du 8 avril 2024 portant mesures pour bâtir la société du bien vieillir et de l'autonomie;2024-04-08;2024-04-08;non;non;39;non;partielle;non;r24-710 p.483 (PDF);;
2023-2024;2024-322;JORFTEXT000049392425;LOI n° 2024-322 du 9 avril 2024 visant à l'accélération et à la simplification de la rénovation de l'habitat dégradé et des grandes opérations d'aménagement;2024-04-09;2024-04-09;non;non;15;non;partielle;non;r24-710 p.483 (PDF);;
2023-2024;2024-330;JORFTEXT000049405323;LOI n° 2024-330 du 11 avril 2024 visant à protéger le groupe Électricité de France d'un démembrement;2024-04-11;2024-04-11;non;non;1;non;non_mise;non;r24-710 p.484 (PDF);;
2023-2024;2024-343;JORFTEXT000049418383;LOI organique n° 2024-343 du 15 avril 2024 portant report du renouvellement général des membres du congrès et des assemblées de province de la Nouvelle-Calédonie;2024-04-15;2024-04-15;non;oui;0;non;directe;oui;r24-710 p.482 (PDF);;
2023-2024;2024-344;JORFTEXT000049418388;LOI n° 2024-344 du 15 avril 2024 visant à soutenir l'engagement bénévole et à simplifier la vie associative;2024-04-15;2024-04-15;non;non;5;non;partielle;non;r24-710 p.483 (PDF);;
2023-2024;2024-345;JORFTEXT000049418430;LOI n° 2024-345 du 15 avril 2024 ratifiant l'ordonnance n° 2023-389 du 24 mai 2023 modifiant les dispositions du code général de la propriété des personnes publiques relatives à la Polynésie française;2024-04-15;2024-04-15;non;oui;0;non;directe;oui;r24-710 p.482 (PDF);;
2023-2024;2024-346;JORFTEXT000049418434;LOI n° 2024-346 du 15 avril 2024 visant à adapter le droit de la responsabilité civile aux enjeux actuels;2024-04-15;2024-04-15;non;oui;0;non;directe;oui;r24-710 p.482 (PDF);;
2023-2024;2024-364;JORFTEXT000049453263;LOI n° 2024-364 du 22 avril 2024 portant diverses dispositions d'adaptation au droit de l'Union européenne en matière d'économie, de finances, de transition écologique, de droit pénal, de droit social et en matière agricole;2024-04-22;2024-04-22;non;non;23;non;partielle;non;r24-710 p.484 (PDF);;
2023-2024;2024-420;JORFTEXT000049523123;LOI n° 2024-420 du 10 mai 2024 visant à renforcer la lutte contre les dérives sectaires et à améliorer l'accompagnement des victimes;2024-05-10;2024-05-10;non;non;2;non;non_mise;non;r24-710 p.484 (PDF);;
2023-2024;2024-448;JORFTEXT000049563363;LOI organique n° 2024-448 du 21 mai 2024 modifiant la loi organique n° 2010-837 du 23 juillet 2010 relative à l'application du cinquième alinéa de l'article 13 de la Constitution;2024-05-21;2024-05-21;non;oui;0;non;directe;oui;r24-710 p.482 (PDF);;
2023-2024;2024-449;JORFTEXT000049563368;LOI n° 2024-449 du 21 mai 2024 visant à sécuriser et à réguler l'espace numérique;2024-05-21;2024-05-21;non;non;49;non;partielle;non;r24-710 p.484 (PDF);;
2023-2024;2024-450;JORFTEXT000049563783;LOI n° 2024-450 du 21 mai 2024 relative à l'organisation de la gouvernance de la sûreté nucléaire et de la radioprotection pour répondre au défi de la relance de la filière nucléaire;2024-05-21;2024-05-21;non;non;17;non;partielle;non;r24-710 p.484 (PDF);;
2023-2024;2024-456;JORFTEXT000049583373;LOI n° 2024-456 du 23 mai 2024 ratifiant l'ordonnance n° 2023-285 du 19 avril 2023 portant extension et adaptation à la Polynésie française, à la Nouvelle-Calédonie et aux îles Wallis et Futuna de diverses dispositions législatives relatives à la santé;2024-05-23;2024-05-23;non;oui;0;non;directe;oui;r24-710 p.482 (PDF);;
2023-2024;2024-475;JORFTEXT000049602933;LOI n° 2024-475 du 27 mai 2024 visant la prise en charge par l'Etat de l'accompagnement humain des élèves en situation de handicap durant le temps de pause méridienne;2024-05-27;2024-05-27;non;oui;0;non;directe;oui;r24-710 p.482 (PDF);;
2023-2024;2024-494;JORFTEXT000049629693;LOI n° 2024-494 du 31 mai 2024 visant à assurer une justice patrimoniale au sein de la famille;2024-05-31;2024-05-31;non;oui;0;non;directe;oui;r24-710 p.482 (PDF);;
2023-2024;2024-536;JORFTEXT000049707555;LOI n° 2024-536 du 13 juin 2024 renforçant l'ordonnance de protection et créant l'ordonnance provisoire de protection immédiate;2024-06-13;2024-06-13;non;non;1;non;non_mise;non;r24-710 p.484 (PDF);;
2023-2024;2024-537;JORFTEXT000049707573;LOI n° 2024-537 du 13 juin 2024 visant à accroître le financement des entreprises et l'attractivité de la France;2024-06-13;2024-06-13;non;non;21;non;partielle;non;r24-710 p.484 (PDF);;
2023-2024;2024-538;JORFTEXT000049707721;LOI n° 2024-538 du 13 juin 2024 visant à poursuivre la dématérialisation de l'état civil du ministère de l'Europe et des affaires étrangères;2024-06-13;2024-06-13;non;non;1;non;non_mise;non;r24-710 p.484 (PDF);;
2023-2024;2024-582;JORFTEXT000049775573;LOI n° 2024-582 du 24 juin 2024 améliorant l'efficacité des dispositifs de saisie et de confiscation des avoirs criminels;2024-06-24;2024-06-24;non;oui;0;non;directe;oui;r24-710 p.482 (PDF);;
2023-2024;2024-850;JORFTEXT000050052193;LOI n° 2024-850 du 25 juillet 2024 visant à prévenir les ingérences étrangères en France;2024-07-25;2024-07-25;non;non;3;non;non_mise;non;r24-710 p.484 (PDF);;
2024-2025;2024-1026;JORFTEXT000050500464;LOI organique n° 2024-1026 du 15 novembre 2024 visant à reporter le renouvellement général des membres du congrès et des assemblées de province de la Nouvelle-Calédonie;2024-11-15;2024-11-15;non;oui;0;non;directe;oui;r25-802 p.272 (PDF);VII. COMMISSION DES LOIS CONSTITUTIONNELLES,;
2024-2025;2024-1027;JORFTEXT000050500471;LOI n° 2024-1027 du 15 novembre 2024 visant à poursuivre l'expérimentation relative au travail à temps partagé aux fins d'employabilité;2024-11-15;2024-11-15;non;oui;0;non;directe;oui;r25-802 p.146 (PDF);III. COMMISSION DES AFFAIRES SOCIALES;
2024-2025;2024-1028;JORFTEXT000050500482;LOI n° 2024-1028 du 15 novembre 2024 visant à améliorer le repérage et l'accompagnement des personnes présentant des troubles du neuro-développement et à favoriser le répit des proches aidants;2024-11-15;2024-11-15;non;non;3;non;mise_en_application;non;r25-802 p.146 (PDF);III. COMMISSION DES AFFAIRES SOCIALES;
2024-2025;2024-1039;JORFTEXT000050612711;LOI n° 2024-1039 du 19 novembre 2024 visant à renforcer les outils de régulation des meublés de tourisme à l'échelle locale;2024-11-19;2024-11-19;non;non;4;non;non_mise;non;r25-802 p.84 (PDF);I. COMMISSION DES AFFAIRES ÉCONOMIQUES;
2024-2025;2024-1061;JORFTEXT000050662812;LOI n° 2024-1061 du 26 novembre 2024 visant à sécuriser le mécanisme de purge des nullités;2024-11-26;2024-11-26;non;oui;0;non;directe;oui;r25-802 p.272 (PDF);VII. COMMISSION DES LOIS CONSTITUTIONNELLES,;
2024-2025;2024-1167;JORFTEXT000050754939;LOI n° 2024-1167 du 6 décembre 2024 de finances de fin de gestion pour 2024;2024-12-06;2024-12-06;non;oui;0;non;directe;oui;r25-802 p.229 (PDF);VI. COMMISSION DES FINANCES;
2024-2025;2024-1177;JORFTEXT000050774292;LOI organique n° 2024-1177 du 13 décembre 2024 portant réforme du financement de l'audiovisuel public;2024-12-13;2024-12-13;non;oui;0;non;directe;oui;r25-802 p.229 (PDF);VI. COMMISSION DES FINANCES;
2024-2025;2024-1188;JORFTEXT000050805059;LOI n° 2024-1188 du 20 décembre 2024 spéciale prévue par l'article 45 de la loi organique du 1er août 2001 relative aux lois de finances;2024-12-20;2024-12-20;non;oui;0;non;directe;oui;r25-802 p.229 (PDF);VI. COMMISSION DES FINANCES;
2024-2025;2025-56;JORFTEXT000051018078;LOI n° 2025-56 du 21 janvier 2025 visant à prolonger la dérogation d'usage des titres restaurant pour tout produit alimentaire;2025-01-21;2025-01-21;non;oui;0;non;directe;oui;r25-802 p.146 (PDF);III. COMMISSION DES AFFAIRES SOCIALES;
2024-2025;2025-74;JORFTEXT000051058565;LOI n° 2025-74 du 29 janvier 2025 relative à l'instauration d'un nombre minimum de soignants par patient hospitalisé;2025-01-29;2025-01-29;non;non;1;non;non_mise;non;r25-802 p.147 (PDF);III. COMMISSION DES AFFAIRES SOCIALES;
2024-2025;2025-106;JORFTEXT000051138764;LOI n° 2025-106 du 5 février 2025 visant à améliorer la prise en charge des soins et dispositifs spécifiques au traitement du cancer du sein par l'assurance maladie;2025-02-05;2025-02-05;non;non;3;non;non_mise;non;r25-802 p.147 (PDF);III. COMMISSION DES AFFAIRES SOCIALES;
2024-2025;2025-115;JORFTEXT000051144918;LOI n° 2025-115 du 7 février 2025 visant à proroger la loi n° 2017-285 du 6 mars 2017 relative à l'assainissement cadastral et à la résorption du désordre de la propriété;2025-02-07;2025-02-07;non;oui;0;non;directe;oui;r25-802 p.272 (PDF);VII. COMMISSION DES LOIS CONSTITUTIONNELLES,;
2024-2025;2025-127;JORFTEXT000051168007;LOI n° 2025-127 du 14 février 2025 de finances pour 2025;2025-02-14;2025-02-14;non;non;59;non;partielle;non;r25-802 p.229 (PDF);VI. COMMISSION DES FINANCES;
2024-2025;2025-128;JORFTEXT000051169614;LOI n° 2025-128 du 14 février 2025 visant à permettre l'élection du maire d'une commune nouvelle en cas de conseil municipal incomplet;2025-02-14;2025-02-14;non;oui;0;non;directe;oui;r25-802 p.272 (PDF);VII. COMMISSION DES LOIS CONSTITUTIONNELLES,;
2024-2025;2025-136;JORFTEXT000051171077;LOI n° 2025-136 du 15 février 2025 visant à adapter le fonctionnement des instances de gouvernance des chambres d'agriculture et de la mutualité sociale agricole;2025-02-15;2025-02-15;non;non;1;non;mise_en_application;non;r25-802 p.84 (PDF);I. COMMISSION DES AFFAIRES ÉCONOMIQUES;
2024-2025;2025-138;JORFTEXT000051186794;LOI n° 2025-138 du 17 février 2025 pour améliorer la prise en charge de la sclérose latérale amyotrophique et d'autres maladies évolutives graves;2025-02-17;2025-02-17;non;oui;0;non;mise_en_application;non;r25-802 p.146 (PDF);III. COMMISSION DES AFFAIRES SOCIALES;
2024-2025;2025-175;JORFTEXT000051244550;LOI n° 2025-175 du 24 février 2025 visant à interdire les dispositifs électroniques de vapotage à usage unique;2025-02-24;2025-02-24;non;oui;0;non;directe;oui;r25-802 p.146 (PDF);III. COMMISSION DES AFFAIRES SOCIALES;
2024-2025;2025-176;JORFTEXT000051244562;LOI n° 2025-176 du 24 février 2025 d'urgence pour Mayotte;2025-02-24;2025-02-24;non;non;22;non;mise_en_application;non;r25-802 p.84 (PDF);I. COMMISSION DES AFFAIRES ÉCONOMIQUES;
2024-2025;2025-188;JORFTEXT000051260902;LOI n° 2025-188 du 27 février 2025 visant à protéger la population des risques liés aux substances perfluoroalkylées et polyfluoroalkylées;2025-02-27;2025-02-27;non;non;6;non;partielle;non;r25-802 p.188 (PDF);IV. COMMISSION DE L’AMÉNAGEMENT DU TERRITOIRE;
2024-2025;2025-199;JORFTEXT000051269481;LOI n° 2025-199 du 28 février 2025 de financement de la sécurité sociale pour 2025;2025-02-28;2025-02-28;non;non;78;non;partielle;non;r25-802 p.146 (PDF);III. COMMISSION DES AFFAIRES SOCIALES;
2024-2025;2025-237;JORFTEXT000051329052;LOI n° 2025-237 du 14 mars 2025 visant à endiguer la prolifération du frelon asiatique et à préserver la filière apicole;2025-03-14;2025-03-14;non;non;1;non;mise_en_application;non;r25-802 p.188 (PDF);IV. COMMISSION DE L’AMÉNAGEMENT DU TERRITOIRE;
2024-2025;2025-268;JORFTEXT000051368091;LOI n° 2025-268 du 24 mars 2025 d'orientation pour la souveraineté alimentaire et le renouvellement des générations en agriculture;2025-03-24;2025-03-24;non;non;20;non;partielle;non;r25-802 p.84 (PDF);I. COMMISSION DES AFFAIRES ÉCONOMIQUES;
2024-2025;2025-269;JORFTEXT000051368383;LOI n° 2025-269 du 24 mars 2025 visant à proroger le dispositif d'expérimentation favorisant l'égalité des chances pour l'accès à certaines écoles de service public;2025-03-24;2025-03-24;non;oui;0;non;directe;oui;r25-802 p.272 (PDF);VII. COMMISSION DES LOIS CONSTITUTIONNELLES,;
2024-2025;2025-327;JORFTEXT000051451755;LOI n° 2025-327 du 11 avril 2025 visant à assouplir la gestion des compétences « eau » et « assainissement »;2025-04-11;2025-04-11;non;non;2;non;mise_en_application;non;r25-802 p.273 (PDF);VII. COMMISSION DES LOIS CONSTITUTIONNELLES,;
2024-2025;2025-336;JORFTEXT000051465651;LOI n° 2025-336 du 14 avril 2025 visant à convertir des centrales à charbon vers des combustibles moins émetteurs en dioxyde de carbone pour permettre une transition écologique plus juste socialement;2025-04-14;2025-04-14;non;non;1;non;mise_en_application;non;r25-802 p.84 (PDF);I. COMMISSION DES AFFAIRES ÉCONOMIQUES;
2024-2025;2025-337;JORFTEXT000051465667;LOI n° 2025-337 du 14 avril 2025 visant à renforcer la stabilité économique et la compétitivité du secteur agroalimentaire;2025-04-14;2025-04-14;non;oui;0;non;directe;oui;r25-802 p.84 (PDF);I. COMMISSION DES AFFAIRES ÉCONOMIQUES;
2024-2025;2025-365;JORFTEXT000051507744;LOI n° 2025-365 du 23 avril 2025 visant à améliorer le traitement des maladies affectant les cultures végétales à l'aide d'aéronefs télépilotés;2025-04-23;2025-04-23;non;non;3;non;non_mise;non;r25-802 p.85 (PDF);I. COMMISSION DES AFFAIRES ÉCONOMIQUES;
2024-2025;2025-379;JORFTEXT000051528207;LOI n° 2025-379 du 28 avril 2025 relative au renforcement de la sûreté dans les transports;2025-04-28;2025-04-28;non;non;17;non;partielle;non;r25-802 p.273 (PDF);VII. COMMISSION DES LOIS CONSTITUTIONNELLES,;
2024-2025;2025-391;JORFTEXT000051538879;LOI n° 2025-391 du 30 avril 2025 portant diverses dispositions d'adaptation au droit de l'Union européenne en matière économique, financière, environnementale, énergétique, de transport, de santé et de circulation des personnes;2025-04-30;2025-04-30;non;non;55;non;partielle;non;r25-802 p.188 (PDF);IV. COMMISSION DE L’AMÉNAGEMENT DU TERRITOIRE;
2024-2025;2025-412;JORFTEXT000051582188;LOI n° 2025-412 du 12 mai 2025 visant à renforcer les conditions d'accès à la nationalité française à Mayotte;2025-05-12;2025-05-12;non;oui;0;non;directe;oui;r25-802 p.272 (PDF);VII. COMMISSION DES LOIS CONSTITUTIONNELLES,;
2024-2025;2025-415;JORFTEXT000051586300;LOI n° 2025-415 du 13 mai 2025 visant à réduire et à encadrer les frais bancaires sur succession;2025-05-13;2025-05-13;non;non;1;non;mise_en_application;non;r25-802 p.229 (PDF);VI. COMMISSION DES FINANCES;
2024-2025;2025-443;JORFTEXT000051643172;LOI organique n° 2025-443 du 21 mai 2025 visant à harmoniser le mode de scrutin aux élections municipales afin de garantir la vitalité démocratique, la cohésion municipale et la parité;2025-05-21;2025-05-21;non;oui;0;non;directe;oui;r25-802 p.272 (PDF);VII. COMMISSION DES LOIS CONSTITUTIONNELLES,;
2024-2025;2025-444;JORFTEXT000051643176;LOI n° 2025-444 du 21 mai 2025 visant à harmoniser le mode de scrutin aux élections municipales afin de garantir la vitalité démocratique, la cohésion municipale et la parité;2025-05-21;2025-05-21;non;non;2;non;mise_en_application;non;r25-802 p.273 (PDF);VII. COMMISSION DES LOIS CONSTITUTIONNELLES,;
2024-2025;2025-486;JORFTEXT000051680907;LOI n° 2025-486 du 2 juin 2025 relative au transfert à l'Etat des personnels enseignants de l'enseignement du premier degré dans les îles Wallis et Futuna;2025-06-02;2025-06-02;non;oui;0;non;directe;oui;r25-802 p.214 (PDF);V. COMMISSION DE LA CULTURE, DE L’ÉDUCATION,;
2024-2025;2025-531;JORFTEXT000051734847;LOI organique n° 2025-531 du 13 juin 2025 fixant le statut du procureur de la République anti-criminalité organisée;2025-06-13;2025-06-13;non;oui;0;non;directe;oui;r25-802 p.272 (PDF);VII. COMMISSION DES LOIS CONSTITUTIONNELLES,;
2024-2025;2025-532;JORFTEXT000051734851;LOI n° 2025-532 du 13 juin 2025 visant à sortir la France du piège du narcotrafic;2025-06-13;2025-06-13;non;non;35;non;partielle;non;r25-802 p.273 (PDF);VII. COMMISSION DES LOIS CONSTITUTIONNELLES,;
2024-2025;2025-533;JORFTEXT000051734925;LOI n° 2025-533 du 13 juin 2025 instaurant des réponses adaptées et proportionnées pour prévenir notamment le développement des vignes non cultivées;2025-06-13;2025-06-13;non;oui;0;non;directe;oui;r25-802 p.84 (PDF);I. COMMISSION DES AFFAIRES ÉCONOMIQUES;
2024-2025;2025-534;JORFTEXT000051734927;LOI n° 2025-534 du 13 juin 2025 expérimentant l'encadrement des loyers et améliorant l'habitat dans les outre-mer;2025-06-13;2025-06-13;non;non;2;non;non_mise;non;r25-802 p.85 (PDF);I. COMMISSION DES AFFAIRES ÉCONOMIQUES;
2024-2025;2025-541;JORFTEXT000051745438;LOI n° 2025-541 du 16 juin 2025 visant à faciliter la transformation des bureaux et autres bâtiments en logements;2025-06-16;2025-06-16;non;non;1;non;non_mise;non;r25-802 p.85 (PDF);I. COMMISSION DES AFFAIRES ÉCONOMIQUES;
2024-2025;2025-568;JORFTEXT000051782996;LOI n° 2025-568 du 23 juin 2025 visant à renforcer l'autorité de la justice à l'égard des mineurs délinquants et de leurs parents;2025-06-23;2025-06-23;non;non;2;non;mise_en_application;non;r25-802 p.273 (PDF);VII. COMMISSION DES LOIS CONSTITUTIONNELLES,;
2024-2025;2025-580;JORFTEXT000051806013;LOI n° 2025-580 du 27 juin 2025 visant à améliorer l'accès aux soins par la territorialisation et la formation;2025-06-27;2025-06-27;non;non;2;non;non_mise;non;r25-802 p.147 (PDF);III. COMMISSION DES AFFAIRES SOCIALES;
2024-2025;2025-581;JORFTEXT000051806032;LOI n° 2025-581 du 27 juin 2025 sur la profession d'infirmier;2025-06-27;2025-06-27;non;non;8;non;partielle;non;r25-802 p.146 (PDF);III. COMMISSION DES AFFAIRES SOCIALES;
2024-2025;2025-594;JORFTEXT000051824277;LOI n° 2025-594 du 30 juin 2025 contre toutes les fraudes aux aides publiques;2025-06-30;2025-06-30;non;non;21;non;partielle;non;r25-802 p.84 (PDF);I. COMMISSION DES AFFAIRES ÉCONOMIQUES;
2024-2025;2025-595;JORFTEXT000051824492;LOI n° 2025-595 du 30 juin 2025 visant à protéger les personnes engagées dans un projet parental des discriminations au travail;2025-06-30;2025-06-30;non;non;1;non;mise_en_application;non;r25-802 p.146 (PDF);III. COMMISSION DES AFFAIRES SOCIALES;
2024-2025;2025-596;JORFTEXT000051824503;LOI n° 2025-596 du 30 juin 2025 visant à mettre en place un registre national des cancers;2025-06-30;2025-06-30;non;non;1;non;mise_en_application;non;r25-802 p.146 (PDF);III. COMMISSION DES AFFAIRES SOCIALES;
2024-2025;2025-622;JORFTEXT000051871463;LOI n° 2025-622 du 9 juillet 2025 créant l'homicide routier et visant à lutter contre la violence routière;2025-07-09;2025-07-09;non;non;5;non;partielle;non;r25-802 p.273 (PDF);VII. COMMISSION DES LOIS CONSTITUTIONNELLES,;
2024-2025;2025-623;JORFTEXT000051871545;LOI n° 2025-623 du 9 juillet 2025 visant à renforcer la sécurité des professionnels de santé;2025-07-09;2025-07-09;non;non;1;non;non_mise;non;r25-802 p.273 (PDF);VII. COMMISSION DES LOIS CONSTITUTIONNELLES,;
2024-2025;2025-640;JORFTEXT000051894691;LOI n° 2025-640 du 15 juillet 2025 portant création de l'établissement public du commerce et de l'industrie de la collectivité de Corse;2025-07-15;2025-07-15;non;non;4;non;mise_en_application;non;r25-802 p.273 (PDF);VII. COMMISSION DES LOIS CONSTITUTIONNELLES,;
2024-2025;2025-644;JORFTEXT000051900012;LOI n° 2025-644 du 16 juillet 2025 relative à la restitution d'un bien culturel à la République de Côte d'Ivoire;2025-07-16;2025-07-16;non;oui;0;non;directe;oui;r25-802 p.214 (PDF);V. COMMISSION DE LA CULTURE, DE L’ÉDUCATION,;
2024-2025;2025-658;JORFTEXT000051919380;LOI n° 2025-658 du 18 juillet 2025 relative au droit de vote par correspondance des personnes détenues;2025-07-18;2025-07-18;non;oui;0;non;directe;oui;r25-802 p.272 (PDF);VII. COMMISSION DES LOIS CONSTITUTIONNELLES,;
2024-2025;2025-732;JORFTEXT000052018661;LOI n° 2025-732 du 31 juillet 2025 relative à la lutte contre l'antisémitisme dans l'enseignement supérieur;2025-07-31;2025-07-31;non;non;6;non;mise_en_application;non;r25-802 p.214 (PDF);V. COMMISSION DE LA CULTURE, DE L’ÉDUCATION,;
2024-2025;2025-793;JORFTEXT000052075804;LOI organique n° 2025-793 du 11 août 2025 relative au Département-Région de Mayotte;2025-08-11;2025-08-11;non;non;1;non;directe;oui;r25-802 p.272 (PDF);VII. COMMISSION DES LOIS CONSTITUTIONNELLES,;
2024-2025;2025-794;JORFTEXT000052075814;LOI n° 2025-794 du 11 août 2025 visant à lever les contraintes à l'exercice du métier d'agriculteur;2025-08-11;2025-08-11;non;non;8;non;partielle;non;r25-802 p.84 (PDF);I. COMMISSION DES AFFAIRES ÉCONOMIQUES;
2024-2025;2025-795;JORFTEXT000052075863;LOI n° 2025-795 du 11 août 2025 visant à réformer le mode d'élection des membres du conseil de Paris et des conseils municipaux de Lyon et de Marseille;2025-08-11;2025-08-11;non;non;0;oui;directe;oui;r25-802 p.273 (PDF);VII. COMMISSION DES LOIS CONSTITUTIONNELLES,;
2024-2025;2025-796;JORFTEXT000052075884;LOI n° 2025-796 du 11 août 2025 visant à faciliter le maintien en rétention des personnes condamnées pour des faits d'une particulière gravité et présentant de forts risques de récidive;2025-08-11;2025-08-11;non;non;1;non;directe;oui;r25-802 p.273 (PDF);VII. COMMISSION DES LOIS CONSTITUTIONNELLES,;
2024-2025;2025-797;JORFTEXT000052075903;LOI n° 2025-797 du 11 août 2025 de programmation pour la refondation de Mayotte;2025-08-11;2025-08-11;non;non;30;non;partielle;non;r25-802 p.273 (PDF);VII. COMMISSION DES LOIS CONSTITUTIONNELLES,;
