texte_depose,legislature,date_depot,duree_jours,origine,nature,etat
PIONANR5L14B0013,14,2012-06-27,1819,parlementaire,organique,2
PRJLANR5L14B0003,14,2012-06-27,1819,gouvernement,finances_fss,4
PRJLANR5L14B0004,14,2012-06-27,1819,gouvernement,traite,4
PRJLANR5L14B0005,14,2012-06-27,1819,gouvernement,traite,4
PRJLANR5L14B0006,14,2012-06-27,1819,gouvernement,traite,4
PRJLANR5L14B0007,14,2012-06-27,1819,gouvernement,traite,4
PRJLANR5L14B0008,14,2012-06-27,1819,gouvernement,traite,4
PRJLANR5L14B0009,14,2012-06-27,1819,gouvernement,traite,4
PRJLANR5L14B0010,14,2012-06-27,1819,gouvernement,traite,4
PRJLANR5L14B0011,14,2012-06-27,1819,gouvernement,traite,4
PIONANR5L14B0014,14,2012-06-28,1818,parlementaire,organique,1
PIONANR5L14B0067,14,2012-07-02,1814,parlementaire,constitutionnelle,1
PIONANR5L14B0068,14,2012-07-02,1814,parlementaire,organique,1
PRJLANR5L14B0071,14,2012-07-04,1812,gouvernement,finances_fss,4
PRJLANR5L14B0072,14,2012-07-04,1812,gouvernement,traite,4
PRJLANR5L14B0073,14,2012-07-04,1812,gouvernement,traite,4
PIONANR5L14B0081,14,2012-07-12,1804,parlementaire,constitutionnelle,1
PRJLANR5L14B0090,14,2012-07-18,1798,gouvernement,traite,4
PRJLANR5L14B0091,14,2012-07-18,1798,gouvernement,traite,4
PRJLANR5L14B0092,14,2012-07-18,1798,gouvernement,traite,4
PIONANR5L14B0106,14,2012-07-24,1792,parlementaire,organique,1
PIONANR5L14B0107,14,2012-07-24,1792,parlementaire,ordinaire,4
PIONANR5L14B0108,14,2012-07-24,1792,parlementaire,ordinaire,1
PIONANR5L14B0109,14,2012-07-24,1792,parlementaire,ordinaire,1
PIONANR5L14B0110,14,2012-07-24,1792,parlementaire,ordinaire,1
PIONANR5L14B0111,14,2012-07-24,1792,parlementaire,ordinaire,1
PIONANR5L14B0112,14,2012-07-24,1792,parlementaire,ordinaire,1
PIONANR5L14B0113,14,2012-07-24,1792,parlementaire,ordinaire,1
PIONANR5L14B0114,14,2012-07-24,1792,parlementaire,ordinaire,1
PIONANR5L14B0115,14,2012-07-24,1792,parlementaire,ordinaire,1
PIONANR5L14B0116,14,2012-07-24,1792,parlementaire,ordinaire,1
PIONANR5L14B0117,14,2012-07-24,1792,parlementaire,ordinaire,1
PIONANR5L14B0118,14,2012-07-24,1792,parlementaire,ordinaire,1
PIONANR5L14B0119,14,2012-07-24,1792,parlementaire,ordinaire,1
PIONANR5L14B0120,14,2012-07-24,1792,parlementaire,ordinaire,1
PIONANR5L14B0121,14,2012-07-24,1792,parlementaire,ordinaire,1
PIONANR5L14B0122,14,2012-07-24,1792,parlementaire,ordinaire,1
PIONANR5L14B0132,14,2012-07-27,1789,parlementaire,organique,1
PIONANR5L14B0133,14,2012-07-27,1789,parlementaire,constitutionnelle,1
PRJLANR5L14B0137,14,2012-08-01,1784,gouvernement,traite,5
PRJLANR5L14B0138,14,2012-08-01,1784,gouvernement,traite,4
PIONANR5L14B0140,14,2012-08-17,1768,parlementaire,organique,1
PIONANR5L14B0142,14,2012-08-23,1762,parlementaire,ordinaire,2
PIONANR5L14B0143,14,2012-08-23,1762,parlementaire,ordinaire,2
PIONANR5L14B0144,14,2012-08-23,1762,parlementaire,ordinaire,2
PIONANR5L14B0145,14,2012-08-23,1762,parlementaire,ordinaire,2
PRJLANR5L14B0146,14,2012-08-29,1756,gouvernement,ordinaire,4
PIONANR5L14B0149,14,2012-09-06,1748,parlementaire,organique,1
PIONANR5L14B0150,14,2012-09-06,1748,parlementaire,ordinaire,4
PIONANR5L14B0151,14,2012-09-12,1742,parlementaire,ordinaire,1
PIONANR5L14B0152,14,2012-09-12,1742,parlementaire,ordinaire,1
PIONANR5L14B0153,14,2012-09-12,1742,parlementaire,ordinaire,1
PIONANR5L14B0154,14,2012-09-12,1742,parlementaire,ordinaire,1
PIONANR5L14B0155,14,2012-09-12,1742,parlementaire,ordinaire,1
PIONANR5L14B0156,14,2012-09-12,1742,parlementaire,ordinaire,1
PIONANR5L14B0157,14,2012-09-12,1742,parlementaire,ordinaire,1
PIONANR5L14B0158,14,2012-09-12,1742,parlementaire,ordinaire,1
PIONANR5L14B0159,14,2012-09-12,1742,parlementaire,ordinaire,1
PIONANR5L14B0160,14,2012-09-12,1742,parlementaire,ordinaire,1
PIONANR5L14B0161,14,2012-09-12,1742,parlementaire,ordinaire,1
PIONANR5L14B0162,14,2012-09-12,1742,parlementaire,ordinaire,1
PIONANR5L14B0163,14,2012-09-12,1742,parlementaire,ordinaire,1
PIONANR5L14B0164,14,2012-09-12,1742,parlementaire,ordinaire,1
PIONANR5L14B0165,14,2012-09-12,1742,parlementaire,ordinaire,1
PIONANR5L14B0166,14,2012-09-12,1742,parlementaire,ordinaire,1
PIONANR5L14B0167,14,2012-09-12,1742,parlementaire,ordinaire,1
PIONANR5L14B0168,14,2012-09-12,1742,parlementaire,ordinaire,1
PIONANR5L14B0169,14,2012-09-12,1742,parlementaire,ordinaire,1
PIONANR5L14B0170,14,2012-09-12,1742,parlementaire,ordinaire,1
PIONANR5L14B0171,14,2012-09-12,1742,parlementaire,ordinaire,1
PIONANR5L14B0172,14,2012-09-12,1742,parlementaire,ordinaire,1
PIONANR5L14B0173,14,2012-09-12,1742,parlementaire,ordinaire,1
PIONANR5L14B0174,14,2012-09-12,1742,parlementaire,ordinaire,1
PIONANR5L14B0175,14,2012-09-12,1742,parlementaire,ordinaire,1
PIONANR5L14B0176,14,2012-09-12,1742,parlementaire,ordinaire,1
PIONANR5L14B0177,14,2012-09-12,1742,parlementaire,ordinaire,1
PIONANR5L14B0178,14,2012-09-12,1742,parlementaire,ordinaire,1
PIONANR5L14B0179,14,2012-09-12,1742,parlementaire,ordinaire,1
PIONANR5L14B0180,14,2012-09-12,1742,parlementaire,ordinaire,1
PIONANR5L14B0181,14,2012-09-12,1742,parlementaire,ordinaire,1
PIONANR5L14B0182,14,2012-09-12,1742,parlementaire,ordinaire,1
PIONANR5L14B0183,14,2012-09-12,1742,parlementaire,ordinaire,1
PIONANR5L14B0184,14,2012-09-12,1742,parlementaire,ordinaire,1
PIONANR5L14B0185,14,2012-09-12,1742,parlementaire,ordinaire,1
PIONANR5L14B0186,14,2012-09-12,1742,parlementaire,ordinaire,1
PIONANR5L14B0187,14,2012-09-12,1742,parlementaire,ordinaire,1
PIONANR5L14B0188,14,2012-09-12,1742,parlementaire,ordinaire,1
PIONANR5L14B0189,14,2012-09-12,1742,parlementaire,ordinaire,1
PIONANR5L14B0190,14,2012-09-12,1742,parlementaire,ordinaire,1
PIONANR5L14B0191,14,2012-09-12,1742,parlementaire,ordinaire,2
PRJLANR5L14B0192,14,2012-09-12,1742,gouvernement,traite,4
PRJLANR5L14B0193,14,2012-09-12,1742,gouvernement,traite,4
PRJLANR5L14B0194,14,2012-09-12,1742,gouvernement,traite,4
PRJLANR5L14B0197,14,2012-09-19,1735,gouvernement,traite,4
PRJLANR5L14B0198,14,2012-09-19,1735,gouvernement,organique,4
PIONANR5L14B0204,14,2012-09-26,1728,parlementaire,organique,1
PIONANR5L14B0208,14,2012-09-26,1728,parlementaire,ordinaire,1
PIONANR5L14B0209,14,2012-09-26,1728,parlementaire,ordinaire,1
PIONANR5L14B0210,14,2012-09-26,1728,parlementaire,ordinaire,1
PIONANR5L14B0211,14,2012-09-26,1728,parlementaire,ordinaire,1
PIONANR5L14B0212,14,2012-09-26,1728,parlementaire,ordinaire,1
PIONANR5L14B0213,14,2012-09-26,1728,parlementaire,ordinaire,1
PIONANR5L14B0214,14,2012-09-26,1728,parlementaire,ordinaire,1
PIONANR5L14B0215,14,2012-09-26,1728,parlementaire,ordinaire,1
PIONANR5L14B0216,14,2012-09-26,1728,parlementaire,ordinaire,1
PIONANR5L14B0217,14,2012-09-26,1728,parlementaire,ordinaire,1
PIONANR5L14B0218,14,2012-09-26,1728,parlementaire,ordinaire,2
PIONANR5L14B0219,14,2012-09-26,1728,parlementaire,ordinaire,1
PIONANR5L14B0220,14,2012-09-26,1728,parlementaire,ordinaire,1
PIONANR5L14B0221,14,2012-09-26,1728,parlementaire,ordinaire,2
PIONANR5L14B0222,14,2012-09-26,1728,parlementaire,ordinaire,2
PIONANR5L14B0223,14,2012-09-26,1728,parlementaire,ordinaire,1
PIONANR5L14B0224,14,2012-09-26,1728,parlementaire,ordinaire,1
PIONANR5L14B0225,14,2012-09-26,1728,parlementaire,ordinaire,1
PIONANR5L14B0226,14,2012-09-26,1728,parlementaire,ordinaire,1
PIONANR5L14B0227,14,2012-09-26,1728,parlementaire,ordinaire,1
PIONANR5L14B0228,14,2012-09-26,1728,parlementaire,ordinaire,1
PIONANR5L14B0229,14,2012-09-26,1728,parlementaire,ordinaire,1
PRJLANR5L14B0234,14,2012-09-28,1726,gouvernement,ordinaire,4
PRJLANR5L14B0235,14,2012-09-28,1726,gouvernement,finances_fss,4
PIONANR5L14B0236,14,2012-10-01,1723,parlementaire,organique,1
PIONANR5L14B0259,14,2012-10-10,1714,parlementaire,ordinaire,1
PIONANR5L14B0260,14,2012-10-10,1714,parlementaire,ordinaire,1
PIONANR5L14B0261,14,2012-10-10,1714,parlementaire,ordinaire,1
PIONANR5L14B0262,14,2012-10-10,1714,parlementaire,ordinaire,1
PIONANR5L14B0263,14,2012-10-10,1714,parlementaire,ordinaire,1
PIONANR5L14B0264,14,2012-10-10,1714,parlementaire,ordinaire,1
PIONANR5L14B0265,14,2012-10-10,1714,parlementaire,ordinaire,1
PIONANR5L14B0266,14,2012-10-10,1714,parlementaire,ordinaire,1
PIONANR5L14B0267,14,2012-10-10,1714,parlementaire,ordinaire,2
PIONANR5L14B0268,14,2012-10-10,1714,parlementaire,ordinaire,1
PIONANR5L14B0269,14,2012-10-10,1714,parlementaire,ordinaire,1
PIONANR5L14B0270,14,2012-10-10,1714,parlementaire,ordinaire,1
PIONANR5L14B0271,14,2012-10-10,1714,parlementaire,ordinaire,1
PIONANR5L14B0272,14,2012-10-10,1714,parlementaire,ordinaire,1
PIONANR5L14B0273,14,2012-10-10,1714,parlementaire,ordinaire,1
PIONANR5L14B0274,14,2012-10-10,1714,parlementaire,ordinaire,2
PIONANR5L14B0275,14,2012-10-10,1714,parlementaire,ordinaire,1
PIONANR5L14B0276,14,2012-10-10,1714,parlementaire,ordinaire,1
PIONANR5L14B0277,14,2012-10-10,1714,parlementaire,ordinaire,1
PIONANR5L14B0278,14,2012-10-10,1714,parlementaire,ordinaire,1
PIONANR5L14B0279,14,2012-10-10,1714,parlementaire,ordinaire,1
PIONANR5L14B0280,14,2012-10-10,1714,parlementaire,ordinaire,1
PIONANR5L14B0281,14,2012-10-10,1714,parlementaire,ordinaire,1
PIONANR5L14B0282,14,2012-10-10,1714,parlementaire,ordinaire,1
PIONANR5L14B0283,14,2012-10-10,1714,parlementaire,ordinaire,1
PIONANR5L14B0284,14,2012-10-10,1714,parlementaire,ordinaire,2
PIONANR5L14B0285,14,2012-10-10,1714,parlementaire,ordinaire,2
PIONANR5L14B0286,14,2012-10-10,1714,parlementaire,ordinaire,1
PRJLANR5L14B0287,14,2012-10-10,1714,gouvernement,finances_fss,4
PIONANR5L14B0292,14,2012-10-12,1712,parlementaire,organique,1
PIONANR5L14B0296,14,2012-10-16,1708,parlementaire,ordinaire,4
PRJLANR5L14B0298,14,2012-10-17,1707,gouvernement,ordinaire,4
PIONANR5L14B0309,14,2012-10-24,1700,parlementaire,ordinaire,1
PIONANR5L14B0310,14,2012-10-24,1700,parlementaire,ordinaire,1
PIONANR5L14B0311,14,2012-10-24,1700,parlementaire,ordinaire,1
PIONANR5L14B0312,14,2012-10-24,1700,parlementaire,ordinaire,1
PIONANR5L14B0313,14,2012-10-24,1700,parlementaire,ordinaire,1
PIONANR5L14B0314,14,2012-10-24,1700,parlementaire,ordinaire,1
PIONANR5L14B0315,14,2012-10-24,1700,parlementaire,ordinaire,1
PIONANR5L14B0316,14,2012-10-24,1700,parlementaire,ordinaire,1
PIONANR5L14B0317,14,2012-10-24,1700,parlementaire,ordinaire,1
PIONANR5L14B0318,14,2012-10-24,1700,parlementaire,ordinaire,1
PIONANR5L14B0319,14,2012-10-24,1700,parlementaire,ordinaire,1
PIONANR5L14B0320,14,2012-10-24,1700,parlementaire,ordinaire,1
PIONANR5L14B0321,14,2012-10-24,1700,parlementaire,ordinaire,1
PIONANR5L14B0322,14,2012-10-24,1700,parlementaire,ordinaire,1
PIONANR5L14B0323,14,2012-10-24,1700,parlementaire,ordinaire,1
PIONANR5L14B0324,14,2012-10-24,1700,parlementaire,ordinaire,1
PIONANR5L14B0325,14,2012-10-24,1700,parlementaire,ordinaire,1
PIONANR5L14B0326,14,2012-10-24,1700,parlementaire,ordinaire,1
PIONANR5L14B0327,14,2012-10-24,1700,parlementaire,ordinaire,1
PIONANR5L14B0328,14,2012-10-24,1700,parlementaire,ordinaire,1
PIONANR5L14B0329,14,2012-10-24,1700,parlementaire,ordinaire,2
PIONANR5L14B0330,14,2012-10-24,1700,parlementaire,ordinaire,2
PIONANR5L14B0331,14,2012-10-24,1700,parlementaire,ordinaire,1
PIONANR5L14B0332,14,2012-10-24,1700,parlementaire,ordinaire,2
PRJLANR5L14B0306,14,2012-10-24,1700,gouvernement,traite,4
PRJLANR5L14B0307,14,2012-10-24,1700,gouvernement,traite,4
PIONANR5L14B0341,14,2012-11-06,1687,parlementaire,constitutionnelle,1
PRJLANR5L14B0344,14,2012-11-07,1686,gouvernement,ordinaire,4
PIONANR5L14B0349,14,2012-11-08,1685,parlementaire,organique,4
PIONANR5L14B0353,14,2012-11-13,1680,parlementaire,ordinaire,1
PIONANR5L14B0354,14,2012-11-13,1680,parlementaire,ordinaire,1
PIONANR5L14B0355,14,2012-11-13,1680,parlementaire,ordinaire,1
PIONANR5L14B0356,14,2012-11-13,1680,parlementaire,ordinaire,1
PIONANR5L14B0357,14,2012-11-13,1680,parlementaire,ordinaire,1
PIONANR5L14B0358,14,2012-11-13,1680,parlementaire,ordinaire,1
PIONANR5L14B0359,14,2012-11-13,1680,parlementaire,ordinaire,1
PIONANR5L14B0360,14,2012-11-13,1680,parlementaire,ordinaire,1
PIONANR5L14B0361,14,2012-11-13,1680,parlementaire,ordinaire,1
PIONANR5L14B0362,14,2012-11-13,1680,parlementaire,ordinaire,1
PIONANR5L14B0363,14,2012-11-13,1680,parlementaire,ordinaire,1
PIONANR5L14B0364,14,2012-11-13,1680,parlementaire,ordinaire,1
PIONANR5L14B0365,14,2012-11-13,1680,parlementaire,ordinaire,1
PIONANR5L14B0366,14,2012-11-13,1680,parlementaire,ordinaire,1
PIONANR5L14B0367,14,2012-11-13,1680,parlementaire,ordinaire,1
PIONANR5L14B0368,14,2012-11-13,1680,parlementaire,ordinaire,1
PIONANR5L14B0369,14,2012-11-13,1680,parlementaire,ordinaire,1
PIONANR5L14B0370,14,2012-11-13,1680,parlementaire,ordinaire,1
PIONANR5L14B0371,14,2012-11-13,1680,parlementaire,ordinaire,1
PIONANR5L14B0372,14,2012-11-13,1680,parlementaire,ordinaire,1
PIONANR5L14B0373,14,2012-11-13,1680,parlementaire,ordinaire,1
PIONANR5L14B0374,14,2012-11-13,1680,parlementaire,ordinaire,1
PIONANR5L14B0375,14,2012-11-13,1680,parlementaire,ordinaire,1
PIONANR5L14B0376,14,2012-11-13,1680,parlementaire,ordinaire,1
PIONANR5L14B0377,14,2012-11-13,1680,parlementaire,ordinaire,1
PIONANR5L14B0378,14,2012-11-13,1680,parlementaire,ordinaire,1
PIONANR5L14B0379,14,2012-11-13,1680,parlementaire,ordinaire,1
PIONANR5L14B0380,14,2012-11-13,1680,parlementaire,ordinaire,1
PIONANR5L14B0381,14,2012-11-13,1680,parlementaire,ordinaire,1
PIONANR5L14B0382,14,2012-11-13,1680,parlementaire,ordinaire,1
PIONANR5L14B0383,14,2012-11-13,1680,parlementaire,ordinaire,1
PIONANR5L14B0384,14,2012-11-13,1680,parlementaire,ordinaire,1
PIONANR5L14B0385,14,2012-11-13,1680,parlementaire,ordinaire,1
PIONANR5L14B0386,14,2012-11-13,1680,parlementaire,ordinaire,1
PIONANR5L14B0387,14,2012-11-13,1680,parlementaire,ordinaire,1
PIONANR5L14B0388,14,2012-11-13,1680,parlementaire,ordinaire,1
PIONANR5L14B0389,14,2012-11-13,1680,parlementaire,ordinaire,1
PIONANR5L14B0390,14,2012-11-13,1680,parlementaire,ordinaire,1
PIONANR5L14B0391,14,2012-11-13,1680,parlementaire,ordinaire,1
PIONANR5L14B0392,14,2012-11-13,1680,parlementaire,ordinaire,1
PIONANR5L14B0393,14,2012-11-13,1680,parlementaire,ordinaire,4
PIONANR5L14B0394,14,2012-11-13,1680,parlementaire,ordinaire,1
PRJLANR5L14B0402,14,2012-11-14,1679,gouvernement,ordinaire,4
PRJLANR5L14B0403,14,2012-11-14,1679,gouvernement,finances_fss,4
PIONANR5L14B0416,14,2012-11-15,1678,parlementaire,constitutionnelle,1
PIONANR5L14B0418,14,2012-11-16,1677,parlementaire,organique,1
PRJLANR5L14B0425,14,2012-11-21,1672,gouvernement,traite,4
PRJLANR5L14B0426,14,2012-11-21,1672,gouvernement,traite,4
PRJLANR5L14B0427,14,2012-11-21,1672,gouvernement,traite,4
PRJLANR5L14B0428,14,2012-11-21,1672,gouvernement,traite,4
PRJLANR5L14B0429,14,2012-11-21,1672,gouvernement,traite,4
PIONANR5L14B0438,14,2012-11-27,1666,parlementaire,ordinaire,1
PIONANR5L14B0439,14,2012-11-27,1666,parlementaire,ordinaire,1
PIONANR5L14B0440,14,2012-11-27,1666,parlementaire,ordinaire,1
PIONANR5L14B0441,14,2012-11-27,1666,parlementaire,ordinaire,1
PIONANR5L14B0442,14,2012-11-27,1666,parlementaire,ordinaire,1
PIONANR5L14B0443,14,2012-11-27,1666,parlementaire,ordinaire,1
PIONANR5L14B0444,14,2012-11-27,1666,parlementaire,ordinaire,1
PIONANR5L14B0445,14,2012-11-27,1666,parlementaire,ordinaire,1
PIONANR5L14B0446,14,2012-11-27,1666,parlementaire,ordinaire,1
PIONANR5L14B0447,14,2012-11-27,1666,parlementaire,ordinaire,1
PIONANR5L14B0448,14,2012-11-27,1666,parlementaire,ordinaire,1
PIONANR5L14B0449,14,2012-11-27,1666,parlementaire,ordinaire,1
PIONANR5L14B0450,14,2012-11-27,1666,parlementaire,ordinaire,1
PIONANR5L14B0451,14,2012-11-27,1666,parlementaire,ordinaire,1
PIONANR5L14B0452,14,2012-11-27,1666,parlementaire,ordinaire,1
PIONANR5L14B0453,14,2012-11-27,1666,parlementaire,ordinaire,1
PIONANR5L14B0454,14,2012-11-27,1666,parlementaire,ordinaire,1
PIONANR5L14B0455,14,2012-11-27,1666,parlementaire,ordinaire,1
PIONANR5L14B0456,14,2012-11-27,1666,parlementaire,ordinaire,1
PIONANR5L14B0457,14,2012-11-27,1666,parlementaire,ordinaire,1
PRJLANR5L14B0459,14,2012-11-28,1665,gouvernement,traite,4
PRJLANR5L14B0460,14,2012-11-28,1665,gouvernement,ordinaire,1
PRJLANR5L14B0476,14,2012-12-05,1658,gouvernement,ordinaire,1
PRJLANR5L14B0477,14,2012-12-05,1658,gouvernement,traite,1
PIONANR5L14B0483,14,2012-12-07,1656,parlementaire,constitutionnelle,1
PIONANR5L14B0494,14,2012-12-12,1651,parlementaire,ordinaire,2
PIONANR5L14B0495,14,2012-12-12,1651,parlementaire,ordinaire,1
PIONANR5L14B0496,14,2012-12-12,1651,parlementaire,ordinaire,1
PIONANR5L14B0497,14,2012-12-12,1651,parlementaire,ordinaire,1
PIONANR5L14B0498,14,2012-12-12,1651,parlementaire,ordinaire,1
PIONANR5L14B0499,14,2012-12-12,1651,parlementaire,ordinaire,1
PIONANR5L14B0500,14,2012-12-12,1651,parlementaire,ordinaire,1
PIONANR5L14B0501,14,2012-12-12,1651,parlementaire,ordinaire,1
PIONANR5L14B0502,14,2012-12-12,1651,parlementaire,ordinaire,1
PIONANR5L14B0503,14,2012-12-12,1651,parlementaire,ordinaire,1
PIONANR5L14B0504,14,2012-12-12,1651,parlementaire,ordinaire,1
PIONANR5L14B0505,14,2012-12-12,1651,parlementaire,ordinaire,1
PIONANR5L14B0506,14,2012-12-12,1651,parlementaire,ordinaire,1
PIONANR5L14B0507,14,2012-12-12,1651,parlementaire,ordinaire,1
PIONANR5L14B0508,14,2012-12-12,1651,parlementaire,ordinaire,1
PIONANR5L14B0509,14,2012-12-12,1651,parlementaire,ordinaire,1
PIONANR5L14B0510,14,2012-12-12,1651,parlementaire,ordinaire,1
PIONANR5L14B0511,14,2012-12-12,1651,parlementaire,ordinaire,1
PIONANR5L14B0512,14,2012-12-12,1651,parlementaire,ordinaire,1
PIONANR5L14B0513,14,2012-12-12,1651,parlementaire,ordinaire,1
PIONANR5L14B0514,14,2012-12-12,1651,parlementaire,ordinaire,1
PIONANR5L14B0515,14,2012-12-12,1651,parlementaire,ordinaire,1
PIONANR5L14B0516,14,2012-12-12,1651,parlementaire,ordinaire,2
PIONANR5L14B0517,14,2012-12-12,1651,parlementaire,ordinaire,1
PIONANR5L14B0518,14,2012-12-12,1651,parlementaire,ordinaire,1
PIONANR5L14B0519,14,2012-12-12,1651,parlementaire,ordinaire,1
PIONANR5L14B0520,14,2012-12-12,1651,parlementaire,ordinaire,1
PIONANR5L14B0521,14,2012-12-12,1651,parlementaire,ordinaire,1
PIONANR5L14B0522,14,2012-12-12,1651,parlementaire,ordinaire,1
PIONANR5L14B0523,14,2012-12-12,1651,parlementaire,ordinaire,1
PIONANR5L14B0524,14,2012-12-12,1651,parlementaire,ordinaire,1
PIONANR5L14B0525,14,2012-12-12,1651,parlementaire,ordinaire,1
PIONANR5L14B0526,14,2012-12-12,1651,parlementaire,ordinaire,1
PIONANR5L14B0527,14,2012-12-12,1651,parlementaire,ordinaire,1
PIONANR5L14B0528,14,2012-12-12,1651,parlementaire,ordinaire,1
PIONANR5L14B0529,14,2012-12-12,1651,parlementaire,ordinaire,1
PIONANR5L14B0530,14,2012-12-12,1651,parlementaire,ordinaire,1
PIONANR5L14B0531,14,2012-12-12,1651,parlementaire,ordinaire,2
PIONANR5L14B0532,14,2012-12-12,1651,parlementaire,ordinaire,1
PIONANR5L14B0533,14,2012-12-12,1651,parlementaire,ordinaire,1
PIONANR5L14B0534,14,2012-12-12,1651,parlementaire,ordinaire,1
PIONANR5L14B0535,14,2012-12-12,1651,parlementaire,ordinaire,1
PRJLANR5L14B0492,14,2012-12-12,1651,gouvernement,ordinaire,4
PRJLANR5L14B0493,14,2012-12-12,1651,gouvernement,ordinaire,1
PIONANR5L14B0552,14,2012-12-19,1644,parlementaire,ordinaire,1
PIONANR5L14B0553,14,2012-12-19,1644,parlementaire,ordinaire,1
PIONANR5L14B0554,14,2012-12-19,1644,parlementaire,ordinaire,1
PIONANR5L14B0555,14,2012-12-19,1644,parlementaire,ordinaire,1
PIONANR5L14B0556,14,2012-12-19,1644,parlementaire,ordinaire,1
PIONANR5L14B0557,14,2012-12-19,1644,parlementaire,ordinaire,1
PIONANR5L14B0558,14,2012-12-19,1644,parlementaire,ordinaire,1
PIONANR5L14B0559,14,2012-12-19,1644,parlementaire,ordinaire,1
PIONANR5L14B0560,14,2012-12-19,1644,parlementaire,ordinaire,1
PIONANR5L14B0561,14,2012-12-19,1644,parlementaire,ordinaire,1
PIONANR5L14B0562,14,2012-12-19,1644,parlementaire,ordinaire,1
PIONANR5L14B0563,14,2012-12-19,1644,parlementaire,ordinaire,1
PIONANR5L14B0564,14,2012-12-19,1644,parlementaire,ordinaire,1
PIONANR5L14B0565,14,2012-12-19,1644,parlementaire,ordinaire,1
PIONANR5L14B0567,14,2012-12-19,1644,parlementaire,constitutionnelle,2
PIONANR5L14B0568,14,2012-12-19,1644,parlementaire,organique,2
PRJLANR5L14B0566,14,2012-12-19,1644,gouvernement,ordinaire,4
PIONANR5L14B0576,14,2013-01-08,1624,parlementaire,constitutionnelle,1
PRJLANR5L14B0577,14,2013-01-09,1623,gouvernement,traite,1
PRJLANR5L14B0578,14,2013-01-09,1623,gouvernement,traite,4
PIONANR5L14B0580,14,2013-01-14,1618,parlementaire,organique,1
PIONANR5L14B0587,14,2013-01-16,1616,parlementaire,constitutionnelle,1
PIONANR5L14B0591,14,2013-01-16,1616,parlementaire,ordinaire,1
PIONANR5L14B0592,14,2013-01-16,1616,parlementaire,ordinaire,1
PIONANR5L14B0593,14,2013-01-16,1616,parlementaire,ordinaire,1
PIONANR5L14B0594,14,2013-01-16,1616,parlementaire,ordinaire,2
PIONANR5L14B0595,14,2013-01-16,1616,parlementaire,ordinaire,1
PIONANR5L14B0596,14,2013-01-16,1616,parlementaire,ordinaire,1
PIONANR5L14B0597,14,2013-01-16,1616,parlementaire,ordinaire,1
PIONANR5L14B0598,14,2013-01-16,1616,parlementaire,ordinaire,1
PIONANR5L14B0599,14,2013-01-16,1616,parlementaire,ordinaire,1
PIONANR5L14B0600,14,2013-01-16,1616,parlementaire,ordinaire,1
PIONANR5L14B0601,14,2013-01-16,1616,parlementaire,ordinaire,1
PIONANR5L14B0602,14,2013-01-16,1616,parlementaire,ordinaire,1
PIONANR5L14B0603,14,2013-01-16,1616,parlementaire,ordinaire,1
PIONANR5L14B0604,14,2013-01-16,1616,parlementaire,ordinaire,1
PIONANR5L14B0605,14,2013-01-16,1616,parlementaire,ordinaire,1
PIONANR5L14B0606,14,2013-01-16,1616,parlementaire,ordinaire,1
PIONANR5L14B0607,14,2013-01-16,1616,parlementaire,ordinaire,1
PIONANR5L14B0608,14,2013-01-16,1616,parlementaire,ordinaire,1
PIONANR5L14B0609,14,2013-01-16,1616,parlementaire,ordinaire,1
PIONANR5L14B0610,14,2013-01-16,1616,parlementaire,ordinaire,1
PIONANR5L14B0611,14,2013-01-16,1616,parlementaire,ordinaire,1
PIONANR5L14B0612,14,2013-01-16,1616,parlementaire,ordinaire,1
PIONANR5L14B0613,14,2013-01-16,1616,parlementaire,ordinaire,1
PIONANR5L14B0614,14,2013-01-16,1616,parlementaire,ordinaire,1
PIONANR5L14B0615,14,2013-01-16,1616,parlementaire,ordinaire,1
PIONANR5L14B0616,14,2013-01-16,1616,parlementaire,ordinaire,1
PIONANR5L14B0617,14,2013-01-16,1616,parlementaire,ordinaire,1
PIONANR5L14B0618,14,2013-01-16,1616,parlementaire,ordinaire,1
PIONANR5L14B0619,14,2013-01-16,1616,parlementaire,ordinaire,1
PIONANR5L14B0620,14,2013-01-16,1616,parlementaire,ordinaire,1
PIONANR5L14B0621,14,2013-01-16,1616,parlementaire,ordinaire,1
PIONANR5L14B0622,14,2013-01-16,1616,parlementaire,ordinaire,1
PIONANR5L14B0623,14,2013-01-16,1616,parlementaire,ordinaire,1
PIONANR5L14B0624,14,2013-01-16,1616,parlementaire,ordinaire,1
PIONANR5L14B0625,14,2013-01-16,1616,parlementaire,ordinaire,1
PIONANR5L14B0626,14,2013-01-16,1616,parlementaire,ordinaire,1
PRJLANR5L14B0590,14,2013-01-16,1616,gouvernement,ordinaire,1
PIONANR5L14B0632,14,2013-01-22,1610,parlementaire,constitutionnelle,1
PIONANR5L14B0633,14,2013-01-23,1609,parlementaire,ordinaire,1
PIONANR5L14B0634,14,2013-01-23,1609,parlementaire,ordinaire,1
PIONANR5L14B0635,14,2013-01-23,1609,parlementaire,ordinaire,1
PIONANR5L14B0636,14,2013-01-23,1609,parlementaire,ordinaire,1
PIONANR5L14B0637,14,2013-01-23,1609,parlementaire,ordinaire,1
PIONANR5L14B0638,14,2013-01-23,1609,parlementaire,ordinaire,1
PIONANR5L14B0639,14,2013-01-23,1609,parlementaire,ordinaire,1
PIONANR5L14B0640,14,2013-01-23,1609,parlementaire,ordinaire,1
PIONANR5L14B0641,14,2013-01-23,1609,parlementaire,ordinaire,1
PIONANR5L14B0642,14,2013-01-23,1609,parlementaire,ordinaire,1
PIONANR5L14B0643,14,2013-01-23,1609,parlementaire,ordinaire,1
PIONANR5L14B0644,14,2013-01-23,1609,parlementaire,ordinaire,1
PIONANR5L14B0645,14,2013-01-23,1609,parlementaire,ordinaire,1
PIONANR5L14B0646,14,2013-01-23,1609,parlementaire,ordinaire,1
PIONANR5L14B0647,14,2013-01-23,1609,parlementaire,ordinaire,1
PIONANR5L14B0648,14,2013-01-23,1609,parlementaire,ordinaire,1
PIONANR5L14B0649,14,2013-01-23,1609,parlementaire,ordinaire,1
PRJLANR5L14B0653,14,2013-01-23,1609,gouvernement,ordinaire,4
PIONANR5L14B0655,14,2013-01-25,1607,parlementaire,constitutionnelle,1
PIONANR5L14B0656,14,2013-01-25,1607,parlementaire,organique,1
PRJLANR5L14B0662,14,2013-01-30,1602,gouvernement,traite,1
PIONANR5L14B0682,14,2013-02-06,1595,parlementaire,ordinaire,1
PIONANR5L14B0683,14,2013-02-06,1595,parlementaire,ordinaire,1
PIONANR5L14B0684,14,2013-02-06,1595,parlementaire,ordinaire,1
PIONANR5L14B0685,14,2013-02-06,1595,parlementaire,ordinaire,1
PIONANR5L14B0686,14,2013-02-06,1595,parlementaire,ordinaire,1
PIONANR5L14B0687,14,2013-02-06,1595,parlementaire,ordinaire,1
PIONANR5L14B0688,14,2013-02-06,1595,parlementaire,ordinaire,1
PIONANR5L14B0689,14,2013-02-06,1595,parlementaire,ordinaire,1
PIONANR5L14B0690,14,2013-02-06,1595,parlementaire,ordinaire,1
PIONANR5L14B0691,14,2013-02-06,1595,parlementaire,ordinaire,1
PIONANR5L14B0692,14,2013-02-06,1595,parlementaire,ordinaire,1
PIONANR5L14B0693,14,2013-02-06,1595,parlementaire,ordinaire,1
PIONANR5L14B0694,14,2013-02-06,1595,parlementaire,ordinaire,1
PIONANR5L14B0695,14,2013-02-06,1595,parlementaire,ordinaire,1
PIONANR5L14B0696,14,2013-02-06,1595,parlementaire,ordinaire,1
PIONANR5L14B0697,14,2013-02-06,1595,parlementaire,ordinaire,1
PIONANR5L14B0698,14,2013-02-06,1595,parlementaire,ordinaire,1
PIONANR5L14B0699,14,2013-02-06,1595,parlementaire,ordinaire,1
PRJLANR5L14B0680,14,2013-02-06,1595,gouvernement,traite,1
PRJLANR5L14B0681,14,2013-02-06,1595,gouvernement,traite,1
PIONANR5L14B0717,14,2013-02-13,1588,parlementaire,ordinaire,1
PIONANR5L14B0718,14,2013-02-13,1588,parlementaire,ordinaire,1
PIONANR5L14B0719,14,2013-02-13,1588,parlementaire,ordinaire,1
PIONANR5L14B0720,14,2013-02-13,1588,parlementaire,ordinaire,1
PIONANR5L14B0721,14,2013-02-13,1588,parlementaire,ordinaire,1
PIONANR5L14B0722,14,2013-02-13,1588,parlementaire,ordinaire,1
PIONANR5L14B0723,14,2013-02-13,1588,parlementaire,ordinaire,1
PRJLANR5L14B0729,14,2013-02-13,1588,gouvernement,ordinaire,1
PRJLANR5L14B0730,14,2013-02-13,1588,gouvernement,ordinaire,1
PIONANR5L14B0735,14,2013-02-18,1583,parlementaire,constitutionnelle,1
PRJLANR5L14B0736,14,2013-02-20,1581,gouvernement,ordinaire,4
PIONANR5L14B0745,14,2013-02-27,1574,parlementaire,ordinaire,1
PIONANR5L14B0746,14,2013-02-27,1574,parlementaire,ordinaire,1
PIONANR5L14B0747,14,2013-02-27,1574,parlementaire,ordinaire,1
PIONANR5L14B0748,14,2013-02-27,1574,parlementaire,ordinaire,1
PIONANR5L14B0749,14,2013-02-27,1574,parlementaire,ordinaire,1
PIONANR5L14B0750,14,2013-02-27,1574,parlementaire,ordinaire,1
PIONANR5L14B0751,14,2013-02-27,1574,parlementaire,ordinaire,1
PIONANR5L14B0752,14,2013-02-27,1574,parlementaire,ordinaire,1
PIONANR5L14B0753,14,2013-02-27,1574,parlementaire,ordinaire,1
PIONANR5L14B0754,14,2013-02-27,1574,parlementaire,ordinaire,2
PIONANR5L14B0755,14,2013-02-27,1574,parlementaire,ordinaire,1
PIONANR5L14B0756,14,2013-02-27,1574,parlementaire,ordinaire,1
PIONANR5L14B0757,14,2013-02-27,1574,parlementaire,ordinaire,1
PIONANR5L14B0766,14,2013-02-28,1573,parlementaire,ordinaire,1
PIONANR5L14B0772,14,2013-03-01,1572,parlementaire,constitutionnelle,1
PRJLANR5L14B0774,14,2013-03-06,1567,gouvernement,ordinaire,4
PRJLANR5L14B0775,14,2013-03-06,1567,gouvernement,ordinaire,4
PIONANR5L14B0777,14,2013-03-08,1565,parlementaire,constitutionnelle,1
PIONANR5L14B0787,14,2013-03-13,1560,parlementaire,ordinaire,1
PIONANR5L14B0788,14,2013-03-13,1560,parlementaire,ordinaire,1
PIONANR5L14B0789,14,2013-03-13,1560,parlementaire,ordinaire,1
PIONANR5L14B0790,14,2013-03-13,1560,parlementaire,ordinaire,1
PIONANR5L14B0791,14,2013-03-13,1560,parlementaire,ordinaire,1
PIONANR5L14B0792,14,2013-03-13,1560,parlementaire,ordinaire,1
PIONANR5L14B0793,14,2013-03-13,1560,parlementaire,ordinaire,1
PIONANR5L14B0794,14,2013-03-13,1560,parlementaire,ordinaire,1
PIONANR5L14B0795,14,2013-03-13,1560,parlementaire,ordinaire,1
PIONANR5L14B0796,14,2013-03-13,1560,parlementaire,ordinaire,1
PIONANR5L14B0797,14,2013-03-13,1560,parlementaire,ordinaire,1
PIONANR5L14B0798,14,2013-03-13,1560,parlementaire,ordinaire,1
PIONANR5L14B0799,14,2013-03-13,1560,parlementaire,ordinaire,1
PIONANR5L14B0800,14,2013-03-13,1560,parlementaire,ordinaire,1
PIONANR5L14B0801,14,2013-03-13,1560,parlementaire,ordinaire,1
PIONANR5L14B0802,14,2013-03-13,1560,parlementaire,ordinaire,1
PIONANR5L14B0803,14,2013-03-13,1560,parlementaire,ordinaire,1
PIONANR5L14B0804,14,2013-03-13,1560,parlementaire,ordinaire,1
PIONANR5L14B0805,14,2013-03-13,1560,parlementaire,ordinaire,1
PIONANR5L14B0806,14,2013-03-13,1560,parlementaire,ordinaire,1
PIONANR5L14B0807,14,2013-03-13,1560,parlementaire,ordinaire,1
PIONANR5L14B0808,14,2013-03-13,1560,parlementaire,ordinaire,1
PIONANR5L14B0809,14,2013-03-13,1560,parlementaire,ordinaire,2
PIONANR5L14B0810,14,2013-03-13,1560,parlementaire,ordinaire,1
PRJLANR5L14B0811,14,2013-03-13,1560,gouvernement,ordinaire,1
PRJLANR5L14B0813,14,2013-03-14,1559,gouvernement,constitutionnelle,1
PRJLANR5L14B0814,14,2013-03-14,1559,gouvernement,constitutionnelle,1
PRJLANR5L14B0815,14,2013-03-14,1559,gouvernement,constitutionnelle,3
PRJLANR5L14B0816,14,2013-03-14,1559,gouvernement,constitutionnelle,1
PRJLANR5L14B0835,14,2013-03-20,1553,gouvernement,ordinaire,4
PIONANR5L14B0848,14,2013-03-27,1546,parlementaire,constitutionnelle,1
PRJLANR5L14B0845,14,2013-03-27,1546,gouvernement,ordinaire,4
PIONANR5L14B0852,14,2013-03-28,1545,parlementaire,ordinaire,1
PIONANR5L14B0853,14,2013-03-28,1545,parlementaire,ordinaire,1
PIONANR5L14B0854,14,2013-03-28,1545,parlementaire,ordinaire,1
PIONANR5L14B0855,14,2013-03-28,1545,parlementaire,ordinaire,1
PIONANR5L14B0856,14,2013-03-28,1545,parlementaire,ordinaire,1
PIONANR5L14B0857,14,2013-03-28,1545,parlementaire,ordinaire,1
PIONANR5L14B0858,14,2013-03-28,1545,parlementaire,ordinaire,1
PIONANR5L14B0859,14,2013-03-28,1545,parlementaire,ordinaire,1
PIONANR5L14B0860,14,2013-03-28,1545,parlementaire,ordinaire,1
PIONANR5L14B0861,14,2013-03-28,1545,parlementaire,ordinaire,1
PIONANR5L14B0862,14,2013-03-28,1545,parlementaire,ordinaire,1
PIONANR5L14B0863,14,2013-03-28,1545,parlementaire,ordinaire,1
PIONANR5L14B0864,14,2013-03-28,1545,parlementaire,ordinaire,1
PIONANR5L14B0865,14,2013-03-28,1545,parlementaire,ordinaire,1
PIONANR5L14B0866,14,2013-03-28,1545,parlementaire,ordinaire,1
PIONANR5L14B0867,14,2013-03-28,1545,parlementaire,ordinaire,1
PIONANR5L14B0868,14,2013-03-28,1545,parlementaire,ordinaire,1
PIONANR5L14B0869,14,2013-03-28,1545,parlementaire,ordinaire,2
PIONANR5L14B0870,14,2013-03-28,1545,parlementaire,ordinaire,1
PIONANR5L14B0888,14,2013-04-03,1539,parlementaire,ordinaire,1
PIONANR5L14B0889,14,2013-04-03,1539,parlementaire,ordinaire,1
PIONANR5L14B0890,14,2013-04-03,1539,parlementaire,ordinaire,1
PIONANR5L14B0891,14,2013-04-03,1539,parlementaire,ordinaire,1
PIONANR5L14B0892,14,2013-04-03,1539,parlementaire,ordinaire,1
PIONANR5L14B0893,14,2013-04-03,1539,parlementaire,ordinaire,1
PIONANR5L14B0894,14,2013-04-03,1539,parlementaire,ordinaire,1
PIONANR5L14B0895,14,2013-04-03,1539,parlementaire,ordinaire,1
PIONANR5L14B0901,14,2013-04-03,1539,parlementaire,organique,1
PIONANR5L14B0902,14,2013-04-03,1539,parlementaire,constitutionnelle,1
PRJLANR5L14B0885,14,2013-04-03,1539,gouvernement,organique,4
PRJLANR5L14B0886,14,2013-04-03,1539,gouvernement,ordinaire,4
PRJLANR5L14B0887,14,2013-04-03,1539,gouvernement,ordinaire,1
PIONANR5L14B0909,14,2013-04-09,1533,parlementaire,ordinaire,4
PIONANR5L14B0910,14,2013-04-09,1533,parlementaire,constitutionnelle,1
PIONANR5L14B0916,14,2013-04-10,1532,parlementaire,organique,1
PIONANR5L14B0918,14,2013-04-12,1530,parlementaire,organique,1
PIONANR5L14B0919,14,2013-04-12,1530,parlementaire,organique,1
PIONANR5L14B0926,14,2013-04-16,1526,parlementaire,constitutionnelle,1
PIONANR5L14B0936,14,2013-04-17,1525,parlementaire,constitutionnelle,1
PIONANR5L14B0937,14,2013-04-17,1525,parlementaire,constitutionnelle,1
PIONANR5L14B0945,14,2013-04-17,1525,parlementaire,ordinaire,1
PIONANR5L14B0946,14,2013-04-17,1525,parlementaire,ordinaire,1
PIONANR5L14B0947,14,2013-04-17,1525,parlementaire,ordinaire,1
PIONANR5L14B0948,14,2013-04-17,1525,parlementaire,ordinaire,1
PIONANR5L14B0949,14,2013-04-17,1525,parlementaire,ordinaire,1
PIONANR5L14B0950,14,2013-04-17,1525,parlementaire,ordinaire,1
PIONANR5L14B0951,14,2013-04-17,1525,parlementaire,ordinaire,1
PIONANR5L14B0952,14,2013-04-17,1525,parlementaire,ordinaire,1
PIONANR5L14B0953,14,2013-04-17,1525,parlementaire,ordinaire,1
PIONANR5L14B0954,14,2013-04-17,1525,parlementaire,ordinaire,1
PIONANR5L14B0955,14,2013-04-17,1525,parlementaire,ordinaire,1
PIONANR5L14B0956,14,2013-04-17,1525,parlementaire,ordinaire,1
PIONANR5L14B0957,14,2013-04-17,1525,parlementaire,ordinaire,1
PIONANR5L14B0958,14,2013-04-17,1525,parlementaire,ordinaire,1
PIONANR5L14B0959,14,2013-04-17,1525,parlementaire,ordinaire,1
PIONANR5L14B0960,14,2013-04-17,1525,parlementaire,ordinaire,1
PIONANR5L14B0961,14,2013-04-17,1525,parlementaire,ordinaire,1
PIONANR5L14B0962,14,2013-04-17,1525,parlementaire,ordinaire,1
PIONANR5L14B0963,14,2013-04-17,1525,parlementaire,ordinaire,1
PIONANR5L14B0964,14,2013-04-17,1525,parlementaire,ordinaire,2
PIONANR5L14B0965,14,2013-04-17,1525,parlementaire,ordinaire,1
PIONANR5L14B0966,14,2013-04-17,1525,parlementaire,ordinaire,2
PIONANR5L14B0967,14,2013-04-17,1525,parlementaire,ordinaire,1
PIONANR5L14B0971,14,2013-04-17,1525,parlementaire,organique,1
PIONANR5L14B0978,14,2013-04-22,1520,parlementaire,constitutionnelle,1
PIONANR5L14B0996,14,2013-04-24,1518,parlementaire,ordinaire,2
PIONANR5L14B0997,14,2013-04-24,1518,parlementaire,ordinaire,1
PIONANR5L14B0998,14,2013-04-24,1518,parlementaire,ordinaire,2
PIONANR5L14B0999,14,2013-04-24,1518,parlementaire,ordinaire,1
PIONANR5L14B1000,14,2013-04-24,1518,parlementaire,ordinaire,1
PIONANR5L14B1001,14,2013-04-24,1518,parlementaire,ordinaire,1
PIONANR5L14B1002,14,2013-04-24,1518,parlementaire,ordinaire,1
PIONANR5L14B1003,14,2013-04-24,1518,parlementaire,ordinaire,1
PRJLANR5L14B1004,14,2013-04-24,1518,gouvernement,organique,4
PRJLANR5L14B1005,14,2013-04-24,1518,gouvernement,ordinaire,4
PRJLANR5L14B1011,14,2013-04-24,1518,gouvernement,ordinaire,4
PRJLANR5L14B1015,14,2013-05-02,1510,gouvernement,ordinaire,4
PRJLANR5L14B1016,14,2013-05-02,1510,gouvernement,ordinaire,1
PRJLANR5L14B1017,14,2013-05-02,1510,gouvernement,ordinaire,4
PRJLANR5L14B1019,14,2013-05-07,1505,gouvernement,organique,4
PIONANR5L14B1025,14,2013-05-15,1497,parlementaire,ordinaire,1
PIONANR5L14B1027,14,2013-05-15,1497,parlementaire,ordinaire,1
PIONANR5L14B1028,14,2013-05-15,1497,parlementaire,ordinaire,1
PIONANR5L14B1029,14,2013-05-15,1497,parlementaire,ordinaire,1
PIONANR5L14B1030,14,2013-05-15,1497,parlementaire,ordinaire,1
PIONANR5L14B1031,14,2013-05-15,1497,parlementaire,ordinaire,2
PIONANR5L14B1032,14,2013-05-15,1497,parlementaire,ordinaire,1
PIONANR5L14B1033,14,2013-05-15,1497,parlementaire,ordinaire,1
PIONANR5L14B1034,14,2013-05-15,1497,parlementaire,ordinaire,1
PIONANR5L14B1035,14,2013-05-15,1497,parlementaire,ordinaire,1
PIONANR5L14B1036,14,2013-05-15,1497,parlementaire,ordinaire,1
PIONANR5L14B1037,14,2013-05-15,1497,parlementaire,ordinaire,4
PIONANR5L14B1038,14,2013-05-15,1497,parlementaire,ordinaire,1
PIONANR5L14B1039,14,2013-05-15,1497,parlementaire,ordinaire,1
PRJLANR5L14B1026,14,2013-05-15,1497,gouvernement,traite,4
PIONANR5L14B1044,14,2013-05-17,1495,parlementaire,constitutionnelle,1
PIONANR5L14B1062,14,2013-05-29,1483,parlementaire,ordinaire,1
PIONANR5L14B1063,14,2013-05-29,1483,parlementaire,ordinaire,1
PIONANR5L14B1064,14,2013-05-29,1483,parlementaire,ordinaire,1
PIONANR5L14B1065,14,2013-05-29,1483,parlementaire,ordinaire,1
PIONANR5L14B1066,14,2013-05-29,1483,parlementaire,ordinaire,1
PIONANR5L14B1067,14,2013-05-29,1483,parlementaire,ordinaire,1
PIONANR5L14B1068,14,2013-05-29,1483,parlementaire,ordinaire,1
PIONANR5L14B1069,14,2013-05-29,1483,parlementaire,ordinaire,1
PIONANR5L14B1070,14,2013-05-29,1483,parlementaire,ordinaire,1
PIONANR5L14B1071,14,2013-05-29,1483,parlementaire,ordinaire,1
PIONANR5L14B1072,14,2013-05-29,1483,parlementaire,ordinaire,1
PIONANR5L14B1073,14,2013-05-29,1483,parlementaire,ordinaire,1
PIONANR5L14B1074,14,2013-05-29,1483,parlementaire,ordinaire,1
PIONANR5L14B1075,14,2013-05-29,1483,parlementaire,ordinaire,1
PIONANR5L14B1076,14,2013-05-29,1483,parlementaire,ordinaire,1
PIONANR5L14B1077,14,2013-05-29,1483,parlementaire,ordinaire,1
PIONANR5L14B1078,14,2013-05-29,1483,parlementaire,ordinaire,1
PIONANR5L14B1079,14,2013-05-29,1483,parlementaire,ordinaire,1
PIONANR5L14B1080,14,2013-05-29,1483,parlementaire,ordinaire,1
PIONANR5L14B1081,14,2013-05-29,1483,parlementaire,ordinaire,1
PIONANR5L14B1082,14,2013-05-29,1483,parlementaire,ordinaire,1
PRJLANR5L14B1083,14,2013-05-29,1483,gouvernement,ordinaire,4
PIONANR5L14B1101,14,2013-05-30,1482,parlementaire,constitutionnelle,1
PRJLANR5L14B1113,14,2013-06-05,1476,gouvernement,organique,4
PRJLANR5L14B1114,14,2013-06-05,1476,gouvernement,ordinaire,4
PRJLANR5L14B1127,14,2013-06-12,1469,gouvernement,ordinaire,1
PIONANR5L14B1136,14,2013-06-13,1468,parlementaire,ordinaire,1
PIONANR5L14B1137,14,2013-06-13,1468,parlementaire,ordinaire,1
PIONANR5L14B1138,14,2013-06-13,1468,parlementaire,ordinaire,1
PIONANR5L14B1139,14,2013-06-13,1468,parlementaire,ordinaire,1
PIONANR5L14B1140,14,2013-06-13,1468,parlementaire,ordinaire,1
PIONANR5L14B1141,14,2013-06-13,1468,parlementaire,ordinaire,1
PIONANR5L14B1142,14,2013-06-13,1468,parlementaire,ordinaire,1
PIONANR5L14B1143,14,2013-06-13,1468,parlementaire,ordinaire,1
PIONANR5L14B1144,14,2013-06-13,1468,parlementaire,ordinaire,1
PIONANR5L14B1145,14,2013-06-13,1468,parlementaire,ordinaire,2
PIONANR5L14B1146,14,2013-06-13,1468,parlementaire,ordinaire,1
PIONANR5L14B1147,14,2013-06-13,1468,parlementaire,ordinaire,1
PIONANR5L14B1148,14,2013-06-13,1468,parlementaire,ordinaire,1
PIONANR5L14B1150,14,2013-06-13,1468,parlementaire,organique,1
PIONANR5L14B1151,14,2013-06-13,1468,parlementaire,organique,1
PIONANR5L14B1152,14,2013-06-13,1468,parlementaire,organique,1
PRJLANR5L14B1163,14,2013-06-19,1462,gouvernement,traite,4
PIONANR5L14B1182,14,2013-06-26,1455,parlementaire,ordinaire,1
PIONANR5L14B1183,14,2013-06-26,1455,parlementaire,ordinaire,1
PIONANR5L14B1184,14,2013-06-26,1455,parlementaire,ordinaire,1
PIONANR5L14B1185,14,2013-06-26,1455,parlementaire,ordinaire,1
PIONANR5L14B1186,14,2013-06-26,1455,parlementaire,ordinaire,1
PIONANR5L14B1187,14,2013-06-26,1455,parlementaire,ordinaire,2
PIONANR5L14B1188,14,2013-06-26,1455,parlementaire,ordinaire,1
PIONANR5L14B1189,14,2013-06-26,1455,parlementaire,ordinaire,4
PIONANR5L14B1190,14,2013-06-26,1455,parlementaire,ordinaire,1
PIONANR5L14B1191,14,2013-06-26,1455,parlementaire,ordinaire,1
PIONANR5L14B1192,14,2013-06-26,1455,parlementaire,ordinaire,1
PIONANR5L14B1193,14,2013-06-26,1455,parlementaire,ordinaire,1
PIONANR5L14B1194,14,2013-06-26,1455,parlementaire,ordinaire,1
PIONANR5L14B1195,14,2013-06-26,1455,parlementaire,ordinaire,1
PIONANR5L14B1196,14,2013-06-26,1455,parlementaire,ordinaire,1
PIONANR5L14B1197,14,2013-06-26,1455,parlementaire,ordinaire,1
PIONANR5L14B1198,14,2013-06-26,1455,parlementaire,ordinaire,1
PIONANR5L14B1199,14,2013-06-26,1455,parlementaire,ordinaire,4
PRJLANR5L14B1179,14,2013-06-26,1455,gouvernement,ordinaire,4
PIONANR5L14B1223,14,2013-07-03,1448,parlementaire,ordinaire,4
PRJLANR5L14B1219,14,2013-07-03,1448,gouvernement,ordinaire,4
PIONANR5L14B1242,14,2013-07-10,1441,parlementaire,constitutionnelle,1
PRJLANR5L14B1238,14,2013-07-10,1441,gouvernement,traite,4
PRJLANR5L14B1239,14,2013-07-10,1441,gouvernement,traite,4
PIONANR5L14B1248,14,2013-07-12,1439,parlementaire,constitutionnelle,1
PIONANR5L14B1252,14,2013-07-16,1435,parlementaire,ordinaire,1
PIONANR5L14B1253,14,2013-07-16,1435,parlementaire,ordinaire,1
PIONANR5L14B1254,14,2013-07-16,1435,parlementaire,ordinaire,1
PIONANR5L14B1255,14,2013-07-16,1435,parlementaire,ordinaire,1
PIONANR5L14B1256,14,2013-07-16,1435,parlementaire,ordinaire,1
PIONANR5L14B1257,14,2013-07-16,1435,parlementaire,ordinaire,1
PIONANR5L14B1258,14,2013-07-16,1435,parlementaire,ordinaire,1
PIONANR5L14B1259,14,2013-07-16,1435,parlementaire,ordinaire,1
PIONANR5L14B1260,14,2013-07-16,1435,parlementaire,ordinaire,1
PIONANR5L14B1261,14,2013-07-16,1435,parlementaire,ordinaire,1
PIONANR5L14B1262,14,2013-07-16,1435,parlementaire,ordinaire,1
PIONANR5L14B1263,14,2013-07-16,1435,parlementaire,ordinaire,1
PIONANR5L14B1264,14,2013-07-16,1435,parlementaire,ordinaire,1
PIONANR5L14B1265,14,2013-07-16,1435,parlementaire,ordinaire,1
PIONANR5L14B1266,14,2013-07-16,1435,parlementaire,ordinaire,1
PIONANR5L14B1267,14,2013-07-16,1435,parlementaire,ordinaire,1
PIONANR5L14B1268,14,2013-07-16,1435,parlementaire,ordinaire,1
PRJLANR5L14B1278,14,2013-07-17,1434,gouvernement,ordinaire,4
PIONANR5L14B1287,14,2013-07-18,1433,parlementaire,constitutionnelle,1
PIONANR5L14B1291,14,2013-07-19,1432,parlementaire,organique,2
PIONANR5L14B1305,14,2013-07-24,1427,parlementaire,ordinaire,1
PIONANR5L14B1306,14,2013-07-24,1427,parlementaire,ordinaire,1
PIONANR5L14B1307,14,2013-07-24,1427,parlementaire,ordinaire,1
PIONANR5L14B1308,14,2013-07-24,1427,parlementaire,ordinaire,1
PIONANR5L14B1309,14,2013-07-24,1427,parlementaire,ordinaire,1
PIONANR5L14B1310,14,2013-07-24,1427,parlementaire,ordinaire,1
PIONANR5L14B1311,14,2013-07-24,1427,parlementaire,ordinaire,1
PIONANR5L14B1312,14,2013-07-24,1427,parlementaire,ordinaire,1
PIONANR5L14B1313,14,2013-07-24,1427,parlementaire,ordinaire,1
PIONANR5L14B1314,14,2013-07-24,1427,parlementaire,ordinaire,1
PIONANR5L14B1315,14,2013-07-24,1427,parlementaire,ordinaire,1
PIONANR5L14B1316,14,2013-07-24,1427,parlementaire,ordinaire,1
PIONANR5L14B1317,14,2013-07-24,1427,parlementaire,ordinaire,1
PIONANR5L14B1318,14,2013-07-24,1427,parlementaire,ordinaire,1
PIONANR5L14B1319,14,2013-07-24,1427,parlementaire,ordinaire,1
PIONANR5L14B1320,14,2013-07-24,1427,parlementaire,ordinaire,1
PRJLANR5L14B1321,14,2013-07-24,1427,gouvernement,organique,1
PRJLANR5L14B1322,14,2013-07-24,1427,gouvernement,ordinaire,1
PRJLANR5L14B1323,14,2013-07-24,1427,gouvernement,ordinaire,1
PRJLANR5L14B1336,14,2013-08-02,1418,gouvernement,ordinaire,4
PRJLANR5L14B1337,14,2013-08-02,1418,gouvernement,ordinaire,4
PRJLANR5L14B1338,14,2013-08-21,1399,gouvernement,ordinaire,4
PRJLANR5L14B1339,14,2013-08-28,1392,gouvernement,traite,4
PRJLANR5L14B1340,14,2013-08-28,1392,gouvernement,traite,4
PRJLANR5L14B1341,14,2013-09-04,1385,gouvernement,ordinaire,4
PRJLANR5L14B1351,14,2013-09-11,1378,gouvernement,ordinaire,4
PIONANR5L14B1354,14,2013-09-12,1377,parlementaire,constitutionnelle,2
PIONANR5L14B1363,14,2013-09-18,1371,parlementaire,constitutionnelle,1
PIONANR5L14B1365,14,2013-09-18,1371,parlementaire,ordinaire,4
PIONANR5L14B1366,14,2013-09-18,1371,parlementaire,ordinaire,1
PIONANR5L14B1367,14,2013-09-18,1371,parlementaire,ordinaire,1
PIONANR5L14B1368,14,2013-09-18,1371,parlementaire,ordinaire,1
PIONANR5L14B1369,14,2013-09-18,1371,parlementaire,ordinaire,1
PIONANR5L14B1370,14,2013-09-18,1371,parlementaire,ordinaire,1
PIONANR5L14B1371,14,2013-09-18,1371,parlementaire,ordinaire,1
PIONANR5L14B1372,14,2013-09-18,1371,parlementaire,ordinaire,1
PIONANR5L14B1373,14,2013-09-18,1371,parlementaire,ordinaire,1
PIONANR5L14B1374,14,2013-09-18,1371,parlementaire,ordinaire,1
PIONANR5L14B1375,14,2013-09-18,1371,parlementaire,ordinaire,1
PRJLANR5L14B1376,14,2013-09-18,1371,gouvernement,ordinaire,4
PRJLANR5L14B1377,14,2013-09-18,1371,gouvernement,traite,4
PRJLANR5L14B1378,14,2013-09-18,1371,gouvernement,ordinaire,5
PRJLANR5L14B1395,14,2013-09-25,1364,gouvernement,finances_fss,4
PRJLANR5L14B1412,14,2013-10-09,1350,gouvernement,finances_fss,4
PRJLANR5L14B1413,14,2013-10-09,1350,gouvernement,ordinaire,4
PIONANR5L14B1426,14,2013-10-10,1349,parlementaire,constitutionnelle,1
PIONANR5L14B1436,14,2013-10-10,1349,parlementaire,ordinaire,1
PIONANR5L14B1437,14,2013-10-10,1349,parlementaire,ordinaire,4
PIONANR5L14B1438,14,2013-10-10,1349,parlementaire,ordinaire,1
PIONANR5L14B1439,14,2013-10-10,1349,parlementaire,ordinaire,1
PIONANR5L14B1440,14,2013-10-10,1349,parlementaire,ordinaire,1
PIONANR5L14B1441,14,2013-10-10,1349,parlementaire,ordinaire,1
PIONANR5L14B1442,14,2013-10-10,1349,parlementaire,ordinaire,1
PIONANR5L14B1443,14,2013-10-10,1349,parlementaire,ordinaire,1
PIONANR5L14B1444,14,2013-10-10,1349,parlementaire,ordinaire,1
PIONANR5L14B1445,14,2013-10-10,1349,parlementaire,ordinaire,1
PIONANR5L14B1446,14,2013-10-10,1349,parlementaire,ordinaire,1
PIONANR5L14B1447,14,2013-10-10,1349,parlementaire,ordinaire,1
PIONANR5L14B1448,14,2013-10-10,1349,parlementaire,ordinaire,1
PIONANR5L14B1449,14,2013-10-10,1349,parlementaire,ordinaire,1
PIONANR5L14B1450,14,2013-10-10,1349,parlementaire,ordinaire,1
PIONANR5L14B1451,14,2013-10-10,1349,parlementaire,ordinaire,1
PIONANR5L14B1452,14,2013-10-10,1349,parlementaire,ordinaire,1
PIONANR5L14B1453,14,2013-10-10,1349,parlementaire,ordinaire,1
PIONANR5L14B1454,14,2013-10-10,1349,parlementaire,ordinaire,1
PIONANR5L14B1455,14,2013-10-10,1349,parlementaire,ordinaire,1
PIONANR5L14B1456,14,2013-10-10,1349,parlementaire,ordinaire,1
PIONANR5L14B1457,14,2013-10-10,1349,parlementaire,constitutionnelle,1
PIONANR5L14B1469,14,2013-10-16,1343,parlementaire,ordinaire,2
PRJLANR5L14B1467,14,2013-10-16,1343,gouvernement,ordinaire,1
PRJLANR5L14B1468,14,2013-10-16,1343,gouvernement,ordinaire,4
PIONANR5L14B1477,14,2013-10-23,1336,parlementaire,ordinaire,1
PIONANR5L14B1478,14,2013-10-23,1336,parlementaire,ordinaire,1
PIONANR5L14B1479,14,2013-10-23,1336,parlementaire,ordinaire,1
PIONANR5L14B1480,14,2013-10-23,1336,parlementaire,ordinaire,1
PIONANR5L14B1481,14,2013-10-23,1336,parlementaire,ordinaire,1
PIONANR5L14B1482,14,2013-10-23,1336,parlementaire,ordinaire,1
PIONANR5L14B1483,14,2013-10-23,1336,parlementaire,ordinaire,1
PIONANR5L14B1484,14,2013-10-23,1336,parlementaire,ordinaire,1
PIONANR5L14B1485,14,2013-10-23,1336,parlementaire,ordinaire,1
PIONANR5L14B1486,14,2013-10-23,1336,parlementaire,ordinaire,2
PIONANR5L14B1487,14,2013-10-23,1336,parlementaire,ordinaire,1
PIONANR5L14B1488,14,2013-10-23,1336,parlementaire,ordinaire,1
PIONANR5L14B1489,14,2013-10-23,1336,parlementaire,ordinaire,1
PIONANR5L14B1490,14,2013-10-23,1336,parlementaire,ordinaire,1
PIONANR5L14B1491,14,2013-10-23,1336,parlementaire,ordinaire,2
PIONANR5L14B1492,14,2013-10-23,1336,parlementaire,ordinaire,1
PIONANR5L14B1495,14,2013-10-23,1336,parlementaire,organique,1
PIONANR5L14B1498,14,2013-10-28,1331,parlementaire,constitutionnelle,1
PIONANR5L14B1500,14,2013-10-29,1330,parlementaire,constitutionnelle,1
PRJLANR5L14B1503,14,2013-10-30,1329,gouvernement,traite,4
PRJLANR5L14B1504,14,2013-10-30,1329,gouvernement,ordinaire,1
PIONANR5L14B1508,14,2013-10-31,1328,parlementaire,constitutionnelle,1
PIONANR5L14B1511,14,2013-11-06,1322,parlementaire,ordinaire,1
PIONANR5L14B1512,14,2013-11-06,1322,parlementaire,ordinaire,1
PIONANR5L14B1513,14,2013-11-06,1322,parlementaire,ordinaire,1
PIONANR5L14B1514,14,2013-11-06,1322,parlementaire,ordinaire,1
PIONANR5L14B1515,14,2013-11-06,1322,parlementaire,ordinaire,1
PIONANR5L14B1516,14,2013-11-06,1322,parlementaire,ordinaire,1
PIONANR5L14B1517,14,2013-11-06,1322,parlementaire,ordinaire,1
PIONANR5L14B1518,14,2013-11-06,1322,parlementaire,ordinaire,1
PIONANR5L14B1519,14,2013-11-06,1322,parlementaire,ordinaire,2
PIONANR5L14B1520,14,2013-11-06,1322,parlementaire,ordinaire,1
PIONANR5L14B1521,14,2013-11-06,1322,parlementaire,ordinaire,1
PIONANR5L14B1522,14,2013-11-06,1322,parlementaire,ordinaire,1
PIONANR5L14B1523,14,2013-11-06,1322,parlementaire,ordinaire,1
PIONANR5L14B1524,14,2013-11-06,1322,parlementaire,ordinaire,1
PIONANR5L14B1525,14,2013-11-06,1322,parlementaire,ordinaire,1
PIONANR5L14B1526,14,2013-11-06,1322,parlementaire,ordinaire,1
PIONANR5L14B1527,14,2013-11-06,1322,parlementaire,ordinaire,1
PIONANR5L14B1528,14,2013-11-06,1322,parlementaire,ordinaire,1
PRJLANR5L14B1533,14,2013-11-06,1322,gouvernement,traite,4
PIONANR5L14B1546,14,2013-11-13,1315,parlementaire,ordinaire,4
PRJLANR5L14B1547,14,2013-11-13,1315,gouvernement,finances_fss,4
PRJLANR5L14B1548,14,2013-11-13,1315,gouvernement,ordinaire,4
PRJLANR5L14B1565,14,2013-11-20,1308,gouvernement,ordinaire,1
PIONANR5L14B1567,14,2013-11-21,1307,parlementaire,ordinaire,1
PIONANR5L14B1568,14,2013-11-21,1307,parlementaire,ordinaire,1
PIONANR5L14B1569,14,2013-11-21,1307,parlementaire,ordinaire,1
PIONANR5L14B1570,14,2013-11-21,1307,parlementaire,ordinaire,1
PIONANR5L14B1571,14,2013-11-21,1307,parlementaire,ordinaire,1
PIONANR5L14B1572,14,2013-11-21,1307,parlementaire,ordinaire,2
PIONANR5L14B1573,14,2013-11-21,1307,parlementaire,ordinaire,1
PIONANR5L14B1578,14,2013-11-22,1306,parlementaire,organique,1
PIONANR5L14B1580,14,2013-11-26,1302,parlementaire,constitutionnelle,1
PRJLANR5L14B1586,14,2013-11-27,1301,gouvernement,traite,4
PIONANR5L14B1605,14,2013-12-05,1293,parlementaire,ordinaire,1
PIONANR5L14B1606,14,2013-12-05,1293,parlementaire,ordinaire,2
PIONANR5L14B1607,14,2013-12-05,1293,parlementaire,ordinaire,1
PIONANR5L14B1608,14,2013-12-05,1293,parlementaire,ordinaire,1
PIONANR5L14B1609,14,2013-12-05,1293,parlementaire,ordinaire,1
PIONANR5L14B1610,14,2013-12-05,1293,parlementaire,ordinaire,2
PIONANR5L14B1611,14,2013-12-05,1293,parlementaire,ordinaire,1
PIONANR5L14B1612,14,2013-12-05,1293,parlementaire,ordinaire,1
PIONANR5L14B1618,14,2013-12-10,1288,parlementaire,constitutionnelle,2
PIONANR5L14B1628,14,2013-12-11,1287,parlementaire,organique,2
PIONANR5L14B1633,14,2013-12-11,1287,parlementaire,ordinaire,1
PIONANR5L14B1634,14,2013-12-11,1287,parlementaire,ordinaire,1
PIONANR5L14B1635,14,2013-12-11,1287,parlementaire,ordinaire,4
PIONANR5L14B1636,14,2013-12-11,1287,parlementaire,ordinaire,4
PRJLANR5L14B1625,14,2013-12-11,1287,gouvernement,ordinaire,1
PRJLANR5L14B1626,14,2013-12-11,1287,gouvernement,ordinaire,1
PRJLANR5L14B1627,14,2013-12-11,1287,gouvernement,ordinaire,4
PIONANR5L14B1638,14,2013-12-13,1285,parlementaire,constitutionnelle,1
PIONANR5L14B1643,14,2013-12-16,1282,parlementaire,ordinaire,1
PIONANR5L14B1644,14,2013-12-16,1282,parlementaire,ordinaire,1
PIONANR5L14B1645,14,2013-12-16,1282,parlementaire,ordinaire,1
PIONANR5L14B1646,14,2013-12-16,1282,parlementaire,ordinaire,1
PIONANR5L14B1647,14,2013-12-16,1282,parlementaire,ordinaire,1
PIONANR5L14B1648,14,2013-12-16,1282,parlementaire,ordinaire,1
PIONANR5L14B1649,14,2013-12-16,1282,parlementaire,ordinaire,1
PIONANR5L14B1650,14,2013-12-16,1282,parlementaire,ordinaire,1
PIONANR5L14B1651,14,2013-12-16,1282,parlementaire,ordinaire,1
PIONANR5L14B1656,14,2013-12-17,1281,parlementaire,constitutionnelle,1
PRJLANR5L14B1674,14,2014-01-03,1264,gouvernement,ordinaire,4
PIONANR5L14B1675,14,2014-01-06,1261,parlementaire,constitutionnelle,1
PIONANR5L14B1678,14,2014-01-08,1259,parlementaire,ordinaire,1
PIONANR5L14B1679,14,2014-01-08,1259,parlementaire,ordinaire,1
PIONANR5L14B1680,14,2014-01-08,1259,parlementaire,ordinaire,1
PIONANR5L14B1681,14,2014-01-08,1259,parlementaire,ordinaire,1
PIONANR5L14B1682,14,2014-01-08,1259,parlementaire,ordinaire,1
PIONANR5L14B1683,14,2014-01-08,1259,parlementaire,ordinaire,1
PIONANR5L14B1684,14,2014-01-08,1259,parlementaire,ordinaire,1
PIONANR5L14B1685,14,2014-01-08,1259,parlementaire,ordinaire,1
PIONANR5L14B1686,14,2014-01-08,1259,parlementaire,ordinaire,4
PIONANR5L14B1691,14,2014-01-14,1253,parlementaire,organique,1
PIONANR5L14B1692,14,2014-01-14,1253,parlementaire,ordinaire,1
PIONANR5L14B1693,14,2014-01-14,1253,parlementaire,ordinaire,1
PIONANR5L14B1694,14,2014-01-14,1253,parlementaire,ordinaire,1
PIONANR5L14B1695,14,2014-01-14,1253,parlementaire,ordinaire,1
PIONANR5L14B1696,14,2014-01-14,1253,parlementaire,ordinaire,1
PIONANR5L14B1697,14,2014-01-14,1253,parlementaire,ordinaire,1
PIONANR5L14B1698,14,2014-01-14,1253,parlementaire,ordinaire,2
PIONANR5L14B1699,14,2014-01-14,1253,parlementaire,ordinaire,2
PIONANR5L14B1700,14,2014-01-14,1253,parlementaire,ordinaire,4
PIONANR5L14B1701,14,2014-01-14,1253,parlementaire,ordinaire,4
PRJLANR5L14B1721,14,2014-01-22,1245,gouvernement,ordinaire,4
PRJLANR5L14B1722,14,2014-01-22,1245,gouvernement,ordinaire,1
PIONANR5L14B1730,14,2014-01-24,1243,parlementaire,ordinaire,4
PIONANR5L14B1740,14,2014-01-29,1238,parlementaire,ordinaire,1
PIONANR5L14B1741,14,2014-01-29,1238,parlementaire,ordinaire,1
PIONANR5L14B1742,14,2014-01-29,1238,parlementaire,ordinaire,1
PIONANR5L14B1743,14,2014-01-29,1238,parlementaire,ordinaire,1
PIONANR5L14B1744,14,2014-01-29,1238,parlementaire,ordinaire,1
PIONANR5L14B1745,14,2014-01-29,1238,parlementaire,ordinaire,1
PIONANR5L14B1746,14,2014-01-29,1238,parlementaire,ordinaire,1
PIONANR5L14B1747,14,2014-01-29,1238,parlementaire,ordinaire,1
PIONANR5L14B1748,14,2014-01-29,1238,parlementaire,ordinaire,1
PIONANR5L14B1749,14,2014-01-29,1238,parlementaire,ordinaire,1
PIONANR5L14B1750,14,2014-01-29,1238,parlementaire,ordinaire,1
PIONANR5L14B1751,14,2014-01-29,1238,parlementaire,ordinaire,1
PIONANR5L14B1752,14,2014-01-29,1238,parlementaire,ordinaire,1
PIONANR5L14B1757,14,2014-02-03,1233,parlementaire,organique,1
PIONANR5L14B1759,14,2014-02-04,1232,parlementaire,constitutionnelle,1
PRJLANR5L14B1766,14,2014-02-05,1231,gouvernement,traite,4
PRJLANR5L14B1767,14,2014-02-05,1231,gouvernement,traite,4
PIONANR5L14B1775,14,2014-02-11,1225,parlementaire,ordinaire,1
PIONANR5L14B1776,14,2014-02-11,1225,parlementaire,ordinaire,1
PIONANR5L14B1777,14,2014-02-11,1225,parlementaire,ordinaire,1
PIONANR5L14B1778,14,2014-02-11,1225,parlementaire,ordinaire,1
PIONANR5L14B1779,14,2014-02-11,1225,parlementaire,ordinaire,1
PIONANR5L14B1780,14,2014-02-11,1225,parlementaire,ordinaire,1
PIONANR5L14B1781,14,2014-02-11,1225,parlementaire,ordinaire,1
PIONANR5L14B1782,14,2014-02-11,1225,parlementaire,ordinaire,2
PIONANR5L14B1794,14,2014-02-13,1223,parlementaire,constitutionnelle,1
PRJLANR5L14B1796,14,2014-02-14,1222,gouvernement,traite,4
PIONANR5L14B1797,14,2014-02-18,1218,parlementaire,ordinaire,4
PIONANR5L14B1815,14,2014-02-25,1211,parlementaire,ordinaire,1
PIONANR5L14B1816,14,2014-02-25,1211,parlementaire,ordinaire,1
PIONANR5L14B1817,14,2014-02-25,1211,parlementaire,ordinaire,1
PIONANR5L14B1818,14,2014-02-25,1211,parlementaire,ordinaire,1
PIONANR5L14B1819,14,2014-02-25,1211,parlementaire,ordinaire,1
PIONANR5L14B1820,14,2014-02-25,1211,parlementaire,ordinaire,4
PIONANR5L14B1821,14,2014-02-25,1211,parlementaire,ordinaire,1
PIONANR5L14B1822,14,2014-02-25,1211,parlementaire,ordinaire,1
PIONANR5L14B1823,14,2014-02-25,1211,parlementaire,ordinaire,1
PIONANR5L14B1824,14,2014-02-25,1211,parlementaire,ordinaire,1
PIONANR5L14B1825,14,2014-02-25,1211,parlementaire,ordinaire,1
PIONANR5L14B1826,14,2014-02-25,1211,parlementaire,ordinaire,1
PIONANR5L14B1827,14,2014-02-25,1211,parlementaire,ordinaire,1
PIONANR5L14B1839,14,2014-02-27,1209,parlementaire,ordinaire,1
PRJLANR5L14B1842,14,2014-03-05,1203,gouvernement,ordinaire,1
PRJLANR5L14B1845,14,2014-03-12,1196,gouvernement,traite,4
PRJLANR5L14B1846,14,2014-03-19,1189,gouvernement,traite,4
PRJLANR5L14B1847,14,2014-03-26,1182,gouvernement,ordinaire,4
PIONANR5L14B1848,14,2014-03-27,1181,parlementaire,ordinaire,1
PIONANR5L14B1849,14,2014-04-01,1176,parlementaire,ordinaire,1
PIONANR5L14B1850,14,2014-04-01,1176,parlementaire,ordinaire,1
PIONANR5L14B1851,14,2014-04-01,1176,parlementaire,ordinaire,1
PIONANR5L14B1852,14,2014-04-01,1176,parlementaire,ordinaire,1
PIONANR5L14B1853,14,2014-04-01,1176,parlementaire,ordinaire,1
PIONANR5L14B1854,14,2014-04-01,1176,parlementaire,ordinaire,1
PIONANR5L14B1855,14,2014-04-01,1176,parlementaire,ordinaire,1
PIONANR5L14B1856,14,2014-04-01,1176,parlementaire,ordinaire,2
PIONANR5L14B1857,14,2014-04-01,1176,parlementaire,ordinaire,1
PIONANR5L14B1858,14,2014-04-01,1176,parlementaire,ordinaire,1
PIONANR5L14B1869,14,2014-04-09,1168,parlementaire,ordinaire,1
PIONANR5L14B1870,14,2014-04-09,1168,parlementaire,ordinaire,1
PIONANR5L14B1871,14,2014-04-09,1168,parlementaire,ordinaire,1
PIONANR5L14B1872,14,2014-04-09,1168,parlementaire,ordinaire,1
PIONANR5L14B1873,14,2014-04-09,1168,parlementaire,ordinaire,1
PIONANR5L14B1874,14,2014-04-09,1168,parlementaire,ordinaire,2
PIONANR5L14B1877,14,2014-04-10,1167,parlementaire,organique,4
PRJLANR5L14B1880,14,2014-04-10,1167,gouvernement,traite,4
PRJLANR5L14B1887,14,2014-04-16,1161,gouvernement,traite,4
PRJLANR5L14B1888,14,2014-04-16,1161,gouvernement,traite,4
PIONANR5L14B1897,14,2014-04-29,1148,parlementaire,ordinaire,1
PIONANR5L14B1898,14,2014-04-29,1148,parlementaire,ordinaire,1
PIONANR5L14B1899,14,2014-04-29,1148,parlementaire,ordinaire,1
PIONANR5L14B1900,14,2014-04-29,1148,parlementaire,ordinaire,1
PIONANR5L14B1901,14,2014-04-29,1148,parlementaire,ordinaire,1
PIONANR5L14B1902,14,2014-04-29,1148,parlementaire,ordinaire,1
PIONANR5L14B1903,14,2014-04-29,1148,parlementaire,ordinaire,1
PIONANR5L14B1904,14,2014-04-29,1148,parlementaire,ordinaire,1
PIONANR5L14B1905,14,2014-04-29,1148,parlementaire,ordinaire,1
PIONANR5L14B1906,14,2014-04-29,1148,parlementaire,ordinaire,1
PIONANR5L14B1907,14,2014-04-29,1148,parlementaire,ordinaire,2
PIONANR5L14B1916,14,2014-04-30,1147,parlementaire,constitutionnelle,1
PRJLANR5L14B1911,14,2014-04-30,1147,gouvernement,ordinaire,1
PIONANR5L14B1921,14,2014-05-05,1142,parlementaire,constitutionnelle,1
PIONANR5L14B1922,14,2014-05-05,1142,parlementaire,organique,1
PIONANR5L14B1943,14,2014-05-14,1133,parlementaire,ordinaire,1
PIONANR5L14B1944,14,2014-05-14,1133,parlementaire,ordinaire,1
PIONANR5L14B1945,14,2014-05-14,1133,parlementaire,ordinaire,1
PIONANR5L14B1946,14,2014-05-14,1133,parlementaire,ordinaire,1
PIONANR5L14B1947,14,2014-05-14,1133,parlementaire,ordinaire,1
PIONANR5L14B1948,14,2014-05-14,1133,parlementaire,ordinaire,1
PIONANR5L14B1949,14,2014-05-14,1133,parlementaire,ordinaire,1
PRJLANR5L14B1941,14,2014-05-14,1133,gouvernement,ordinaire,1
PRJLANR5L14B1961,14,2014-05-21,1126,gouvernement,traite,4
PRJLANR5L14B1962,14,2014-05-21,1126,gouvernement,traite,4
PRJLANR5L14B1963,14,2014-05-21,1126,gouvernement,ordinaire,1
PIONANR5L14B1967,14,2014-05-22,1125,parlementaire,constitutionnelle,1
PIONANR5L14B1976,14,2014-05-28,1119,parlementaire,ordinaire,1
PIONANR5L14B1977,14,2014-05-28,1119,parlementaire,ordinaire,1
PIONANR5L14B1978,14,2014-05-28,1119,parlementaire,ordinaire,1
PIONANR5L14B1979,14,2014-05-28,1119,parlementaire,ordinaire,1
PIONANR5L14B1980,14,2014-05-28,1119,parlementaire,ordinaire,1
PIONANR5L14B1981,14,2014-05-28,1119,parlementaire,ordinaire,1
PIONANR5L14B1982,14,2014-05-28,1119,parlementaire,ordinaire,1
PRJLANR5L14B1983,14,2014-05-28,1119,gouvernement,ordinaire,5
PRJLANR5L14B1984,14,2014-05-28,1119,gouvernement,finances_fss,4
PRJLANR5L14B1994,14,2014-06-03,1113,gouvernement,ordinaire,4
PIONANR5L14B2015,14,2014-06-11,1105,parlementaire,ordinaire,1
PIONANR5L14B2016,14,2014-06-11,1105,parlementaire,ordinaire,1
PIONANR5L14B2017,14,2014-06-11,1105,parlementaire,ordinaire,1
PIONANR5L14B2018,14,2014-06-11,1105,parlementaire,ordinaire,1
PIONANR5L14B2019,14,2014-06-11,1105,parlementaire,ordinaire,1
PIONANR5L14B2020,14,2014-06-11,1105,parlementaire,ordinaire,1
PIONANR5L14B2021,14,2014-06-11,1105,parlementaire,ordinaire,1
PIONANR5L14B2022,14,2014-06-11,1105,parlementaire,ordinaire,1
PIONANR5L14B2027,14,2014-06-11,1105,parlementaire,ordinaire,1
PIONANR5L14B2028,14,2014-06-11,1105,parlementaire,ordinaire,1
PRJLANR5L14B2024,14,2014-06-11,1105,gouvernement,finances_fss,4
PRJLANR5L14B2025,14,2014-06-11,1105,gouvernement,ordinaire,1
PRJLANR5L14B2026,14,2014-06-11,1105,gouvernement,traite,4
PIONANR5L14B2030,14,2014-06-12,1104,parlementaire,constitutionnelle,1
PIONANR5L14B2031,14,2014-06-13,1103,parlementaire,ordinaire,4
PIONANR5L14B2032,14,2014-06-13,1103,parlementaire,ordinaire,2
PIONANR5L14B2033,14,2014-06-13,1103,parlementaire,constitutionnelle,1
PIONANR5L14B2046,14,2014-06-18,1098,parlementaire,ordinaire,4
PRJLANR5L14B2044,14,2014-06-18,1098,gouvernement,finances_fss,4
PIONANR5L14B2054,14,2014-06-20,1096,parlementaire,organique,1
PIONANR5L14B2055,14,2014-06-23,1093,parlementaire,organique,4
PIONANR5L14B2062,14,2014-06-25,1091,parlementaire,organique,1
PRJLANR5L14B2060,14,2014-06-25,1091,gouvernement,ordinaire,4
PIONANR5L14B2071,14,2014-07-02,1084,parlementaire,ordinaire,1
PIONANR5L14B2072,14,2014-07-02,1084,parlementaire,ordinaire,1
PIONANR5L14B2073,14,2014-07-02,1084,parlementaire,ordinaire,1
PIONANR5L14B2074,14,2014-07-02,1084,parlementaire,ordinaire,1
PIONANR5L14B2075,14,2014-07-02,1084,parlementaire,ordinaire,1
PIONANR5L14B2076,14,2014-07-02,1084,parlementaire,ordinaire,1
PIONANR5L14B2077,14,2014-07-02,1084,parlementaire,ordinaire,1
PIONANR5L14B2078,14,2014-07-02,1084,parlementaire,ordinaire,1
PIONANR5L14B2079,14,2014-07-02,1084,parlementaire,ordinaire,1
PIONANR5L14B2080,14,2014-07-02,1084,parlementaire,ordinaire,1
PIONANR5L14B2081,14,2014-07-02,1084,parlementaire,ordinaire,1
PIONANR5L14B2082,14,2014-07-02,1084,parlementaire,ordinaire,1
PIONANR5L14B2083,14,2014-07-02,1084,parlementaire,ordinaire,1
PIONANR5L14B2084,14,2014-07-02,1084,parlementaire,ordinaire,1
PIONANR5L14B2085,14,2014-07-02,1084,parlementaire,ordinaire,1
PIONANR5L14B2086,14,2014-07-02,1084,parlementaire,ordinaire,1
PIONANR5L14B2087,14,2014-07-02,1084,parlementaire,ordinaire,1
PIONANR5L14B2088,14,2014-07-02,1084,parlementaire,ordinaire,1
PIONANR5L14B2089,14,2014-07-02,1084,parlementaire,ordinaire,1
PIONANR5L14B2090,14,2014-07-02,1084,parlementaire,ordinaire,1
PIONANR5L14B2091,14,2014-07-02,1084,parlementaire,ordinaire,1
PIONANR5L14B2092,14,2014-07-02,1084,parlementaire,ordinaire,1
PRJLANR5L14B2095,14,2014-07-02,1084,gouvernement,traite,4
PRJLANR5L14B2110,14,2014-07-09,1077,gouvernement,ordinaire,4
PRJLANR5L14B2112,14,2014-07-09,1077,gouvernement,ordinaire,1
PIONANR5L14B2130,14,2014-07-16,1070,parlementaire,ordinaire,1
PIONANR5L14B2131,14,2014-07-16,1070,parlementaire,ordinaire,1
PIONANR5L14B2132,14,2014-07-16,1070,parlementaire,ordinaire,1
PIONANR5L14B2133,14,2014-07-16,1070,parlementaire,ordinaire,1
PIONANR5L14B2134,14,2014-07-16,1070,parlementaire,ordinaire,1
PIONANR5L14B2135,14,2014-07-16,1070,parlementaire,ordinaire,1
PIONANR5L14B2136,14,2014-07-16,1070,parlementaire,ordinaire,1
PIONANR5L14B2137,14,2014-07-16,1070,parlementaire,ordinaire,1
PIONANR5L14B2138,14,2014-07-16,1070,parlementaire,ordinaire,1
PIONANR5L14B2139,14,2014-07-16,1070,parlementaire,ordinaire,1
PIONANR5L14B2140,14,2014-07-16,1070,parlementaire,ordinaire,1
PIONANR5L14B2141,14,2014-07-16,1070,parlementaire,ordinaire,1
PIONANR5L14B2142,14,2014-07-16,1070,parlementaire,ordinaire,1
PRJLANR5L14B2147,14,2014-07-16,1070,gouvernement,traite,4
PRJLANR5L14B2148,14,2014-07-16,1070,gouvernement,ordinaire,4
PRJLANR5L14B2149,14,2014-07-16,1070,gouvernement,ordinaire,1
PRJLANR5L14B2150,14,2014-07-16,1070,gouvernement,ordinaire,1
PRJLANR5L14B2152,14,2014-07-16,1070,gouvernement,ordinaire,1
PIONANR5L14B2164,14,2014-07-22,1064,parlementaire,ordinaire,1
PIONANR5L14B2165,14,2014-07-22,1064,parlementaire,ordinaire,2
PIONANR5L14B2166,14,2014-07-22,1064,parlementaire,ordinaire,1
PIONANR5L14B2167,14,2014-07-22,1064,parlementaire,ordinaire,1
PIONANR5L14B2168,14,2014-07-22,1064,parlementaire,ordinaire,1
PIONANR5L14B2169,14,2014-07-22,1064,parlementaire,ordinaire,1
PIONANR5L14B2170,14,2014-07-22,1064,parlementaire,ordinaire,1
PIONANR5L14B2185,14,2014-07-23,1063,parlementaire,constitutionnelle,1
PRJLANR5L14B2182,14,2014-07-23,1063,gouvernement,ordinaire,4
PRJLANR5L14B2183,14,2014-07-23,1063,gouvernement,ordinaire,4
PRJLANR5L14B2184,14,2014-07-23,1063,gouvernement,traite,4
PRJLANR5L14B2188,14,2014-07-30,1056,gouvernement,ordinaire,4
PRJLANR5L14B2189,14,2014-07-30,1056,gouvernement,ordinaire,1
PRJLANR5L14B2191,14,2014-09-03,1021,gouvernement,ordinaire,1
PIONANR5L14B2204,14,2014-09-17,1007,parlementaire,ordinaire,1
PIONANR5L14B2205,14,2014-09-17,1007,parlementaire,ordinaire,1
PIONANR5L14B2206,14,2014-09-17,1007,parlementaire,ordinaire,1
PIONANR5L14B2207,14,2014-09-17,1007,parlementaire,ordinaire,1
PIONANR5L14B2208,14,2014-09-17,1007,parlementaire,ordinaire,1
PIONANR5L14B2209,14,2014-09-17,1007,parlementaire,ordinaire,1
PIONANR5L14B2210,14,2014-09-17,1007,parlementaire,ordinaire,1
PIONANR5L14B2211,14,2014-09-17,1007,parlementaire,ordinaire,1
PIONANR5L14B2212,14,2014-09-17,1007,parlementaire,ordinaire,1
PIONANR5L14B2213,14,2014-09-17,1007,parlementaire,ordinaire,1
PIONANR5L14B2214,14,2014-09-17,1007,parlementaire,ordinaire,1
PIONANR5L14B2215,14,2014-09-17,1007,parlementaire,ordinaire,1
PIONANR5L14B2216,14,2014-09-17,1007,parlementaire,ordinaire,2
PIONANR5L14B2217,14,2014-09-17,1007,parlementaire,ordinaire,1
PIONANR5L14B2218,14,2014-09-17,1007,parlementaire,ordinaire,1
PIONANR5L14B2219,14,2014-09-17,1007,parlementaire,ordinaire,1
PIONANR5L14B2220,14,2014-09-17,1007,parlementaire,ordinaire,1
PIONANR5L14B2221,14,2014-09-17,1007,parlementaire,ordinaire,1
PIONANR5L14B2222,14,2014-09-17,1007,parlementaire,ordinaire,1
PIONANR5L14B2223,14,2014-09-17,1007,parlementaire,ordinaire,1
PIONANR5L14B2224,14,2014-09-17,1007,parlementaire,ordinaire,4
PRJLANR5L14B2203,14,2014-09-17,1007,gouvernement,ordinaire,1
PRJLANR5L14B2229,14,2014-09-25,999,gouvernement,ordinaire,5
PIONANR5L14B2231,14,2014-09-30,994,parlementaire,organique,1
PRJLANR5L14B2234,14,2014-10-01,993,gouvernement,finances_fss,4
PRJLANR5L14B2236,14,2014-10-01,993,gouvernement,ordinaire,4
PIONANR5L14B2241,14,2014-10-03,991,parlementaire,ordinaire,4
PIONANR5L14B2242,14,2014-10-06,988,parlementaire,constitutionnelle,1
PIONANR5L14B2244,14,2014-10-07,987,parlementaire,ordinaire,2
PIONANR5L14B2246,14,2014-10-07,987,parlementaire,organique,1
PRJLANR5L14B2252,14,2014-10-08,986,gouvernement,finances_fss,4
PIONANR5L14B2271,14,2014-10-13,981,parlementaire,constitutionnelle,1
PIONANR5L14B2272,14,2014-10-13,981,parlementaire,organique,1
PIONANR5L14B2274,14,2014-10-14,980,parlementaire,ordinaire,1
PIONANR5L14B2275,14,2014-10-14,980,parlementaire,ordinaire,1
PIONANR5L14B2276,14,2014-10-14,980,parlementaire,ordinaire,2
PIONANR5L14B2277,14,2014-10-14,980,parlementaire,ordinaire,2
PIONANR5L14B2278,14,2014-10-14,980,parlementaire,ordinaire,1
PIONANR5L14B2279,14,2014-10-14,980,parlementaire,ordinaire,1
PIONANR5L14B2280,14,2014-10-14,980,parlementaire,ordinaire,1
PIONANR5L14B2281,14,2014-10-14,980,parlementaire,ordinaire,1
PIONANR5L14B2282,14,2014-10-14,980,parlementaire,ordinaire,1
PIONANR5L14B2283,14,2014-10-14,980,parlementaire,ordinaire,1
PIONANR5L14B2284,14,2014-10-14,980,parlementaire,ordinaire,1
PIONANR5L14B2285,14,2014-10-14,980,parlementaire,ordinaire,4
PIONANR5L14B2286,14,2014-10-14,980,parlementaire,ordinaire,1
PIONANR5L14B2287,14,2014-10-14,980,parlementaire,ordinaire,1
PIONANR5L14B2288,14,2014-10-14,980,parlementaire,ordinaire,1
PIONANR5L14B2289,14,2014-10-14,980,parlementaire,ordinaire,1
PIONANR5L14B2290,14,2014-10-14,980,parlementaire,ordinaire,1
PIONANR5L14B2291,14,2014-10-14,980,parlementaire,ordinaire,2
PIONANR5L14B2292,14,2014-10-14,980,parlementaire,ordinaire,1
PIONANR5L14B2293,14,2014-10-14,980,parlementaire,constitutionnelle,2
PRJLANR5L14B2301,14,2014-10-15,979,gouvernement,ordinaire,1
PRJLANR5L14B2302,14,2014-10-15,979,gouvernement,ordinaire,4
PIONANR5L14B2312,14,2014-10-22,972,parlementaire,ordinaire,1
PIONANR5L14B2313,14,2014-10-22,972,parlementaire,ordinaire,1
PIONANR5L14B2314,14,2014-10-22,972,parlementaire,ordinaire,1
PIONANR5L14B2315,14,2014-10-22,972,parlementaire,ordinaire,1
PIONANR5L14B2316,14,2014-10-22,972,parlementaire,ordinaire,1
PIONANR5L14B2317,14,2014-10-22,972,parlementaire,ordinaire,1
PIONANR5L14B2318,14,2014-10-22,972,parlementaire,ordinaire,1
PRJLANR5L14B2319,14,2014-10-22,972,gouvernement,ordinaire,4
PIONANR5L14B2321,14,2014-10-23,971,parlementaire,constitutionnelle,1
PIONANR5L14B2323,14,2014-10-27,967,parlementaire,constitutionnelle,1
PIONANR5L14B2327,14,2014-10-29,965,parlementaire,constitutionnelle,1
PIONANR5L14B2328,14,2014-10-29,965,parlementaire,organique,1
PRJLANR5L14B2326,14,2014-10-29,965,gouvernement,ordinaire,1
PIONANR5L14B2333,14,2014-11-05,958,parlementaire,ordinaire,1
PIONANR5L14B2334,14,2014-11-05,958,parlementaire,ordinaire,1
PIONANR5L14B2335,14,2014-11-05,958,parlementaire,ordinaire,1
PIONANR5L14B2336,14,2014-11-05,958,parlementaire,ordinaire,1
PIONANR5L14B2337,14,2014-11-05,958,parlementaire,ordinaire,1
PIONANR5L14B2338,14,2014-11-05,958,parlementaire,ordinaire,1
PIONANR5L14B2339,14,2014-11-05,958,parlementaire,ordinaire,1
PIONANR5L14B2340,14,2014-11-05,958,parlementaire,ordinaire,1
PRJLANR5L14B2353,14,2014-11-12,951,gouvernement,finances_fss,4
PIONANR5L14B2363,14,2014-11-18,945,parlementaire,organique,1
PIONANR5L14B2367,14,2014-11-19,944,parlementaire,ordinaire,1
PIONANR5L14B2368,14,2014-11-19,944,parlementaire,ordinaire,1
PIONANR5L14B2369,14,2014-11-19,944,parlementaire,ordinaire,1
PIONANR5L14B2370,14,2014-11-19,944,parlementaire,ordinaire,1
PIONANR5L14B2371,14,2014-11-19,944,parlementaire,ordinaire,1
PIONANR5L14B2372,14,2014-11-19,944,parlementaire,ordinaire,1
PIONANR5L14B2373,14,2014-11-19,944,parlementaire,ordinaire,1
PIONANR5L14B2374,14,2014-11-19,944,parlementaire,ordinaire,1
PIONANR5L14B2375,14,2014-11-19,944,parlementaire,ordinaire,1
PIONANR5L14B2376,14,2014-11-19,944,parlementaire,ordinaire,1
PRJLANR5L14B2386,14,2014-11-20,943,gouvernement,ordinaire,1
PIONANR5L14B2397,14,2014-11-26,937,parlementaire,ordinaire,1
PIONANR5L14B2398,14,2014-11-26,937,parlementaire,ordinaire,1
PIONANR5L14B2399,14,2014-11-26,937,parlementaire,ordinaire,1
PIONANR5L14B2400,14,2014-11-26,937,parlementaire,ordinaire,1
PIONANR5L14B2401,14,2014-11-26,937,parlementaire,ordinaire,1
PRJLANR5L14B2418,14,2014-12-03,930,gouvernement,traite,4
PRJLANR5L14B2419,14,2014-12-03,930,gouvernement,traite,4
PIONANR5L14B2420,14,2014-12-09,924,parlementaire,ordinaire,1
PIONANR5L14B2421,14,2014-12-09,924,parlementaire,ordinaire,1
PIONANR5L14B2422,14,2014-12-09,924,parlementaire,ordinaire,1
PIONANR5L14B2423,14,2014-12-09,924,parlementaire,ordinaire,1
PIONANR5L14B2424,14,2014-12-09,924,parlementaire,ordinaire,1
PIONANR5L14B2425,14,2014-12-09,924,parlementaire,ordinaire,1
PIONANR5L14B2426,14,2014-12-09,924,parlementaire,ordinaire,1
PIONANR5L14B2427,14,2014-12-09,924,parlementaire,ordinaire,1
PIONANR5L14B2428,14,2014-12-09,924,parlementaire,ordinaire,1
PIONANR5L14B2429,14,2014-12-09,924,parlementaire,ordinaire,1
PIONANR5L14B2430,14,2014-12-09,924,parlementaire,ordinaire,1
PIONANR5L14B2431,14,2014-12-09,924,parlementaire,ordinaire,1
PIONANR5L14B2432,14,2014-12-09,924,parlementaire,ordinaire,1
PIONANR5L14B2433,14,2014-12-09,924,parlementaire,ordinaire,1
PIONANR5L14B2434,14,2014-12-09,924,parlementaire,ordinaire,2
PIONANR5L14B2435,14,2014-12-09,924,parlementaire,ordinaire,2
PRJLANR5L14B2447,14,2014-12-11,922,gouvernement,ordinaire,4
PIONANR5L14B2451,14,2014-12-12,921,parlementaire,constitutionnelle,1
PIONANR5L14B2452,14,2014-12-12,921,parlementaire,constitutionnelle,1
PIONANR5L14B2453,14,2014-12-12,921,parlementaire,organique,1
PIONANR5L14B2464,14,2014-12-16,917,parlementaire,ordinaire,1
PIONANR5L14B2465,14,2014-12-16,917,parlementaire,ordinaire,1
PIONANR5L14B2466,14,2014-12-16,917,parlementaire,ordinaire,1
PIONANR5L14B2467,14,2014-12-16,917,parlementaire,ordinaire,2
PIONANR5L14B2468,14,2014-12-16,917,parlementaire,ordinaire,1
PRJLANR5L14B2472,14,2014-12-17,916,gouvernement,ordinaire,1
PIONANR5L14B2492,14,2014-12-19,914,parlementaire,ordinaire,2
PIONANR5L14B2499,14,2015-01-19,883,parlementaire,constitutionnelle,1
PIONANR5L14B2508,14,2015-01-21,881,parlementaire,ordinaire,1
PIONANR5L14B2509,14,2015-01-21,881,parlementaire,ordinaire,1
PIONANR5L14B2510,14,2015-01-21,881,parlementaire,ordinaire,1
PIONANR5L14B2511,14,2015-01-21,881,parlementaire,ordinaire,1
PIONANR5L14B2512,14,2015-01-21,881,parlementaire,ordinaire,4
PIONANR5L14B2513,14,2015-01-21,881,parlementaire,ordinaire,1
PIONANR5L14B2514,14,2015-01-21,881,parlementaire,ordinaire,1
PIONANR5L14B2515,14,2015-01-21,881,parlementaire,ordinaire,1
PIONANR5L14B2516,14,2015-01-21,881,parlementaire,ordinaire,1
PIONANR5L14B2517,14,2015-01-21,881,parlementaire,ordinaire,1
PIONANR5L14B2518,14,2015-01-21,881,parlementaire,ordinaire,2
PIONANR5L14B2519,14,2015-01-21,881,parlementaire,ordinaire,1
PIONANR5L14B2520,14,2015-01-21,881,parlementaire,ordinaire,2
PIONANR5L14B2521,14,2015-01-21,881,parlementaire,ordinaire,2
PIONANR5L14B2522,14,2015-01-21,881,parlementaire,ordinaire,1
PRJLANR5L14B2528,14,2015-01-28,874,gouvernement,ordinaire,1
PRJLANR5L14B2550,14,2015-02-04,867,gouvernement,traite,4
PIONANR5L14B2563,14,2015-02-11,860,parlementaire,ordinaire,1
PIONANR5L14B2564,14,2015-02-11,860,parlementaire,ordinaire,1
PIONANR5L14B2565,14,2015-02-11,860,parlementaire,ordinaire,1
PIONANR5L14B2566,14,2015-02-11,860,parlementaire,ordinaire,1
PIONANR5L14B2567,14,2015-02-11,860,parlementaire,ordinaire,1
PIONANR5L14B2568,14,2015-02-11,860,parlementaire,ordinaire,2
PIONANR5L14B2569,14,2015-02-11,860,parlementaire,ordinaire,1
PIONANR5L14B2570,14,2015-02-11,860,parlementaire,ordinaire,2
PIONANR5L14B2571,14,2015-02-11,860,parlementaire,ordinaire,2
PIONANR5L14B2572,14,2015-02-11,860,parlementaire,ordinaire,1
PIONANR5L14B2573,14,2015-02-11,860,parlementaire,ordinaire,1
PIONANR5L14B2574,14,2015-02-11,860,parlementaire,ordinaire,1
PIONANR5L14B2575,14,2015-02-11,860,parlementaire,ordinaire,1
PIONANR5L14B2576,14,2015-02-11,860,parlementaire,ordinaire,1
PIONANR5L14B2577,14,2015-02-11,860,parlementaire,ordinaire,1
PIONANR5L14B2578,14,2015-02-11,860,parlementaire,ordinaire,4
PIONANR5L14B2584,14,2015-02-11,860,parlementaire,ordinaire,1
PIONANR5L14B2593,14,2015-02-18,853,parlementaire,ordinaire,1
PIONANR5L14B2594,14,2015-02-18,853,parlementaire,ordinaire,1
PIONANR5L14B2595,14,2015-02-18,853,parlementaire,ordinaire,1
PIONANR5L14B2596,14,2015-02-18,853,parlementaire,ordinaire,1
PIONANR5L14B2597,14,2015-02-18,853,parlementaire,ordinaire,1
PRJLANR5L14B2586,14,2015-02-18,853,gouvernement,traite,4
PRJLANR5L14B2607,14,2015-02-25,846,gouvernement,traite,4
PIONANR5L14B2619,14,2015-03-04,839,parlementaire,ordinaire,4
PIONANR5L14B2630,14,2015-03-11,832,parlementaire,ordinaire,1
PIONANR5L14B2631,14,2015-03-11,832,parlementaire,ordinaire,1
PIONANR5L14B2632,14,2015-03-11,832,parlementaire,ordinaire,1
PIONANR5L14B2633,14,2015-03-11,832,parlementaire,ordinaire,1
PIONANR5L14B2634,14,2015-03-11,832,parlementaire,ordinaire,1
PIONANR5L14B2635,14,2015-03-11,832,parlementaire,ordinaire,1
PIONANR5L14B2636,14,2015-03-11,832,parlementaire,ordinaire,1
PIONANR5L14B2637,14,2015-03-11,832,parlementaire,ordinaire,1
PIONANR5L14B2638,14,2015-03-11,832,parlementaire,ordinaire,1
PIONANR5L14B2639,14,2015-03-11,832,parlementaire,ordinaire,1
PIONANR5L14B2640,14,2015-03-11,832,parlementaire,ordinaire,1
PIONANR5L14B2641,14,2015-03-11,832,parlementaire,ordinaire,1
PIONANR5L14B2642,14,2015-03-11,832,parlementaire,ordinaire,1
PIONANR5L14B2643,14,2015-03-11,832,parlementaire,ordinaire,1
PIONANR5L14B2644,14,2015-03-11,832,parlementaire,ordinaire,1
PIONANR5L14B2645,14,2015-03-11,832,parlementaire,ordinaire,1
PIONANR5L14B2646,14,2015-03-11,832,parlementaire,ordinaire,1
PIONANR5L14B2647,14,2015-03-11,832,parlementaire,ordinaire,1
PRJLANR5L14B2648,14,2015-03-11,832,gouvernement,traite,4
PRJLANR5L14B2653,14,2015-03-11,832,gouvernement,traite,4
PIONANR5L14B2659,14,2015-03-18,825,parlementaire,ordinaire,1
PIONANR5L14B2660,14,2015-03-18,825,parlementaire,ordinaire,1
PIONANR5L14B2661,14,2015-03-18,825,parlementaire,ordinaire,1
PRJLANR5L14B2669,14,2015-03-19,824,gouvernement,ordinaire,4
PRJLANR5L14B2670,14,2015-03-19,824,gouvernement,ordinaire,1
PIONANR5L14B2680,14,2015-03-25,818,parlementaire,ordinaire,1
PIONANR5L14B2681,14,2015-03-25,818,parlementaire,ordinaire,1
PIONANR5L14B2682,14,2015-03-25,818,parlementaire,ordinaire,1
PIONANR5L14B2683,14,2015-03-25,818,parlementaire,ordinaire,1
PIONANR5L14B2684,14,2015-03-25,818,parlementaire,ordinaire,1
PIONANR5L14B2685,14,2015-03-25,818,parlementaire,ordinaire,1
PIONANR5L14B2686,14,2015-03-25,818,parlementaire,ordinaire,1
PIONANR5L14B2687,14,2015-03-25,818,parlementaire,ordinaire,2
PIONANR5L14B2688,14,2015-03-25,818,parlementaire,ordinaire,2
PRJLANR5L14B2695,14,2015-04-01,811,gouvernement,traite,5
PIONANR5L14B2706,14,2015-04-08,804,parlementaire,ordinaire,2
PIONANR5L14B2707,14,2015-04-08,804,parlementaire,ordinaire,1
PIONANR5L14B2708,14,2015-04-08,804,parlementaire,ordinaire,1
PIONANR5L14B2709,14,2015-04-08,804,parlementaire,ordinaire,2
PIONANR5L14B2710,14,2015-04-08,804,parlementaire,ordinaire,1
PIONANR5L14B2711,14,2015-04-08,804,parlementaire,ordinaire,1
PIONANR5L14B2712,14,2015-04-08,804,parlementaire,ordinaire,1
PIONANR5L14B2713,14,2015-04-08,804,parlementaire,ordinaire,1
PIONANR5L14B2714,14,2015-04-08,804,parlementaire,ordinaire,1
PIONANR5L14B2715,14,2015-04-08,804,parlementaire,ordinaire,2
PRJLANR5L14B2705,14,2015-04-08,804,gouvernement,traite,4
PIONANR5L14B2727,14,2015-04-15,797,parlementaire,ordinaire,1
PIONANR5L14B2728,14,2015-04-15,797,parlementaire,ordinaire,1
PIONANR5L14B2729,14,2015-04-15,797,parlementaire,ordinaire,1
PIONANR5L14B2730,14,2015-04-15,797,parlementaire,ordinaire,1
PIONANR5L14B2731,14,2015-04-15,797,parlementaire,ordinaire,1
PIONANR5L14B2732,14,2015-04-15,797,parlementaire,ordinaire,2
PIONANR5L14B2733,14,2015-04-15,797,parlementaire,ordinaire,1
PIONANR5L14B2734,14,2015-04-15,797,parlementaire,ordinaire,4
PIONANR5L14B2735,14,2015-04-15,797,parlementaire,ordinaire,1
PRJLANR5L14B2724,14,2015-04-15,797,gouvernement,traite,4
PRJLANR5L14B2725,14,2015-04-15,797,gouvernement,traite,4
PRJLANR5L14B2726,14,2015-04-15,797,gouvernement,ordinaire,1
PRJLANR5L14B2739,14,2015-04-22,790,gouvernement,ordinaire,4
PRJLANR5L14B2741,14,2015-04-29,783,gouvernement,traite,4
PRJLANR5L14B2742,14,2015-04-29,783,gouvernement,ordinaire,1
PIONANR5L14B2748,14,2015-05-06,776,parlementaire,ordinaire,1
PIONANR5L14B2749,14,2015-05-06,776,parlementaire,ordinaire,1
PIONANR5L14B2750,14,2015-05-06,776,parlementaire,ordinaire,1
PIONANR5L14B2751,14,2015-05-06,776,parlementaire,ordinaire,1
PIONANR5L14B2752,14,2015-05-06,776,parlementaire,ordinaire,1
PIONANR5L14B2753,14,2015-05-06,776,parlementaire,ordinaire,2
PIONANR5L14B2754,14,2015-05-06,776,parlementaire,ordinaire,1
PIONANR5L14B2755,14,2015-05-06,776,parlementaire,ordinaire,1
PIONANR5L14B2756,14,2015-05-06,776,parlementaire,ordinaire,1
PIONANR5L14B2757,14,2015-05-06,776,parlementaire,ordinaire,1
PIONANR5L14B2781,14,2015-05-20,762,parlementaire,ordinaire,1
PIONANR5L14B2782,14,2015-05-20,762,parlementaire,ordinaire,1
PIONANR5L14B2783,14,2015-05-20,762,parlementaire,ordinaire,1
PIONANR5L14B2784,14,2015-05-20,762,parlementaire,ordinaire,1
PIONANR5L14B2785,14,2015-05-20,762,parlementaire,ordinaire,1
PIONANR5L14B2786,14,2015-05-20,762,parlementaire,ordinaire,1
PIONANR5L14B2787,14,2015-05-20,762,parlementaire,ordinaire,1
PIONANR5L14B2788,14,2015-05-20,762,parlementaire,ordinaire,1
PIONANR5L14B2789,14,2015-05-20,762,parlementaire,ordinaire,1
PIONANR5L14B2790,14,2015-05-20,762,parlementaire,ordinaire,4
PRJLANR5L14B2779,14,2015-05-20,762,gouvernement,ordinaire,4
PRJLANR5L14B2791,14,2015-05-20,762,gouvernement,traite,4
PRJLANR5L14B2813,14,2015-05-27,755,gouvernement,finances_fss,4
PRJLANR5L14B2814,14,2015-05-27,755,gouvernement,traite,1
PRJLANR5L14B2815,14,2015-05-27,755,gouvernement,traite,5
PIONANR5L14B2817,14,2015-05-28,754,parlementaire,ordinaire,2
PIONANR5L14B2818,14,2015-05-28,754,parlementaire,ordinaire,1
PIONANR5L14B2819,14,2015-05-28,754,parlementaire,ordinaire,1
PIONANR5L14B2820,14,2015-05-28,754,parlementaire,ordinaire,1
PIONANR5L14B2821,14,2015-05-28,754,parlementaire,ordinaire,1
PIONANR5L14B2822,14,2015-05-28,754,parlementaire,ordinaire,4
PIONANR5L14B2823,14,2015-05-28,754,parlementaire,ordinaire,1
PIONANR5L14B2824,14,2015-05-28,754,parlementaire,ordinaire,1
PIONANR5L14B2827,14,2015-06-01,750,parlementaire,organique,1
PIONANR5L14B2842,14,2015-06-03,748,parlementaire,ordinaire,1
PIONANR5L14B2843,14,2015-06-03,748,parlementaire,ordinaire,1
PIONANR5L14B2844,14,2015-06-03,748,parlementaire,ordinaire,1
PIONANR5L14B2845,14,2015-06-03,748,parlementaire,ordinaire,1
PIONANR5L14B2846,14,2015-06-03,748,parlementaire,ordinaire,1
PIONANR5L14B2847,14,2015-06-03,748,parlementaire,ordinaire,1
PIONANR5L14B2848,14,2015-06-03,748,parlementaire,ordinaire,1
PIONANR5L14B2849,14,2015-06-03,748,parlementaire,ordinaire,1
PIONANR5L14B2850,14,2015-06-03,748,parlementaire,ordinaire,1
PRJLANR5L14B2860,14,2015-06-10,741,gouvernement,ordinaire,5
PIONANR5L14B2878,14,2015-06-17,734,parlementaire,constitutionnelle,1
PIONANR5L14B2886,14,2015-06-19,732,parlementaire,constitutionnelle,1
PRJLANR5L14B2893,14,2015-06-24,727,gouvernement,traite,1
PIONANR5L14B2896,14,2015-06-25,726,parlementaire,ordinaire,1
PIONANR5L14B2897,14,2015-06-25,726,parlementaire,ordinaire,1
PIONANR5L14B2898,14,2015-06-25,726,parlementaire,ordinaire,1
PIONANR5L14B2899,14,2015-06-25,726,parlementaire,ordinaire,1
PIONANR5L14B2900,14,2015-06-25,726,parlementaire,ordinaire,1
PIONANR5L14B2901,14,2015-06-25,726,parlementaire,ordinaire,1
PIONANR5L14B2902,14,2015-06-25,726,parlementaire,ordinaire,1
PIONANR5L14B2903,14,2015-06-25,726,parlementaire,ordinaire,1
PIONANR5L14B2904,14,2015-06-25,726,parlementaire,ordinaire,1
PIONANR5L14B2905,14,2015-06-25,726,parlementaire,ordinaire,1
PIONANR5L14B2906,14,2015-06-25,726,parlementaire,ordinaire,1
PIONANR5L14B2907,14,2015-06-25,726,parlementaire,ordinaire,1
PIONANR5L14B2914,14,2015-06-30,721,parlementaire,constitutionnelle,1
PIONANR5L14B2915,14,2015-06-30,721,parlementaire,organique,1
PIONANR5L14B2927,14,2015-07-01,720,parlementaire,ordinaire,2
PIONANR5L14B2928,14,2015-07-01,720,parlementaire,ordinaire,1
PIONANR5L14B2929,14,2015-07-01,720,parlementaire,ordinaire,1
PIONANR5L14B2930,14,2015-07-01,720,parlementaire,ordinaire,1
PIONANR5L14B2931,14,2015-07-01,720,parlementaire,ordinaire,4
PRJLANR5L14B2924,14,2015-07-01,720,gouvernement,traite,4
PRJLANR5L14B2925,14,2015-07-01,720,gouvernement,traite,4
PIONANR5L14B2955,14,2015-07-08,713,parlementaire,ordinaire,1
PIONANR5L14B2956,14,2015-07-08,713,parlementaire,ordinaire,1
PIONANR5L14B2957,14,2015-07-08,713,parlementaire,ordinaire,1
PIONANR5L14B2958,14,2015-07-08,713,parlementaire,ordinaire,1
PIONANR5L14B2959,14,2015-07-08,713,parlementaire,ordinaire,1
PIONANR5L14B2960,14,2015-07-08,713,parlementaire,ordinaire,2
PIONANR5L14B2961,14,2015-07-08,713,parlementaire,ordinaire,1
PIONANR5L14B2962,14,2015-07-08,713,parlementaire,ordinaire,1
PIONANR5L14B2963,14,2015-07-08,713,parlementaire,ordinaire,1
PIONANR5L14B2964,14,2015-07-08,713,parlementaire,ordinaire,4
PRJLANR5L14B2953,14,2015-07-08,713,gouvernement,traite,1
PRJLANR5L14B2954,14,2015-07-08,713,gouvernement,ordinaire,4
PRJLANR5L14B2981,14,2015-07-15,706,gouvernement,ordinaire,1
PRJLANR5L14B2982,14,2015-07-15,706,gouvernement,ordinaire,4
PIONANR5L14B2999,14,2015-07-21,700,parlementaire,constitutionnelle,1
PIONANR5L14B3006,14,2015-07-22,699,parlementaire,ordinaire,1
PIONANR5L14B3007,14,2015-07-22,699,parlementaire,ordinaire,1
PIONANR5L14B3008,14,2015-07-22,699,parlementaire,ordinaire,1
PIONANR5L14B3009,14,2015-07-22,699,parlementaire,ordinaire,1
PIONANR5L14B3010,14,2015-07-22,699,parlementaire,ordinaire,1
PIONANR5L14B3011,14,2015-07-22,699,parlementaire,ordinaire,1
PIONANR5L14B3012,14,2015-07-22,699,parlementaire,ordinaire,1
PIONANR5L14B3013,14,2015-07-22,699,parlementaire,ordinaire,1
PIONANR5L14B3014,14,2015-07-22,699,parlementaire,ordinaire,1
PIONANR5L14B3015,14,2015-07-22,699,parlementaire,ordinaire,1
PIONANR5L14B3016,14,2015-07-22,699,parlementaire,ordinaire,1
PIONANR5L14B3017,14,2015-07-22,699,parlementaire,ordinaire,1
PIONANR5L14B3018,14,2015-07-22,699,parlementaire,ordinaire,1
PIONANR5L14B3019,14,2015-07-22,699,parlementaire,ordinaire,1
PIONANR5L14B3020,14,2015-07-22,699,parlementaire,ordinaire,1
PIONANR5L14B3021,14,2015-07-22,699,parlementaire,ordinaire,1
PIONANR5L14B3022,14,2015-07-22,699,parlementaire,ordinaire,4
PIONANR5L14B3023,14,2015-07-22,699,parlementaire,ordinaire,4
PIONANR5L14B3024,14,2015-07-22,699,parlementaire,ordinaire,1
PIONANR5L14B3025,14,2015-07-22,699,parlementaire,ordinaire,1
PIONANR5L14B3026,14,2015-07-22,699,parlementaire,ordinaire,1
PIONANR5L14B3027,14,2015-07-22,699,parlementaire,ordinaire,1
PIONANR5L14B3028,14,2015-07-22,699,parlementaire,ordinaire,1
PIONANR5L14B3029,14,2015-07-22,699,parlementaire,ordinaire,1
PIONANR5L14B3030,14,2015-07-22,699,parlementaire,ordinaire,2
PIONANR5L14B3031,14,2015-07-22,699,parlementaire,ordinaire,1
PIONANR5L14B3032,14,2015-07-22,699,parlementaire,ordinaire,1
PRJLANR5L14B3005,14,2015-07-22,699,gouvernement,ordinaire,1
PRJLANR5L14B3037,14,2015-07-31,690,gouvernement,ordinaire,4
PRJLANR5L14B3038,14,2015-08-19,671,gouvernement,ordinaire,5
PRJLANR5L14B3039,14,2015-08-26,664,gouvernement,traite,4
PRJLANR5L14B3040,14,2015-08-26,664,gouvernement,traite,4
PIONANR5L14B3042,14,2015-09-09,650,parlementaire,ordinaire,4
PRJLANR5L14B3043,14,2015-09-09,650,gouvernement,ordinaire,1
PIONANR5L14B3045,14,2015-09-14,645,parlementaire,organique,1
PIONANR5L14B3046,14,2015-09-15,644,parlementaire,ordinaire,1
PIONANR5L14B3047,14,2015-09-15,644,parlementaire,ordinaire,1
PIONANR5L14B3048,14,2015-09-15,644,parlementaire,ordinaire,1
PIONANR5L14B3049,14,2015-09-15,644,parlementaire,ordinaire,1
PIONANR5L14B3050,14,2015-09-15,644,parlementaire,ordinaire,1
PIONANR5L14B3051,14,2015-09-15,644,parlementaire,ordinaire,1
PIONANR5L14B3052,14,2015-09-15,644,parlementaire,ordinaire,4
PIONANR5L14B3053,14,2015-09-15,644,parlementaire,ordinaire,1
PIONANR5L14B3054,14,2015-09-15,644,parlementaire,ordinaire,1
PIONANR5L14B3055,14,2015-09-15,644,parlementaire,ordinaire,1
PIONANR5L14B3056,14,2015-09-15,644,parlementaire,ordinaire,1
PRJLANR5L14B3065,14,2015-09-16,643,gouvernement,ordinaire,1
PIONANR5L14B3067,14,2015-09-17,642,parlementaire,organique,2
PIONANR5L14B3069,14,2015-09-18,641,parlementaire,ordinaire,1
PIONANR5L14B3070,14,2015-09-18,641,parlementaire,ordinaire,1
PRJLANR5L14B3071,14,2015-09-23,636,gouvernement,ordinaire,1
PIONANR5L14B3072,14,2015-09-28,631,parlementaire,constitutionnelle,1
PIONANR5L14B3073,14,2015-09-29,630,parlementaire,ordinaire,1
PIONANR5L14B3074,14,2015-09-29,630,parlementaire,ordinaire,1
PIONANR5L14B3075,14,2015-09-29,630,parlementaire,ordinaire,1
PIONANR5L14B3076,14,2015-09-29,630,parlementaire,ordinaire,1
PIONANR5L14B3077,14,2015-09-29,630,parlementaire,ordinaire,2
PIONANR5L14B3078,14,2015-09-29,630,parlementaire,ordinaire,1
PIONANR5L14B3079,14,2015-09-29,630,parlementaire,ordinaire,2
PIONANR5L14B3080,14,2015-09-29,630,parlementaire,ordinaire,1
PIONANR5L14B3081,14,2015-09-29,630,parlementaire,ordinaire,1
PIONANR5L14B3082,14,2015-09-29,630,parlementaire,ordinaire,4
PIONANR5L14B3083,14,2015-09-29,630,parlementaire,ordinaire,2
PIONANR5L14B3084,14,2015-09-29,630,parlementaire,ordinaire,1
PIONANR5L14B3085,14,2015-09-29,630,parlementaire,ordinaire,1
PRJLANR5L14B3096,14,2015-09-30,629,gouvernement,finances_fss,4
PIONANR5L14B3107,14,2015-10-07,622,parlementaire,ordinaire,1
PIONANR5L14B3108,14,2015-10-07,622,parlementaire,ordinaire,1
PIONANR5L14B3109,14,2015-10-07,622,parlementaire,ordinaire,4
PRJLANR5L14B3106,14,2015-10-07,622,gouvernement,finances_fss,4
PIONANR5L14B3130,14,2015-10-14,615,parlementaire,organique,1
PIONANR5L14B3132,14,2015-10-14,615,parlementaire,organique,1
PIONANR5L14B3133,14,2015-10-14,615,parlementaire,ordinaire,1
PIONANR5L14B3134,14,2015-10-14,615,parlementaire,ordinaire,1
PIONANR5L14B3135,14,2015-10-14,615,parlementaire,ordinaire,1
PIONANR5L14B3136,14,2015-10-14,615,parlementaire,ordinaire,1
PIONANR5L14B3137,14,2015-10-14,615,parlementaire,ordinaire,1
PIONANR5L14B3138,14,2015-10-14,615,parlementaire,ordinaire,1
PIONANR5L14B3139,14,2015-10-14,615,parlementaire,ordinaire,1
PIONANR5L14B3140,14,2015-10-14,615,parlementaire,ordinaire,2
PIONANR5L14B3141,14,2015-10-14,615,parlementaire,ordinaire,1
PIONANR5L14B3142,14,2015-10-14,615,parlementaire,ordinaire,1
PIONANR5L14B3143,14,2015-10-14,615,parlementaire,ordinaire,1
PIONANR5L14B3144,14,2015-10-14,615,parlementaire,ordinaire,2
PIONANR5L14B3146,14,2015-10-14,615,parlementaire,ordinaire,2
PIONANR5L14B3154,14,2015-10-21,608,parlementaire,ordinaire,1
PIONANR5L14B3155,14,2015-10-21,608,parlementaire,ordinaire,1
PIONANR5L14B3156,14,2015-10-21,608,parlementaire,ordinaire,1
PIONANR5L14B3157,14,2015-10-21,608,parlementaire,ordinaire,1
PIONANR5L14B3158,14,2015-10-21,608,parlementaire,ordinaire,1
PIONANR5L14B3159,14,2015-10-21,608,parlementaire,ordinaire,1
PIONANR5L14B3160,14,2015-10-21,608,parlementaire,ordinaire,1
PIONANR5L14B3161,14,2015-10-21,608,parlementaire,ordinaire,1
PIONANR5L14B3162,14,2015-10-21,608,parlementaire,ordinaire,1
PRJLANR5L14B3152,14,2015-10-21,608,gouvernement,traite,4
PRJLANR5L14B3153,14,2015-10-21,608,gouvernement,traite,4
PIONANR5L14B3179,14,2015-10-28,601,parlementaire,ordinaire,1
PIONANR5L14B3180,14,2015-10-28,601,parlementaire,ordinaire,1
PIONANR5L14B3181,14,2015-10-28,601,parlementaire,ordinaire,1
PIONANR5L14B3182,14,2015-10-28,601,parlementaire,ordinaire,1
PIONANR5L14B3183,14,2015-10-28,601,parlementaire,ordinaire,1
PRJLANR5L14B3175,14,2015-10-28,601,gouvernement,ordinaire,1
PRJLANR5L14B3176,14,2015-10-28,601,gouvernement,ordinaire,1
PRJLANR5L14B3177,14,2015-10-28,601,gouvernement,ordinaire,1
PIONANR5L14B3189,14,2015-11-03,595,parlementaire,ordinaire,1
PIONANR5L14B3190,14,2015-11-03,595,parlementaire,ordinaire,1
PIONANR5L14B3191,14,2015-11-03,595,parlementaire,ordinaire,1
PIONANR5L14B3192,14,2015-11-03,595,parlementaire,ordinaire,1
PIONANR5L14B3193,14,2015-11-03,595,parlementaire,ordinaire,1
PIONANR5L14B3194,14,2015-11-03,595,parlementaire,ordinaire,1
PIONANR5L14B3201,14,2015-11-05,593,parlementaire,organique,4
PRJLANR5L14B3203,14,2015-11-05,593,gouvernement,ordinaire,1
PIONANR5L14B3210,14,2015-11-10,588,parlementaire,ordinaire,1
PIONANR5L14B3211,14,2015-11-10,588,parlementaire,ordinaire,1
PIONANR5L14B3212,14,2015-11-10,588,parlementaire,ordinaire,1
PIONANR5L14B3213,14,2015-11-10,588,parlementaire,ordinaire,1
PIONANR5L14B3214,14,2015-11-10,588,parlementaire,ordinaire,4
PRJLANR5L14B3217,14,2015-11-13,585,gouvernement,finances_fss,4
PRJLANR5L14B3218,14,2015-11-13,585,gouvernement,traite,4
PRJLANR5L14B3225,14,2015-11-18,580,gouvernement,ordinaire,4
PIONANR5L14B3241,14,2015-11-23,575,parlementaire,organique,1
PIONANR5L14B3242,14,2015-11-24,574,parlementaire,constitutionnelle,1
PIONANR5L14B3265,14,2015-11-25,573,parlementaire,ordinaire,1
PIONANR5L14B3266,14,2015-11-25,573,parlementaire,ordinaire,1
PIONANR5L14B3267,14,2015-11-25,573,parlementaire,ordinaire,1
PIONANR5L14B3268,14,2015-11-25,573,parlementaire,ordinaire,1
PIONANR5L14B3269,14,2015-11-25,573,parlementaire,ordinaire,1
PIONANR5L14B3270,14,2015-11-25,573,parlementaire,ordinaire,1
PIONANR5L14B3271,14,2015-11-25,573,parlementaire,ordinaire,2
PIONANR5L14B3272,14,2015-11-25,573,parlementaire,ordinaire,1
PIONANR5L14B3273,14,2015-11-25,573,parlementaire,ordinaire,1
PIONANR5L14B3274,14,2015-11-25,573,parlementaire,ordinaire,1
PIONANR5L14B3275,14,2015-11-25,573,parlementaire,ordinaire,1
PIONANR5L14B3276,14,2015-11-25,573,parlementaire,ordinaire,1
PIONANR5L14B3277,14,2015-11-25,573,parlementaire,ordinaire,2
PIONANR5L14B3278,14,2015-11-25,573,parlementaire,ordinaire,1
PIONANR5L14B3279,14,2015-11-25,573,parlementaire,ordinaire,1
PIONANR5L14B3280,14,2015-11-25,573,parlementaire,ordinaire,2
PRJLANR5L14B3261,14,2015-11-25,573,gouvernement,ordinaire,4
PRJLANR5L14B3262,14,2015-11-25,573,gouvernement,ordinaire,4
PRJLANR5L14B3263,14,2015-11-25,573,gouvernement,ordinaire,5
PIONANR5L14B3286,14,2015-11-27,571,parlementaire,organique,1
PIONANR5L14B3287,14,2015-12-01,567,parlementaire,ordinaire,2
PIONANR5L14B3288,14,2015-12-01,567,parlementaire,ordinaire,2
PRJLANR5L14B3296,14,2015-12-02,566,gouvernement,ordinaire,1
PRJLANR5L14B3297,14,2015-12-02,566,gouvernement,ordinaire,5
PIONANR5L14B3303,14,2015-12-03,565,parlementaire,organique,1
PIONANR5L14B3306,14,2015-12-07,561,parlementaire,organique,1
PIONANR5L14B3324,14,2015-12-09,559,parlementaire,ordinaire,1
PIONANR5L14B3325,14,2015-12-09,559,parlementaire,ordinaire,1
PIONANR5L14B3326,14,2015-12-09,559,parlementaire,ordinaire,1
PIONANR5L14B3327,14,2015-12-09,559,parlementaire,ordinaire,1
PIONANR5L14B3328,14,2015-12-09,559,parlementaire,ordinaire,1
PIONANR5L14B3329,14,2015-12-09,559,parlementaire,ordinaire,1
PIONANR5L14B3330,14,2015-12-09,559,parlementaire,ordinaire,1
PIONANR5L14B3331,14,2015-12-09,559,parlementaire,ordinaire,1
PIONANR5L14B3332,14,2015-12-09,559,parlementaire,ordinaire,1
PIONANR5L14B3333,14,2015-12-09,559,parlementaire,ordinaire,1
PIONANR5L14B3336,14,2015-12-09,559,parlementaire,ordinaire,4
PIONANR5L14B3337,14,2015-12-09,559,parlementaire,organique,4
PIONANR5L14B3338,14,2015-12-09,559,parlementaire,organique,4
PRJLANR5L14B3318,14,2015-12-09,559,gouvernement,ordinaire,4
PRJLANR5L14B3362,14,2015-12-16,552,gouvernement,ordinaire,1
PIONANR5L14B3371,14,2015-12-17,551,parlementaire,ordinaire,1
PIONANR5L14B3372,14,2015-12-17,551,parlementaire,ordinaire,1
PIONANR5L14B3373,14,2015-12-17,551,parlementaire,ordinaire,1
PIONANR5L14B3374,14,2015-12-17,551,parlementaire,ordinaire,1
PIONANR5L14B3375,14,2015-12-17,551,parlementaire,ordinaire,1
PIONANR5L14B3376,14,2015-12-17,551,parlementaire,ordinaire,1
PRJLANR5L14B3381,14,2015-12-23,545,gouvernement,constitutionnelle,2
PIONANR5L14B3382,14,2015-12-28,540,parlementaire,constitutionnelle,1
PRJLANR5L14B3383,14,2016-01-04,533,gouvernement,traite,2
PRJLANR5L14B3384,14,2016-01-04,533,gouvernement,traite,2
PIONANR5L14B3386,14,2016-01-06,531,parlementaire,constitutionnelle,1
PRJLANR5L14B3392,14,2016-01-13,524,gouvernement,ordinaire,1
PRJLANR5L14B3393,14,2016-01-13,524,gouvernement,ordinaire,1
PIONANR5L14B3403,14,2016-01-19,518,parlementaire,ordinaire,1
PIONANR5L14B3404,14,2016-01-19,518,parlementaire,ordinaire,1
PIONANR5L14B3405,14,2016-01-19,518,parlementaire,ordinaire,1
PIONANR5L14B3406,14,2016-01-19,518,parlementaire,ordinaire,1
PIONANR5L14B3407,14,2016-01-19,518,parlementaire,ordinaire,1
PIONANR5L14B3408,14,2016-01-19,518,parlementaire,ordinaire,1
PIONANR5L14B3409,14,2016-01-19,518,parlementaire,ordinaire,1
PIONANR5L14B3410,14,2016-01-19,518,parlementaire,ordinaire,1
PIONANR5L14B3411,14,2016-01-19,518,parlementaire,ordinaire,1
PIONANR5L14B3412,14,2016-01-19,518,parlementaire,ordinaire,1
PIONANR5L14B3413,14,2016-01-19,518,parlementaire,ordinaire,1
PIONANR5L14B3414,14,2016-01-19,518,parlementaire,ordinaire,1
PIONANR5L14B3415,14,2016-01-19,518,parlementaire,ordinaire,1
PIONANR5L14B3416,14,2016-01-19,518,parlementaire,ordinaire,1
PIONANR5L14B3417,14,2016-01-19,518,parlementaire,ordinaire,1
PIONANR5L14B3418,14,2016-01-19,518,parlementaire,ordinaire,1
PRJLANR5L14B3426,14,2016-01-20,517,gouvernement,ordinaire,1
PRJLANR5L14B3427,14,2016-01-20,517,gouvernement,ordinaire,1
PIONANR5L14B3431,14,2016-01-26,511,parlementaire,constitutionnelle,1
PIONANR5L14B3433,14,2016-01-26,511,parlementaire,ordinaire,1
PIONANR5L14B3434,14,2016-01-26,511,parlementaire,ordinaire,1
PIONANR5L14B3435,14,2016-01-26,511,parlementaire,ordinaire,1
PIONANR5L14B3436,14,2016-01-26,511,parlementaire,ordinaire,1
PIONANR5L14B3437,14,2016-01-26,511,parlementaire,ordinaire,1
PIONANR5L14B3438,14,2016-01-26,511,parlementaire,ordinaire,1
PIONANR5L14B3439,14,2016-01-26,511,parlementaire,ordinaire,2
PIONANR5L14B3457,14,2016-02-02,504,parlementaire,ordinaire,1
PIONANR5L14B3458,14,2016-02-02,504,parlementaire,ordinaire,1
PIONANR5L14B3459,14,2016-02-02,504,parlementaire,ordinaire,1
PIONANR5L14B3460,14,2016-02-02,504,parlementaire,ordinaire,1
PIONANR5L14B3461,14,2016-02-02,504,parlementaire,ordinaire,1
PIONANR5L14B3462,14,2016-02-02,504,parlementaire,ordinaire,1
PIONANR5L14B3463,14,2016-02-02,504,parlementaire,ordinaire,2
PIONANR5L14B3464,14,2016-02-02,504,parlementaire,ordinaire,1
PIONANR5L14B3465,14,2016-02-02,504,parlementaire,ordinaire,4
PRJLANR5L14B3473,14,2016-02-03,503,gouvernement,ordinaire,4
PIONANR5L14B3479,14,2016-02-09,497,parlementaire,ordinaire,1
PIONANR5L14B3480,14,2016-02-09,497,parlementaire,ordinaire,1
PIONANR5L14B3481,14,2016-02-09,497,parlementaire,ordinaire,1
PIONANR5L14B3482,14,2016-02-09,497,parlementaire,organique,1
PIONANR5L14B3483,14,2016-02-09,497,parlementaire,ordinaire,1
PIONANR5L14B3484,14,2016-02-09,497,parlementaire,ordinaire,1
PIONANR5L14B3504,14,2016-02-16,490,parlementaire,ordinaire,1
PIONANR5L14B3505,14,2016-02-16,490,parlementaire,ordinaire,1
PIONANR5L14B3506,14,2016-02-16,490,parlementaire,ordinaire,1
PIONANR5L14B3507,14,2016-02-16,490,parlementaire,ordinaire,1
PIONANR5L14B3508,14,2016-02-16,490,parlementaire,ordinaire,1
PIONANR5L14B3509,14,2016-02-16,490,parlementaire,ordinaire,1
PRJLANR5L14B3512,14,2016-02-17,489,gouvernement,ordinaire,4
PIONANR5L14B3527,14,2016-03-01,476,parlementaire,ordinaire,1
PIONANR5L14B3528,14,2016-03-01,476,parlementaire,ordinaire,1
PIONANR5L14B3529,14,2016-03-01,476,parlementaire,ordinaire,1
PIONANR5L14B3530,14,2016-03-01,476,parlementaire,ordinaire,1
PIONANR5L14B3531,14,2016-03-01,476,parlementaire,ordinaire,1
PIONANR5L14B3532,14,2016-03-01,476,parlementaire,ordinaire,1
PIONANR5L14B3533,14,2016-03-01,476,parlementaire,ordinaire,1
PIONANR5L14B3534,14,2016-03-01,476,parlementaire,ordinaire,1
PIONANR5L14B3535,14,2016-03-01,476,parlementaire,ordinaire,1
PIONANR5L14B3547,14,2016-03-03,474,parlementaire,constitutionnelle,1
PIONANR5L14B3553,14,2016-03-08,469,parlementaire,ordinaire,1
PIONANR5L14B3554,14,2016-03-08,469,parlementaire,ordinaire,1
PIONANR5L14B3555,14,2016-03-08,469,parlementaire,ordinaire,1
PIONANR5L14B3556,14,2016-03-08,469,parlementaire,ordinaire,1
PIONANR5L14B3569,14,2016-03-15,462,parlementaire,ordinaire,1
PIONANR5L14B3570,14,2016-03-15,462,parlementaire,ordinaire,1
PIONANR5L14B3571,14,2016-03-15,462,parlementaire,ordinaire,2
PIONANR5L14B3587,14,2016-03-22,455,parlementaire,ordinaire,1
PIONANR5L14B3588,14,2016-03-22,455,parlementaire,ordinaire,1
PIONANR5L14B3589,14,2016-03-22,455,parlementaire,ordinaire,1
PIONANR5L14B3590,14,2016-03-22,455,parlementaire,ordinaire,1
PIONANR5L14B3591,14,2016-03-22,455,parlementaire,ordinaire,1
PIONANR5L14B3592,14,2016-03-22,455,parlementaire,ordinaire,1
PIONANR5L14B3593,14,2016-03-22,455,parlementaire,ordinaire,1
PIONANR5L14B3601,14,2016-03-24,453,parlementaire,ordinaire,4
PIONANR5L14B3602,14,2016-03-24,453,parlementaire,organique,1
PRJLANR5L14B3600,14,2016-03-24,453,gouvernement,ordinaire,4
PIONANR5L14B3605,14,2016-03-29,448,parlementaire,ordinaire,1
PIONANR5L14B3606,14,2016-03-29,448,parlementaire,ordinaire,2
PIONANR5L14B3607,14,2016-03-29,448,parlementaire,ordinaire,1
PIONANR5L14B3608,14,2016-03-29,448,parlementaire,ordinaire,1
PIONANR5L14B3609,14,2016-03-29,448,parlementaire,ordinaire,1
PIONANR5L14B3610,14,2016-03-29,448,parlementaire,ordinaire,1
PIONANR5L14B3611,14,2016-03-29,448,parlementaire,ordinaire,1
PIONANR5L14B3612,14,2016-03-29,448,parlementaire,ordinaire,1
PIONANR5L14B3613,14,2016-03-29,448,parlementaire,ordinaire,1
PIONANR5L14B3614,14,2016-03-29,448,parlementaire,organique,1
PRJLANR5L14B3623,14,2016-03-30,447,gouvernement,ordinaire,4
PIONANR5L14B3630,14,2016-04-05,441,parlementaire,ordinaire,1
PIONANR5L14B3631,14,2016-04-05,441,parlementaire,ordinaire,1
PIONANR5L14B3632,14,2016-04-05,441,parlementaire,ordinaire,1
PIONANR5L14B3633,14,2016-04-05,441,parlementaire,ordinaire,1
PIONANR5L14B3634,14,2016-04-05,441,parlementaire,ordinaire,1
PIONANR5L14B3635,14,2016-04-05,441,parlementaire,ordinaire,1
PRJLANR5L14B3670,14,2016-04-06,440,gouvernement,traite,4
PIONANR5L14B3678,14,2016-04-12,434,parlementaire,organique,1
PIONANR5L14B3680,14,2016-04-13,433,parlementaire,ordinaire,2
PIONANR5L14B3681,14,2016-04-13,433,parlementaire,ordinaire,2
PIONANR5L14B3682,14,2016-04-13,433,parlementaire,ordinaire,2
PRJLANR5L14B3679,14,2016-04-13,433,gouvernement,ordinaire,4
PIONANR5L14B3683,14,2016-04-15,431,parlementaire,constitutionnelle,1
PIONANR5L14B3686,14,2016-04-20,426,parlementaire,organique,1
PRJLANR5L14B3685,14,2016-04-20,426,gouvernement,ordinaire,1
PIONANR5L14B3687,14,2016-04-25,421,parlementaire,organique,1
PIONANR5L14B3696,14,2016-04-27,419,parlementaire,ordinaire,1
PIONANR5L14B3697,14,2016-04-27,419,parlementaire,ordinaire,1
PIONANR5L14B3698,14,2016-04-27,419,parlementaire,ordinaire,1
PIONANR5L14B3699,14,2016-04-27,419,parlementaire,ordinaire,2
PIONANR5L14B3700,14,2016-04-27,419,parlementaire,ordinaire,1
PIONANR5L14B3701,14,2016-04-27,419,parlementaire,ordinaire,1
PIONANR5L14B3702,14,2016-04-27,419,parlementaire,ordinaire,1
PIONANR5L14B3703,14,2016-04-27,419,parlementaire,ordinaire,1
PIONANR5L14B3704,14,2016-04-27,419,parlementaire,ordinaire,1
PIONANR5L14B3705,14,2016-04-27,419,parlementaire,ordinaire,1
PIONANR5L14B3706,14,2016-04-27,419,parlementaire,ordinaire,1
PIONANR5L14B3707,14,2016-04-27,419,parlementaire,ordinaire,1
PRJLANR5L14B3695,14,2016-04-27,419,gouvernement,traite,4
PIONANR5L14B3708,14,2016-04-28,418,parlementaire,constitutionnelle,1
PIONANR5L14B3709,14,2016-04-28,418,parlementaire,organique,1
PIONANR5L14B3710,14,2016-05-03,413,parlementaire,ordinaire,2
PRJLANR5L14B3719,14,2016-05-04,412,gouvernement,traite,4
PRJLANR5L14B3720,14,2016-05-04,412,gouvernement,ordinaire,1
PRJLANR5L14B3722,14,2016-05-04,412,gouvernement,traite,4
PIONANR5L14B3725,14,2016-05-06,410,parlementaire,constitutionnelle,1
PIONANR5L14B3727,14,2016-05-10,406,parlementaire,ordinaire,1
PIONANR5L14B3728,14,2016-05-10,406,parlementaire,ordinaire,1
PIONANR5L14B3729,14,2016-05-10,406,parlementaire,ordinaire,1
PIONANR5L14B3730,14,2016-05-10,406,parlementaire,ordinaire,1
PRJLANR5L14B3736,14,2016-05-11,405,gouvernement,ordinaire,4
PRJLANR5L14B3737,14,2016-05-11,405,gouvernement,ordinaire,1
PIONANR5L14B3765,14,2016-05-18,398,parlementaire,ordinaire,1
PIONANR5L14B3766,14,2016-05-18,398,parlementaire,ordinaire,1
PIONANR5L14B3767,14,2016-05-18,398,parlementaire,ordinaire,1
PIONANR5L14B3768,14,2016-05-18,398,parlementaire,ordinaire,1
PIONANR5L14B3770,14,2016-05-18,398,parlementaire,organique,4
PIONANR5L14B3774,14,2016-05-23,393,parlementaire,ordinaire,4
PIONANR5L14B3775,14,2016-05-24,392,parlementaire,ordinaire,1
PIONANR5L14B3776,14,2016-05-24,392,parlementaire,ordinaire,1
PRJLANR5L14B3781,14,2016-05-25,391,gouvernement,finances_fss,4
PIONANR5L14B3789,14,2016-05-31,385,parlementaire,ordinaire,1
PIONANR5L14B3790,14,2016-05-31,385,parlementaire,ordinaire,1
PIONANR5L14B3791,14,2016-05-31,385,parlementaire,ordinaire,1
PIONANR5L14B3792,14,2016-05-31,385,parlementaire,ordinaire,1
PIONANR5L14B3793,14,2016-05-31,385,parlementaire,ordinaire,1
PIONANR5L14B3794,14,2016-05-31,385,parlementaire,ordinaire,1
PIONANR5L14B3795,14,2016-05-31,385,parlementaire,ordinaire,1
PIONANR5L14B3796,14,2016-05-31,385,parlementaire,ordinaire,1
PRJLANR5L14B3797,14,2016-06-01,384,gouvernement,traite,4
PIONANR5L14B3817,14,2016-06-08,377,parlementaire,ordinaire,1
PIONANR5L14B3818,14,2016-06-08,377,parlementaire,ordinaire,1
PIONANR5L14B3819,14,2016-06-08,377,parlementaire,ordinaire,1
PIONANR5L14B3820,14,2016-06-08,377,parlementaire,ordinaire,1
PIONANR5L14B3821,14,2016-06-08,377,parlementaire,ordinaire,1
PIONANR5L14B3822,14,2016-06-08,377,parlementaire,ordinaire,1
PIONANR5L14B3823,14,2016-06-08,377,parlementaire,ordinaire,1
PIONANR5L14B3824,14,2016-06-08,377,parlementaire,ordinaire,1
PIONANR5L14B3825,14,2016-06-08,377,parlementaire,ordinaire,1
PRJLANR5L14B3814,14,2016-06-08,377,gouvernement,ordinaire,4
PIONANR5L14B3834,14,2016-06-14,371,parlementaire,ordinaire,1
PIONANR5L14B3835,14,2016-06-14,371,parlementaire,ordinaire,1
PIONANR5L14B3836,14,2016-06-14,371,parlementaire,ordinaire,1
PRJLANR5L14B3846,14,2016-06-15,370,gouvernement,ordinaire,5
PIONANR5L14B3852,14,2016-06-21,364,parlementaire,ordinaire,1
PIONANR5L14B3853,14,2016-06-21,364,parlementaire,ordinaire,1
PIONANR5L14B3854,14,2016-06-21,364,parlementaire,ordinaire,1
PIONANR5L14B3855,14,2016-06-21,364,parlementaire,ordinaire,4
PRJLANR5L14B3862,14,2016-06-22,363,gouvernement,ordinaire,5
PIONANR5L14B3874,14,2016-06-24,361,parlementaire,constitutionnelle,1
PRJLANR5L14B3906,14,2016-06-30,355,gouvernement,traite,2
PIONANR5L14B3910,14,2016-07-01,354,parlementaire,ordinaire,1
PIONANR5L14B3911,14,2016-07-01,354,parlementaire,ordinaire,1
PIONANR5L14B3912,14,2016-07-01,354,parlementaire,ordinaire,1
PIONANR5L14B3913,14,2016-07-01,354,parlementaire,ordinaire,1
PIONANR5L14B3914,14,2016-07-01,354,parlementaire,ordinaire,1
PIONANR5L14B3915,14,2016-07-01,354,parlementaire,ordinaire,1
PIONANR5L14B3916,14,2016-07-01,354,parlementaire,ordinaire,1
PIONANR5L14B3917,14,2016-07-01,354,parlementaire,ordinaire,1
PIONANR5L14B3918,14,2016-07-05,350,parlementaire,constitutionnelle,1
PIONANR5L14B3929,14,2016-07-06,349,parlementaire,ordinaire,1
PIONANR5L14B3930,14,2016-07-06,349,parlementaire,ordinaire,1
PIONANR5L14B3931,14,2016-07-06,349,parlementaire,ordinaire,1
PIONANR5L14B3932,14,2016-07-06,349,parlementaire,ordinaire,1
PIONANR5L14B3933,14,2016-07-06,349,parlementaire,ordinaire,1
PIONANR5L14B3934,14,2016-07-06,349,parlementaire,ordinaire,1
PIONANR5L14B3935,14,2016-07-06,349,parlementaire,ordinaire,1
PRJLANR5L14B3926,14,2016-07-06,349,gouvernement,ordinaire,4
PRJLANR5L14B3927,14,2016-07-06,349,gouvernement,ordinaire,4
PRJLANR5L14B3928,14,2016-07-06,349,gouvernement,ordinaire,1
PIONANR5L14B3955,14,2016-07-13,342,parlementaire,ordinaire,1
PIONANR5L14B3956,14,2016-07-13,342,parlementaire,ordinaire,1
PIONANR5L14B3957,14,2016-07-13,342,parlementaire,ordinaire,1
PIONANR5L14B3958,14,2016-07-13,342,parlementaire,ordinaire,1
PIONANR5L14B3959,14,2016-07-13,342,parlementaire,ordinaire,2
PIONANR5L14B3960,14,2016-07-13,342,parlementaire,ordinaire,1
PIONANR5L14B3961,14,2016-07-13,342,parlementaire,ordinaire,1
PIONANR5L14B3962,14,2016-07-13,342,parlementaire,ordinaire,1
PIONANR5L14B3963,14,2016-07-13,342,parlementaire,ordinaire,1
PRJLANR5L14B3950,14,2016-07-13,342,gouvernement,traite,4
PRJLANR5L14B3968,14,2016-07-19,336,gouvernement,ordinaire,4
PRJLANR5L14B3969,14,2016-07-19,336,gouvernement,ordinaire,1
PIONANR5L14B3981,14,2016-07-20,335,parlementaire,ordinaire,1
PIONANR5L14B3982,14,2016-07-20,335,parlementaire,ordinaire,1
PIONANR5L14B3983,14,2016-07-20,335,parlementaire,ordinaire,1
PIONANR5L14B3984,14,2016-07-20,335,parlementaire,ordinaire,1
PIONANR5L14B3985,14,2016-07-20,335,parlementaire,ordinaire,1
PIONANR5L14B3986,14,2016-07-20,335,parlementaire,ordinaire,1
PIONANR5L14B3987,14,2016-07-20,335,parlementaire,ordinaire,1
PIONANR5L14B3988,14,2016-07-20,335,parlementaire,ordinaire,1
PIONANR5L14B3989,14,2016-07-20,335,parlementaire,ordinaire,1
PRJLANR5L14B3995,14,2016-07-28,327,gouvernement,ordinaire,1
PRJLANR5L14B3996,14,2016-07-28,327,gouvernement,ordinaire,1
PIONANR5L14B3997,14,2016-07-29,326,parlementaire,ordinaire,2
PRJLANR5L14B3999,14,2016-08-03,321,gouvernement,ordinaire,1
PRJLANR5L14B4000,14,2016-08-03,321,gouvernement,ordinaire,4
PIONANR5L14B4001,14,2016-08-09,315,parlementaire,organique,1
PRJLANR5L14B4002,14,2016-08-22,302,gouvernement,ordinaire,1
PIONANR5L14B4003,14,2016-08-31,293,parlementaire,ordinaire,1
PIONANR5L14B4004,14,2016-08-31,293,parlementaire,ordinaire,1
PIONANR5L14B4005,14,2016-08-31,293,parlementaire,ordinaire,1
PIONANR5L14B4006,14,2016-08-31,293,parlementaire,ordinaire,1
PIONANR5L14B4007,14,2016-08-31,293,parlementaire,ordinaire,1
PIONANR5L14B4008,14,2016-08-31,293,parlementaire,ordinaire,1
PIONANR5L14B4009,14,2016-08-31,293,parlementaire,ordinaire,1
PIONANR5L14B4010,14,2016-08-31,293,parlementaire,ordinaire,1
PIONANR5L14B4011,14,2016-08-31,293,parlementaire,ordinaire,1
PIONANR5L14B4012,14,2016-08-31,293,parlementaire,ordinaire,1
PIONANR5L14B4013,14,2016-08-31,293,parlementaire,ordinaire,1
PIONANR5L14B4014,14,2016-08-31,293,parlementaire,ordinaire,1
PIONANR5L14B4015,14,2016-08-31,293,parlementaire,ordinaire,2
PIONANR5L14B4016,14,2016-08-31,293,parlementaire,ordinaire,2
PIONANR5L14B4017,14,2016-08-31,293,parlementaire,ordinaire,2
PIONANR5L14B4018,14,2016-08-31,293,parlementaire,ordinaire,1
PIONANR5L14B4019,14,2016-08-31,293,parlementaire,ordinaire,1
PIONANR5L14B4020,14,2016-08-31,293,parlementaire,ordinaire,1
PIONANR5L14B4021,14,2016-08-31,293,parlementaire,ordinaire,1
PRJLANR5L14B4022,14,2016-08-31,293,gouvernement,ordinaire,1
PIONANR5L14B4024,14,2016-09-02,291,parlementaire,constitutionnelle,1
PRJLANR5L14B4026,14,2016-09-08,285,gouvernement,traite,4
PRJLANR5L14B4027,14,2016-09-08,285,gouvernement,ordinaire,5
PIONANR5L14B4028,14,2016-09-12,281,parlementaire,constitutionnelle,1
PIONANR5L14B4029,14,2016-09-12,281,parlementaire,constitutionnelle,1
PIONANR5L14B4030,14,2016-09-12,281,parlementaire,constitutionnelle,1
PIONANR5L14B4031,14,2016-09-12,281,parlementaire,constitutionnelle,1
PRJLANR5L14B4034,14,2016-09-14,279,gouvernement,ordinaire,4
PRJLANR5L14B4035,14,2016-09-14,279,gouvernement,ordinaire,1
PRJLANR5L14B4036,14,2016-09-14,279,gouvernement,ordinaire,1
PIONANR5L14B4043,14,2016-09-21,272,parlementaire,ordinaire,1
PIONANR5L14B4044,14,2016-09-21,272,parlementaire,ordinaire,4
PRJLANR5L14B4051,14,2016-09-22,271,gouvernement,ordinaire,5
PRJLANR5L14B4061,14,2016-09-28,265,gouvernement,finances_fss,4
PRJLANR5L14B4065,14,2016-09-28,265,gouvernement,traite,1
PIONANR5L14B4078,14,2016-10-05,258,parlementaire,constitutionnelle,1
PRJLANR5L14B4072,14,2016-10-05,258,gouvernement,finances_fss,4
PIONANR5L14B4084,14,2016-10-07,256,parlementaire,ordinaire,1
PIONANR5L14B4085,14,2016-10-07,256,parlementaire,ordinaire,1
PIONANR5L14B4086,14,2016-10-07,256,parlementaire,ordinaire,1
PIONANR5L14B4087,14,2016-10-07,256,parlementaire,ordinaire,1
PIONANR5L14B4088,14,2016-10-07,256,parlementaire,ordinaire,1
PIONANR5L14B4089,14,2016-10-07,256,parlementaire,ordinaire,1
PIONANR5L14B4090,14,2016-10-07,256,parlementaire,ordinaire,1
PIONANR5L14B4091,14,2016-10-07,256,parlementaire,ordinaire,1
PIONANR5L14B4092,14,2016-10-07,256,parlementaire,ordinaire,1
PIONANR5L14B4093,14,2016-10-07,256,parlementaire,ordinaire,1
PIONANR5L14B4094,14,2016-10-07,256,parlementaire,ordinaire,1
PIONANR5L14B4095,14,2016-10-07,256,parlementaire,ordinaire,1
PIONANR5L14B4096,14,2016-10-07,256,parlementaire,ordinaire,2
PIONANR5L14B4097,14,2016-10-07,256,parlementaire,ordinaire,1
PIONANR5L14B4098,14,2016-10-07,256,parlementaire,ordinaire,1
PIONANR5L14B4099,14,2016-10-07,256,parlementaire,ordinaire,1
PIONANR5L14B4100,14,2016-10-07,256,parlementaire,ordinaire,1
PIONANR5L14B4101,14,2016-10-07,256,parlementaire,ordinaire,1
PIONANR5L14B4102,14,2016-10-07,256,parlementaire,ordinaire,2
PIONANR5L14B4103,14,2016-10-07,256,parlementaire,ordinaire,1
PIONANR5L14B4104,14,2016-10-07,256,parlementaire,ordinaire,1
PIONANR5L14B4111,14,2016-10-12,251,parlementaire,ordinaire,1
PIONANR5L14B4112,14,2016-10-12,251,parlementaire,ordinaire,1
PIONANR5L14B4113,14,2016-10-12,251,parlementaire,ordinaire,1
PIONANR5L14B4114,14,2016-10-12,251,parlementaire,ordinaire,1
PIONANR5L14B4115,14,2016-10-12,251,parlementaire,ordinaire,1
PIONANR5L14B4116,14,2016-10-12,251,parlementaire,ordinaire,1
PIONANR5L14B4117,14,2016-10-12,251,parlementaire,ordinaire,1
PIONANR5L14B4118,14,2016-10-12,251,parlementaire,ordinaire,4
PIONANR5L14B4119,14,2016-10-12,251,parlementaire,ordinaire,2
PIONANR5L14B4120,14,2016-10-12,251,parlementaire,ordinaire,1
PRJLANR5L14B4121,14,2016-10-12,251,gouvernement,traite,4
PRJLANR5L14B4122,14,2016-10-12,251,gouvernement,ordinaire,4
PIONANR5L14B4142,14,2016-10-19,244,parlementaire,ordinaire,1
PIONANR5L14B4143,14,2016-10-19,244,parlementaire,ordinaire,1
PIONANR5L14B4144,14,2016-10-19,244,parlementaire,ordinaire,1
PIONANR5L14B4145,14,2016-10-19,244,parlementaire,ordinaire,1
PIONANR5L14B4146,14,2016-10-19,244,parlementaire,ordinaire,1
PIONANR5L14B4147,14,2016-10-19,244,parlementaire,ordinaire,1
PRJLANR5L14B4148,14,2016-10-19,244,gouvernement,traite,4
PRJLANR5L14B4149,14,2016-10-19,244,gouvernement,ordinaire,1
PIONANR5L14B4159,14,2016-10-26,237,parlementaire,ordinaire,1
PIONANR5L14B4160,14,2016-10-26,237,parlementaire,ordinaire,1
PIONANR5L14B4161,14,2016-10-26,237,parlementaire,ordinaire,1
PIONANR5L14B4162,14,2016-10-26,237,parlementaire,ordinaire,1
PIONANR5L14B4163,14,2016-10-26,237,parlementaire,ordinaire,1
PIONANR5L14B4164,14,2016-10-26,237,parlementaire,ordinaire,1
PIONANR5L14B4165,14,2016-10-26,237,parlementaire,ordinaire,1
PIONANR5L14B4166,14,2016-10-26,237,parlementaire,ordinaire,4
PIONANR5L14B4167,14,2016-10-26,237,parlementaire,ordinaire,1
PIONANR5L14B4168,14,2016-10-26,237,parlementaire,ordinaire,1
PRJLANR5L14B4169,14,2016-10-26,237,gouvernement,ordinaire,5
PRJLANR5L14B4170,14,2016-10-26,237,gouvernement,traite,4
PIONANR5L14B4176,14,2016-10-27,236,parlementaire,organique,1
PIONANR5L14B4177,14,2016-10-28,235,parlementaire,organique,1
PRJLANR5L14B4181,14,2016-11-02,230,gouvernement,traite,4
PRJLANR5L14B4182,14,2016-11-02,230,gouvernement,traite,5
PIONANR5L14B4194,14,2016-11-09,223,parlementaire,ordinaire,1
PIONANR5L14B4195,14,2016-11-09,223,parlementaire,ordinaire,1
PIONANR5L14B4196,14,2016-11-09,223,parlementaire,ordinaire,1
PIONANR5L14B4197,14,2016-11-09,223,parlementaire,ordinaire,1
PIONANR5L14B4198,14,2016-11-09,223,parlementaire,ordinaire,1
PIONANR5L14B4199,14,2016-11-09,223,parlementaire,ordinaire,1
PIONANR5L14B4200,14,2016-11-09,223,parlementaire,ordinaire,1
PIONANR5L14B4201,14,2016-11-09,223,parlementaire,ordinaire,1
PIONANR5L14B4202,14,2016-11-09,223,parlementaire,ordinaire,1
PIONANR5L14B4203,14,2016-11-09,223,parlementaire,ordinaire,2
PIONANR5L14B4204,14,2016-11-09,223,parlementaire,ordinaire,1
PIONANR5L14B4224,14,2016-11-16,216,parlementaire,ordinaire,1
PIONANR5L14B4225,14,2016-11-16,216,parlementaire,ordinaire,1
PIONANR5L14B4226,14,2016-11-16,216,parlementaire,ordinaire,1
PIONANR5L14B4227,14,2016-11-16,216,parlementaire,ordinaire,1
PIONANR5L14B4228,14,2016-11-16,216,parlementaire,ordinaire,1
PIONANR5L14B4229,14,2016-11-16,216,parlementaire,ordinaire,1
PIONANR5L14B4230,14,2016-11-16,216,parlementaire,ordinaire,1
PIONANR5L14B4231,14,2016-11-16,216,parlementaire,ordinaire,1
PIONANR5L14B4232,14,2016-11-16,216,parlementaire,ordinaire,1
PRJLANR5L14B4235,14,2016-11-18,214,gouvernement,finances_fss,4
PRJLANR5L14B4236,14,2016-11-18,214,gouvernement,ordinaire,1
PIONANR5L14B4247,14,2016-11-23,209,parlementaire,ordinaire,1
PIONANR5L14B4248,14,2016-11-23,209,parlementaire,ordinaire,1
PIONANR5L14B4249,14,2016-11-23,209,parlementaire,ordinaire,1
PIONANR5L14B4250,14,2016-11-23,209,parlementaire,ordinaire,1
PIONANR5L14B4251,14,2016-11-23,209,parlementaire,ordinaire,2
PRJLANR5L14B4246,14,2016-11-23,209,gouvernement,traite,2
PIONANR5L14B4264,14,2016-11-30,202,parlementaire,ordinaire,1
PIONANR5L14B4265,14,2016-11-30,202,parlementaire,ordinaire,1
PIONANR5L14B4266,14,2016-11-30,202,parlementaire,ordinaire,1
PRJLANR5L14B4263,14,2016-11-30,202,gouvernement,traite,4
PIONANR5L14B4274,14,2016-12-02,200,parlementaire,organique,2
PIONANR5L14B4284,14,2016-12-07,195,parlementaire,ordinaire,1
PIONANR5L14B4285,14,2016-12-07,195,parlementaire,ordinaire,1
PIONANR5L14B4286,14,2016-12-07,195,parlementaire,ordinaire,1
PIONANR5L14B4287,14,2016-12-07,195,parlementaire,ordinaire,1
PIONANR5L14B4288,14,2016-12-07,195,parlementaire,ordinaire,1
PIONANR5L14B4289,14,2016-12-07,195,parlementaire,ordinaire,2
PIONANR5L14B4291,14,2016-12-07,195,parlementaire,organique,2
PRJLANR5L14B4283,14,2016-12-07,195,gouvernement,ordinaire,1
PRJLANR5L14B4295,14,2016-12-10,192,gouvernement,ordinaire,4
PIONANR5L14B4297,14,2016-12-12,190,parlementaire,constitutionnelle,1
PRJLANR5L14B4311,14,2016-12-14,188,gouvernement,ordinaire,5
PRJLANR5L14B4313,14,2016-12-14,188,gouvernement,ordinaire,1
PIONANR5L14B4315,14,2016-12-15,187,parlementaire,ordinaire,1
PIONANR5L14B4316,14,2016-12-15,187,parlementaire,ordinaire,1
PIONANR5L14B4317,14,2016-12-15,187,parlementaire,ordinaire,1
PIONANR5L14B4333,14,2016-12-21,181,parlementaire,ordinaire,1
PIONANR5L14B4334,14,2016-12-21,181,parlementaire,ordinaire,1
PIONANR5L14B4336,14,2016-12-21,181,parlementaire,ordinaire,1
PIONANR5L14B4337,14,2016-12-21,181,parlementaire,ordinaire,1
PIONANR5L14B4338,14,2016-12-21,181,parlementaire,ordinaire,1
PIONANR5L14B4339,14,2016-12-21,181,parlementaire,ordinaire,1
PIONANR5L14B4340,14,2016-12-21,181,parlementaire,ordinaire,1
PIONANR5L14B4341,14,2016-12-21,181,parlementaire,ordinaire,1
PIONANR5L14B4342,14,2016-12-21,181,parlementaire,ordinaire,1
PIONANR5L14B4343,14,2016-12-21,181,parlementaire,ordinaire,1
PIONANR5L14B4344,14,2016-12-21,181,parlementaire,ordinaire,4
PIONANR5L14B4345,14,2016-12-21,181,parlementaire,ordinaire,1
PIONANR5L14B4346,14,2016-12-21,181,parlementaire,ordinaire,1
PIONANR5L14B4347,14,2016-12-21,181,parlementaire,ordinaire,2
PIONANR5L14B4348,14,2016-12-21,181,parlementaire,ordinaire,2
PRJLANR5L14B4331,14,2016-12-21,181,gouvernement,ordinaire,1
PRJLANR5L14B4356,14,2017-01-04,167,gouvernement,ordinaire,1
PRJLANR5L14B4357,14,2017-01-04,167,gouvernement,ordinaire,4
PRJLANR5L14B4358,14,2017-01-04,167,gouvernement,ordinaire,2
PIONANR5L14B4367,14,2017-01-11,160,parlementaire,ordinaire,1
PIONANR5L14B4368,14,2017-01-11,160,parlementaire,ordinaire,1
PIONANR5L14B4369,14,2017-01-11,160,parlementaire,ordinaire,1
PIONANR5L14B4370,14,2017-01-11,160,parlementaire,ordinaire,1
PIONANR5L14B4371,14,2017-01-11,160,parlementaire,ordinaire,1
PIONANR5L14B4372,14,2017-01-11,160,parlementaire,ordinaire,1
PIONANR5L14B4373,14,2017-01-11,160,parlementaire,ordinaire,1
PIONANR5L14B4374,14,2017-01-11,160,parlementaire,ordinaire,1
PRJLANR5L14B4366,14,2017-01-11,160,gouvernement,ordinaire,5
PIONANR5L14B4385,14,2017-01-18,153,parlementaire,ordinaire,1
PIONANR5L14B4386,14,2017-01-18,153,parlementaire,ordinaire,1
PIONANR5L14B4387,14,2017-01-18,153,parlementaire,ordinaire,1
PIONANR5L14B4388,14,2017-01-18,153,parlementaire,ordinaire,1
PIONANR5L14B4389,14,2017-01-18,153,parlementaire,ordinaire,1
PIONANR5L14B4409,14,2017-01-25,146,parlementaire,ordinaire,1
PIONANR5L14B4410,14,2017-01-25,146,parlementaire,ordinaire,1
PIONANR5L14B4411,14,2017-01-25,146,parlementaire,ordinaire,1
PIONANR5L14B4412,14,2017-01-25,146,parlementaire,ordinaire,1
PIONANR5L14B4413,14,2017-01-25,146,parlementaire,ordinaire,1
PIONANR5L14B4414,14,2017-01-25,146,parlementaire,ordinaire,1
PIONANR5L14B4415,14,2017-01-25,146,parlementaire,organique,1
PIONANR5L14B4416,14,2017-01-25,146,parlementaire,constitutionnelle,1
PIONANR5L14B4424,14,2017-01-30,141,parlementaire,organique,1
PIONANR5L14B4433,14,2017-02-01,139,parlementaire,ordinaire,1
PIONANR5L14B4434,14,2017-02-01,139,parlementaire,ordinaire,1
PIONANR5L14B4435,14,2017-02-01,139,parlementaire,ordinaire,1
PIONANR5L14B4436,14,2017-02-01,139,parlementaire,ordinaire,1
PIONANR5L14B4437,14,2017-02-01,139,parlementaire,ordinaire,1
PIONANR5L14B4438,14,2017-02-01,139,parlementaire,ordinaire,1
PIONANR5L14B4439,14,2017-02-01,139,parlementaire,ordinaire,1
PIONANR5L14B4440,14,2017-02-01,139,parlementaire,ordinaire,1
PIONANR5L14B4441,14,2017-02-01,139,parlementaire,ordinaire,1
PRJLANR5L14B4432,14,2017-02-01,139,gouvernement,traite,5
PIONANR5L14B4445,14,2017-02-02,138,parlementaire,ordinaire,4
PIONANR5L14B4458,14,2017-02-08,132,parlementaire,organique,1
PIONANR5L14B4463,14,2017-02-10,130,parlementaire,organique,1
PIONANR5L14B4470,14,2017-02-14,126,parlementaire,constitutionnelle,1
PIONANR5L14B4488,14,2017-02-15,125,parlementaire,constitutionnelle,1
PIONANR5L14B4489,14,2017-02-15,125,parlementaire,constitutionnelle,1
PIONANR5L14B4490,14,2017-02-15,125,parlementaire,organique,1
PIONANR5L14B4492,14,2017-02-15,125,parlementaire,ordinaire,1
PIONANR5L14B4493,14,2017-02-15,125,parlementaire,ordinaire,1
PIONANR5L14B4494,14,2017-02-15,125,parlementaire,ordinaire,1
PIONANR5L14B4495,14,2017-02-15,125,parlementaire,ordinaire,1
PIONANR5L14B4496,14,2017-02-15,125,parlementaire,ordinaire,1
PIONANR5L14B4497,14,2017-02-15,125,parlementaire,ordinaire,1
PIONANR5L14B4498,14,2017-02-15,125,parlementaire,ordinaire,1
PIONANR5L14B4499,14,2017-02-15,125,parlementaire,ordinaire,1
PIONANR5L14B4500,14,2017-02-15,125,parlementaire,ordinaire,1
PIONANR5L14B4501,14,2017-02-15,125,parlementaire,ordinaire,1
PIONANR5L14B4502,14,2017-02-15,125,parlementaire,ordinaire,1
PIONANR5L14B4503,14,2017-02-15,125,parlementaire,ordinaire,1
PIONANR5L14B4504,14,2017-02-15,125,parlementaire,ordinaire,1
PIONANR5L14B4505,14,2017-02-15,125,parlementaire,ordinaire,1
PIONANR5L14B4506,14,2017-02-15,125,parlementaire,ordinaire,1
PIONANR5L14B4507,14,2017-02-15,125,parlementaire,ordinaire,1
PIONANR5L14B4508,14,2017-02-15,125,parlementaire,ordinaire,1
PIONANR5L14B4509,14,2017-02-15,125,parlementaire,ordinaire,1
PIONANR5L14B4510,14,2017-02-15,125,parlementaire,ordinaire,1
PIONANR5L14B4520,14,2017-02-20,120,parlementaire,constitutionnelle,1
PIONANR5L14B4543,14,2017-02-22,118,parlementaire,constitutionnelle,1
PIONANR5L14B4553,14,2017-02-22,118,parlementaire,ordinaire,1
PIONANR5L14B4554,14,2017-02-22,118,parlementaire,ordinaire,1
PIONANR5L14B4555,14,2017-02-22,118,parlementaire,ordinaire,1
PIONANR5L14B4556,14,2017-02-22,118,parlementaire,ordinaire,1
PIONANR5L14B4557,14,2017-02-22,118,parlementaire,ordinaire,1
PIONANR5L14B4558,14,2017-02-22,118,parlementaire,ordinaire,1
PIONANR5L14B4559,14,2017-02-22,118,parlementaire,ordinaire,1
PIONANR5L14B4560,14,2017-02-22,118,parlementaire,ordinaire,1
PIONANR5L14B4561,14,2017-02-22,118,parlementaire,ordinaire,1
PIONANR5L14B4562,14,2017-02-22,118,parlementaire,ordinaire,1
PIONANR5L14B4563,14,2017-02-22,118,parlementaire,ordinaire,1
PIONANR5L14B4564,14,2017-02-22,118,parlementaire,ordinaire,1
PIONANR5L14B4565,14,2017-02-22,118,parlementaire,ordinaire,1
PIONANR5L14B4566,14,2017-02-22,118,parlementaire,ordinaire,1
PIONANR5L14B4567,14,2017-02-22,118,parlementaire,ordinaire,1
PIONANR5L14B4580,14,2017-03-10,102,parlementaire,ordinaire,1
PIONANR5L14B4581,14,2017-03-10,102,parlementaire,ordinaire,1
PIONANR5L14B4582,14,2017-03-10,102,parlementaire,ordinaire,1
PIONANR5L14B4583,14,2017-03-10,102,parlementaire,ordinaire,1
PIONANR5L14B4584,14,2017-03-10,102,parlementaire,ordinaire,1
PIONANR5L14B4585,14,2017-03-10,102,parlementaire,ordinaire,1
PIONANR5L14B4586,14,2017-03-10,102,parlementaire,ordinaire,1
PIONANR5L14B4587,14,2017-03-10,102,parlementaire,ordinaire,1
PIONANR5L14B4588,14,2017-03-10,102,parlementaire,ordinaire,1
PIONANR5L14B4589,14,2017-03-10,102,parlementaire,ordinaire,1
PIONANR5L14B4590,14,2017-03-10,102,parlementaire,ordinaire,1
PIONANR5L14B4591,14,2017-03-10,102,parlementaire,ordinaire,1
PIONANR5L14B4592,14,2017-03-10,102,parlementaire,ordinaire,1
PIONANR5L14B4598,14,2017-04-04,77,parlementaire,ordinaire,1
PIONANR5L14B4599,14,2017-04-04,77,parlementaire,ordinaire,1
PIONANR5L14B4600,14,2017-04-04,77,parlementaire,ordinaire,1
PIONANR5L14B4601,14,2017-04-04,77,parlementaire,ordinaire,1
PIONANR5L14B4602,14,2017-04-04,77,parlementaire,ordinaire,1
PIONANR5L14B4603,14,2017-04-04,77,parlementaire,ordinaire,1
PIONANR5L14B4604,14,2017-04-04,77,parlementaire,ordinaire,1
PIONANR5L14B4612,14,2017-04-12,69,parlementaire,ordinaire,1
PIONANR5L14B4613,14,2017-04-12,69,parlementaire,ordinaire,1
PIONANR5L14B4614,14,2017-04-12,69,parlementaire,ordinaire,1
PIONANR5L14B4615,14,2017-04-12,69,parlementaire,ordinaire,1
PIONANR5L14B4626,14,2017-05-10,41,parlementaire,ordinaire,1
PIONANR5L14B4627,14,2017-05-10,41,parlementaire,ordinaire,1
PIONANR5L14B4628,14,2017-05-10,41,parlementaire,ordinaire,1
PIONANR5L14B4629,14,2017-05-10,41,parlementaire,ordinaire,1
PIONANR5L14B4630,14,2017-05-10,41,parlementaire,ordinaire,1
PIONANR5L14B4631,14,2017-05-10,41,parlementaire,ordinaire,1
PIONANR5L14B4632,14,2017-05-10,41,parlementaire,ordinaire,1
PIONANR5L14B4633,14,2017-05-10,41,parlementaire,ordinaire,1
PIONANR5L14B4634,14,2017-05-10,41,parlementaire,ordinaire,1
PIONANR5L14B4635,14,2017-05-10,41,parlementaire,ordinaire,1
PIONANR5L14B4636,14,2017-05-10,41,parlementaire,ordinaire,1
PIONANR5L14B4637,14,2017-05-10,41,parlementaire,ordinaire,1
PIONANR5L14B4638,14,2017-05-10,41,parlementaire,ordinaire,1
PIONANR5L14B4639,14,2017-05-10,41,parlementaire,ordinaire,1
PIONANR5L14B4640,14,2017-05-10,41,parlementaire,ordinaire,1
PIONANR5L14B4641,14,2017-05-10,41,parlementaire,ordinaire,1
PIONANR5L14B4642,14,2017-05-10,41,parlementaire,ordinaire,1
PIONANR5L14B4643,14,2017-05-10,41,parlementaire,ordinaire,1
PIONANR5L14B4644,14,2017-05-10,41,parlementaire,ordinaire,1
PIONANR5L14B4645,14,2017-05-10,41,parlementaire,ordinaire,1
PIONANR5L14B4646,14,2017-05-10,41,parlementaire,ordinaire,1
PIONANR5L14B4647,14,2017-05-10,41,parlementaire,ordinaire,1
PIONANR5L14B4648,14,2017-05-22,29,parlementaire,constitutionnelle,1
PIONANR5L14B4649,14,2017-05-22,29,parlementaire,organique,1
PIONANR5L14B4653,14,2017-06-06,14,parlementaire,ordinaire,1
PIONANR5L14B4654,14,2017-06-06,14,parlementaire,ordinaire,1
PIONANR5L14B4655,14,2017-06-06,14,parlementaire,ordinaire,1
PIONANR5L14B4656,14,2017-06-06,14,parlementaire,ordinaire,1
PIONANR5L14B4657,14,2017-06-06,14,parlementaire,ordinaire,1
PRJLANR5L15B0003,15,2017-06-29,1818,gouvernement,ordinaire,1
PRJLANR5L15B0004,15,2017-06-29,1818,gouvernement,ordinaire,4
PRJLANR5L15B0005,15,2017-06-29,1818,gouvernement,finances_fss,4
PRJLANR5L15B0006,15,2017-06-29,1818,gouvernement,ordinaire,4
PRJLANR5L15B0007,15,2017-06-29,1818,gouvernement,ordinaire,4
PRJLANR5L15B0008,15,2017-06-29,1818,gouvernement,ordinaire,4
PRJLANR5L15B0011,15,2017-06-29,1818,gouvernement,ordinaire,4
PRJLANR5L15B0012,15,2017-06-29,1818,gouvernement,traite,4
PRJLANR5L15B0013,15,2017-06-29,1818,gouvernement,traite,4
PRJLANR5L15B0014,15,2017-06-29,1818,gouvernement,traite,4
PRJLANR5L15B0095,15,2017-07-12,1805,gouvernement,ordinaire,1
PIONANR5L15B0101,15,2017-07-18,1799,parlementaire,constitutionnelle,2
PIONANR5L15B0117,15,2017-07-27,1790,parlementaire,organique,1
PIONANR5L15B0127,15,2017-08-08,1778,parlementaire,ordinaire,1
PIONANR5L15B0128,15,2017-08-08,1778,parlementaire,ordinaire,1
PIONANR5L15B0129,15,2017-08-08,1778,parlementaire,ordinaire,1
PIONANR5L15B0130,15,2017-08-08,1778,parlementaire,ordinaire,1
PIONANR5L15B0131,15,2017-08-08,1778,parlementaire,ordinaire,1
PIONANR5L15B0132,15,2017-08-08,1778,parlementaire,ordinaire,1
PIONANR5L15B0133,15,2017-08-08,1778,parlementaire,ordinaire,1
PIONANR5L15B0134,15,2017-08-08,1778,parlementaire,ordinaire,1
PIONANR5L15B0135,15,2017-08-08,1778,parlementaire,ordinaire,1
PIONANR5L15B0136,15,2017-08-08,1778,parlementaire,ordinaire,1
PIONANR5L15B0137,15,2017-08-08,1778,parlementaire,ordinaire,1
PIONANR5L15B0138,15,2017-08-08,1778,parlementaire,ordinaire,1
PIONANR5L15B0139,15,2017-08-08,1778,parlementaire,ordinaire,1
PIONANR5L15B0140,15,2017-08-08,1778,parlementaire,ordinaire,1
PIONANR5L15B0141,15,2017-08-08,1778,parlementaire,ordinaire,1
PIONANR5L15B0142,15,2017-08-08,1778,parlementaire,ordinaire,1
PIONANR5L15B0143,15,2017-08-08,1778,parlementaire,ordinaire,1
PIONANR5L15B0144,15,2017-08-08,1778,parlementaire,ordinaire,1
PRJLANR5L15B0146,15,2017-08-09,1777,gouvernement,traite,4
PIONANR5L15B0147,15,2017-08-30,1756,parlementaire,ordinaire,1
PIONANR5L15B0148,15,2017-08-30,1756,parlementaire,ordinaire,1
PIONANR5L15B0149,15,2017-08-30,1756,parlementaire,ordinaire,1
PIONANR5L15B0150,15,2017-08-30,1756,parlementaire,ordinaire,2
PIONANR5L15B0151,15,2017-08-30,1756,parlementaire,ordinaire,1
PRJLANR5L15B0152,15,2017-08-30,1756,gouvernement,traite,4
PIONANR5L15B0153,15,2017-09-05,1750,parlementaire,constitutionnelle,1
PIONANR5L15B0154,15,2017-09-06,1749,parlementaire,constitutionnelle,1
PRJLANR5L15B0155,15,2017-09-06,1749,gouvernement,ordinaire,4
PRJLANR5L15B0165,15,2017-09-14,1741,gouvernement,ordinaire,1
PRJLANR5L15B0167,15,2017-09-19,1736,gouvernement,traite,4
PRJLANR5L15B0168,15,2017-09-19,1736,gouvernement,traite,4
PIONANR5L15B0170,15,2017-09-22,1733,parlementaire,organique,1
PRJLANR5L15B0171,15,2017-09-22,1733,gouvernement,ordinaire,1
PIONANR5L15B0175,15,2017-09-27,1728,parlementaire,ordinaire,1
PIONANR5L15B0176,15,2017-09-27,1728,parlementaire,ordinaire,1
PIONANR5L15B0177,15,2017-09-27,1728,parlementaire,ordinaire,1
PIONANR5L15B0178,15,2017-09-27,1728,parlementaire,ordinaire,1
PIONANR5L15B0179,15,2017-09-27,1728,parlementaire,ordinaire,1
PIONANR5L15B0180,15,2017-09-27,1728,parlementaire,ordinaire,1
PIONANR5L15B0181,15,2017-09-27,1728,parlementaire,ordinaire,1
PIONANR5L15B0182,15,2017-09-27,1728,parlementaire,ordinaire,1
PIONANR5L15B0183,15,2017-09-27,1728,parlementaire,ordinaire,1
PIONANR5L15B0184,15,2017-09-27,1728,parlementaire,ordinaire,1
PIONANR5L15B0185,15,2017-09-27,1728,parlementaire,ordinaire,1
PIONANR5L15B0186,15,2017-09-27,1728,parlementaire,ordinaire,1
PIONANR5L15B0187,15,2017-09-27,1728,parlementaire,ordinaire,1
PIONANR5L15B0188,15,2017-09-27,1728,parlementaire,ordinaire,1
PIONANR5L15B0189,15,2017-09-27,1728,parlementaire,ordinaire,1
PIONANR5L15B0190,15,2017-09-27,1728,parlementaire,ordinaire,1
PIONANR5L15B0191,15,2017-09-27,1728,parlementaire,ordinaire,1
PIONANR5L15B0192,15,2017-09-27,1728,parlementaire,ordinaire,1
PIONANR5L15B0193,15,2017-09-27,1728,parlementaire,ordinaire,1
PIONANR5L15B0194,15,2017-09-27,1728,parlementaire,ordinaire,1
PIONANR5L15B0195,15,2017-09-27,1728,parlementaire,ordinaire,1
PIONANR5L15B0196,15,2017-09-27,1728,parlementaire,ordinaire,1
PIONANR5L15B0197,15,2017-09-27,1728,parlementaire,ordinaire,1
PIONANR5L15B0198,15,2017-09-27,1728,parlementaire,ordinaire,1
PIONANR5L15B0199,15,2017-09-27,1728,parlementaire,ordinaire,1
PIONANR5L15B0200,15,2017-09-27,1728,parlementaire,ordinaire,1
PIONANR5L15B0201,15,2017-09-27,1728,parlementaire,ordinaire,1
PIONANR5L15B0202,15,2017-09-27,1728,parlementaire,ordinaire,1
PIONANR5L15B0203,15,2017-09-27,1728,parlementaire,ordinaire,1
PIONANR5L15B0204,15,2017-09-27,1728,parlementaire,ordinaire,1
PIONANR5L15B0205,15,2017-09-27,1728,parlementaire,ordinaire,1
PIONANR5L15B0206,15,2017-09-27,1728,parlementaire,ordinaire,1
PIONANR5L15B0207,15,2017-09-27,1728,parlementaire,ordinaire,1
PIONANR5L15B0208,15,2017-09-27,1728,parlementaire,ordinaire,1
PIONANR5L15B0209,15,2017-09-27,1728,parlementaire,ordinaire,1
PIONANR5L15B0210,15,2017-09-27,1728,parlementaire,ordinaire,1
PIONANR5L15B0211,15,2017-09-27,1728,parlementaire,ordinaire,1
PIONANR5L15B0212,15,2017-09-27,1728,parlementaire,ordinaire,1
PIONANR5L15B0214,15,2017-09-27,1728,parlementaire,ordinaire,1
PIONANR5L15B0215,15,2017-09-27,1728,parlementaire,ordinaire,1
PIONANR5L15B0216,15,2017-09-27,1728,parlementaire,ordinaire,1
PIONANR5L15B0217,15,2017-09-27,1728,parlementaire,ordinaire,1
PIONANR5L15B0218,15,2017-09-27,1728,parlementaire,ordinaire,1
PIONANR5L15B0219,15,2017-09-27,1728,parlementaire,ordinaire,1
PIONANR5L15B0220,15,2017-09-27,1728,parlementaire,ordinaire,1
PIONANR5L15B0221,15,2017-09-27,1728,parlementaire,ordinaire,1
PIONANR5L15B0222,15,2017-09-27,1728,parlementaire,ordinaire,1
PIONANR5L15B0223,15,2017-09-27,1728,parlementaire,ordinaire,1
PIONANR5L15B0224,15,2017-09-27,1728,parlementaire,ordinaire,1
PIONANR5L15B0225,15,2017-09-27,1728,parlementaire,ordinaire,1
PIONANR5L15B0226,15,2017-09-27,1728,parlementaire,ordinaire,1
PIONANR5L15B0227,15,2017-09-27,1728,parlementaire,ordinaire,1
PIONANR5L15B0228,15,2017-09-27,1728,parlementaire,ordinaire,4
PIONANR5L15B0229,15,2017-09-27,1728,parlementaire,ordinaire,1
PIONANR5L15B0230,15,2017-09-27,1728,parlementaire,ordinaire,1
PIONANR5L15B0231,15,2017-09-27,1728,parlementaire,ordinaire,1
PIONANR5L15B0232,15,2017-09-27,1728,parlementaire,ordinaire,2
PIONANR5L15B0233,15,2017-09-27,1728,parlementaire,ordinaire,1
PRJLANR5L15B0234,15,2017-09-27,1728,gouvernement,ordinaire,4
PRJLANR5L15B0235,15,2017-09-27,1728,gouvernement,finances_fss,4
PRJLANR5L15B0237,15,2017-09-27,1728,gouvernement,ordinaire,4
PIONANR5L15B0245,15,2017-10-03,1722,parlementaire,ordinaire,1
PIONANR5L15B0246,15,2017-10-03,1722,parlementaire,ordinaire,1
PIONANR5L15B0247,15,2017-10-03,1722,parlementaire,ordinaire,1
PIONANR5L15B0248,15,2017-10-03,1722,parlementaire,ordinaire,2
PIONANR5L15B0249,15,2017-10-03,1722,parlementaire,ordinaire,1
PIONANR5L15B0250,15,2017-10-03,1722,parlementaire,ordinaire,1
PIONANR5L15B0251,15,2017-10-03,1722,parlementaire,ordinaire,1
PIONANR5L15B0252,15,2017-10-03,1722,parlementaire,ordinaire,1
PIONANR5L15B0253,15,2017-10-03,1722,parlementaire,ordinaire,1
PIONANR5L15B0254,15,2017-10-03,1722,parlementaire,ordinaire,1
PIONANR5L15B0255,15,2017-10-03,1722,parlementaire,ordinaire,1
PIONANR5L15B0256,15,2017-10-03,1722,parlementaire,ordinaire,1
PRJLANR5L15B0260,15,2017-10-04,1721,gouvernement,ordinaire,1
PRJLANR5L15B0269,15,2017-10-11,1714,gouvernement,finances_fss,4
PRJLANR5L15B0270,15,2017-10-11,1714,gouvernement,traite,4
PIONANR5L15B0283,15,2017-10-17,1708,parlementaire,ordinaire,1
PIONANR5L15B0284,15,2017-10-17,1708,parlementaire,ordinaire,1
PIONANR5L15B0285,15,2017-10-17,1708,parlementaire,ordinaire,1
PIONANR5L15B0286,15,2017-10-17,1708,parlementaire,ordinaire,1
PIONANR5L15B0287,15,2017-10-17,1708,parlementaire,ordinaire,1
PIONANR5L15B0288,15,2017-10-17,1708,parlementaire,ordinaire,2
PIONANR5L15B0289,15,2017-10-17,1708,parlementaire,ordinaire,1
PIONANR5L15B0290,15,2017-10-17,1708,parlementaire,ordinaire,1
PIONANR5L15B0291,15,2017-10-17,1708,parlementaire,ordinaire,1
PIONANR5L15B0292,15,2017-10-17,1708,parlementaire,ordinaire,1
PIONANR5L15B0293,15,2017-10-17,1708,parlementaire,ordinaire,1
PIONANR5L15B0294,15,2017-10-17,1708,parlementaire,ordinaire,1
PIONANR5L15B0295,15,2017-10-17,1708,parlementaire,ordinaire,1
PIONANR5L15B0296,15,2017-10-17,1708,parlementaire,ordinaire,1
PIONANR5L15B0297,15,2017-10-17,1708,parlementaire,ordinaire,1
PIONANR5L15B0298,15,2017-10-17,1708,parlementaire,ordinaire,1
PIONANR5L15B0299,15,2017-10-17,1708,parlementaire,ordinaire,1
PIONANR5L15B0300,15,2017-10-17,1708,parlementaire,ordinaire,1
PIONANR5L15B0301,15,2017-10-17,1708,parlementaire,ordinaire,1
PIONANR5L15B0302,15,2017-10-17,1708,parlementaire,ordinaire,1
PIONANR5L15B0303,15,2017-10-17,1708,parlementaire,ordinaire,2
PIONANR5L15B0304,15,2017-10-17,1708,parlementaire,ordinaire,1
PIONANR5L15B0305,15,2017-10-17,1708,parlementaire,ordinaire,1
PIONANR5L15B0306,15,2017-10-17,1708,parlementaire,ordinaire,1
PIONANR5L15B0307,15,2017-10-17,1708,parlementaire,ordinaire,2
PIONANR5L15B0308,15,2017-10-17,1708,parlementaire,ordinaire,1
PIONANR5L15B0309,15,2017-10-17,1708,parlementaire,ordinaire,1
PIONANR5L15B0310,15,2017-10-17,1708,parlementaire,ordinaire,4
PRJLANR5L15B0311,15,2017-10-18,1707,gouvernement,ordinaire,1
PRJLANR5L15B0312,15,2017-10-18,1707,gouvernement,ordinaire,1
PRJLANR5L15B0314,15,2017-10-18,1707,gouvernement,ordinaire,1
PIONANR5L15B0324,15,2017-10-24,1701,parlementaire,ordinaire,1
PIONANR5L15B0325,15,2017-10-24,1701,parlementaire,ordinaire,1
PIONANR5L15B0326,15,2017-10-24,1701,parlementaire,ordinaire,1
PIONANR5L15B0327,15,2017-10-24,1701,parlementaire,ordinaire,1
PIONANR5L15B0328,15,2017-10-24,1701,parlementaire,ordinaire,1
PIONANR5L15B0329,15,2017-10-24,1701,parlementaire,ordinaire,1
PIONANR5L15B0330,15,2017-10-24,1701,parlementaire,ordinaire,1
PIONANR5L15B0331,15,2017-10-24,1701,parlementaire,ordinaire,4
PIONANR5L15B0332,15,2017-10-24,1701,parlementaire,ordinaire,1
PIONANR5L15B0333,15,2017-10-24,1701,parlementaire,ordinaire,1
PRJLANR5L15B0319,15,2017-10-24,1701,gouvernement,traite,1
PRJLANR5L15B0320,15,2017-10-24,1701,gouvernement,traite,4
PRJLANR5L15B0321,15,2017-10-24,1701,gouvernement,traite,4
PRJLANR5L15B0322,15,2017-10-24,1701,gouvernement,traite,4
PRJLANR5L15B0323,15,2017-10-24,1701,gouvernement,traite,1
PRJLANR5L15B0336,15,2017-10-25,1700,gouvernement,ordinaire,1
PIONANR5L15B0347,15,2017-11-02,1692,parlementaire,ordinaire,1
PIONANR5L15B0348,15,2017-11-02,1692,parlementaire,ordinaire,1
PIONANR5L15B0349,15,2017-11-02,1692,parlementaire,ordinaire,1
PIONANR5L15B0350,15,2017-11-02,1692,parlementaire,ordinaire,1
PIONANR5L15B0351,15,2017-11-02,1692,parlementaire,ordinaire,1
PIONANR5L15B0352,15,2017-11-02,1692,parlementaire,ordinaire,1
PIONANR5L15B0353,15,2017-11-02,1692,parlementaire,ordinaire,1
PIONANR5L15B0354,15,2017-11-02,1692,parlementaire,ordinaire,1
PIONANR5L15B0355,15,2017-11-02,1692,parlementaire,ordinaire,1
PIONANR5L15B0356,15,2017-11-02,1692,parlementaire,ordinaire,1
PIONANR5L15B0357,15,2017-11-02,1692,parlementaire,ordinaire,1
PIONANR5L15B0358,15,2017-11-02,1692,parlementaire,ordinaire,1
PIONANR5L15B0359,15,2017-11-02,1692,parlementaire,ordinaire,1
PIONANR5L15B0360,15,2017-11-02,1692,parlementaire,ordinaire,1
PIONANR5L15B0361,15,2017-11-02,1692,parlementaire,ordinaire,1
PRJLANR5L15B0363,15,2017-11-02,1692,gouvernement,finances_fss,4
PIONANR5L15B0366,15,2017-11-07,1687,parlementaire,organique,1
PIONANR5L15B0367,15,2017-11-07,1687,parlementaire,organique,1
PRJLANR5L15B0368,15,2017-11-07,1687,gouvernement,ordinaire,4
PRJLANR5L15B0383,15,2017-11-15,1679,gouvernement,ordinaire,4
PRJLANR5L15B0384,15,2017-11-15,1679,gouvernement,finances_fss,4
PIONANR5L15B0393,15,2017-11-22,1672,parlementaire,ordinaire,1
PIONANR5L15B0394,15,2017-11-22,1672,parlementaire,ordinaire,1
PIONANR5L15B0395,15,2017-11-22,1672,parlementaire,ordinaire,1
PIONANR5L15B0396,15,2017-11-22,1672,parlementaire,ordinaire,1
PIONANR5L15B0397,15,2017-11-22,1672,parlementaire,ordinaire,1
PIONANR5L15B0398,15,2017-11-22,1672,parlementaire,ordinaire,1
PIONANR5L15B0399,15,2017-11-22,1672,parlementaire,ordinaire,1
PIONANR5L15B0400,15,2017-11-22,1672,parlementaire,ordinaire,1
PIONANR5L15B0401,15,2017-11-22,1672,parlementaire,ordinaire,1
PIONANR5L15B0402,15,2017-11-22,1672,parlementaire,ordinaire,1
PIONANR5L15B0403,15,2017-11-22,1672,parlementaire,ordinaire,1
PIONANR5L15B0404,15,2017-11-22,1672,parlementaire,ordinaire,1
PIONANR5L15B0405,15,2017-11-22,1672,parlementaire,ordinaire,1
PIONANR5L15B0406,15,2017-11-22,1672,parlementaire,ordinaire,1
PIONANR5L15B0407,15,2017-11-22,1672,parlementaire,ordinaire,1
PIONANR5L15B0408,15,2017-11-22,1672,parlementaire,ordinaire,1
PIONANR5L15B0409,15,2017-11-22,1672,parlementaire,ordinaire,1
PIONANR5L15B0410,15,2017-11-22,1672,parlementaire,ordinaire,1
PIONANR5L15B0411,15,2017-11-22,1672,parlementaire,ordinaire,1
PIONANR5L15B0412,15,2017-11-22,1672,parlementaire,ordinaire,1
PIONANR5L15B0413,15,2017-11-22,1672,parlementaire,ordinaire,1
PIONANR5L15B0419,15,2017-11-22,1672,parlementaire,ordinaire,1
PIONANR5L15B0420,15,2017-11-22,1672,parlementaire,ordinaire,1
PIONANR5L15B0421,15,2017-11-22,1672,parlementaire,ordinaire,1
PRJLANR5L15B0390,15,2017-11-22,1672,gouvernement,traite,4
PRJLANR5L15B0391,15,2017-11-22,1672,gouvernement,ordinaire,4
PRJLANR5L15B0424,15,2017-11-27,1667,gouvernement,ordinaire,4
PIONANR5L15B0449,15,2017-12-06,1658,parlementaire,ordinaire,1
PIONANR5L15B0450,15,2017-12-06,1658,parlementaire,ordinaire,1
PIONANR5L15B0451,15,2017-12-06,1658,parlementaire,ordinaire,1
PIONANR5L15B0452,15,2017-12-06,1658,parlementaire,ordinaire,1
PIONANR5L15B0453,15,2017-12-06,1658,parlementaire,ordinaire,1
PIONANR5L15B0454,15,2017-12-06,1658,parlementaire,ordinaire,1
PIONANR5L15B0455,15,2017-12-06,1658,parlementaire,ordinaire,1
PIONANR5L15B0456,15,2017-12-06,1658,parlementaire,ordinaire,1
PIONANR5L15B0457,15,2017-12-06,1658,parlementaire,ordinaire,1
PIONANR5L15B0458,15,2017-12-06,1658,parlementaire,ordinaire,1
PIONANR5L15B0459,15,2017-12-06,1658,parlementaire,ordinaire,1
PIONANR5L15B0460,15,2017-12-06,1658,parlementaire,ordinaire,1
PIONANR5L15B0461,15,2017-12-06,1658,parlementaire,ordinaire,1
PIONANR5L15B0462,15,2017-12-06,1658,parlementaire,ordinaire,1
PIONANR5L15B0463,15,2017-12-06,1658,parlementaire,ordinaire,1
PIONANR5L15B0464,15,2017-12-06,1658,parlementaire,ordinaire,1
PIONANR5L15B0465,15,2017-12-06,1658,parlementaire,ordinaire,1
PIONANR5L15B0466,15,2017-12-06,1658,parlementaire,ordinaire,1
PIONANR5L15B0467,15,2017-12-06,1658,parlementaire,ordinaire,1
PIONANR5L15B0468,15,2017-12-06,1658,parlementaire,ordinaire,1
PIONANR5L15B0469,15,2017-12-06,1658,parlementaire,ordinaire,1
PIONANR5L15B0470,15,2017-12-06,1658,parlementaire,ordinaire,1
PIONANR5L15B0471,15,2017-12-06,1658,parlementaire,ordinaire,1
PIONANR5L15B0472,15,2017-12-06,1658,parlementaire,ordinaire,1
PIONANR5L15B0473,15,2017-12-06,1658,parlementaire,ordinaire,1
PIONANR5L15B0474,15,2017-12-06,1658,parlementaire,ordinaire,1
PIONANR5L15B0475,15,2017-12-06,1658,parlementaire,ordinaire,4
PIONANR5L15B0476,15,2017-12-06,1658,parlementaire,ordinaire,2
PIONANR5L15B0477,15,2017-12-06,1658,parlementaire,ordinaire,2
PIONANR5L15B0478,15,2017-12-06,1658,parlementaire,ordinaire,1
PRJLANR5L15B0483,15,2017-12-08,1656,gouvernement,ordinaire,1
PIONANR5L15B0486,15,2017-12-12,1652,parlementaire,constitutionnelle,1
PRJLANR5L15B0490,15,2017-12-13,1651,gouvernement,ordinaire,4
PRJLANR5L15B0491,15,2017-12-13,1651,gouvernement,ordinaire,1
PIONANR5L15B0498,15,2017-12-14,1650,parlementaire,constitutionnelle,2
PIONANR5L15B0505,15,2017-12-19,1645,parlementaire,constitutionnelle,1
PIONANR5L15B0513,15,2017-12-20,1644,parlementaire,ordinaire,1
PIONANR5L15B0514,15,2017-12-20,1644,parlementaire,ordinaire,1
PIONANR5L15B0515,15,2017-12-20,1644,parlementaire,ordinaire,1
PIONANR5L15B0516,15,2017-12-20,1644,parlementaire,ordinaire,2
PIONANR5L15B0517,15,2017-12-20,1644,parlementaire,ordinaire,2
PIONANR5L15B0518,15,2017-12-20,1644,parlementaire,ordinaire,1
PIONANR5L15B0519,15,2017-12-20,1644,parlementaire,ordinaire,1
PIONANR5L15B0520,15,2017-12-20,1644,parlementaire,ordinaire,2
PIONANR5L15B0521,15,2017-12-20,1644,parlementaire,ordinaire,1
PIONANR5L15B0522,15,2017-12-20,1644,parlementaire,ordinaire,1
PIONANR5L15B0523,15,2017-12-20,1644,parlementaire,ordinaire,1
PIONANR5L15B0524,15,2017-12-20,1644,parlementaire,ordinaire,1
PRJLANR5L15B0509,15,2017-12-20,1644,gouvernement,traite,4
PRJLANR5L15B0510,15,2017-12-20,1644,gouvernement,traite,4
PIONANR5L15B0536,15,2017-12-21,1643,parlementaire,ordinaire,4
PIONANR5L15B0537,15,2017-12-21,1643,parlementaire,constitutionnelle,1
PRJLANR5L15B0539,15,2018-01-03,1630,gouvernement,ordinaire,4
PIONANR5L15B0550,15,2018-01-12,1621,parlementaire,constitutionnelle,1
PRJLANR5L15B0549,15,2018-01-12,1621,gouvernement,ordinaire,1
PIONANR5L15B0551,15,2018-01-15,1618,parlementaire,constitutionnelle,1
PIONANR5L15B0552,15,2018-01-15,1618,parlementaire,organique,1
PIONANR5L15B0555,15,2018-01-17,1616,parlementaire,ordinaire,1
PIONANR5L15B0556,15,2018-01-17,1616,parlementaire,ordinaire,1
PIONANR5L15B0557,15,2018-01-17,1616,parlementaire,ordinaire,1
PIONANR5L15B0558,15,2018-01-17,1616,parlementaire,ordinaire,1
PIONANR5L15B0559,15,2018-01-17,1616,parlementaire,ordinaire,2
PIONANR5L15B0560,15,2018-01-17,1616,parlementaire,ordinaire,1
PIONANR5L15B0561,15,2018-01-17,1616,parlementaire,ordinaire,1
PIONANR5L15B0562,15,2018-01-17,1616,parlementaire,ordinaire,1
PIONANR5L15B0563,15,2018-01-17,1616,parlementaire,ordinaire,1
PIONANR5L15B0564,15,2018-01-17,1616,parlementaire,ordinaire,1
PIONANR5L15B0565,15,2018-01-17,1616,parlementaire,ordinaire,1
PIONANR5L15B0566,15,2018-01-17,1616,parlementaire,ordinaire,1
PIONANR5L15B0567,15,2018-01-17,1616,parlementaire,ordinaire,1
PIONANR5L15B0568,15,2018-01-17,1616,parlementaire,ordinaire,1
PIONANR5L15B0569,15,2018-01-17,1616,parlementaire,ordinaire,1
PIONANR5L15B0570,15,2018-01-17,1616,parlementaire,ordinaire,1
PIONANR5L15B0571,15,2018-01-17,1616,parlementaire,ordinaire,1
PIONANR5L15B0572,15,2018-01-17,1616,parlementaire,ordinaire,1
PIONANR5L15B0573,15,2018-01-17,1616,parlementaire,ordinaire,1
PIONANR5L15B0578,15,2018-01-22,1611,parlementaire,organique,1
PIONANR5L15B0584,15,2018-01-24,1609,parlementaire,ordinaire,2
PIONANR5L15B0585,15,2018-01-24,1609,parlementaire,ordinaire,2
PIONANR5L15B0586,15,2018-01-24,1609,parlementaire,ordinaire,2
PIONANR5L15B0587,15,2018-01-24,1609,parlementaire,ordinaire,2
PIONANR5L15B0588,15,2018-01-24,1609,parlementaire,ordinaire,1
PIONANR5L15B0589,15,2018-01-24,1609,parlementaire,ordinaire,2
PRJLANR5L15B0583,15,2018-01-24,1609,gouvernement,traite,4
PIONANR5L15B0616,15,2018-01-31,1602,parlementaire,ordinaire,1
PIONANR5L15B0617,15,2018-01-31,1602,parlementaire,ordinaire,1
PIONANR5L15B0618,15,2018-01-31,1602,parlementaire,ordinaire,1
PIONANR5L15B0619,15,2018-01-31,1602,parlementaire,ordinaire,1
PIONANR5L15B0620,15,2018-01-31,1602,parlementaire,ordinaire,1
PIONANR5L15B0621,15,2018-01-31,1602,parlementaire,ordinaire,1
PIONANR5L15B0622,15,2018-01-31,1602,parlementaire,ordinaire,1
PIONANR5L15B0623,15,2018-01-31,1602,parlementaire,ordinaire,1
PIONANR5L15B0624,15,2018-01-31,1602,parlementaire,ordinaire,1
PIONANR5L15B0625,15,2018-01-31,1602,parlementaire,ordinaire,1
PRJLANR5L15B0615,15,2018-01-31,1602,gouvernement,traite,4
PRJLANR5L15B0627,15,2018-02-01,1601,gouvernement,ordinaire,4
PIONANR5L15B0643,15,2018-02-07,1595,parlementaire,constitutionnelle,1
PIONANR5L15B0644,15,2018-02-07,1595,parlementaire,ordinaire,1
PIONANR5L15B0645,15,2018-02-07,1595,parlementaire,ordinaire,1
PIONANR5L15B0646,15,2018-02-07,1595,parlementaire,ordinaire,1
PIONANR5L15B0647,15,2018-02-07,1595,parlementaire,ordinaire,1
PIONANR5L15B0648,15,2018-02-07,1595,parlementaire,ordinaire,1
PIONANR5L15B0649,15,2018-02-07,1595,parlementaire,ordinaire,1
PIONANR5L15B0650,15,2018-02-07,1595,parlementaire,ordinaire,1
PIONANR5L15B0651,15,2018-02-07,1595,parlementaire,ordinaire,1
PIONANR5L15B0652,15,2018-02-07,1595,parlementaire,ordinaire,2
PIONANR5L15B0653,15,2018-02-07,1595,parlementaire,ordinaire,1
PIONANR5L15B0654,15,2018-02-08,1594,parlementaire,ordinaire,1
PRJLANR5L15B0659,15,2018-02-08,1594,gouvernement,ordinaire,4
PIONANR5L15B0666,15,2018-02-14,1588,parlementaire,constitutionnelle,1
PRJLANR5L15B0668,15,2018-02-14,1588,gouvernement,ordinaire,1
PIONANR5L15B0675,15,2018-02-19,1583,parlementaire,ordinaire,4
PIONANR5L15B0686,15,2018-02-21,1581,parlementaire,ordinaire,1
PIONANR5L15B0687,15,2018-02-21,1581,parlementaire,ordinaire,2
PIONANR5L15B0688,15,2018-02-21,1581,parlementaire,ordinaire,1
PIONANR5L15B0689,15,2018-02-21,1581,parlementaire,ordinaire,1
PIONANR5L15B0690,15,2018-02-21,1581,parlementaire,ordinaire,1
PIONANR5L15B0691,15,2018-02-21,1581,parlementaire,ordinaire,1
PIONANR5L15B0692,15,2018-02-21,1581,parlementaire,ordinaire,1
PIONANR5L15B0693,15,2018-02-21,1581,parlementaire,ordinaire,1
PIONANR5L15B0694,15,2018-02-21,1581,parlementaire,ordinaire,1
PIONANR5L15B0695,15,2018-02-21,1581,parlementaire,ordinaire,1
PIONANR5L15B0696,15,2018-02-21,1581,parlementaire,ordinaire,1
PIONANR5L15B0697,15,2018-02-21,1581,parlementaire,ordinaire,1
PIONANR5L15B0698,15,2018-02-21,1581,parlementaire,ordinaire,1
PIONANR5L15B0699,15,2018-02-21,1581,parlementaire,ordinaire,1
PIONANR5L15B0700,15,2018-02-21,1581,parlementaire,ordinaire,1
PIONANR5L15B0701,15,2018-02-21,1581,parlementaire,ordinaire,1
PIONANR5L15B0702,15,2018-02-21,1581,parlementaire,ordinaire,2
PIONANR5L15B0703,15,2018-02-21,1581,parlementaire,ordinaire,1
PIONANR5L15B0704,15,2018-02-21,1581,parlementaire,ordinaire,1
PIONANR5L15B0705,15,2018-02-21,1581,parlementaire,ordinaire,1
PIONANR5L15B0706,15,2018-02-21,1581,parlementaire,ordinaire,2
PIONANR5L15B0707,15,2018-02-21,1581,parlementaire,ordinaire,1
PIONANR5L15B0708,15,2018-02-21,1581,parlementaire,ordinaire,1
PIONANR5L15B0709,15,2018-02-21,1581,parlementaire,ordinaire,1
PIONANR5L15B0710,15,2018-02-21,1581,parlementaire,ordinaire,1
PIONANR5L15B0711,15,2018-02-21,1581,parlementaire,ordinaire,1
PIONANR5L15B0712,15,2018-02-21,1581,parlementaire,ordinaire,1
PIONANR5L15B0713,15,2018-02-21,1581,parlementaire,ordinaire,1
PRJLANR5L15B0714,15,2018-02-21,1581,gouvernement,ordinaire,4
PIONANR5L15B0726,15,2018-02-27,1575,parlementaire,organique,1
PRJLANR5L15B0727,15,2018-02-28,1574,gouvernement,ordinaire,1
PIONANR5L15B0735,15,2018-03-07,1567,parlementaire,ordinaire,1
PIONANR5L15B0736,15,2018-03-07,1567,parlementaire,ordinaire,1
PIONANR5L15B0737,15,2018-03-07,1567,parlementaire,ordinaire,1
PIONANR5L15B0738,15,2018-03-07,1567,parlementaire,ordinaire,1
PIONANR5L15B0739,15,2018-03-07,1567,parlementaire,ordinaire,1
PIONANR5L15B0740,15,2018-03-07,1567,parlementaire,ordinaire,1
PIONANR5L15B0741,15,2018-03-07,1567,parlementaire,ordinaire,1
PIONANR5L15B0742,15,2018-03-07,1567,parlementaire,ordinaire,1
PIONANR5L15B0743,15,2018-03-07,1567,parlementaire,ordinaire,1
PIONANR5L15B0744,15,2018-03-07,1567,parlementaire,ordinaire,1
PIONANR5L15B0745,15,2018-03-07,1567,parlementaire,ordinaire,1
PIONANR5L15B0746,15,2018-03-07,1567,parlementaire,ordinaire,1
PIONANR5L15B0747,15,2018-03-07,1567,parlementaire,ordinaire,1
PIONANR5L15B0748,15,2018-03-07,1567,parlementaire,ordinaire,1
PIONANR5L15B0749,15,2018-03-07,1567,parlementaire,ordinaire,1
PIONANR5L15B0750,15,2018-03-07,1567,parlementaire,ordinaire,1
PIONANR5L15B0751,15,2018-03-07,1567,parlementaire,ordinaire,1
PIONANR5L15B0752,15,2018-03-07,1567,parlementaire,ordinaire,1
PIONANR5L15B0753,15,2018-03-07,1567,parlementaire,ordinaire,1
PRJLANR5L15B0734,15,2018-03-07,1567,gouvernement,traite,4
PRJLANR5L15B0763,15,2018-03-14,1560,gouvernement,ordinaire,1
PRJLANR5L15B0764,15,2018-03-14,1560,gouvernement,ordinaire,4
PIONANR5L15B0772,15,2018-03-16,1558,parlementaire,organique,4
PIONANR5L15B0773,15,2018-03-19,1555,parlementaire,constitutionnelle,1
PIONANR5L15B0779,15,2018-03-21,1553,parlementaire,ordinaire,2
PIONANR5L15B0780,15,2018-03-21,1553,parlementaire,ordinaire,1
PIONANR5L15B0781,15,2018-03-21,1553,parlementaire,ordinaire,1
PIONANR5L15B0782,15,2018-03-21,1553,parlementaire,ordinaire,1
PIONANR5L15B0783,15,2018-03-21,1553,parlementaire,ordinaire,1
PIONANR5L15B0784,15,2018-03-21,1553,parlementaire,ordinaire,1
PIONANR5L15B0785,15,2018-03-21,1553,parlementaire,ordinaire,1
PIONANR5L15B0786,15,2018-03-21,1553,parlementaire,ordinaire,1
PIONANR5L15B0787,15,2018-03-21,1553,parlementaire,ordinaire,1
PIONANR5L15B0788,15,2018-03-21,1553,parlementaire,ordinaire,2
PIONANR5L15B0789,15,2018-03-21,1553,parlementaire,ordinaire,1
PIONANR5L15B0790,15,2018-03-21,1553,parlementaire,ordinaire,1
PIONANR5L15B0791,15,2018-03-21,1553,parlementaire,ordinaire,1
PIONANR5L15B0792,15,2018-03-21,1553,parlementaire,ordinaire,1
PIONANR5L15B0793,15,2018-03-21,1553,parlementaire,ordinaire,1
PIONANR5L15B0794,15,2018-03-21,1553,parlementaire,ordinaire,1
PIONANR5L15B0795,15,2018-03-21,1553,parlementaire,ordinaire,1
PIONANR5L15B0796,15,2018-03-21,1553,parlementaire,ordinaire,1
PIONANR5L15B0797,15,2018-03-21,1553,parlementaire,ordinaire,1
PIONANR5L15B0798,15,2018-03-21,1553,parlementaire,ordinaire,1
PIONANR5L15B0799,15,2018-03-21,1553,parlementaire,ordinaire,4
PIONANR5L15B0800,15,2018-03-21,1553,parlementaire,ordinaire,1
PIONANR5L15B0801,15,2018-03-21,1553,parlementaire,ordinaire,1
PIONANR5L15B0802,15,2018-03-21,1553,parlementaire,ordinaire,1
PIONANR5L15B0803,15,2018-03-21,1553,parlementaire,ordinaire,1
PIONANR5L15B0804,15,2018-03-21,1553,parlementaire,ordinaire,1
PIONANR5L15B0805,15,2018-03-21,1553,parlementaire,ordinaire,2
PIONANR5L15B0807,15,2018-03-21,1553,parlementaire,constitutionnelle,1
PRJLANR5L15B0778,15,2018-03-21,1553,gouvernement,ordinaire,4
PIONANR5L15B0823,15,2018-03-29,1545,parlementaire,ordinaire,1
PIONANR5L15B0824,15,2018-03-29,1545,parlementaire,ordinaire,1
PIONANR5L15B0825,15,2018-03-29,1545,parlementaire,ordinaire,1
PIONANR5L15B0826,15,2018-03-29,1545,parlementaire,ordinaire,1
PIONANR5L15B0827,15,2018-03-29,1545,parlementaire,ordinaire,1
PIONANR5L15B0828,15,2018-03-29,1545,parlementaire,ordinaire,1
PIONANR5L15B0829,15,2018-03-29,1545,parlementaire,ordinaire,1
PIONANR5L15B0830,15,2018-03-29,1545,parlementaire,ordinaire,1
PIONANR5L15B0831,15,2018-03-29,1545,parlementaire,ordinaire,1
PIONANR5L15B0832,15,2018-03-29,1545,parlementaire,ordinaire,1
PIONANR5L15B0833,15,2018-03-29,1545,parlementaire,ordinaire,2
PIONANR5L15B0834,15,2018-03-29,1545,parlementaire,ordinaire,1
PIONANR5L15B0835,15,2018-03-29,1545,parlementaire,ordinaire,1
PIONANR5L15B0836,15,2018-03-29,1545,parlementaire,ordinaire,1
PIONANR5L15B0837,15,2018-03-29,1545,parlementaire,ordinaire,1
PIONANR5L15B0840,15,2018-03-30,1544,parlementaire,ordinaire,4
PIONANR5L15B0847,15,2018-04-04,1539,parlementaire,ordinaire,4
PIONANR5L15B0848,15,2018-04-04,1539,parlementaire,ordinaire,4
PIONANR5L15B0849,15,2018-04-04,1539,parlementaire,ordinaire,2
PRJLANR5L15B0846,15,2018-04-04,1539,gouvernement,ordinaire,4
PIONANR5L15B0863,15,2018-04-11,1532,parlementaire,ordinaire,1
PIONANR5L15B0864,15,2018-04-11,1532,parlementaire,ordinaire,1
PIONANR5L15B0865,15,2018-04-11,1532,parlementaire,ordinaire,1
PIONANR5L15B0866,15,2018-04-11,1532,parlementaire,ordinaire,1
PIONANR5L15B0867,15,2018-04-11,1532,parlementaire,ordinaire,1
PIONANR5L15B0868,15,2018-04-11,1532,parlementaire,ordinaire,1
PIONANR5L15B0869,15,2018-04-11,1532,parlementaire,ordinaire,1
PIONANR5L15B0870,15,2018-04-11,1532,parlementaire,ordinaire,1
PIONANR5L15B0871,15,2018-04-11,1532,parlementaire,ordinaire,1
PIONANR5L15B0872,15,2018-04-11,1532,parlementaire,ordinaire,1
PRJLANR5L15B0873,15,2018-04-11,1532,gouvernement,ordinaire,1
PIONANR5L15B0876,15,2018-04-13,1530,parlementaire,constitutionnelle,1
PIONANR5L15B0877,15,2018-04-13,1530,parlementaire,organique,1
PIONANR5L15B0879,15,2018-04-13,1530,parlementaire,constitutionnelle,1
PIONANR5L15B0885,15,2018-04-18,1525,parlementaire,ordinaire,1
PIONANR5L15B0886,15,2018-04-18,1525,parlementaire,ordinaire,1
PIONANR5L15B0887,15,2018-04-18,1525,parlementaire,ordinaire,1
PIONANR5L15B0888,15,2018-04-18,1525,parlementaire,ordinaire,1
PIONANR5L15B0889,15,2018-04-18,1525,parlementaire,ordinaire,1
PIONANR5L15B0890,15,2018-04-18,1525,parlementaire,ordinaire,1
PIONANR5L15B0891,15,2018-04-18,1525,parlementaire,ordinaire,1
PIONANR5L15B0892,15,2018-04-18,1525,parlementaire,ordinaire,1
PRJLANR5L15B0904,15,2018-04-27,1516,gouvernement,ordinaire,4
PIONANR5L15B0914,15,2018-05-09,1504,parlementaire,ordinaire,1
PIONANR5L15B0915,15,2018-05-09,1504,parlementaire,ordinaire,1
PIONANR5L15B0916,15,2018-05-09,1504,parlementaire,ordinaire,1
PIONANR5L15B0917,15,2018-05-09,1504,parlementaire,ordinaire,1
PIONANR5L15B0918,15,2018-05-09,1504,parlementaire,ordinaire,1
PIONANR5L15B0919,15,2018-05-09,1504,parlementaire,ordinaire,1
PIONANR5L15B0920,15,2018-05-09,1504,parlementaire,ordinaire,1
PIONANR5L15B0921,15,2018-05-09,1504,parlementaire,ordinaire,1
PIONANR5L15B0922,15,2018-05-09,1504,parlementaire,ordinaire,1
PIONANR5L15B0923,15,2018-05-09,1504,parlementaire,ordinaire,1
PIONANR5L15B0924,15,2018-05-09,1504,parlementaire,ordinaire,1
PIONANR5L15B0925,15,2018-05-09,1504,parlementaire,ordinaire,1
PIONANR5L15B0926,15,2018-05-09,1504,parlementaire,ordinaire,1
PIONANR5L15B0927,15,2018-05-09,1504,parlementaire,ordinaire,1
PIONANR5L15B0928,15,2018-05-09,1504,parlementaire,ordinaire,1
PIONANR5L15B0929,15,2018-05-09,1504,parlementaire,ordinaire,1
PIONANR5L15B0930,15,2018-05-09,1504,parlementaire,ordinaire,1
PIONANR5L15B0931,15,2018-05-09,1504,parlementaire,ordinaire,1
PIONANR5L15B0932,15,2018-05-09,1504,parlementaire,ordinaire,1
PIONANR5L15B0933,15,2018-05-09,1504,parlementaire,ordinaire,1
PIONANR5L15B0934,15,2018-05-09,1504,parlementaire,ordinaire,1
PIONANR5L15B0935,15,2018-05-09,1504,parlementaire,ordinaire,1
PIONANR5L15B0936,15,2018-05-09,1504,parlementaire,ordinaire,2
PIONANR5L15B0937,15,2018-05-09,1504,parlementaire,ordinaire,1
PRJLANR5L15B0911,15,2018-05-09,1504,gouvernement,constitutionnelle,2
PIONANR5L15B0940,15,2018-05-14,1499,parlementaire,ordinaire,4
PIONANR5L15B0941,15,2018-05-14,1499,parlementaire,ordinaire,4
PIONANR5L15B0950,15,2018-05-16,1497,parlementaire,ordinaire,1
PIONANR5L15B0951,15,2018-05-16,1497,parlementaire,ordinaire,1
PIONANR5L15B0952,15,2018-05-16,1497,parlementaire,ordinaire,1
PIONANR5L15B0953,15,2018-05-16,1497,parlementaire,ordinaire,1
PIONANR5L15B0954,15,2018-05-16,1497,parlementaire,ordinaire,1
PIONANR5L15B0955,15,2018-05-16,1497,parlementaire,ordinaire,1
PIONANR5L15B0956,15,2018-05-16,1497,parlementaire,ordinaire,1
PIONANR5L15B0957,15,2018-05-16,1497,parlementaire,ordinaire,1
PIONANR5L15B0958,15,2018-05-16,1497,parlementaire,ordinaire,1
PIONANR5L15B0959,15,2018-05-16,1497,parlementaire,ordinaire,1
PIONANR5L15B0960,15,2018-05-16,1497,parlementaire,ordinaire,1
PIONANR5L15B0961,15,2018-05-16,1497,parlementaire,ordinaire,1
PIONANR5L15B0962,15,2018-05-16,1497,parlementaire,ordinaire,1
PIONANR5L15B0963,15,2018-05-16,1497,parlementaire,ordinaire,1
PIONANR5L15B0964,15,2018-05-16,1497,parlementaire,ordinaire,1
PIONANR5L15B0965,15,2018-05-16,1497,parlementaire,ordinaire,2
PIONANR5L15B0966,15,2018-05-16,1497,parlementaire,organique,1
PRJLANR5L15B0976,15,2018-05-23,1490,gouvernement,ordinaire,1
PRJLANR5L15B0977,15,2018-05-23,1490,gouvernement,organique,1
PRJLANR5L15B0980,15,2018-05-23,1490,gouvernement,finances_fss,4
PIONANR5L15B0985,15,2018-05-25,1488,parlementaire,organique,1
PIONANR5L15B0998,15,2018-05-30,1483,parlementaire,ordinaire,1
PIONANR5L15B0999,15,2018-05-30,1483,parlementaire,ordinaire,1
PIONANR5L15B1000,15,2018-05-30,1483,parlementaire,ordinaire,1
PIONANR5L15B1001,15,2018-05-30,1483,parlementaire,ordinaire,1
PIONANR5L15B1002,15,2018-05-30,1483,parlementaire,ordinaire,1
PIONANR5L15B1003,15,2018-05-30,1483,parlementaire,ordinaire,1
PIONANR5L15B1004,15,2018-05-30,1483,parlementaire,ordinaire,1
PIONANR5L15B1005,15,2018-05-30,1483,parlementaire,ordinaire,1
PIONANR5L15B1006,15,2018-05-30,1483,parlementaire,ordinaire,1
PIONANR5L15B1007,15,2018-05-30,1483,parlementaire,ordinaire,1
PIONANR5L15B1008,15,2018-05-30,1483,parlementaire,ordinaire,1
PIONANR5L15B1009,15,2018-05-30,1483,parlementaire,ordinaire,1
PIONANR5L15B1010,15,2018-05-30,1483,parlementaire,ordinaire,1
PIONANR5L15B1011,15,2018-05-30,1483,parlementaire,ordinaire,1
PIONANR5L15B1012,15,2018-05-30,1483,parlementaire,ordinaire,1
PRJLANR5L15B0997,15,2018-05-30,1483,gouvernement,ordinaire,1
PIONANR5L15B1022,15,2018-06-05,1477,parlementaire,constitutionnelle,1
PIONANR5L15B1050,15,2018-06-12,1470,parlementaire,organique,1
PIONANR5L15B1061,15,2018-06-13,1469,parlementaire,ordinaire,1
PIONANR5L15B1062,15,2018-06-13,1469,parlementaire,ordinaire,1
PIONANR5L15B1063,15,2018-06-13,1469,parlementaire,ordinaire,1
PIONANR5L15B1064,15,2018-06-13,1469,parlementaire,ordinaire,1
PIONANR5L15B1065,15,2018-06-13,1469,parlementaire,ordinaire,1
PIONANR5L15B1066,15,2018-06-13,1469,parlementaire,ordinaire,1
PIONANR5L15B1067,15,2018-06-13,1469,parlementaire,ordinaire,1
PIONANR5L15B1068,15,2018-06-13,1469,parlementaire,ordinaire,1
PIONANR5L15B1069,15,2018-06-13,1469,parlementaire,ordinaire,1
PIONANR5L15B1070,15,2018-06-13,1469,parlementaire,ordinaire,1
PIONANR5L15B1071,15,2018-06-13,1469,parlementaire,ordinaire,1
PIONANR5L15B1072,15,2018-06-13,1469,parlementaire,ordinaire,1
PIONANR5L15B1073,15,2018-06-13,1469,parlementaire,ordinaire,1
PIONANR5L15B1074,15,2018-06-13,1469,parlementaire,ordinaire,1
PIONANR5L15B1075,15,2018-06-13,1469,parlementaire,ordinaire,1
PIONANR5L15B1076,15,2018-06-13,1469,parlementaire,ordinaire,1
PIONANR5L15B1077,15,2018-06-13,1469,parlementaire,ordinaire,1
PIONANR5L15B1078,15,2018-06-13,1469,parlementaire,ordinaire,1
PIONANR5L15B1079,15,2018-06-13,1469,parlementaire,ordinaire,1
PIONANR5L15B1080,15,2018-06-13,1469,parlementaire,ordinaire,1
PIONANR5L15B1081,15,2018-06-13,1469,parlementaire,ordinaire,2
PRJLANR5L15B1088,15,2018-06-19,1463,gouvernement,ordinaire,4
PIONANR5L15B1102,15,2018-06-21,1461,parlementaire,organique,1
PIONANR5L15B1107,15,2018-06-27,1455,parlementaire,ordinaire,1
PIONANR5L15B1108,15,2018-06-27,1455,parlementaire,ordinaire,1
PIONANR5L15B1109,15,2018-06-27,1455,parlementaire,ordinaire,1
PIONANR5L15B1110,15,2018-06-27,1455,parlementaire,ordinaire,1
PIONANR5L15B1111,15,2018-06-27,1455,parlementaire,ordinaire,1
PIONANR5L15B1112,15,2018-06-27,1455,parlementaire,ordinaire,1
PIONANR5L15B1113,15,2018-06-27,1455,parlementaire,ordinaire,1
PIONANR5L15B1114,15,2018-06-27,1455,parlementaire,ordinaire,1
PIONANR5L15B1115,15,2018-06-27,1455,parlementaire,ordinaire,1
PIONANR5L15B1116,15,2018-06-27,1455,parlementaire,ordinaire,4
PIONANR5L15B1117,15,2018-06-27,1455,parlementaire,ordinaire,1
PIONANR5L15B1118,15,2018-06-27,1455,parlementaire,ordinaire,1
PIONANR5L15B1119,15,2018-06-27,1455,parlementaire,ordinaire,1
PIONANR5L15B1120,15,2018-06-27,1455,parlementaire,ordinaire,1
PIONANR5L15B1121,15,2018-06-27,1455,parlementaire,ordinaire,1
PIONANR5L15B1128,15,2018-07-02,1450,parlementaire,constitutionnelle,1
PIONANR5L15B1129,15,2018-07-02,1450,parlementaire,constitutionnelle,1
PIONANR5L15B1130,15,2018-07-02,1450,parlementaire,constitutionnelle,1
PIONANR5L15B1131,15,2018-07-02,1450,parlementaire,constitutionnelle,1
PIONANR5L15B1132,15,2018-07-02,1450,parlementaire,constitutionnelle,1
PIONANR5L15B1133,15,2018-07-03,1449,parlementaire,constitutionnelle,1
PIONANR5L15B1134,15,2018-07-03,1449,parlementaire,constitutionnelle,1
PIONANR5L15B1144,15,2018-07-05,1447,parlementaire,constitutionnelle,1
PRJLANR5L15B1145,15,2018-07-06,1446,gouvernement,ordinaire,1
PIONANR5L15B1156,15,2018-07-11,1441,parlementaire,ordinaire,1
PIONANR5L15B1157,15,2018-07-11,1441,parlementaire,ordinaire,1
PIONANR5L15B1158,15,2018-07-11,1441,parlementaire,ordinaire,1
PIONANR5L15B1159,15,2018-07-11,1441,parlementaire,ordinaire,1
PIONANR5L15B1160,15,2018-07-11,1441,parlementaire,ordinaire,2
PIONANR5L15B1161,15,2018-07-11,1441,parlementaire,ordinaire,1
PIONANR5L15B1162,15,2018-07-11,1441,parlementaire,ordinaire,1
PRJLANR5L15B1154,15,2018-07-11,1441,gouvernement,traite,4
PRJLANR5L15B1174,15,2018-07-18,1434,gouvernement,traite,4
PIONANR5L15B1191,15,2018-07-25,1427,parlementaire,ordinaire,2
PIONANR5L15B1192,15,2018-07-25,1427,parlementaire,ordinaire,1
PIONANR5L15B1193,15,2018-07-25,1427,parlementaire,ordinaire,1
PIONANR5L15B1194,15,2018-07-25,1427,parlementaire,ordinaire,1
PIONANR5L15B1195,15,2018-07-25,1427,parlementaire,ordinaire,1
PIONANR5L15B1196,15,2018-07-25,1427,parlementaire,ordinaire,1
PIONANR5L15B1197,15,2018-07-25,1427,parlementaire,ordinaire,1
PIONANR5L15B1198,15,2018-07-25,1427,parlementaire,ordinaire,1
PIONANR5L15B1199,15,2018-07-25,1427,parlementaire,ordinaire,1
PIONANR5L15B1200,15,2018-07-25,1427,parlementaire,ordinaire,1
PIONANR5L15B1201,15,2018-07-25,1427,parlementaire,ordinaire,1
PIONANR5L15B1202,15,2018-07-25,1427,parlementaire,ordinaire,1
PIONANR5L15B1203,15,2018-07-25,1427,parlementaire,ordinaire,1
PIONANR5L15B1204,15,2018-07-25,1427,parlementaire,ordinaire,1
PIONANR5L15B1205,15,2018-07-25,1427,parlementaire,ordinaire,1
PIONANR5L15B1206,15,2018-07-25,1427,parlementaire,ordinaire,1
PIONANR5L15B1207,15,2018-07-25,1427,parlementaire,ordinaire,1
PIONANR5L15B1208,15,2018-07-25,1427,parlementaire,ordinaire,1
PIONANR5L15B1209,15,2018-07-25,1427,parlementaire,ordinaire,1
PRJLANR5L15B1190,15,2018-07-25,1427,gouvernement,ordinaire,1
PIONANR5L15B1223,15,2018-07-31,1421,parlementaire,constitutionnelle,1
PIONANR5L15B1225,15,2018-08-16,1405,parlementaire,constitutionnelle,1
PRJLANR5L15B1226,15,2018-08-22,1399,gouvernement,traite,4
PIONANR5L15B1227,15,2018-08-29,1392,parlementaire,ordinaire,1
PIONANR5L15B1228,15,2018-08-29,1392,parlementaire,ordinaire,1
PIONANR5L15B1229,15,2018-08-29,1392,parlementaire,ordinaire,2
PIONANR5L15B1230,15,2018-08-29,1392,parlementaire,ordinaire,2
PIONANR5L15B1231,15,2018-08-29,1392,parlementaire,ordinaire,1
PIONANR5L15B1232,15,2018-08-29,1392,parlementaire,ordinaire,1
PRJLANR5L15B1233,15,2018-08-31,1390,gouvernement,ordinaire,1
PRJLANR5L15B1235,15,2018-09-12,1378,gouvernement,ordinaire,1
PIONANR5L15B1238,15,2018-09-17,1373,parlementaire,organique,1
PIONANR5L15B1242,15,2018-09-19,1371,parlementaire,ordinaire,1
PIONANR5L15B1243,15,2018-09-19,1371,parlementaire,ordinaire,1
PIONANR5L15B1244,15,2018-09-19,1371,parlementaire,ordinaire,1
PIONANR5L15B1245,15,2018-09-19,1371,parlementaire,ordinaire,1
PIONANR5L15B1246,15,2018-09-19,1371,parlementaire,ordinaire,1
PIONANR5L15B1247,15,2018-09-19,1371,parlementaire,ordinaire,1
PIONANR5L15B1248,15,2018-09-19,1371,parlementaire,ordinaire,1
PIONANR5L15B1249,15,2018-09-19,1371,parlementaire,ordinaire,1
PIONANR5L15B1250,15,2018-09-19,1371,parlementaire,ordinaire,1
PIONANR5L15B1251,15,2018-09-19,1371,parlementaire,ordinaire,1
PIONANR5L15B1252,15,2018-09-19,1371,parlementaire,ordinaire,1
PRJLANR5L15B1240,15,2018-09-19,1371,gouvernement,ordinaire,1
PRJLANR5L15B1255,15,2018-09-24,1366,gouvernement,finances_fss,4
PIONANR5L15B1259,15,2018-09-26,1364,parlementaire,organique,1
PIONANR5L15B1272,15,2018-10-03,1357,parlementaire,ordinaire,1
PIONANR5L15B1273,15,2018-10-03,1357,parlementaire,ordinaire,1
PIONANR5L15B1274,15,2018-10-03,1357,parlementaire,ordinaire,1
PIONANR5L15B1275,15,2018-10-03,1357,parlementaire,ordinaire,1
PIONANR5L15B1276,15,2018-10-03,1357,parlementaire,ordinaire,1
PIONANR5L15B1277,15,2018-10-03,1357,parlementaire,ordinaire,1
PIONANR5L15B1278,15,2018-10-03,1357,parlementaire,ordinaire,1
PIONANR5L15B1279,15,2018-10-03,1357,parlementaire,ordinaire,1
PIONANR5L15B1280,15,2018-10-03,1357,parlementaire,ordinaire,1
PIONANR5L15B1281,15,2018-10-03,1357,parlementaire,ordinaire,1
PIONANR5L15B1282,15,2018-10-03,1357,parlementaire,ordinaire,1
PIONANR5L15B1283,15,2018-10-03,1357,parlementaire,ordinaire,1
PIONANR5L15B1284,15,2018-10-03,1357,parlementaire,ordinaire,4
PIONANR5L15B1298,15,2018-10-10,1350,parlementaire,constitutionnelle,1
PRJLANR5L15B1297,15,2018-10-10,1350,gouvernement,finances_fss,4
PIONANR5L15B1311,15,2018-10-17,1343,parlementaire,ordinaire,1
PIONANR5L15B1312,15,2018-10-17,1343,parlementaire,ordinaire,1
PIONANR5L15B1313,15,2018-10-17,1343,parlementaire,ordinaire,1
PIONANR5L15B1314,15,2018-10-17,1343,parlementaire,ordinaire,1
PIONANR5L15B1315,15,2018-10-17,1343,parlementaire,ordinaire,1
PIONANR5L15B1316,15,2018-10-17,1343,parlementaire,ordinaire,1
PIONANR5L15B1317,15,2018-10-17,1343,parlementaire,ordinaire,1
PIONANR5L15B1318,15,2018-10-17,1343,parlementaire,ordinaire,1
PIONANR5L15B1319,15,2018-10-17,1343,parlementaire,ordinaire,1
PIONANR5L15B1320,15,2018-10-17,1343,parlementaire,ordinaire,1
PIONANR5L15B1321,15,2018-10-17,1343,parlementaire,ordinaire,1
PIONANR5L15B1322,15,2018-10-17,1343,parlementaire,ordinaire,1
PIONANR5L15B1323,15,2018-10-17,1343,parlementaire,ordinaire,1
PIONANR5L15B1324,15,2018-10-17,1343,parlementaire,ordinaire,1
PIONANR5L15B1325,15,2018-10-17,1343,parlementaire,ordinaire,1
PIONANR5L15B1326,15,2018-10-17,1343,parlementaire,ordinaire,4
PIONANR5L15B1327,15,2018-10-17,1343,parlementaire,ordinaire,1
PIONANR5L15B1328,15,2018-10-17,1343,parlementaire,ordinaire,4
PIONANR5L15B1329,15,2018-10-17,1343,parlementaire,ordinaire,4
PIONANR5L15B1330,15,2018-10-17,1343,parlementaire,ordinaire,4
PIONANR5L15B1331,15,2018-10-17,1343,parlementaire,ordinaire,4
PIONANR5L15B1332,15,2018-10-17,1343,parlementaire,ordinaire,1
PIONANR5L15B1333,15,2018-10-17,1343,parlementaire,ordinaire,1
PIONANR5L15B1334,15,2018-10-17,1343,parlementaire,ordinaire,1
PIONANR5L15B1344,15,2018-10-24,1336,parlementaire,ordinaire,1
PIONANR5L15B1345,15,2018-10-24,1336,parlementaire,ordinaire,1
PIONANR5L15B1346,15,2018-10-24,1336,parlementaire,ordinaire,1
PIONANR5L15B1347,15,2018-10-24,1336,parlementaire,ordinaire,1
PIONANR5L15B1348,15,2018-10-24,1336,parlementaire,ordinaire,1
PRJLANR5L15B1342,15,2018-10-24,1336,gouvernement,ordinaire,1
PRJLANR5L15B1355,15,2018-10-30,1330,gouvernement,traite,4
PIONANR5L15B1362,15,2018-11-06,1323,parlementaire,constitutionnelle,1
PIONANR5L15B1372,15,2018-11-07,1322,parlementaire,ordinaire,1
PIONANR5L15B1373,15,2018-11-07,1322,parlementaire,ordinaire,1
PIONANR5L15B1374,15,2018-11-07,1322,parlementaire,ordinaire,1
PIONANR5L15B1375,15,2018-11-07,1322,parlementaire,ordinaire,1
PIONANR5L15B1376,15,2018-11-07,1322,parlementaire,ordinaire,1
PIONANR5L15B1377,15,2018-11-07,1322,parlementaire,ordinaire,1
PIONANR5L15B1378,15,2018-11-07,1322,parlementaire,ordinaire,1
PIONANR5L15B1379,15,2018-11-07,1322,parlementaire,ordinaire,1
PIONANR5L15B1380,15,2018-11-07,1322,parlementaire,ordinaire,1
PIONANR5L15B1381,15,2018-11-07,1322,parlementaire,ordinaire,1
PIONANR5L15B1382,15,2018-11-07,1322,parlementaire,ordinaire,1
PIONANR5L15B1383,15,2018-11-07,1322,parlementaire,ordinaire,1
PIONANR5L15B1384,15,2018-11-07,1322,parlementaire,ordinaire,1
PIONANR5L15B1385,15,2018-11-07,1322,parlementaire,ordinaire,1
PIONANR5L15B1386,15,2018-11-07,1322,parlementaire,ordinaire,4
PIONANR5L15B1387,15,2018-11-07,1322,parlementaire,ordinaire,1
PRJLANR5L15B1371,15,2018-11-07,1322,gouvernement,finances_fss,4
PRJLANR5L15B1401,15,2018-11-14,1315,gouvernement,organique,4
PRJLANR5L15B1402,15,2018-11-14,1315,gouvernement,ordinaire,4
PIONANR5L15B1404,15,2018-11-16,1313,parlementaire,organique,1
PIONANR5L15B1420,15,2018-11-21,1308,parlementaire,ordinaire,1
PIONANR5L15B1421,15,2018-11-21,1308,parlementaire,ordinaire,1
PIONANR5L15B1422,15,2018-11-21,1308,parlementaire,ordinaire,1
PIONANR5L15B1423,15,2018-11-21,1308,parlementaire,ordinaire,1
PIONANR5L15B1424,15,2018-11-21,1308,parlementaire,ordinaire,1
PIONANR5L15B1425,15,2018-11-21,1308,parlementaire,ordinaire,1
PIONANR5L15B1426,15,2018-11-21,1308,parlementaire,ordinaire,1
PIONANR5L15B1427,15,2018-11-21,1308,parlementaire,ordinaire,1
PIONANR5L15B1428,15,2018-11-21,1308,parlementaire,ordinaire,1
PIONANR5L15B1429,15,2018-11-21,1308,parlementaire,ordinaire,1
PIONANR5L15B1430,15,2018-11-21,1308,parlementaire,ordinaire,1
PIONANR5L15B1431,15,2018-11-21,1308,parlementaire,ordinaire,1
PIONANR5L15B1432,15,2018-11-21,1308,parlementaire,ordinaire,4
PIONANR5L15B1433,15,2018-11-21,1308,parlementaire,ordinaire,1
PIONANR5L15B1434,15,2018-11-21,1308,parlementaire,ordinaire,1
PIONANR5L15B1435,15,2018-11-21,1308,parlementaire,ordinaire,1
PRJLANR5L15B1419,15,2018-11-21,1308,gouvernement,traite,1
PIONANR5L15B1463,15,2018-12-05,1294,parlementaire,ordinaire,1
PIONANR5L15B1464,15,2018-12-05,1294,parlementaire,ordinaire,1
PIONANR5L15B1465,15,2018-12-05,1294,parlementaire,ordinaire,1
PIONANR5L15B1466,15,2018-12-05,1294,parlementaire,ordinaire,1
PIONANR5L15B1467,15,2018-12-05,1294,parlementaire,ordinaire,1
PIONANR5L15B1468,15,2018-12-05,1294,parlementaire,ordinaire,1
PIONANR5L15B1469,15,2018-12-05,1294,parlementaire,ordinaire,1
PIONANR5L15B1470,15,2018-12-05,1294,parlementaire,ordinaire,1
PIONANR5L15B1471,15,2018-12-05,1294,parlementaire,ordinaire,1
PIONANR5L15B1472,15,2018-12-05,1294,parlementaire,ordinaire,1
PIONANR5L15B1473,15,2018-12-05,1294,parlementaire,ordinaire,1
PIONANR5L15B1474,15,2018-12-05,1294,parlementaire,ordinaire,1
PIONANR5L15B1475,15,2018-12-05,1294,parlementaire,ordinaire,1
PIONANR5L15B1476,15,2018-12-05,1294,parlementaire,ordinaire,1
PIONANR5L15B1477,15,2018-12-05,1294,parlementaire,ordinaire,1
PIONANR5L15B1478,15,2018-12-05,1294,parlementaire,ordinaire,1
PIONANR5L15B1479,15,2018-12-05,1294,parlementaire,ordinaire,1
PIONANR5L15B1480,15,2018-12-05,1294,parlementaire,ordinaire,1
PRJLANR5L15B1481,15,2018-12-05,1294,gouvernement,ordinaire,4
PIONANR5L15B1499,15,2018-12-13,1286,parlementaire,constitutionnelle,1
PIONANR5L15B1500,15,2018-12-13,1286,parlementaire,organique,1
PIONANR5L15B1505,15,2018-12-17,1282,parlementaire,ordinaire,4
PIONANR5L15B1506,15,2018-12-17,1282,parlementaire,ordinaire,4
PIONANR5L15B1509,15,2018-12-18,1281,parlementaire,constitutionnelle,1
PIONANR5L15B1519,15,2018-12-19,1280,parlementaire,ordinaire,1
PIONANR5L15B1520,15,2018-12-19,1280,parlementaire,ordinaire,1
PIONANR5L15B1521,15,2018-12-19,1280,parlementaire,ordinaire,1
PIONANR5L15B1522,15,2018-12-19,1280,parlementaire,ordinaire,1
PIONANR5L15B1523,15,2018-12-19,1280,parlementaire,ordinaire,1
PIONANR5L15B1524,15,2018-12-19,1280,parlementaire,ordinaire,1
PIONANR5L15B1525,15,2018-12-19,1280,parlementaire,ordinaire,1
PIONANR5L15B1526,15,2018-12-19,1280,parlementaire,ordinaire,2
PIONANR5L15B1527,15,2018-12-19,1280,parlementaire,ordinaire,1
PIONANR5L15B1528,15,2018-12-19,1280,parlementaire,ordinaire,1
PIONANR5L15B1529,15,2018-12-19,1280,parlementaire,ordinaire,1
PIONANR5L15B1530,15,2018-12-19,1280,parlementaire,ordinaire,1
PIONANR5L15B1531,15,2018-12-19,1280,parlementaire,ordinaire,1
PIONANR5L15B1532,15,2018-12-19,1280,parlementaire,ordinaire,1
PIONANR5L15B1533,15,2018-12-19,1280,parlementaire,ordinaire,1
PIONANR5L15B1534,15,2018-12-19,1280,parlementaire,ordinaire,1
PIONANR5L15B1535,15,2018-12-19,1280,parlementaire,ordinaire,1
PIONANR5L15B1536,15,2018-12-19,1280,parlementaire,ordinaire,1
PIONANR5L15B1537,15,2018-12-19,1280,parlementaire,ordinaire,1
PIONANR5L15B1538,15,2018-12-19,1280,parlementaire,ordinaire,1
PIONANR5L15B1539,15,2018-12-19,1280,parlementaire,ordinaire,1
PIONANR5L15B1540,15,2018-12-19,1280,parlementaire,ordinaire,2
PIONANR5L15B1541,15,2018-12-19,1280,parlementaire,ordinaire,2
PIONANR5L15B1542,15,2018-12-19,1280,parlementaire,ordinaire,2
PIONANR5L15B1543,15,2018-12-19,1280,parlementaire,ordinaire,1
PIONANR5L15B1544,15,2018-12-19,1280,parlementaire,ordinaire,1
PRJLANR5L15B1516,15,2018-12-19,1280,gouvernement,ordinaire,4
PIONANR5L15B1552,15,2018-12-20,1279,parlementaire,constitutionnelle,1
PIONANR5L15B1558,15,2019-01-08,1260,parlementaire,constitutionnelle,2
PIONANR5L15B1560,15,2019-01-09,1259,parlementaire,ordinaire,2
PIONANR5L15B1561,15,2019-01-09,1259,parlementaire,ordinaire,2
PIONANR5L15B1562,15,2019-01-09,1259,parlementaire,ordinaire,1
PIONANR5L15B1563,15,2019-01-09,1259,parlementaire,ordinaire,1
PIONANR5L15B1564,15,2019-01-09,1259,parlementaire,ordinaire,2
PRJLANR5L15B1566,15,2019-01-09,1259,gouvernement,traite,4
PRJLANR5L15B1567,15,2019-01-09,1259,gouvernement,traite,4
PIONANR5L15B1571,15,2019-01-15,1253,parlementaire,constitutionnelle,1
PIONANR5L15B1576,15,2019-01-16,1252,parlementaire,organique,1
PIONANR5L15B1577,15,2019-01-16,1252,parlementaire,ordinaire,1
PIONANR5L15B1578,15,2019-01-16,1252,parlementaire,ordinaire,1
PIONANR5L15B1579,15,2019-01-16,1252,parlementaire,ordinaire,1
PIONANR5L15B1580,15,2019-01-16,1252,parlementaire,ordinaire,1
PIONANR5L15B1581,15,2019-01-16,1252,parlementaire,ordinaire,1
PIONANR5L15B1582,15,2019-01-16,1252,parlementaire,ordinaire,1
PIONANR5L15B1583,15,2019-01-16,1252,parlementaire,ordinaire,1
PIONANR5L15B1584,15,2019-01-16,1252,parlementaire,ordinaire,1
PIONANR5L15B1585,15,2019-01-16,1252,parlementaire,ordinaire,1
PIONANR5L15B1586,15,2019-01-16,1252,parlementaire,ordinaire,1
PIONANR5L15B1587,15,2019-01-16,1252,parlementaire,ordinaire,1
PIONANR5L15B1588,15,2019-01-16,1252,parlementaire,ordinaire,1
PIONANR5L15B1589,15,2019-01-16,1252,parlementaire,ordinaire,1
PIONANR5L15B1590,15,2019-01-16,1252,parlementaire,ordinaire,1
PIONANR5L15B1601,15,2019-01-23,1245,parlementaire,ordinaire,1
PIONANR5L15B1602,15,2019-01-23,1245,parlementaire,ordinaire,1
PIONANR5L15B1603,15,2019-01-23,1245,parlementaire,ordinaire,1
PIONANR5L15B1604,15,2019-01-23,1245,parlementaire,ordinaire,1
PIONANR5L15B1605,15,2019-01-23,1245,parlementaire,ordinaire,1
PIONANR5L15B1606,15,2019-01-23,1245,parlementaire,ordinaire,1
PIONANR5L15B1607,15,2019-01-23,1245,parlementaire,ordinaire,1
PIONANR5L15B1608,15,2019-01-23,1245,parlementaire,ordinaire,1
PIONANR5L15B1609,15,2019-01-23,1245,parlementaire,ordinaire,2
PIONANR5L15B1610,15,2019-01-23,1245,parlementaire,ordinaire,2
PIONANR5L15B1611,15,2019-01-23,1245,parlementaire,ordinaire,2
PIONANR5L15B1618,15,2019-01-25,1243,parlementaire,constitutionnelle,1
PRJLANR5L15B1627,15,2019-01-30,1238,gouvernement,ordinaire,1
PIONANR5L15B1635,15,2019-02-06,1231,parlementaire,ordinaire,1
PIONANR5L15B1636,15,2019-02-06,1231,parlementaire,ordinaire,1
PIONANR5L15B1637,15,2019-02-06,1231,parlementaire,ordinaire,1
PIONANR5L15B1638,15,2019-02-06,1231,parlementaire,ordinaire,1
PIONANR5L15B1639,15,2019-02-06,1231,parlementaire,ordinaire,1
PIONANR5L15B1640,15,2019-02-06,1231,parlementaire,ordinaire,1
PIONANR5L15B1641,15,2019-02-06,1231,parlementaire,ordinaire,1
PIONANR5L15B1642,15,2019-02-06,1231,parlementaire,ordinaire,1
PIONANR5L15B1643,15,2019-02-06,1231,parlementaire,ordinaire,1
PIONANR5L15B1644,15,2019-02-06,1231,parlementaire,ordinaire,1
PIONANR5L15B1645,15,2019-02-06,1231,parlementaire,ordinaire,1
PIONANR5L15B1646,15,2019-02-06,1231,parlementaire,ordinaire,1
PIONANR5L15B1647,15,2019-02-06,1231,parlementaire,ordinaire,1
PIONANR5L15B1648,15,2019-02-06,1231,parlementaire,ordinaire,1
PIONANR5L15B1649,15,2019-02-06,1231,parlementaire,ordinaire,2
PIONANR5L15B1650,15,2019-02-06,1231,parlementaire,ordinaire,1
PIONANR5L15B1651,15,2019-02-06,1231,parlementaire,ordinaire,1
PIONANR5L15B1652,15,2019-02-06,1231,parlementaire,ordinaire,1
PIONANR5L15B1653,15,2019-02-06,1231,parlementaire,ordinaire,1
PIONANR5L15B1654,15,2019-02-06,1231,parlementaire,ordinaire,1
PIONANR5L15B1655,15,2019-02-06,1231,parlementaire,ordinaire,1
PIONANR5L15B1656,15,2019-02-06,1231,parlementaire,ordinaire,1
PIONANR5L15B1657,15,2019-02-06,1231,parlementaire,ordinaire,1
PIONANR5L15B1658,15,2019-02-06,1231,parlementaire,ordinaire,1
PIONANR5L15B1659,15,2019-02-06,1231,parlementaire,ordinaire,1
PIONANR5L15B1660,15,2019-02-06,1231,parlementaire,ordinaire,4
PIONANR5L15B1661,15,2019-02-06,1231,parlementaire,ordinaire,1
PIONANR5L15B1671,15,2019-02-12,1225,parlementaire,constitutionnelle,1
PRJLANR5L15B1681,15,2019-02-13,1224,gouvernement,ordinaire,4
PIONANR5L15B1688,15,2019-02-14,1223,parlementaire,organique,1
PIONANR5L15B1706,15,2019-02-20,1217,parlementaire,ordinaire,1
PIONANR5L15B1707,15,2019-02-20,1217,parlementaire,ordinaire,1
PIONANR5L15B1708,15,2019-02-20,1217,parlementaire,ordinaire,1
PIONANR5L15B1709,15,2019-02-20,1217,parlementaire,ordinaire,1
PIONANR5L15B1710,15,2019-02-20,1217,parlementaire,ordinaire,1
PIONANR5L15B1711,15,2019-02-20,1217,parlementaire,ordinaire,1
PIONANR5L15B1712,15,2019-02-20,1217,parlementaire,ordinaire,1
PIONANR5L15B1713,15,2019-02-20,1217,parlementaire,ordinaire,1
PIONANR5L15B1714,15,2019-02-20,1217,parlementaire,ordinaire,1
PIONANR5L15B1715,15,2019-02-20,1217,parlementaire,ordinaire,1
PIONANR5L15B1716,15,2019-02-20,1217,parlementaire,ordinaire,1
PIONANR5L15B1717,15,2019-02-20,1217,parlementaire,ordinaire,1
PIONANR5L15B1718,15,2019-02-20,1217,parlementaire,ordinaire,1
PIONANR5L15B1719,15,2019-02-20,1217,parlementaire,ordinaire,1
PIONANR5L15B1720,15,2019-02-20,1217,parlementaire,ordinaire,1
PIONANR5L15B1721,15,2019-02-20,1217,parlementaire,ordinaire,2
PIONANR5L15B1722,15,2019-02-20,1217,parlementaire,ordinaire,4
PIONANR5L15B1723,15,2019-02-20,1217,parlementaire,ordinaire,1
PRJLANR5L15B1704,15,2019-02-20,1217,gouvernement,ordinaire,1
PRJLANR5L15B1730,15,2019-02-27,1210,gouvernement,ordinaire,1
PRJLANR5L15B1731,15,2019-02-27,1210,gouvernement,ordinaire,1
PIONANR5L15B1728,15,2019-02-28,1209,parlementaire,constitutionnelle,1
PIONANR5L15B1733,15,2019-03-05,1204,parlementaire,constitutionnelle,1
PIONANR5L15B1740,15,2019-03-06,1203,parlementaire,ordinaire,1
PIONANR5L15B1741,15,2019-03-06,1203,parlementaire,ordinaire,1
PIONANR5L15B1742,15,2019-03-06,1203,parlementaire,ordinaire,1
PIONANR5L15B1743,15,2019-03-06,1203,parlementaire,ordinaire,1
PIONANR5L15B1744,15,2019-03-06,1203,parlementaire,ordinaire,1
PIONANR5L15B1745,15,2019-03-06,1203,parlementaire,ordinaire,1
PIONANR5L15B1746,15,2019-03-06,1203,parlementaire,ordinaire,1
PIONANR5L15B1747,15,2019-03-06,1203,parlementaire,ordinaire,1
PIONANR5L15B1748,15,2019-03-06,1203,parlementaire,ordinaire,1
PIONANR5L15B1749,15,2019-03-06,1203,parlementaire,ordinaire,1
PIONANR5L15B1750,15,2019-03-06,1203,parlementaire,ordinaire,1
PIONANR5L15B1751,15,2019-03-06,1203,parlementaire,ordinaire,1
PIONANR5L15B1752,15,2019-03-06,1203,parlementaire,ordinaire,1
PIONANR5L15B1753,15,2019-03-06,1203,parlementaire,ordinaire,1
PIONANR5L15B1754,15,2019-03-06,1203,parlementaire,ordinaire,1
PIONANR5L15B1755,15,2019-03-06,1203,parlementaire,ordinaire,1
PIONANR5L15B1756,15,2019-03-06,1203,parlementaire,ordinaire,1
PRJLANR5L15B1735,15,2019-03-06,1203,gouvernement,traite,4
PRJLANR5L15B1737,15,2019-03-06,1203,gouvernement,ordinaire,4
PRJLANR5L15B1738,15,2019-03-06,1203,gouvernement,ordinaire,1
PIONANR5L15B1773,15,2019-03-20,1189,parlementaire,ordinaire,1
PIONANR5L15B1774,15,2019-03-20,1189,parlementaire,ordinaire,1
PIONANR5L15B1775,15,2019-03-20,1189,parlementaire,ordinaire,1
PIONANR5L15B1776,15,2019-03-20,1189,parlementaire,ordinaire,1
PIONANR5L15B1777,15,2019-03-20,1189,parlementaire,ordinaire,1
PIONANR5L15B1778,15,2019-03-20,1189,parlementaire,ordinaire,1
PIONANR5L15B1779,15,2019-03-20,1189,parlementaire,ordinaire,1
PIONANR5L15B1780,15,2019-03-20,1189,parlementaire,ordinaire,1
PIONANR5L15B1781,15,2019-03-20,1189,parlementaire,ordinaire,1
PIONANR5L15B1782,15,2019-03-20,1189,parlementaire,ordinaire,1
PIONANR5L15B1783,15,2019-03-20,1189,parlementaire,ordinaire,1
PIONANR5L15B1784,15,2019-03-20,1189,parlementaire,ordinaire,1
PIONANR5L15B1785,15,2019-03-20,1189,parlementaire,ordinaire,4
PIONANR5L15B1786,15,2019-03-20,1189,parlementaire,ordinaire,4
PIONANR5L15B1797,15,2019-03-22,1187,parlementaire,organique,1
PIONANR5L15B1803,15,2019-03-27,1182,parlementaire,ordinaire,2
PIONANR5L15B1804,15,2019-03-27,1182,parlementaire,ordinaire,1
PIONANR5L15B1805,15,2019-03-27,1182,parlementaire,ordinaire,1
PIONANR5L15B1806,15,2019-03-27,1182,parlementaire,ordinaire,1
PIONANR5L15B1807,15,2019-03-27,1182,parlementaire,ordinaire,1
PIONANR5L15B1808,15,2019-03-27,1182,parlementaire,ordinaire,1
PIONANR5L15B1809,15,2019-03-27,1182,parlementaire,ordinaire,2
PIONANR5L15B1810,15,2019-03-27,1182,parlementaire,ordinaire,1
PIONANR5L15B1811,15,2019-03-27,1182,parlementaire,ordinaire,1
PIONANR5L15B1812,15,2019-03-27,1182,parlementaire,ordinaire,1
PIONANR5L15B1813,15,2019-03-27,1182,parlementaire,ordinaire,4
PRJLANR5L15B1802,15,2019-03-27,1182,gouvernement,ordinaire,4
PIONANR5L15B1824,15,2019-03-28,1181,parlementaire,constitutionnelle,1
PIONANR5L15B1828,15,2019-04-01,1177,parlementaire,organique,1
PRJLANR5L15B1829,15,2019-04-01,1177,gouvernement,ordinaire,1
PIONANR5L15B1849,15,2019-04-10,1168,parlementaire,ordinaire,1
PIONANR5L15B1850,15,2019-04-10,1168,parlementaire,ordinaire,1
PIONANR5L15B1851,15,2019-04-10,1168,parlementaire,ordinaire,1
PIONANR5L15B1852,15,2019-04-10,1168,parlementaire,ordinaire,1
PIONANR5L15B1853,15,2019-04-10,1168,parlementaire,ordinaire,1
PIONANR5L15B1854,15,2019-04-10,1168,parlementaire,ordinaire,1
PIONANR5L15B1855,15,2019-04-10,1168,parlementaire,ordinaire,1
PIONANR5L15B1856,15,2019-04-10,1168,parlementaire,ordinaire,1
PIONANR5L15B1857,15,2019-04-10,1168,parlementaire,ordinaire,1
PIONANR5L15B1858,15,2019-04-10,1168,parlementaire,ordinaire,1
PIONANR5L15B1859,15,2019-04-10,1168,parlementaire,ordinaire,1
PIONANR5L15B1860,15,2019-04-10,1168,parlementaire,ordinaire,1
PIONANR5L15B1861,15,2019-04-10,1168,parlementaire,ordinaire,1
PIONANR5L15B1862,15,2019-04-10,1168,parlementaire,ordinaire,1
PIONANR5L15B1863,15,2019-04-10,1168,parlementaire,ordinaire,1
PIONANR5L15B1864,15,2019-04-10,1168,parlementaire,ordinaire,1
PIONANR5L15B1865,15,2019-04-10,1168,parlementaire,ordinaire,1
PIONANR5L15B1866,15,2019-04-10,1168,parlementaire,ordinaire,1
PIONANR5L15B1867,15,2019-04-10,1168,parlementaire,ordinaire,1
PRJLANR5L15B1880,15,2019-04-24,1154,gouvernement,ordinaire,4
PRJLANR5L15B1881,15,2019-04-24,1154,gouvernement,ordinaire,4
PIONANR5L15B1886,15,2019-04-30,1148,parlementaire,ordinaire,1
PIONANR5L15B1887,15,2019-04-30,1148,parlementaire,ordinaire,1
PIONANR5L15B1888,15,2019-04-30,1148,parlementaire,ordinaire,1
PIONANR5L15B1889,15,2019-04-30,1148,parlementaire,ordinaire,1
PIONANR5L15B1890,15,2019-04-30,1148,parlementaire,ordinaire,1
PIONANR5L15B1891,15,2019-04-30,1148,parlementaire,ordinaire,1
PIONANR5L15B1892,15,2019-04-30,1148,parlementaire,ordinaire,1
PIONANR5L15B1893,15,2019-04-30,1148,parlementaire,ordinaire,1
PIONANR5L15B1894,15,2019-04-30,1148,parlementaire,ordinaire,1
PIONANR5L15B1895,15,2019-04-30,1148,parlementaire,ordinaire,1
PIONANR5L15B1896,15,2019-04-30,1148,parlementaire,ordinaire,1
PIONANR5L15B1897,15,2019-04-30,1148,parlementaire,ordinaire,1
PIONANR5L15B1898,15,2019-04-30,1148,parlementaire,ordinaire,1
PIONANR5L15B1899,15,2019-04-30,1148,parlementaire,ordinaire,1
PIONANR5L15B1900,15,2019-04-30,1148,parlementaire,ordinaire,1
PIONANR5L15B1901,15,2019-04-30,1148,parlementaire,ordinaire,1
PIONANR5L15B1902,15,2019-04-30,1148,parlementaire,ordinaire,1
PIONANR5L15B1903,15,2019-04-30,1148,parlementaire,ordinaire,1
PIONANR5L15B1904,15,2019-04-30,1148,parlementaire,ordinaire,1
PIONANR5L15B1905,15,2019-04-30,1148,parlementaire,ordinaire,1
PIONANR5L15B1906,15,2019-04-30,1148,parlementaire,ordinaire,1
PIONANR5L15B1907,15,2019-04-30,1148,parlementaire,ordinaire,2
PRJLANR5L15B1908,15,2019-04-30,1148,gouvernement,ordinaire,4
PIONANR5L15B1928,15,2019-05-07,1141,parlementaire,ordinaire,1
PIONANR5L15B1929,15,2019-05-07,1141,parlementaire,ordinaire,1
PIONANR5L15B1930,15,2019-05-07,1141,parlementaire,ordinaire,1
PIONANR5L15B1931,15,2019-05-07,1141,parlementaire,ordinaire,1
PIONANR5L15B1932,15,2019-05-07,1141,parlementaire,ordinaire,1
PIONANR5L15B1933,15,2019-05-07,1141,parlementaire,ordinaire,2
PRJLANR5L15B1927,15,2019-05-07,1141,gouvernement,ordinaire,1
PRJLANR5L15B1947,15,2019-05-15,1133,gouvernement,finances_fss,4
PIONANR5L15B1957,15,2019-05-22,1126,parlementaire,ordinaire,1
PIONANR5L15B1958,15,2019-05-22,1126,parlementaire,ordinaire,1
PIONANR5L15B1959,15,2019-05-22,1126,parlementaire,ordinaire,4
PIONANR5L15B1960,15,2019-05-22,1126,parlementaire,ordinaire,1
PIONANR5L15B1961,15,2019-05-22,1126,parlementaire,ordinaire,1
PIONANR5L15B1962,15,2019-05-22,1126,parlementaire,ordinaire,1
PIONANR5L15B1963,15,2019-05-22,1126,parlementaire,ordinaire,1
PIONANR5L15B1964,15,2019-05-22,1126,parlementaire,ordinaire,1
PIONANR5L15B1965,15,2019-05-22,1126,parlementaire,ordinaire,1
PIONANR5L15B1966,15,2019-05-22,1126,parlementaire,ordinaire,1
PIONANR5L15B1967,15,2019-05-22,1126,parlementaire,ordinaire,1
PIONANR5L15B1968,15,2019-05-22,1126,parlementaire,ordinaire,1
PIONANR5L15B1969,15,2019-05-22,1126,parlementaire,ordinaire,1
PIONANR5L15B1970,15,2019-05-22,1126,parlementaire,ordinaire,1
PRJLANR5L15B1982,15,2019-05-29,1119,gouvernement,ordinaire,1
PRJLANR5L15B1985,15,2019-06-03,1114,gouvernement,traite,1
PIONANR5L15B1992,15,2019-06-05,1112,parlementaire,ordinaire,1
PIONANR5L15B1993,15,2019-06-05,1112,parlementaire,ordinaire,1
PIONANR5L15B1994,15,2019-06-05,1112,parlementaire,ordinaire,1
PIONANR5L15B1995,15,2019-06-05,1112,parlementaire,ordinaire,1
PIONANR5L15B1996,15,2019-06-05,1112,parlementaire,ordinaire,1
PIONANR5L15B1997,15,2019-06-05,1112,parlementaire,ordinaire,1
PIONANR5L15B1998,15,2019-06-05,1112,parlementaire,ordinaire,1
PIONANR5L15B1999,15,2019-06-05,1112,parlementaire,ordinaire,1
PIONANR5L15B2000,15,2019-06-05,1112,parlementaire,ordinaire,1
PIONANR5L15B2001,15,2019-06-05,1112,parlementaire,ordinaire,1
PIONANR5L15B2002,15,2019-06-05,1112,parlementaire,ordinaire,1
PIONANR5L15B2003,15,2019-06-05,1112,parlementaire,ordinaire,1
PIONANR5L15B2005,15,2019-06-05,1112,parlementaire,ordinaire,1
PIONANR5L15B2033,15,2019-06-12,1105,parlementaire,constitutionnelle,1
PIONANR5L15B2044,15,2019-06-19,1098,parlementaire,ordinaire,1
PIONANR5L15B2045,15,2019-06-19,1098,parlementaire,ordinaire,1
PIONANR5L15B2046,15,2019-06-19,1098,parlementaire,ordinaire,1
PIONANR5L15B2047,15,2019-06-19,1098,parlementaire,ordinaire,1
PIONANR5L15B2048,15,2019-06-19,1098,parlementaire,ordinaire,1
PIONANR5L15B2049,15,2019-06-19,1098,parlementaire,ordinaire,1
PIONANR5L15B2050,15,2019-06-19,1098,parlementaire,ordinaire,1
PIONANR5L15B2051,15,2019-06-19,1098,parlementaire,ordinaire,1
PIONANR5L15B2052,15,2019-06-19,1098,parlementaire,ordinaire,1
PIONANR5L15B2053,15,2019-06-19,1098,parlementaire,ordinaire,1
PIONANR5L15B2054,15,2019-06-19,1098,parlementaire,ordinaire,1
PIONANR5L15B2055,15,2019-06-19,1098,parlementaire,ordinaire,1
PIONANR5L15B2056,15,2019-06-19,1098,parlementaire,ordinaire,1
PIONANR5L15B2057,15,2019-06-19,1098,parlementaire,ordinaire,1
PIONANR5L15B2058,15,2019-06-19,1098,parlementaire,ordinaire,1
PIONANR5L15B2059,15,2019-06-19,1098,parlementaire,ordinaire,1
PIONANR5L15B2060,15,2019-06-19,1098,parlementaire,ordinaire,1
PRJLANR5L15B2043,15,2019-06-19,1098,gouvernement,traite,4
PRJLANR5L15B2070,15,2019-06-25,1092,gouvernement,ordinaire,1
PIONANR5L15B2085,15,2019-07-01,1086,parlementaire,ordinaire,4
PIONANR5L15B2086,15,2019-07-01,1086,parlementaire,constitutionnelle,1
PIONANR5L15B2087,15,2019-07-02,1085,parlementaire,ordinaire,1
PIONANR5L15B2088,15,2019-07-02,1085,parlementaire,ordinaire,1
PIONANR5L15B2089,15,2019-07-02,1085,parlementaire,ordinaire,1
PIONANR5L15B2090,15,2019-07-02,1085,parlementaire,ordinaire,1
PIONANR5L15B2091,15,2019-07-02,1085,parlementaire,ordinaire,1
PIONANR5L15B2092,15,2019-07-02,1085,parlementaire,ordinaire,1
PIONANR5L15B2093,15,2019-07-02,1085,parlementaire,ordinaire,1
PIONANR5L15B2094,15,2019-07-02,1085,parlementaire,ordinaire,1
PIONANR5L15B2095,15,2019-07-02,1085,parlementaire,ordinaire,1
PIONANR5L15B2096,15,2019-07-02,1085,parlementaire,ordinaire,1
PIONANR5L15B2097,15,2019-07-02,1085,parlementaire,ordinaire,1
PIONANR5L15B2098,15,2019-07-02,1085,parlementaire,ordinaire,1
PIONANR5L15B2099,15,2019-07-02,1085,parlementaire,ordinaire,1
PRJLANR5L15B2107,15,2019-07-03,1084,gouvernement,traite,2
PRJLANR5L15B2108,15,2019-07-03,1084,gouvernement,ordinaire,1
PRJLANR5L15B2109,15,2019-07-03,1084,gouvernement,ordinaire,1
PIONANR5L15B2122,15,2019-07-09,1078,parlementaire,constitutionnelle,1
PRJLANR5L15B2129,15,2019-07-10,1077,gouvernement,ordinaire,1
PRJLANR5L15B2130,15,2019-07-10,1077,gouvernement,ordinaire,1
PIONANR5L15B2144,15,2019-07-16,1071,parlementaire,ordinaire,1
PIONANR5L15B2145,15,2019-07-16,1071,parlementaire,ordinaire,1
PIONANR5L15B2146,15,2019-07-16,1071,parlementaire,ordinaire,1
PIONANR5L15B2147,15,2019-07-16,1071,parlementaire,ordinaire,2
PIONANR5L15B2148,15,2019-07-16,1071,parlementaire,ordinaire,1
PIONANR5L15B2149,15,2019-07-16,1071,parlementaire,ordinaire,1
PIONANR5L15B2150,15,2019-07-16,1071,parlementaire,ordinaire,1
PIONANR5L15B2151,15,2019-07-16,1071,parlementaire,ordinaire,1
PIONANR5L15B2152,15,2019-07-16,1071,parlementaire,ordinaire,4
PIONANR5L15B2153,15,2019-07-16,1071,parlementaire,ordinaire,1
PIONANR5L15B2154,15,2019-07-16,1071,parlementaire,ordinaire,1
PIONANR5L15B2155,15,2019-07-16,1071,parlementaire,ordinaire,1
PIONANR5L15B2156,15,2019-07-16,1071,parlementaire,ordinaire,1
PIONANR5L15B2157,15,2019-07-16,1071,parlementaire,ordinaire,1
PIONANR5L15B2158,15,2019-07-16,1071,parlementaire,ordinaire,1
PIONANR5L15B2159,15,2019-07-16,1071,parlementaire,ordinaire,1
PIONANR5L15B2160,15,2019-07-16,1071,parlementaire,ordinaire,1
PIONANR5L15B2161,15,2019-07-16,1071,parlementaire,ordinaire,1
PIONANR5L15B2162,15,2019-07-16,1071,parlementaire,ordinaire,1
PIONANR5L15B2163,15,2019-07-16,1071,parlementaire,ordinaire,1
PIONANR5L15B2164,15,2019-07-16,1071,parlementaire,ordinaire,1
PIONANR5L15B2174,15,2019-07-17,1070,parlementaire,ordinaire,1
PRJLANR5L15B2172,15,2019-07-17,1070,gouvernement,ordinaire,1
PRJLANR5L15B2173,15,2019-07-17,1070,gouvernement,ordinaire,1
PIONANR5L15B2179,15,2019-07-19,1068,parlementaire,constitutionnelle,1
PRJLANR5L15B2187,15,2019-07-24,1063,gouvernement,ordinaire,4
PIONANR5L15B2196,15,2019-07-31,1056,parlementaire,constitutionnelle,1
PIONANR5L15B2197,15,2019-08-01,1055,parlementaire,constitutionnelle,1
PRJLANR5L15B2199,15,2019-08-21,1035,gouvernement,ordinaire,1
PIONANR5L15B2200,15,2019-08-28,1028,parlementaire,ordinaire,2
PIONANR5L15B2201,15,2019-08-28,1028,parlementaire,ordinaire,4
PRJLANR5L15B2202,15,2019-08-28,1028,gouvernement,ordinaire,1
PRJLANR5L15B2203,15,2019-08-29,1027,gouvernement,constitutionnelle,1
PRJLANR5L15B2204,15,2019-08-29,1027,gouvernement,organique,1
PRJLANR5L15B2205,15,2019-08-29,1027,gouvernement,ordinaire,1
PIONANR5L15B2207,15,2019-09-09,1016,parlementaire,constitutionnelle,1
PIONANR5L15B2211,15,2019-09-11,1014,parlementaire,ordinaire,4
PIONANR5L15B2212,15,2019-09-11,1014,parlementaire,ordinaire,1
PIONANR5L15B2213,15,2019-09-11,1014,parlementaire,ordinaire,1
PIONANR5L15B2214,15,2019-09-11,1014,parlementaire,ordinaire,1
PIONANR5L15B2215,15,2019-09-11,1014,parlementaire,ordinaire,1
PIONANR5L15B2216,15,2019-09-11,1014,parlementaire,ordinaire,1
PIONANR5L15B2217,15,2019-09-11,1014,parlementaire,ordinaire,1
PIONANR5L15B2218,15,2019-09-11,1014,parlementaire,ordinaire,1
PIONANR5L15B2219,15,2019-09-11,1014,parlementaire,ordinaire,1
PIONANR5L15B2220,15,2019-09-11,1014,parlementaire,ordinaire,1
PIONANR5L15B2221,15,2019-09-11,1014,parlementaire,ordinaire,1
PIONANR5L15B2222,15,2019-09-11,1014,parlementaire,ordinaire,1
PIONANR5L15B2223,15,2019-09-11,1014,parlementaire,ordinaire,1
PIONANR5L15B2224,15,2019-09-11,1014,parlementaire,ordinaire,1
PIONANR5L15B2225,15,2019-09-11,1014,parlementaire,ordinaire,1
PIONANR5L15B2226,15,2019-09-11,1014,parlementaire,ordinaire,2
PIONANR5L15B2227,15,2019-09-11,1014,parlementaire,ordinaire,1
PIONANR5L15B2228,15,2019-09-11,1014,parlementaire,ordinaire,1
PIONANR5L15B2229,15,2019-09-11,1014,parlementaire,ordinaire,1
PIONANR5L15B2230,15,2019-09-11,1014,parlementaire,ordinaire,1
PIONANR5L15B2231,15,2019-09-11,1014,parlementaire,ordinaire,1
PIONANR5L15B2232,15,2019-09-11,1014,parlementaire,ordinaire,1
PIONANR5L15B2233,15,2019-09-11,1014,parlementaire,ordinaire,1
PIONANR5L15B2234,15,2019-09-11,1014,parlementaire,ordinaire,1
PIONANR5L15B2235,15,2019-09-11,1014,parlementaire,ordinaire,1
PIONANR5L15B2236,15,2019-09-11,1014,parlementaire,ordinaire,1
PIONANR5L15B2237,15,2019-09-11,1014,parlementaire,ordinaire,1
PIONANR5L15B2238,15,2019-09-11,1014,parlementaire,ordinaire,1
PIONANR5L15B2239,15,2019-09-11,1014,parlementaire,ordinaire,1
PIONANR5L15B2240,15,2019-09-11,1014,parlementaire,ordinaire,1
PIONANR5L15B2241,15,2019-09-11,1014,parlementaire,ordinaire,1
PRJLANR5L15B2242,15,2019-09-11,1014,gouvernement,ordinaire,1
PIONANR5L15B2254,15,2019-09-25,1000,parlementaire,ordinaire,1
PIONANR5L15B2255,15,2019-09-25,1000,parlementaire,ordinaire,1
PIONANR5L15B2256,15,2019-09-25,1000,parlementaire,ordinaire,1
PIONANR5L15B2257,15,2019-09-25,1000,parlementaire,ordinaire,1
PIONANR5L15B2258,15,2019-09-25,1000,parlementaire,ordinaire,1
PIONANR5L15B2259,15,2019-09-25,1000,parlementaire,ordinaire,1
PIONANR5L15B2260,15,2019-09-25,1000,parlementaire,ordinaire,1
PIONANR5L15B2261,15,2019-09-25,1000,parlementaire,ordinaire,1
PIONANR5L15B2262,15,2019-09-25,1000,parlementaire,ordinaire,1
PIONANR5L15B2263,15,2019-09-25,1000,parlementaire,ordinaire,1
PIONANR5L15B2264,15,2019-09-25,1000,parlementaire,ordinaire,1
PIONANR5L15B2265,15,2019-09-25,1000,parlementaire,ordinaire,1
PIONANR5L15B2266,15,2019-09-25,1000,parlementaire,ordinaire,1
PRJLANR5L15B2272,15,2019-09-27,998,gouvernement,finances_fss,4
PRJLANR5L15B2273,15,2019-09-27,998,gouvernement,ordinaire,1
PRJLANR5L15B2284,15,2019-10-02,993,gouvernement,ordinaire,1
PRJLANR5L15B2294,15,2019-10-09,986,gouvernement,ordinaire,1
PRJLANR5L15B2295,15,2019-10-09,986,gouvernement,ordinaire,1
PRJLANR5L15B2296,15,2019-10-09,986,gouvernement,finances_fss,4
PIONANR5L15B2299,15,2019-10-10,985,parlementaire,organique,1
PIONANR5L15B2300,15,2019-10-10,985,parlementaire,organique,1
PIONANR5L15B2315,15,2019-10-16,979,parlementaire,ordinaire,1
PIONANR5L15B2316,15,2019-10-16,979,parlementaire,ordinaire,1
PIONANR5L15B2317,15,2019-10-16,979,parlementaire,ordinaire,1
PIONANR5L15B2318,15,2019-10-16,979,parlementaire,ordinaire,1
PIONANR5L15B2319,15,2019-10-16,979,parlementaire,ordinaire,1
PIONANR5L15B2320,15,2019-10-16,979,parlementaire,ordinaire,1
PIONANR5L15B2321,15,2019-10-16,979,parlementaire,ordinaire,1
PIONANR5L15B2322,15,2019-10-16,979,parlementaire,ordinaire,1
PIONANR5L15B2323,15,2019-10-16,979,parlementaire,ordinaire,1
PIONANR5L15B2324,15,2019-10-16,979,parlementaire,ordinaire,1
PIONANR5L15B2325,15,2019-10-16,979,parlementaire,ordinaire,1
PIONANR5L15B2326,15,2019-10-16,979,parlementaire,ordinaire,1
PIONANR5L15B2327,15,2019-10-16,979,parlementaire,ordinaire,1
PIONANR5L15B2328,15,2019-10-16,979,parlementaire,ordinaire,1
PIONANR5L15B2329,15,2019-10-16,979,parlementaire,ordinaire,1
PIONANR5L15B2330,15,2019-10-16,979,parlementaire,ordinaire,1
PIONANR5L15B2331,15,2019-10-16,979,parlementaire,ordinaire,1
PIONANR5L15B2332,15,2019-10-16,979,parlementaire,ordinaire,1
PIONANR5L15B2333,15,2019-10-16,979,parlementaire,ordinaire,1
PIONANR5L15B2334,15,2019-10-16,979,parlementaire,ordinaire,1
PIONANR5L15B2335,15,2019-10-16,979,parlementaire,ordinaire,1
PIONANR5L15B2336,15,2019-10-16,979,parlementaire,ordinaire,2
PIONANR5L15B2337,15,2019-10-16,979,parlementaire,ordinaire,1
PIONANR5L15B2338,15,2019-10-16,979,parlementaire,ordinaire,1
PIONANR5L15B2339,15,2019-10-16,979,parlementaire,ordinaire,1
PIONANR5L15B2346,15,2019-10-22,973,parlementaire,ordinaire,1
PIONANR5L15B2347,15,2019-10-22,973,parlementaire,ordinaire,1
PIONANR5L15B2348,15,2019-10-22,973,parlementaire,ordinaire,1
PIONANR5L15B2349,15,2019-10-22,973,parlementaire,ordinaire,1
PIONANR5L15B2350,15,2019-10-22,973,parlementaire,ordinaire,1
PIONANR5L15B2351,15,2019-10-22,973,parlementaire,ordinaire,2
PIONANR5L15B2352,15,2019-10-22,973,parlementaire,ordinaire,2
PIONANR5L15B2353,15,2019-10-22,973,parlementaire,ordinaire,2
PIONANR5L15B2354,15,2019-10-22,973,parlementaire,ordinaire,2
PIONANR5L15B2355,15,2019-10-22,973,parlementaire,ordinaire,2
PRJLANR5L15B2367,15,2019-10-30,965,gouvernement,ordinaire,4
PRJLANR5L15B2369,15,2019-10-30,965,gouvernement,ordinaire,1
PIONANR5L15B2376,15,2019-11-06,958,parlementaire,ordinaire,1
PIONANR5L15B2377,15,2019-11-06,958,parlementaire,ordinaire,1
PIONANR5L15B2378,15,2019-11-06,958,parlementaire,ordinaire,1
PIONANR5L15B2379,15,2019-11-06,958,parlementaire,ordinaire,1
PIONANR5L15B2380,15,2019-11-06,958,parlementaire,ordinaire,1
PIONANR5L15B2381,15,2019-11-06,958,parlementaire,ordinaire,1
PIONANR5L15B2382,15,2019-11-06,958,parlementaire,ordinaire,1
PIONANR5L15B2383,15,2019-11-06,958,parlementaire,ordinaire,1
PIONANR5L15B2384,15,2019-11-06,958,parlementaire,ordinaire,1
PIONANR5L15B2385,15,2019-11-06,958,parlementaire,ordinaire,1
PIONANR5L15B2386,15,2019-11-06,958,parlementaire,ordinaire,4
PIONANR5L15B2387,15,2019-11-06,958,parlementaire,ordinaire,1
PIONANR5L15B2388,15,2019-11-06,958,parlementaire,ordinaire,1
PIONANR5L15B2389,15,2019-11-06,958,parlementaire,ordinaire,1
PIONANR5L15B2390,15,2019-11-06,958,parlementaire,ordinaire,1
PIONANR5L15B2391,15,2019-11-06,958,parlementaire,ordinaire,1
PIONANR5L15B2392,15,2019-11-06,958,parlementaire,ordinaire,1
PIONANR5L15B2393,15,2019-11-06,958,parlementaire,ordinaire,1
PRJLANR5L15B2400,15,2019-11-07,957,gouvernement,finances_fss,4
PRJLANR5L15B2412,15,2019-11-13,951,gouvernement,ordinaire,1
PIONANR5L15B2418,15,2019-11-19,945,parlementaire,ordinaire,1
PIONANR5L15B2419,15,2019-11-19,945,parlementaire,ordinaire,1
PIONANR5L15B2420,15,2019-11-19,945,parlementaire,ordinaire,1
PIONANR5L15B2421,15,2019-11-19,945,parlementaire,ordinaire,1
PIONANR5L15B2422,15,2019-11-19,945,parlementaire,ordinaire,1
PIONANR5L15B2423,15,2019-11-19,945,parlementaire,ordinaire,1
PIONANR5L15B2424,15,2019-11-19,945,parlementaire,ordinaire,1
PRJLANR5L15B2433,15,2019-11-20,944,gouvernement,traite,4
PIONANR5L15B2439,15,2019-11-22,942,parlementaire,organique,1
PRJLANR5L15B2450,15,2019-11-27,937,gouvernement,traite,4
PIONANR5L15B2458,15,2019-12-03,931,parlementaire,ordinaire,1
PIONANR5L15B2459,15,2019-12-03,931,parlementaire,ordinaire,1
PIONANR5L15B2460,15,2019-12-03,931,parlementaire,ordinaire,1
PIONANR5L15B2461,15,2019-12-03,931,parlementaire,ordinaire,1
PIONANR5L15B2462,15,2019-12-03,931,parlementaire,ordinaire,1
PIONANR5L15B2463,15,2019-12-03,931,parlementaire,ordinaire,1
PIONANR5L15B2464,15,2019-12-03,931,parlementaire,ordinaire,1
PIONANR5L15B2465,15,2019-12-03,931,parlementaire,ordinaire,1
PIONANR5L15B2466,15,2019-12-03,931,parlementaire,ordinaire,1
PIONANR5L15B2467,15,2019-12-03,931,parlementaire,ordinaire,1
PIONANR5L15B2468,15,2019-12-03,931,parlementaire,ordinaire,1
PIONANR5L15B2469,15,2019-12-03,931,parlementaire,ordinaire,1
PIONANR5L15B2470,15,2019-12-03,931,parlementaire,ordinaire,1
PIONANR5L15B2471,15,2019-12-03,931,parlementaire,ordinaire,1
PIONANR5L15B2472,15,2019-12-03,931,parlementaire,ordinaire,1
PIONANR5L15B2473,15,2019-12-03,931,parlementaire,ordinaire,2
PIONANR5L15B2474,15,2019-12-03,931,parlementaire,ordinaire,1
PIONANR5L15B2476,15,2019-12-03,931,parlementaire,ordinaire,1
PIONANR5L15B2477,15,2019-12-03,931,parlementaire,ordinaire,1
PIONANR5L15B2478,15,2019-12-03,931,parlementaire,ordinaire,4
PIONANR5L15B2479,15,2019-12-03,931,parlementaire,ordinaire,1
PIONANR5L15B2480,15,2019-12-03,931,parlementaire,ordinaire,1
PIONANR5L15B2482,15,2019-12-04,930,parlementaire,ordinaire,1
PRJLANR5L15B2487,15,2019-12-05,929,gouvernement,traite,4
PRJLANR5L15B2488,15,2019-12-05,929,gouvernement,ordinaire,1
PRJLANR5L15B2489,15,2019-12-05,929,gouvernement,organique,5
PIONANR5L15B2492,15,2019-12-09,925,parlementaire,constitutionnelle,1
PIONANR5L15B2500,15,2019-12-11,923,parlementaire,organique,2
PRJLANR5L15B2494,15,2019-12-11,923,gouvernement,traite,4
PIONANR5L15B2505,15,2019-12-17,917,parlementaire,ordinaire,1
PIONANR5L15B2506,15,2019-12-17,917,parlementaire,ordinaire,1
PIONANR5L15B2507,15,2019-12-17,917,parlementaire,ordinaire,1
PIONANR5L15B2508,15,2019-12-17,917,parlementaire,ordinaire,1
PIONANR5L15B2509,15,2019-12-17,917,parlementaire,ordinaire,1
PIONANR5L15B2510,15,2019-12-17,917,parlementaire,ordinaire,1
PIONANR5L15B2511,15,2019-12-17,917,parlementaire,ordinaire,1
PIONANR5L15B2512,15,2019-12-17,917,parlementaire,ordinaire,1
PIONANR5L15B2513,15,2019-12-17,917,parlementaire,ordinaire,1
PIONANR5L15B2514,15,2019-12-17,917,parlementaire,ordinaire,1
PIONANR5L15B2515,15,2019-12-17,917,parlementaire,ordinaire,1
PIONANR5L15B2516,15,2019-12-17,917,parlementaire,ordinaire,2
PIONANR5L15B2517,15,2019-12-17,917,parlementaire,ordinaire,1
PIONANR5L15B2518,15,2019-12-17,917,parlementaire,ordinaire,1
PIONANR5L15B2519,15,2019-12-17,917,parlementaire,ordinaire,4
PIONANR5L15B2520,15,2019-12-17,917,parlementaire,ordinaire,1
PIONANR5L15B2521,15,2019-12-17,917,parlementaire,ordinaire,1
PIONANR5L15B2522,15,2019-12-17,917,parlementaire,ordinaire,1
PIONANR5L15B2523,15,2019-12-17,917,parlementaire,ordinaire,1
PIONANR5L15B2524,15,2019-12-17,917,parlementaire,ordinaire,1
PIONANR5L15B2525,15,2019-12-17,917,parlementaire,ordinaire,1
PIONANR5L15B2526,15,2019-12-17,917,parlementaire,ordinaire,1
PIONANR5L15B2527,15,2019-12-17,917,parlementaire,ordinaire,1
PIONANR5L15B2528,15,2019-12-17,917,parlementaire,ordinaire,1
PIONANR5L15B2529,15,2019-12-17,917,parlementaire,ordinaire,1
PIONANR5L15B2530,15,2019-12-17,917,parlementaire,ordinaire,1
PIONANR5L15B2531,15,2019-12-17,917,parlementaire,ordinaire,1
PIONANR5L15B2532,15,2019-12-17,917,parlementaire,ordinaire,1
PIONANR5L15B2533,15,2019-12-17,917,parlementaire,ordinaire,1
PIONANR5L15B2547,15,2019-12-30,904,parlementaire,ordinaire,4
PIONANR5L15B2548,15,2019-12-30,904,parlementaire,ordinaire,4
PIONANR5L15B2549,15,2019-12-30,904,parlementaire,ordinaire,2
PIONANR5L15B2550,15,2019-12-30,904,parlementaire,ordinaire,2
PRJLANR5L15B2551,15,2020-01-06,897,gouvernement,traite,4
PRJLANR5L15B2552,15,2020-01-06,897,gouvernement,ordinaire,1
PIONANR5L15B2562,15,2020-01-10,893,parlementaire,constitutionnelle,1
PIONANR5L15B2563,15,2020-01-14,889,parlementaire,ordinaire,1
PIONANR5L15B2564,15,2020-01-14,889,parlementaire,ordinaire,1
PIONANR5L15B2565,15,2020-01-14,889,parlementaire,ordinaire,1
PIONANR5L15B2566,15,2020-01-14,889,parlementaire,ordinaire,1
PIONANR5L15B2567,15,2020-01-14,889,parlementaire,ordinaire,1
PIONANR5L15B2568,15,2020-01-14,889,parlementaire,ordinaire,1
PIONANR5L15B2569,15,2020-01-14,889,parlementaire,ordinaire,1
PIONANR5L15B2570,15,2020-01-14,889,parlementaire,ordinaire,1
PIONANR5L15B2571,15,2020-01-14,889,parlementaire,ordinaire,1
PIONANR5L15B2572,15,2020-01-14,889,parlementaire,ordinaire,1
PIONANR5L15B2573,15,2020-01-14,889,parlementaire,ordinaire,1
PIONANR5L15B2574,15,2020-01-14,889,parlementaire,ordinaire,1
PIONANR5L15B2575,15,2020-01-14,889,parlementaire,ordinaire,1
PIONANR5L15B2576,15,2020-01-14,889,parlementaire,ordinaire,1
PIONANR5L15B2577,15,2020-01-14,889,parlementaire,ordinaire,1
PIONANR5L15B2578,15,2020-01-14,889,parlementaire,ordinaire,1
PIONANR5L15B2579,15,2020-01-14,889,parlementaire,ordinaire,1
PIONANR5L15B2580,15,2020-01-14,889,parlementaire,ordinaire,1
PIONANR5L15B2581,15,2020-01-14,889,parlementaire,ordinaire,4
PIONANR5L15B2585,15,2020-01-15,888,parlementaire,constitutionnelle,1
PRJLANR5L15B2586,15,2020-01-15,888,gouvernement,ordinaire,1
PIONANR5L15B2591,15,2020-01-16,887,parlementaire,organique,1
PIONANR5L15B2597,15,2020-01-21,882,parlementaire,ordinaire,1
PIONANR5L15B2598,15,2020-01-21,882,parlementaire,ordinaire,1
PIONANR5L15B2599,15,2020-01-21,882,parlementaire,ordinaire,2
PIONANR5L15B2600,15,2020-01-21,882,parlementaire,ordinaire,5
PIONANR5L15B2601,15,2020-01-21,882,parlementaire,ordinaire,1
PIONANR5L15B2602,15,2020-01-21,882,parlementaire,ordinaire,1
PIONANR5L15B2603,15,2020-01-21,882,parlementaire,ordinaire,1
PIONANR5L15B2604,15,2020-01-21,882,parlementaire,ordinaire,1
PIONANR5L15B2605,15,2020-01-21,882,parlementaire,ordinaire,1
PIONANR5L15B2606,15,2020-01-21,882,parlementaire,ordinaire,1
PIONANR5L15B2607,15,2020-01-21,882,parlementaire,ordinaire,1
PRJLANR5L15B2622,15,2020-01-24,879,gouvernement,organique,2
PRJLANR5L15B2623,15,2020-01-24,879,gouvernement,ordinaire,2
PRJLANR5L15B2626,15,2020-01-29,874,gouvernement,ordinaire,1
PIONANR5L15B2634,15,2020-02-04,868,parlementaire,ordinaire,1
PIONANR5L15B2635,15,2020-02-04,868,parlementaire,ordinaire,1
PIONANR5L15B2636,15,2020-02-04,868,parlementaire,ordinaire,1
PIONANR5L15B2637,15,2020-02-04,868,parlementaire,ordinaire,1
PIONANR5L15B2638,15,2020-02-04,868,parlementaire,ordinaire,1
PIONANR5L15B2639,15,2020-02-04,868,parlementaire,ordinaire,1
PIONANR5L15B2640,15,2020-02-04,868,parlementaire,ordinaire,1
PIONANR5L15B2641,15,2020-02-04,868,parlementaire,ordinaire,1
PIONANR5L15B2642,15,2020-02-04,868,parlementaire,ordinaire,1
PIONANR5L15B2643,15,2020-02-04,868,parlementaire,ordinaire,1
PIONANR5L15B2644,15,2020-02-04,868,parlementaire,ordinaire,1
PIONANR5L15B2645,15,2020-02-04,868,parlementaire,ordinaire,1
PIONANR5L15B2646,15,2020-02-04,868,parlementaire,ordinaire,1
PIONANR5L15B2647,15,2020-02-04,868,parlementaire,ordinaire,1
PIONANR5L15B2648,15,2020-02-04,868,parlementaire,ordinaire,1
PIONANR5L15B2669,15,2020-02-11,861,parlementaire,ordinaire,1
PIONANR5L15B2670,15,2020-02-11,861,parlementaire,ordinaire,1
PIONANR5L15B2671,15,2020-02-11,861,parlementaire,ordinaire,1
PIONANR5L15B2672,15,2020-02-11,861,parlementaire,ordinaire,1
PIONANR5L15B2673,15,2020-02-11,861,parlementaire,ordinaire,1
PIONANR5L15B2674,15,2020-02-11,861,parlementaire,ordinaire,1
PIONANR5L15B2675,15,2020-02-11,861,parlementaire,ordinaire,1
PIONANR5L15B2676,15,2020-02-11,861,parlementaire,ordinaire,1
PIONANR5L15B2677,15,2020-02-11,861,parlementaire,ordinaire,1
PIONANR5L15B2678,15,2020-02-11,861,parlementaire,ordinaire,2
PIONANR5L15B2679,15,2020-02-11,861,parlementaire,ordinaire,1
PIONANR5L15B2680,15,2020-02-11,861,parlementaire,ordinaire,1
PIONANR5L15B2681,15,2020-02-11,861,parlementaire,ordinaire,1
PIONANR5L15B2682,15,2020-02-11,861,parlementaire,constitutionnelle,1
PRJLANR5L15B2686,15,2020-02-12,860,gouvernement,ordinaire,1
PIONANR5L15B2692,15,2020-02-17,855,parlementaire,constitutionnelle,1
PIONANR5L15B2697,15,2020-02-19,853,parlementaire,constitutionnelle,1
PRJLANR5L15B2699,15,2020-02-19,853,gouvernement,ordinaire,1
PRJLANR5L15B2700,15,2020-02-19,853,gouvernement,ordinaire,4
PIONANR5L15B2703,15,2020-02-20,852,parlementaire,constitutionnelle,1
PIONANR5L15B2707,15,2020-02-21,851,parlementaire,constitutionnelle,1
PIONANR5L15B2708,15,2020-02-25,847,parlementaire,ordinaire,1
PIONANR5L15B2709,15,2020-02-25,847,parlementaire,ordinaire,1
PIONANR5L15B2710,15,2020-02-25,847,parlementaire,ordinaire,1
PIONANR5L15B2711,15,2020-02-25,847,parlementaire,ordinaire,1
PIONANR5L15B2712,15,2020-02-25,847,parlementaire,ordinaire,1
PIONANR5L15B2713,15,2020-02-25,847,parlementaire,ordinaire,1
PIONANR5L15B2714,15,2020-02-25,847,parlementaire,ordinaire,1
PIONANR5L15B2715,15,2020-02-25,847,parlementaire,ordinaire,1
PIONANR5L15B2716,15,2020-02-25,847,parlementaire,ordinaire,1
PIONANR5L15B2717,15,2020-02-25,847,parlementaire,ordinaire,1
PIONANR5L15B2718,15,2020-02-25,847,parlementaire,ordinaire,1
PIONANR5L15B2719,15,2020-02-25,847,parlementaire,ordinaire,2
PIONANR5L15B2720,15,2020-02-25,847,parlementaire,ordinaire,1
PIONANR5L15B2725,15,2020-02-27,845,parlementaire,organique,1
PIONANR5L15B2728,15,2020-02-28,844,parlementaire,organique,1
PIONANR5L15B2754,15,2020-03-10,833,parlementaire,ordinaire,4
PIONANR5L15B2755,15,2020-03-10,833,parlementaire,ordinaire,1
PIONANR5L15B2756,15,2020-03-10,833,parlementaire,ordinaire,1
PRJLANR5L15B2758,15,2020-03-18,825,gouvernement,finances_fss,4
PIONANR5L15B2767,15,2020-03-24,819,parlementaire,ordinaire,1
PIONANR5L15B2768,15,2020-03-24,819,parlementaire,ordinaire,1
PIONANR5L15B2769,15,2020-03-24,819,parlementaire,ordinaire,1
PIONANR5L15B2770,15,2020-03-24,819,parlementaire,ordinaire,1
PIONANR5L15B2771,15,2020-03-24,819,parlementaire,ordinaire,1
PIONANR5L15B2772,15,2020-03-24,819,parlementaire,ordinaire,1
PIONANR5L15B2773,15,2020-03-24,819,parlementaire,ordinaire,1
PIONANR5L15B2774,15,2020-03-24,819,parlementaire,ordinaire,1
PIONANR5L15B2775,15,2020-03-24,819,parlementaire,ordinaire,1
PIONANR5L15B2776,15,2020-03-24,819,parlementaire,ordinaire,1
PIONANR5L15B2777,15,2020-03-24,819,parlementaire,ordinaire,1
PIONANR5L15B2778,15,2020-03-24,819,parlementaire,ordinaire,1
PIONANR5L15B2779,15,2020-03-24,819,parlementaire,ordinaire,1
PIONANR5L15B2780,15,2020-03-24,819,parlementaire,ordinaire,1
PIONANR5L15B2781,15,2020-03-24,819,parlementaire,ordinaire,2
PIONANR5L15B2782,15,2020-03-24,819,parlementaire,ordinaire,4
PIONANR5L15B2785,15,2020-03-30,813,parlementaire,constitutionnelle,1
PIONANR5L15B2787,15,2020-04-02,810,parlementaire,constitutionnelle,1
PIONANR5L15B2789,15,2020-04-07,805,parlementaire,ordinaire,1
PIONANR5L15B2790,15,2020-04-07,805,parlementaire,ordinaire,1
PIONANR5L15B2791,15,2020-04-07,805,parlementaire,ordinaire,1
PIONANR5L15B2792,15,2020-04-07,805,parlementaire,ordinaire,1
PIONANR5L15B2793,15,2020-04-07,805,parlementaire,ordinaire,1
PIONANR5L15B2794,15,2020-04-07,805,parlementaire,ordinaire,1
PIONANR5L15B2795,15,2020-04-07,805,parlementaire,ordinaire,1
PIONANR5L15B2796,15,2020-04-07,805,parlementaire,ordinaire,1
PIONANR5L15B2797,15,2020-04-07,805,parlementaire,ordinaire,1
PIONANR5L15B2798,15,2020-04-07,805,parlementaire,ordinaire,1
PIONANR5L15B2799,15,2020-04-07,805,parlementaire,ordinaire,1
PIONANR5L15B2800,15,2020-04-07,805,parlementaire,ordinaire,1
PIONANR5L15B2801,15,2020-04-07,805,parlementaire,ordinaire,1
PIONANR5L15B2802,15,2020-04-07,805,parlementaire,ordinaire,1
PIONANR5L15B2803,15,2020-04-07,805,parlementaire,ordinaire,1
PIONANR5L15B2804,15,2020-04-07,805,parlementaire,ordinaire,1
PIONANR5L15B2805,15,2020-04-07,805,parlementaire,ordinaire,1
PIONANR5L15B2806,15,2020-04-07,805,parlementaire,ordinaire,1
PIONANR5L15B2807,15,2020-04-07,805,parlementaire,ordinaire,1
PIONANR5L15B2808,15,2020-04-07,805,parlementaire,ordinaire,1
PIONANR5L15B2809,15,2020-04-07,805,parlementaire,ordinaire,1
PIONANR5L15B2810,15,2020-04-07,805,parlementaire,ordinaire,1
PIONANR5L15B2811,15,2020-04-07,805,parlementaire,ordinaire,1
PIONANR5L15B2812,15,2020-04-07,805,parlementaire,ordinaire,1
PIONANR5L15B2813,15,2020-04-07,805,parlementaire,ordinaire,1
PIONANR5L15B2814,15,2020-04-07,805,parlementaire,ordinaire,1
PIONANR5L15B2815,15,2020-04-07,805,parlementaire,ordinaire,1
PIONANR5L15B2816,15,2020-04-07,805,parlementaire,ordinaire,1
PRJLANR5L15B2820,15,2020-04-15,797,gouvernement,finances_fss,4
PRJLANR5L15B2828,15,2020-04-22,790,gouvernement,ordinaire,1
PIONANR5L15B2838,15,2020-04-28,784,parlementaire,ordinaire,1
PIONANR5L15B2839,15,2020-04-28,784,parlementaire,ordinaire,1
PIONANR5L15B2840,15,2020-04-28,784,parlementaire,ordinaire,1
PIONANR5L15B2841,15,2020-04-28,784,parlementaire,ordinaire,1
PIONANR5L15B2842,15,2020-04-28,784,parlementaire,ordinaire,1
PIONANR5L15B2843,15,2020-04-28,784,parlementaire,ordinaire,1
PIONANR5L15B2844,15,2020-04-28,784,parlementaire,ordinaire,1
PIONANR5L15B2845,15,2020-04-28,784,parlementaire,ordinaire,1
PIONANR5L15B2846,15,2020-04-28,784,parlementaire,ordinaire,1
PIONANR5L15B2847,15,2020-04-28,784,parlementaire,ordinaire,1
PIONANR5L15B2848,15,2020-04-28,784,parlementaire,ordinaire,1
PIONANR5L15B2849,15,2020-04-28,784,parlementaire,ordinaire,1
PIONANR5L15B2850,15,2020-04-28,784,parlementaire,ordinaire,1
PIONANR5L15B2851,15,2020-04-28,784,parlementaire,ordinaire,1
PIONANR5L15B2852,15,2020-04-28,784,parlementaire,ordinaire,1
PIONANR5L15B2853,15,2020-04-28,784,parlementaire,ordinaire,1
PIONANR5L15B2854,15,2020-04-28,784,parlementaire,ordinaire,1
PIONANR5L15B2855,15,2020-04-28,784,parlementaire,ordinaire,1
PIONANR5L15B2856,15,2020-04-28,784,parlementaire,ordinaire,1
PIONANR5L15B2857,15,2020-04-28,784,parlementaire,ordinaire,1
PIONANR5L15B2858,15,2020-04-28,784,parlementaire,ordinaire,1
PIONANR5L15B2859,15,2020-04-28,784,parlementaire,ordinaire,1
PIONANR5L15B2860,15,2020-04-28,784,parlementaire,ordinaire,1
PIONANR5L15B2861,15,2020-04-28,784,parlementaire,ordinaire,1
PIONANR5L15B2862,15,2020-04-28,784,parlementaire,ordinaire,1
PIONANR5L15B2863,15,2020-04-28,784,parlementaire,ordinaire,1
PIONANR5L15B2864,15,2020-04-28,784,parlementaire,ordinaire,1
PIONANR5L15B2865,15,2020-04-28,784,parlementaire,ordinaire,1
PIONANR5L15B2866,15,2020-04-28,784,parlementaire,ordinaire,1
PIONANR5L15B2867,15,2020-04-28,784,parlementaire,ordinaire,1
PIONANR5L15B2868,15,2020-04-28,784,parlementaire,ordinaire,1
PIONANR5L15B2869,15,2020-04-28,784,parlementaire,ordinaire,1
PIONANR5L15B2870,15,2020-04-28,784,parlementaire,ordinaire,1
PIONANR5L15B2871,15,2020-04-28,784,parlementaire,ordinaire,1
PIONANR5L15B2872,15,2020-04-28,784,parlementaire,ordinaire,1
PIONANR5L15B2873,15,2020-04-28,784,parlementaire,ordinaire,1
PIONANR5L15B2874,15,2020-04-28,784,parlementaire,ordinaire,1
PIONANR5L15B2875,15,2020-04-28,784,parlementaire,ordinaire,1
PIONANR5L15B2876,15,2020-04-28,784,parlementaire,ordinaire,1
PIONANR5L15B2877,15,2020-04-28,784,parlementaire,ordinaire,1
PIONANR5L15B2878,15,2020-04-28,784,parlementaire,ordinaire,1
PIONANR5L15B2879,15,2020-04-28,784,parlementaire,ordinaire,1
PIONANR5L15B2880,15,2020-04-28,784,parlementaire,ordinaire,1
PIONANR5L15B2881,15,2020-04-28,784,parlementaire,ordinaire,1
PIONANR5L15B2882,15,2020-04-28,784,parlementaire,ordinaire,1
PIONANR5L15B2883,15,2020-04-28,784,parlementaire,ordinaire,1
PIONANR5L15B2884,15,2020-04-28,784,parlementaire,ordinaire,1
PIONANR5L15B2885,15,2020-04-28,784,parlementaire,ordinaire,1
PIONANR5L15B2886,15,2020-04-28,784,parlementaire,ordinaire,1
PIONANR5L15B2887,15,2020-04-28,784,parlementaire,ordinaire,1
PIONANR5L15B2888,15,2020-04-28,784,parlementaire,ordinaire,1
PIONANR5L15B2889,15,2020-04-28,784,parlementaire,ordinaire,1
PIONANR5L15B2890,15,2020-04-28,784,parlementaire,ordinaire,1
PIONANR5L15B2891,15,2020-04-28,784,parlementaire,ordinaire,1
PIONANR5L15B2892,15,2020-04-28,784,parlementaire,ordinaire,1
PIONANR5L15B2893,15,2020-04-28,784,parlementaire,ordinaire,2
PRJLANR5L15B2899,15,2020-05-02,780,gouvernement,finances_fss,4
PIONANR5L15B2903,15,2020-05-06,776,parlementaire,constitutionnelle,1
PRJLANR5L15B2907,15,2020-05-07,775,gouvernement,ordinaire,4
PIONANR5L15B2909,15,2020-05-11,771,parlementaire,constitutionnelle,1
PIONANR5L15B2916,15,2020-05-12,770,parlementaire,ordinaire,1
PIONANR5L15B2917,15,2020-05-12,770,parlementaire,ordinaire,1
PIONANR5L15B2918,15,2020-05-12,770,parlementaire,ordinaire,1
PIONANR5L15B2919,15,2020-05-12,770,parlementaire,ordinaire,1
PIONANR5L15B2920,15,2020-05-12,770,parlementaire,ordinaire,1
PIONANR5L15B2921,15,2020-05-12,770,parlementaire,ordinaire,1
PIONANR5L15B2922,15,2020-05-12,770,parlementaire,ordinaire,1
PIONANR5L15B2923,15,2020-05-12,770,parlementaire,ordinaire,1
PIONANR5L15B2924,15,2020-05-12,770,parlementaire,ordinaire,1
PIONANR5L15B2925,15,2020-05-12,770,parlementaire,ordinaire,1
PIONANR5L15B2926,15,2020-05-12,770,parlementaire,ordinaire,1
PIONANR5L15B2927,15,2020-05-12,770,parlementaire,ordinaire,1
PIONANR5L15B2928,15,2020-05-12,770,parlementaire,ordinaire,1
PIONANR5L15B2929,15,2020-05-12,770,parlementaire,ordinaire,1
PIONANR5L15B2930,15,2020-05-12,770,parlementaire,ordinaire,1
PIONANR5L15B2931,15,2020-05-12,770,parlementaire,ordinaire,1
PIONANR5L15B2932,15,2020-05-12,770,parlementaire,ordinaire,1
PIONANR5L15B2933,15,2020-05-12,770,parlementaire,ordinaire,1
PIONANR5L15B2934,15,2020-05-12,770,parlementaire,ordinaire,1
PIONANR5L15B2935,15,2020-05-12,770,parlementaire,ordinaire,1
PIONANR5L15B2936,15,2020-05-12,770,parlementaire,ordinaire,1
PIONANR5L15B2937,15,2020-05-12,770,parlementaire,ordinaire,1
PIONANR5L15B2938,15,2020-05-12,770,parlementaire,ordinaire,1
PIONANR5L15B2939,15,2020-05-12,770,parlementaire,ordinaire,1
PIONANR5L15B2940,15,2020-05-12,770,parlementaire,ordinaire,1
PIONANR5L15B2941,15,2020-05-12,770,parlementaire,ordinaire,1
PIONANR5L15B2942,15,2020-05-12,770,parlementaire,ordinaire,1
PIONANR5L15B2943,15,2020-05-12,770,parlementaire,ordinaire,1
PIONANR5L15B2944,15,2020-05-12,770,parlementaire,ordinaire,1
PIONANR5L15B2945,15,2020-05-12,770,parlementaire,ordinaire,1
PIONANR5L15B2946,15,2020-05-12,770,parlementaire,ordinaire,1
PIONANR5L15B2947,15,2020-05-12,770,parlementaire,ordinaire,1
PIONANR5L15B2948,15,2020-05-12,770,parlementaire,ordinaire,1
PIONANR5L15B2949,15,2020-05-12,770,parlementaire,ordinaire,1
PIONANR5L15B2950,15,2020-05-12,770,parlementaire,ordinaire,1
PIONANR5L15B2951,15,2020-05-12,770,parlementaire,ordinaire,4
PIONANR5L15B2952,15,2020-05-12,770,parlementaire,ordinaire,1
PIONANR5L15B2953,15,2020-05-12,770,parlementaire,ordinaire,1
PIONANR5L15B2954,15,2020-05-12,770,parlementaire,ordinaire,1
PIONANR5L15B2955,15,2020-05-12,770,parlementaire,ordinaire,1
PRJLANR5L15B2956,15,2020-05-13,769,gouvernement,ordinaire,1
PRJLANR5L15B2957,15,2020-05-13,769,gouvernement,ordinaire,1
PRJLANR5L15B2958,15,2020-05-13,769,gouvernement,ordinaire,1
PRJLANR5L15B2959,15,2020-05-13,769,gouvernement,ordinaire,1
PRJLANR5L15B2960,15,2020-05-13,769,gouvernement,ordinaire,1
PRJLANR5L15B3606,15,2020-05-13,769,gouvernement,ordinaire,1
PIONANR5L15B2967,15,2020-05-19,763,parlementaire,ordinaire,1
PIONANR5L15B2968,15,2020-05-19,763,parlementaire,ordinaire,1
PIONANR5L15B2969,15,2020-05-19,763,parlementaire,ordinaire,1
PIONANR5L15B2970,15,2020-05-19,763,parlementaire,ordinaire,1
PIONANR5L15B2971,15,2020-05-19,763,parlementaire,ordinaire,1
PIONANR5L15B2972,15,2020-05-19,763,parlementaire,ordinaire,1
PIONANR5L15B2973,15,2020-05-19,763,parlementaire,ordinaire,1
PIONANR5L15B2974,15,2020-05-19,763,parlementaire,ordinaire,1
PIONANR5L15B2975,15,2020-05-19,763,parlementaire,ordinaire,1
PIONANR5L15B2976,15,2020-05-19,763,parlementaire,ordinaire,1
PIONANR5L15B2977,15,2020-05-19,763,parlementaire,ordinaire,1
PIONANR5L15B2978,15,2020-05-19,763,parlementaire,ordinaire,4
PRJLANR5L15B2986,15,2020-05-22,760,gouvernement,traite,4
PIONANR5L15B2988,15,2020-05-26,756,parlementaire,ordinaire,1
PIONANR5L15B2989,15,2020-05-26,756,parlementaire,ordinaire,2
PIONANR5L15B2990,15,2020-05-26,756,parlementaire,ordinaire,1
PIONANR5L15B2991,15,2020-05-26,756,parlementaire,ordinaire,1
PIONANR5L15B2992,15,2020-05-26,756,parlementaire,ordinaire,1
PIONANR5L15B2993,15,2020-05-26,756,parlementaire,ordinaire,1
PIONANR5L15B2994,15,2020-05-26,756,parlementaire,ordinaire,1
PIONANR5L15B2995,15,2020-05-26,756,parlementaire,ordinaire,1
PIONANR5L15B2996,15,2020-05-26,756,parlementaire,ordinaire,2
PIONANR5L15B2997,15,2020-05-26,756,parlementaire,ordinaire,1
PIONANR5L15B2998,15,2020-05-26,756,parlementaire,ordinaire,1
PIONANR5L15B2999,15,2020-05-26,756,parlementaire,ordinaire,1
PIONANR5L15B3000,15,2020-05-26,756,parlementaire,ordinaire,1
PIONANR5L15B3001,15,2020-05-26,756,parlementaire,ordinaire,2
PIONANR5L15B3002,15,2020-05-26,756,parlementaire,ordinaire,2
PIONANR5L15B3003,15,2020-05-26,756,parlementaire,ordinaire,2
PIONANR5L15B3004,15,2020-05-26,756,parlementaire,ordinaire,2
PIONANR5L15B3005,15,2020-05-26,756,parlementaire,ordinaire,2
PIONANR5L15B3006,15,2020-05-26,756,parlementaire,ordinaire,2
PIONANR5L15B3007,15,2020-05-26,756,parlementaire,ordinaire,2
PIONANR5L15B3008,15,2020-05-26,756,parlementaire,ordinaire,1
PRJLANR5L15B3016,15,2020-05-27,755,gouvernement,traite,4
PRJLANR5L15B3017,15,2020-05-27,755,gouvernement,ordinaire,1
PRJLANR5L15B3018,15,2020-05-27,755,gouvernement,organique,4
PRJLANR5L15B3019,15,2020-05-27,755,gouvernement,ordinaire,4
PRJLANR5L15B3021,15,2020-05-27,755,gouvernement,ordinaire,4
PIONANR5L15B3029,15,2020-06-02,749,parlementaire,ordinaire,1
PIONANR5L15B3030,15,2020-06-02,749,parlementaire,ordinaire,1
PIONANR5L15B3031,15,2020-06-02,749,parlementaire,ordinaire,1
PIONANR5L15B3032,15,2020-06-02,749,parlementaire,ordinaire,1
PIONANR5L15B3033,15,2020-06-02,749,parlementaire,ordinaire,1
PIONANR5L15B3034,15,2020-06-02,749,parlementaire,ordinaire,1
PIONANR5L15B3035,15,2020-06-02,749,parlementaire,ordinaire,1
PIONANR5L15B3036,15,2020-06-02,749,parlementaire,ordinaire,1
PIONANR5L15B3037,15,2020-06-02,749,parlementaire,ordinaire,1
PIONANR5L15B3038,15,2020-06-02,749,parlementaire,ordinaire,2
PIONANR5L15B3039,15,2020-06-02,749,parlementaire,ordinaire,2
PIONANR5L15B3040,15,2020-06-02,749,parlementaire,ordinaire,1
PIONANR5L15B3041,15,2020-06-02,749,parlementaire,ordinaire,2
PIONANR5L15B3045,15,2020-06-03,748,parlementaire,organique,1
PIONANR5L15B3046,15,2020-06-03,748,parlementaire,constitutionnelle,1
PRJLANR5L15B3054,15,2020-06-03,748,gouvernement,ordinaire,1
PRJLANR5L15B3055,15,2020-06-03,748,gouvernement,traite,4
PRJLANR5L15B3056,15,2020-06-03,748,gouvernement,ordinaire,1
PRJLANR5L15B3057,15,2020-06-03,748,gouvernement,ordinaire,1
PIONANR5L15B3062,15,2020-06-04,747,parlementaire,constitutionnelle,1
PIONANR5L15B3075,15,2020-06-10,741,parlementaire,constitutionnelle,1
PRJLANR5L15B3074,15,2020-06-10,741,gouvernement,finances_fss,4
PRJLANR5L15B3077,15,2020-06-10,741,gouvernement,ordinaire,4
PIONANR5L15B3084,15,2020-06-11,740,parlementaire,constitutionnelle,1
PIONANR5L15B3093,15,2020-06-16,735,parlementaire,ordinaire,1
PIONANR5L15B3094,15,2020-06-16,735,parlementaire,ordinaire,1
PIONANR5L15B3095,15,2020-06-16,735,parlementaire,ordinaire,1
PIONANR5L15B3096,15,2020-06-16,735,parlementaire,ordinaire,1
PIONANR5L15B3097,15,2020-06-16,735,parlementaire,ordinaire,1
PIONANR5L15B3098,15,2020-06-16,735,parlementaire,ordinaire,1
PIONANR5L15B3099,15,2020-06-16,735,parlementaire,ordinaire,1
PIONANR5L15B3100,15,2020-06-16,735,parlementaire,ordinaire,1
PIONANR5L15B3101,15,2020-06-16,735,parlementaire,ordinaire,1
PIONANR5L15B3102,15,2020-06-16,735,parlementaire,ordinaire,1
PIONANR5L15B3103,15,2020-06-16,735,parlementaire,ordinaire,1
PIONANR5L15B3104,15,2020-06-16,735,parlementaire,ordinaire,1
PIONANR5L15B3105,15,2020-06-16,735,parlementaire,ordinaire,1
PIONANR5L15B3106,15,2020-06-16,735,parlementaire,ordinaire,1
PIONANR5L15B3107,15,2020-06-16,735,parlementaire,ordinaire,1
PIONANR5L15B3108,15,2020-06-16,735,parlementaire,ordinaire,1
PIONANR5L15B3109,15,2020-06-16,735,parlementaire,ordinaire,4
PRJLANR5L15B3117,15,2020-06-17,734,gouvernement,ordinaire,4
PRJLANR5L15B3128,15,2020-06-24,727,gouvernement,ordinaire,1
PIONANR5L15B3140,15,2020-06-30,721,parlementaire,constitutionnelle,1
PIONANR5L15B3141,15,2020-06-30,721,parlementaire,ordinaire,1
PIONANR5L15B3142,15,2020-06-30,721,parlementaire,ordinaire,1
PIONANR5L15B3143,15,2020-06-30,721,parlementaire,ordinaire,1
PIONANR5L15B3144,15,2020-06-30,721,parlementaire,ordinaire,1
PIONANR5L15B3145,15,2020-06-30,721,parlementaire,ordinaire,1
PIONANR5L15B3146,15,2020-06-30,721,parlementaire,ordinaire,1
PIONANR5L15B3147,15,2020-06-30,721,parlementaire,ordinaire,1
PIONANR5L15B3148,15,2020-06-30,721,parlementaire,ordinaire,1
PIONANR5L15B3149,15,2020-06-30,721,parlementaire,ordinaire,1
PIONANR5L15B3150,15,2020-06-30,721,parlementaire,ordinaire,1
PIONANR5L15B3151,15,2020-06-30,721,parlementaire,ordinaire,1
PIONANR5L15B3152,15,2020-06-30,721,parlementaire,ordinaire,1
PIONANR5L15B3153,15,2020-06-30,721,parlementaire,ordinaire,1
PIONANR5L15B3154,15,2020-06-30,721,parlementaire,ordinaire,1
PIONANR5L15B3155,15,2020-06-30,721,parlementaire,ordinaire,1
PIONANR5L15B3156,15,2020-06-30,721,parlementaire,ordinaire,1
PIONANR5L15B3157,15,2020-06-30,721,parlementaire,ordinaire,1
PIONANR5L15B3158,15,2020-06-30,721,parlementaire,ordinaire,1
PIONANR5L15B3159,15,2020-06-30,721,parlementaire,ordinaire,1
PIONANR5L15B3160,15,2020-06-30,721,parlementaire,ordinaire,1
PIONANR5L15B3161,15,2020-06-30,721,parlementaire,ordinaire,4
PIONANR5L15B3162,15,2020-06-30,721,parlementaire,ordinaire,4
PIONANR5L15B3163,15,2020-06-30,721,parlementaire,ordinaire,1
PIONANR5L15B3164,15,2020-06-30,721,parlementaire,ordinaire,1
PRJLANR5L15B3184,15,2020-07-07,714,gouvernement,organique,4
PIONANR5L15B3205,15,2020-07-15,706,parlementaire,ordinaire,1
PIONANR5L15B3206,15,2020-07-15,706,parlementaire,ordinaire,1
PIONANR5L15B3207,15,2020-07-15,706,parlementaire,ordinaire,1
PIONANR5L15B3208,15,2020-07-15,706,parlementaire,ordinaire,1
PIONANR5L15B3209,15,2020-07-15,706,parlementaire,ordinaire,1
PIONANR5L15B3210,15,2020-07-15,706,parlementaire,ordinaire,1
PIONANR5L15B3211,15,2020-07-15,706,parlementaire,ordinaire,1
PIONANR5L15B3212,15,2020-07-15,706,parlementaire,ordinaire,1
PIONANR5L15B3213,15,2020-07-15,706,parlementaire,ordinaire,1
PIONANR5L15B3214,15,2020-07-15,706,parlementaire,ordinaire,1
PIONANR5L15B3215,15,2020-07-15,706,parlementaire,ordinaire,1
PIONANR5L15B3216,15,2020-07-15,706,parlementaire,ordinaire,1
PIONANR5L15B3217,15,2020-07-15,706,parlementaire,ordinaire,1
PIONANR5L15B3218,15,2020-07-15,706,parlementaire,ordinaire,1
PIONANR5L15B3219,15,2020-07-15,706,parlementaire,ordinaire,1
PRJLANR5L15B3221,15,2020-07-16,705,gouvernement,ordinaire,4
PIONANR5L15B3222,15,2020-07-17,704,parlementaire,constitutionnelle,1
PRJLANR5L15B3234,15,2020-07-22,699,gouvernement,ordinaire,4
PRJLANR5L15B3235,15,2020-07-22,699,gouvernement,ordinaire,1
PRJLANR5L15B3236,15,2020-07-22,699,gouvernement,ordinaire,4
PIONANR5L15B3253,15,2020-07-28,693,parlementaire,ordinaire,1
PIONANR5L15B3254,15,2020-07-28,693,parlementaire,ordinaire,1
PIONANR5L15B3255,15,2020-07-28,693,parlementaire,ordinaire,1
PIONANR5L15B3256,15,2020-07-28,693,parlementaire,ordinaire,1
PIONANR5L15B3257,15,2020-07-28,693,parlementaire,ordinaire,1
PIONANR5L15B3258,15,2020-07-28,693,parlementaire,ordinaire,1
PIONANR5L15B3259,15,2020-07-28,693,parlementaire,ordinaire,1
PIONANR5L15B3260,15,2020-07-28,693,parlementaire,ordinaire,1
PIONANR5L15B3261,15,2020-07-28,693,parlementaire,ordinaire,1
PIONANR5L15B3262,15,2020-07-28,693,parlementaire,ordinaire,1
PIONANR5L15B3263,15,2020-07-28,693,parlementaire,ordinaire,1
PIONANR5L15B3264,15,2020-07-28,693,parlementaire,ordinaire,1
PIONANR5L15B3265,15,2020-07-28,693,parlementaire,ordinaire,1
PIONANR5L15B3266,15,2020-07-28,693,parlementaire,ordinaire,2
PIONANR5L15B3267,15,2020-07-28,693,parlementaire,ordinaire,1
PIONANR5L15B3268,15,2020-07-28,693,parlementaire,ordinaire,1
PIONANR5L15B3269,15,2020-07-28,693,parlementaire,ordinaire,1
PIONANR5L15B3270,15,2020-07-28,693,parlementaire,ordinaire,1
PIONANR5L15B3271,15,2020-07-28,693,parlementaire,ordinaire,1
PIONANR5L15B3272,15,2020-07-28,693,parlementaire,ordinaire,1
PIONANR5L15B3273,15,2020-07-28,693,parlementaire,ordinaire,1
PIONANR5L15B3274,15,2020-07-28,693,parlementaire,ordinaire,1
PIONANR5L15B3275,15,2020-07-28,693,parlementaire,ordinaire,1
PIONANR5L15B3276,15,2020-07-28,693,parlementaire,ordinaire,1
PIONANR5L15B3278,15,2020-07-29,692,parlementaire,constitutionnelle,1
PIONANR5L15B3282,15,2020-07-30,691,parlementaire,organique,1
PIONANR5L15B3284,15,2020-07-31,690,parlementaire,constitutionnelle,1
PIONANR5L15B3288,15,2020-08-07,683,parlementaire,organique,1
PIONANR5L15B3289,15,2020-08-25,665,parlementaire,ordinaire,1
PIONANR5L15B3290,15,2020-08-25,665,parlementaire,ordinaire,1
PIONANR5L15B3291,15,2020-08-25,665,parlementaire,ordinaire,1
PIONANR5L15B3292,15,2020-08-25,665,parlementaire,ordinaire,4
PIONANR5L15B3293,15,2020-08-25,665,parlementaire,ordinaire,2
PIONANR5L15B3294,15,2020-08-25,665,parlementaire,ordinaire,1
PRJLANR5L15B3298,15,2020-09-03,656,gouvernement,ordinaire,4
PIONANR5L15B3306,15,2020-09-15,644,parlementaire,ordinaire,1
PIONANR5L15B3307,15,2020-09-15,644,parlementaire,ordinaire,1
PIONANR5L15B3308,15,2020-09-15,644,parlementaire,ordinaire,1
PIONANR5L15B3309,15,2020-09-15,644,parlementaire,ordinaire,1
PIONANR5L15B3310,15,2020-09-15,644,parlementaire,ordinaire,1
PIONANR5L15B3311,15,2020-09-15,644,parlementaire,ordinaire,1
PIONANR5L15B3312,15,2020-09-15,644,parlementaire,ordinaire,1
PIONANR5L15B3313,15,2020-09-15,644,parlementaire,ordinaire,1
PIONANR5L15B3314,15,2020-09-15,644,parlementaire,ordinaire,1
PIONANR5L15B3316,15,2020-09-15,644,parlementaire,ordinaire,2
PIONANR5L15B3317,15,2020-09-15,644,parlementaire,ordinaire,1
PIONANR5L15B3318,15,2020-09-15,644,parlementaire,ordinaire,1
PIONANR5L15B3319,15,2020-09-15,644,parlementaire,ordinaire,1
PIONANR5L15B3320,15,2020-09-15,644,parlementaire,ordinaire,1
PIONANR5L15B3321,15,2020-09-15,644,parlementaire,ordinaire,1
PIONANR5L15B3322,15,2020-09-15,644,parlementaire,ordinaire,1
PIONANR5L15B3323,15,2020-09-15,644,parlementaire,ordinaire,1
PIONANR5L15B3324,15,2020-09-15,644,parlementaire,ordinaire,1
PIONANR5L15B3325,15,2020-09-15,644,parlementaire,ordinaire,1
PIONANR5L15B3326,15,2020-09-15,644,parlementaire,ordinaire,1
PIONANR5L15B3327,15,2020-09-15,644,parlementaire,ordinaire,1
PIONANR5L15B3328,15,2020-09-15,644,parlementaire,ordinaire,1
PIONANR5L15B3329,15,2020-09-15,644,parlementaire,ordinaire,1
PIONANR5L15B3330,15,2020-09-15,644,parlementaire,ordinaire,1
PIONANR5L15B3331,15,2020-09-15,644,parlementaire,ordinaire,1
PIONANR5L15B3332,15,2020-09-15,644,parlementaire,ordinaire,1
PIONANR5L15B3333,15,2020-09-15,644,parlementaire,ordinaire,1
PIONANR5L15B3334,15,2020-09-15,644,parlementaire,ordinaire,1
PIONANR5L15B3335,15,2020-09-15,644,parlementaire,ordinaire,1
PIONANR5L15B3336,15,2020-09-15,644,parlementaire,ordinaire,1
PIONANR5L15B3337,15,2020-09-15,644,parlementaire,ordinaire,1
PIONANR5L15B3338,15,2020-09-15,644,parlementaire,ordinaire,1
PIONANR5L15B3342,15,2020-09-16,643,parlementaire,ordinaire,1
PRJLANR5L15B3340,15,2020-09-16,643,gouvernement,ordinaire,2
PRJLANR5L15B3360,15,2020-09-28,631,gouvernement,finances_fss,4
PIONANR5L15B3365,15,2020-09-29,630,parlementaire,ordinaire,1
PIONANR5L15B3366,15,2020-09-29,630,parlementaire,ordinaire,1
PIONANR5L15B3367,15,2020-09-29,630,parlementaire,ordinaire,1
PIONANR5L15B3368,15,2020-09-29,630,parlementaire,ordinaire,1
PIONANR5L15B3369,15,2020-09-29,630,parlementaire,ordinaire,1
PIONANR5L15B3370,15,2020-09-29,630,parlementaire,ordinaire,1
PIONANR5L15B3371,15,2020-09-29,630,parlementaire,ordinaire,1
PIONANR5L15B3372,15,2020-09-29,630,parlementaire,ordinaire,1
PIONANR5L15B3373,15,2020-09-29,630,parlementaire,ordinaire,1
PIONANR5L15B3374,15,2020-09-29,630,parlementaire,ordinaire,1
PIONANR5L15B3375,15,2020-09-29,630,parlementaire,ordinaire,1
PIONANR5L15B3376,15,2020-09-29,630,parlementaire,ordinaire,1
PIONANR5L15B3377,15,2020-09-29,630,parlementaire,ordinaire,1
PIONANR5L15B3378,15,2020-09-29,630,parlementaire,ordinaire,1
PIONANR5L15B3379,15,2020-09-29,630,parlementaire,ordinaire,1
PRJLANR5L15B3397,15,2020-10-07,622,gouvernement,finances_fss,4
PIONANR5L15B3409,15,2020-10-14,615,parlementaire,ordinaire,2
PIONANR5L15B3410,15,2020-10-14,615,parlementaire,ordinaire,1
PIONANR5L15B3411,15,2020-10-14,615,parlementaire,ordinaire,1
PIONANR5L15B3412,15,2020-10-14,615,parlementaire,ordinaire,1
PIONANR5L15B3413,15,2020-10-14,615,parlementaire,ordinaire,4
PIONANR5L15B3414,15,2020-10-14,615,parlementaire,ordinaire,1
PIONANR5L15B3415,15,2020-10-14,615,parlementaire,ordinaire,1
PIONANR5L15B3416,15,2020-10-14,615,parlementaire,ordinaire,1
PIONANR5L15B3417,15,2020-10-14,615,parlementaire,ordinaire,1
PIONANR5L15B3418,15,2020-10-14,615,parlementaire,ordinaire,1
PIONANR5L15B3419,15,2020-10-14,615,parlementaire,ordinaire,1
PIONANR5L15B3420,15,2020-10-14,615,parlementaire,ordinaire,1
PIONANR5L15B3421,15,2020-10-14,615,parlementaire,ordinaire,1
PIONANR5L15B3422,15,2020-10-14,615,parlementaire,ordinaire,4
PIONANR5L15B3423,15,2020-10-14,615,parlementaire,ordinaire,1
PIONANR5L15B3424,15,2020-10-14,615,parlementaire,ordinaire,1
PIONANR5L15B3425,15,2020-10-14,615,parlementaire,ordinaire,1
PIONANR5L15B3426,15,2020-10-14,615,parlementaire,ordinaire,1
PIONANR5L15B3427,15,2020-10-14,615,parlementaire,ordinaire,4
PIONANR5L15B3428,15,2020-10-14,615,parlementaire,ordinaire,1
PIONANR5L15B3429,15,2020-10-14,615,parlementaire,ordinaire,1
PIONANR5L15B3430,15,2020-10-14,615,parlementaire,ordinaire,4
PRJLANR5L15B3408,15,2020-10-14,615,gouvernement,ordinaire,1
PIONANR5L15B3437,15,2020-10-16,613,parlementaire,organique,1
PIONANR5L15B3440,15,2020-10-20,609,parlementaire,ordinaire,1
PIONANR5L15B3441,15,2020-10-20,609,parlementaire,ordinaire,1
PIONANR5L15B3442,15,2020-10-20,609,parlementaire,ordinaire,1
PIONANR5L15B3443,15,2020-10-20,609,parlementaire,ordinaire,2
PIONANR5L15B3444,15,2020-10-20,609,parlementaire,ordinaire,1
PIONANR5L15B3445,15,2020-10-20,609,parlementaire,ordinaire,1
PIONANR5L15B3446,15,2020-10-20,609,parlementaire,ordinaire,1
PIONANR5L15B3447,15,2020-10-20,609,parlementaire,ordinaire,1
PIONANR5L15B3448,15,2020-10-20,609,parlementaire,ordinaire,1
PIONANR5L15B3449,15,2020-10-20,609,parlementaire,ordinaire,1
PIONANR5L15B3450,15,2020-10-20,609,parlementaire,ordinaire,1
PIONANR5L15B3451,15,2020-10-20,609,parlementaire,ordinaire,1
PIONANR5L15B3452,15,2020-10-20,609,parlementaire,ordinaire,4
PIONANR5L15B3453,15,2020-10-20,609,parlementaire,ordinaire,1
PIONANR5L15B3454,15,2020-10-20,609,parlementaire,ordinaire,1
PIONANR5L15B3455,15,2020-10-20,609,parlementaire,ordinaire,1
PIONANR5L15B3456,15,2020-10-20,609,parlementaire,ordinaire,1
PIONANR5L15B3457,15,2020-10-20,609,parlementaire,ordinaire,1
PRJLANR5L15B3463,15,2020-10-21,608,gouvernement,ordinaire,1
PRJLANR5L15B3464,15,2020-10-21,608,gouvernement,ordinaire,4
PIONANR5L15B3470,15,2020-10-22,607,parlementaire,ordinaire,4
PIONANR5L15B3478,15,2020-10-26,603,parlementaire,organique,2
PIONANR5L15B3486,15,2020-10-28,601,parlementaire,constitutionnelle,1
PRJLANR5L15B3487,15,2020-10-28,601,gouvernement,traite,4
PIONANR5L15B3493,15,2020-10-29,600,parlementaire,constitutionnelle,1
PIONANR5L15B3503,15,2020-11-03,595,parlementaire,constitutionnelle,1
PIONANR5L15B3504,15,2020-11-03,595,parlementaire,ordinaire,1
PIONANR5L15B3505,15,2020-11-03,595,parlementaire,ordinaire,1
PIONANR5L15B3506,15,2020-11-03,595,parlementaire,ordinaire,1
PIONANR5L15B3507,15,2020-11-03,595,parlementaire,ordinaire,1
PIONANR5L15B3508,15,2020-11-03,595,parlementaire,ordinaire,1
PIONANR5L15B3509,15,2020-11-03,595,parlementaire,ordinaire,1
PIONANR5L15B3510,15,2020-11-03,595,parlementaire,ordinaire,1
PIONANR5L15B3511,15,2020-11-03,595,parlementaire,ordinaire,1
PIONANR5L15B3512,15,2020-11-03,595,parlementaire,ordinaire,1
PIONANR5L15B3513,15,2020-11-03,595,parlementaire,ordinaire,1
PIONANR5L15B3514,15,2020-11-03,595,parlementaire,ordinaire,1
PIONANR5L15B3515,15,2020-11-03,595,parlementaire,ordinaire,1
PIONANR5L15B3516,15,2020-11-03,595,parlementaire,ordinaire,1
PIONANR5L15B3517,15,2020-11-03,595,parlementaire,ordinaire,1
PIONANR5L15B3519,15,2020-11-03,595,parlementaire,constitutionnelle,1
PRJLANR5L15B3522,15,2020-11-04,594,gouvernement,finances_fss,4
PIONANR5L15B3542,15,2020-11-12,586,parlementaire,constitutionnelle,1
PIONANR5L15B3552,15,2020-11-17,581,parlementaire,ordinaire,1
PIONANR5L15B3553,15,2020-11-17,581,parlementaire,ordinaire,1
PIONANR5L15B3554,15,2020-11-17,581,parlementaire,ordinaire,1
PIONANR5L15B3555,15,2020-11-17,581,parlementaire,ordinaire,1
PIONANR5L15B3556,15,2020-11-17,581,parlementaire,ordinaire,1
PIONANR5L15B3557,15,2020-11-17,581,parlementaire,ordinaire,1
PIONANR5L15B3558,15,2020-11-17,581,parlementaire,ordinaire,1
PIONANR5L15B3559,15,2020-11-17,581,parlementaire,ordinaire,1
PIONANR5L15B3560,15,2020-11-17,581,parlementaire,ordinaire,1
PIONANR5L15B3561,15,2020-11-17,581,parlementaire,ordinaire,1
PIONANR5L15B3562,15,2020-11-17,581,parlementaire,ordinaire,1
PIONANR5L15B3563,15,2020-11-17,581,parlementaire,ordinaire,1
PIONANR5L15B3564,15,2020-11-17,581,parlementaire,ordinaire,1
PIONANR5L15B3565,15,2020-11-17,581,parlementaire,ordinaire,1
PIONANR5L15B3566,15,2020-11-17,581,parlementaire,ordinaire,1
PIONANR5L15B3567,15,2020-11-17,581,parlementaire,ordinaire,1
PIONANR5L15B3568,15,2020-11-17,581,parlementaire,ordinaire,1
PIONANR5L15B3569,15,2020-11-17,581,parlementaire,ordinaire,1
PIONANR5L15B3570,15,2020-11-17,581,parlementaire,ordinaire,1
PIONANR5L15B3571,15,2020-11-17,581,parlementaire,ordinaire,1
PIONANR5L15B3572,15,2020-11-17,581,parlementaire,ordinaire,1
PIONANR5L15B3573,15,2020-11-17,581,parlementaire,ordinaire,1
PIONANR5L15B3574,15,2020-11-17,581,parlementaire,ordinaire,1
PIONANR5L15B3575,15,2020-11-17,581,parlementaire,ordinaire,1
PRJLANR5L15B3583,15,2020-11-18,580,gouvernement,organique,4
PRJLANR5L15B3584,15,2020-11-18,580,gouvernement,ordinaire,4
PRJLANR5L15B3596,15,2020-11-25,573,gouvernement,traite,2
PRJLANR5L15B3597,15,2020-11-25,573,gouvernement,traite,4
PIONANR5L15B3608,15,2020-12-01,567,parlementaire,ordinaire,1
PIONANR5L15B3609,15,2020-12-01,567,parlementaire,ordinaire,1
PIONANR5L15B3610,15,2020-12-01,567,parlementaire,ordinaire,1
PIONANR5L15B3611,15,2020-12-01,567,parlementaire,ordinaire,1
PIONANR5L15B3612,15,2020-12-01,567,parlementaire,ordinaire,1
PIONANR5L15B3613,15,2020-12-01,567,parlementaire,ordinaire,1
PIONANR5L15B3614,15,2020-12-01,567,parlementaire,ordinaire,1
PIONANR5L15B3615,15,2020-12-01,567,parlementaire,ordinaire,1
PIONANR5L15B3616,15,2020-12-01,567,parlementaire,ordinaire,1
PIONANR5L15B3617,15,2020-12-01,567,parlementaire,ordinaire,1
PIONANR5L15B3618,15,2020-12-01,567,parlementaire,ordinaire,1
PIONANR5L15B3619,15,2020-12-01,567,parlementaire,ordinaire,1
PIONANR5L15B3620,15,2020-12-01,567,parlementaire,ordinaire,1
PIONANR5L15B3621,15,2020-12-01,567,parlementaire,ordinaire,1
PIONANR5L15B3622,15,2020-12-01,567,parlementaire,ordinaire,1
PIONANR5L15B3623,15,2020-12-01,567,parlementaire,ordinaire,1
PIONANR5L15B3624,15,2020-12-01,567,parlementaire,ordinaire,1
PIONANR5L15B3625,15,2020-12-01,567,parlementaire,ordinaire,1
PIONANR5L15B3626,15,2020-12-01,567,parlementaire,ordinaire,1
PIONANR5L15B3627,15,2020-12-01,567,parlementaire,ordinaire,1
PIONANR5L15B3629,15,2020-12-02,566,parlementaire,organique,1
PIONANR5L15B3630,15,2020-12-02,566,parlementaire,constitutionnelle,1
PRJLANR5L15B3634,15,2020-12-02,566,gouvernement,ordinaire,1
PRJLANR5L15B3649,15,2020-12-09,559,gouvernement,ordinaire,4
PRJLANR5L15B3651,15,2020-12-09,559,gouvernement,ordinaire,1
PIONANR5L15B3661,15,2020-12-14,554,parlementaire,ordinaire,4
PIONANR5L15B3662,15,2020-12-14,554,parlementaire,ordinaire,1
PIONANR5L15B3663,15,2020-12-14,554,parlementaire,ordinaire,1
PIONANR5L15B3664,15,2020-12-14,554,parlementaire,ordinaire,1
PIONANR5L15B3665,15,2020-12-14,554,parlementaire,ordinaire,1
PIONANR5L15B3666,15,2020-12-14,554,parlementaire,ordinaire,1
PIONANR5L15B3667,15,2020-12-14,554,parlementaire,ordinaire,1
PIONANR5L15B3668,15,2020-12-14,554,parlementaire,ordinaire,1
PIONANR5L15B3669,15,2020-12-14,554,parlementaire,ordinaire,4
PIONANR5L15B3670,15,2020-12-14,554,parlementaire,ordinaire,1
PIONANR5L15B3671,15,2020-12-14,554,parlementaire,ordinaire,1
PIONANR5L15B3672,15,2020-12-14,554,parlementaire,ordinaire,1
PIONANR5L15B3673,15,2020-12-14,554,parlementaire,ordinaire,1
PIONANR5L15B3674,15,2020-12-14,554,parlementaire,ordinaire,1
PIONANR5L15B3675,15,2020-12-14,554,parlementaire,ordinaire,1
PIONANR5L15B3676,15,2020-12-14,554,parlementaire,ordinaire,1
PIONANR5L15B3677,15,2020-12-14,554,parlementaire,ordinaire,1
PIONANR5L15B3678,15,2020-12-14,554,parlementaire,ordinaire,1
PIONANR5L15B3679,15,2020-12-14,554,parlementaire,ordinaire,1
PIONANR5L15B3680,15,2020-12-14,554,parlementaire,ordinaire,1
PIONANR5L15B3681,15,2020-12-14,554,parlementaire,ordinaire,1
PIONANR5L15B3682,15,2020-12-14,554,parlementaire,ordinaire,4
PIONANR5L15B3683,15,2020-12-14,554,parlementaire,ordinaire,1
PIONANR5L15B3684,15,2020-12-14,554,parlementaire,ordinaire,2
PIONANR5L15B3685,15,2020-12-14,554,parlementaire,ordinaire,1
PIONANR5L15B3686,15,2020-12-14,554,parlementaire,ordinaire,1
PIONANR5L15B3687,15,2020-12-14,554,parlementaire,ordinaire,1
PIONANR5L15B3688,15,2020-12-14,554,parlementaire,ordinaire,4
PIONANR5L15B3689,15,2020-12-14,554,parlementaire,ordinaire,1
PIONANR5L15B3690,15,2020-12-14,554,parlementaire,ordinaire,1
PIONANR5L15B3691,15,2020-12-14,554,parlementaire,ordinaire,1
PRJLANR5L15B3699,15,2020-12-16,552,gouvernement,ordinaire,4
PRJLANR5L15B3712,15,2020-12-21,547,gouvernement,ordinaire,1
PRJLANR5L15B3713,15,2020-12-21,547,gouvernement,organique,4
PRJLANR5L15B3714,15,2020-12-21,547,gouvernement,ordinaire,1
PIONANR5L15B3718,15,2020-12-23,545,parlementaire,ordinaire,4
PIONANR5L15B3720,15,2021-01-05,532,parlementaire,organique,1
PIONANR5L15B3721,15,2021-01-05,532,parlementaire,ordinaire,2
PIONANR5L15B3722,15,2021-01-05,532,parlementaire,ordinaire,1
PIONANR5L15B3723,15,2021-01-05,532,parlementaire,ordinaire,2
PIONANR5L15B3724,15,2021-01-05,532,parlementaire,ordinaire,2
PIONANR5L15B3725,15,2021-01-05,532,parlementaire,ordinaire,1
PRJLANR5L15B3726,15,2021-01-06,531,gouvernement,ordinaire,1
PRJLANR5L15B3727,15,2021-01-06,531,gouvernement,ordinaire,1
PRJLANR5L15B3733,15,2021-01-13,524,gouvernement,ordinaire,4
PRJLANR5L15B3734,15,2021-01-13,524,gouvernement,traite,4
PRJLANR5L15B3735,15,2021-01-13,524,gouvernement,ordinaire,1
PRJLANR5L15B3736,15,2021-01-13,524,gouvernement,ordinaire,1
PIONANR5L15B3746,15,2021-01-19,518,parlementaire,ordinaire,1
PIONANR5L15B3747,15,2021-01-19,518,parlementaire,ordinaire,1
PIONANR5L15B3748,15,2021-01-19,518,parlementaire,ordinaire,1
PIONANR5L15B3749,15,2021-01-19,518,parlementaire,ordinaire,1
PIONANR5L15B3750,15,2021-01-19,518,parlementaire,ordinaire,1
PIONANR5L15B3751,15,2021-01-19,518,parlementaire,ordinaire,1
PIONANR5L15B3752,15,2021-01-19,518,parlementaire,ordinaire,1
PIONANR5L15B3753,15,2021-01-19,518,parlementaire,ordinaire,1
PIONANR5L15B3754,15,2021-01-19,518,parlementaire,ordinaire,1
PIONANR5L15B3755,15,2021-01-19,518,parlementaire,ordinaire,1
PIONANR5L15B3756,15,2021-01-19,518,parlementaire,ordinaire,1
PIONANR5L15B3757,15,2021-01-19,518,parlementaire,ordinaire,1
PIONANR5L15B3758,15,2021-01-19,518,parlementaire,ordinaire,1
PIONANR5L15B3759,15,2021-01-19,518,parlementaire,ordinaire,1
PIONANR5L15B3760,15,2021-01-19,518,parlementaire,ordinaire,1
PIONANR5L15B3761,15,2021-01-19,518,parlementaire,ordinaire,1
PIONANR5L15B3762,15,2021-01-19,518,parlementaire,ordinaire,1
PIONANR5L15B3763,15,2021-01-19,518,parlementaire,ordinaire,1
PIONANR5L15B3764,15,2021-01-19,518,parlementaire,ordinaire,1
PIONANR5L15B3765,15,2021-01-19,518,parlementaire,ordinaire,1
PIONANR5L15B3766,15,2021-01-19,518,parlementaire,ordinaire,1
PIONANR5L15B3767,15,2021-01-19,518,parlementaire,ordinaire,1
PIONANR5L15B3768,15,2021-01-19,518,parlementaire,ordinaire,1
PIONANR5L15B3769,15,2021-01-19,518,parlementaire,ordinaire,1
PIONANR5L15B3770,15,2021-01-19,518,parlementaire,ordinaire,1
PIONANR5L15B3771,15,2021-01-19,518,parlementaire,ordinaire,1
PIONANR5L15B3788,15,2021-01-20,517,parlementaire,organique,1
PRJLANR5L15B3783,15,2021-01-20,517,gouvernement,ordinaire,1
PRJLANR5L15B3787,15,2021-01-20,517,gouvernement,constitutionnelle,2
PIONANR5L15B3799,15,2021-01-26,511,parlementaire,ordinaire,1
PIONANR5L15B3800,15,2021-01-26,511,parlementaire,ordinaire,1
PIONANR5L15B3801,15,2021-01-26,511,parlementaire,ordinaire,1
PIONANR5L15B3802,15,2021-01-26,511,parlementaire,ordinaire,1
PIONANR5L15B3803,15,2021-01-26,511,parlementaire,ordinaire,1
PIONANR5L15B3804,15,2021-01-26,511,parlementaire,ordinaire,1
PIONANR5L15B3805,15,2021-01-26,511,parlementaire,ordinaire,1
PIONANR5L15B3806,15,2021-01-26,511,parlementaire,ordinaire,1
PIONANR5L15B3807,15,2021-01-26,511,parlementaire,ordinaire,4
PIONANR5L15B3808,15,2021-01-26,511,parlementaire,ordinaire,4
PRJLANR5L15B3816,15,2021-01-27,510,gouvernement,traite,1
PRJLANR5L15B3826,15,2021-02-03,503,gouvernement,ordinaire,1
PRJLANR5L15B3829,15,2021-02-03,503,gouvernement,ordinaire,1
PIONANR5L15B3837,15,2021-02-09,497,parlementaire,ordinaire,1
PIONANR5L15B3838,15,2021-02-09,497,parlementaire,ordinaire,1
PIONANR5L15B3839,15,2021-02-09,497,parlementaire,ordinaire,1
PIONANR5L15B3840,15,2021-02-09,497,parlementaire,ordinaire,1
PIONANR5L15B3841,15,2021-02-09,497,parlementaire,ordinaire,1
PIONANR5L15B3842,15,2021-02-09,497,parlementaire,ordinaire,1
PIONANR5L15B3843,15,2021-02-09,497,parlementaire,ordinaire,1
PIONANR5L15B3844,15,2021-02-09,497,parlementaire,ordinaire,1
PIONANR5L15B3845,15,2021-02-09,497,parlementaire,ordinaire,1
PIONANR5L15B3846,15,2021-02-09,497,parlementaire,ordinaire,1
PIONANR5L15B3847,15,2021-02-09,497,parlementaire,ordinaire,1
PIONANR5L15B3848,15,2021-02-09,497,parlementaire,ordinaire,2
PIONANR5L15B3849,15,2021-02-09,497,parlementaire,ordinaire,1
PIONANR5L15B3850,15,2021-02-09,497,parlementaire,ordinaire,1
PIONANR5L15B3851,15,2021-02-09,497,parlementaire,ordinaire,1
PIONANR5L15B3852,15,2021-02-09,497,parlementaire,ordinaire,1
PIONANR5L15B3853,15,2021-02-09,497,parlementaire,ordinaire,4
PIONANR5L15B3854,15,2021-02-09,497,parlementaire,ordinaire,1
PIONANR5L15B3855,15,2021-02-09,497,parlementaire,ordinaire,1
PIONANR5L15B3856,15,2021-02-09,497,parlementaire,ordinaire,1
PIONANR5L15B3857,15,2021-02-09,497,parlementaire,ordinaire,1
PIONANR5L15B3858,15,2021-02-09,497,parlementaire,ordinaire,1
PIONANR5L15B3859,15,2021-02-09,497,parlementaire,ordinaire,1
PIONANR5L15B3860,15,2021-02-09,497,parlementaire,ordinaire,1
PIONANR5L15B3861,15,2021-02-09,497,parlementaire,ordinaire,1
PIONANR5L15B3862,15,2021-02-09,497,parlementaire,ordinaire,1
PIONANR5L15B3863,15,2021-02-09,497,parlementaire,ordinaire,4
PIONANR5L15B3864,15,2021-02-09,497,parlementaire,ordinaire,1
PIONANR5L15B3865,15,2021-02-09,497,parlementaire,ordinaire,1
PIONANR5L15B3866,15,2021-02-09,497,parlementaire,ordinaire,1
PIONANR5L15B3867,15,2021-02-09,497,parlementaire,ordinaire,1
PIONANR5L15B3868,15,2021-02-09,497,parlementaire,ordinaire,1
PRJLANR5L15B3875,15,2021-02-10,496,gouvernement,ordinaire,4
PIONANR5L15B3882,15,2021-02-11,495,parlementaire,organique,1
PIONANR5L15B3895,15,2021-02-17,489,parlementaire,constitutionnelle,1
PIONANR5L15B3896,15,2021-02-17,489,parlementaire,constitutionnelle,2
PRJLANR5L15B3892,15,2021-02-17,489,gouvernement,ordinaire,1
PIONANR5L15B3897,15,2021-02-18,488,parlementaire,constitutionnelle,1
PIONANR5L15B3905,15,2021-02-23,483,parlementaire,organique,1
PIONANR5L15B3906,15,2021-02-23,483,parlementaire,ordinaire,1
PIONANR5L15B3907,15,2021-02-23,483,parlementaire,ordinaire,1
PIONANR5L15B3908,15,2021-02-23,483,parlementaire,ordinaire,1
PIONANR5L15B3909,15,2021-02-23,483,parlementaire,ordinaire,1
PIONANR5L15B3910,15,2021-02-23,483,parlementaire,ordinaire,1
PIONANR5L15B3911,15,2021-02-23,483,parlementaire,ordinaire,1
PIONANR5L15B3912,15,2021-02-23,483,parlementaire,ordinaire,1
PIONANR5L15B3913,15,2021-02-23,483,parlementaire,ordinaire,1
PIONANR5L15B3914,15,2021-02-23,483,parlementaire,ordinaire,1
PIONANR5L15B3915,15,2021-02-23,483,parlementaire,ordinaire,1
PIONANR5L15B3916,15,2021-02-23,483,parlementaire,ordinaire,1
PIONANR5L15B3917,15,2021-02-23,483,parlementaire,ordinaire,1
PIONANR5L15B3918,15,2021-02-23,483,parlementaire,ordinaire,1
PIONANR5L15B3919,15,2021-02-23,483,parlementaire,ordinaire,1
PIONANR5L15B3920,15,2021-02-23,483,parlementaire,ordinaire,1
PIONANR5L15B3921,15,2021-02-23,483,parlementaire,ordinaire,1
PIONANR5L15B3922,15,2021-02-23,483,parlementaire,ordinaire,1
PIONANR5L15B3923,15,2021-02-23,483,parlementaire,ordinaire,1
PIONANR5L15B3924,15,2021-02-23,483,parlementaire,ordinaire,1
PIONANR5L15B3925,15,2021-02-23,483,parlementaire,ordinaire,1
PIONANR5L15B3926,15,2021-02-23,483,parlementaire,ordinaire,1
PIONANR5L15B3927,15,2021-02-23,483,parlementaire,ordinaire,1
PIONANR5L15B3928,15,2021-02-23,483,parlementaire,ordinaire,2
PRJLANR5L15B3930,15,2021-02-24,482,gouvernement,traite,4
PRJLANR5L15B3931,15,2021-02-24,482,gouvernement,ordinaire,1
PIONANR5L15B3932,15,2021-02-26,480,parlementaire,constitutionnelle,1
PRJLANR5L15B3938,15,2021-03-03,475,gouvernement,ordinaire,1
PRJLANR5L15B3940,15,2021-03-03,475,gouvernement,ordinaire,1
PIONANR5L15B3946,15,2021-03-04,474,parlementaire,constitutionnelle,1
PIONANR5L15B3952,15,2021-03-09,469,parlementaire,constitutionnelle,1
PIONANR5L15B3955,15,2021-03-09,469,parlementaire,ordinaire,1
PIONANR5L15B3956,15,2021-03-09,469,parlementaire,ordinaire,1
PIONANR5L15B3957,15,2021-03-09,469,parlementaire,ordinaire,1
PIONANR5L15B3958,15,2021-03-09,469,parlementaire,ordinaire,1
PIONANR5L15B3959,15,2021-03-09,469,parlementaire,ordinaire,1
PIONANR5L15B3960,15,2021-03-09,469,parlementaire,ordinaire,1
PIONANR5L15B3961,15,2021-03-09,469,parlementaire,ordinaire,1
PIONANR5L15B3962,15,2021-03-09,469,parlementaire,ordinaire,1
PIONANR5L15B3963,15,2021-03-09,469,parlementaire,ordinaire,1
PIONANR5L15B3964,15,2021-03-09,469,parlementaire,ordinaire,1
PIONANR5L15B3965,15,2021-03-09,469,parlementaire,ordinaire,1
PIONANR5L15B3966,15,2021-03-09,469,parlementaire,ordinaire,2
PIONANR5L15B3967,15,2021-03-09,469,parlementaire,ordinaire,1
PRJLANR5L15B3975,15,2021-03-10,468,gouvernement,ordinaire,1
PRJLANR5L15B3992,15,2021-03-17,461,gouvernement,ordinaire,1
PIONANR5L15B4000,15,2021-03-23,455,parlementaire,ordinaire,4
PIONANR5L15B4001,15,2021-03-23,455,parlementaire,ordinaire,1
PIONANR5L15B4002,15,2021-03-23,455,parlementaire,ordinaire,1
PIONANR5L15B4003,15,2021-03-23,455,parlementaire,ordinaire,1
PIONANR5L15B4004,15,2021-03-23,455,parlementaire,ordinaire,1
PIONANR5L15B4005,15,2021-03-23,455,parlementaire,ordinaire,1
PIONANR5L15B4006,15,2021-03-23,455,parlementaire,ordinaire,1
PIONANR5L15B4007,15,2021-03-23,455,parlementaire,ordinaire,1
PIONANR5L15B4008,15,2021-03-23,455,parlementaire,ordinaire,1
PIONANR5L15B4009,15,2021-03-23,455,parlementaire,ordinaire,1
PIONANR5L15B4010,15,2021-03-23,455,parlementaire,ordinaire,1
PIONANR5L15B4011,15,2021-03-23,455,parlementaire,ordinaire,1
PIONANR5L15B4012,15,2021-03-23,455,parlementaire,ordinaire,1
PIONANR5L15B4013,15,2021-03-23,455,parlementaire,ordinaire,2
PIONANR5L15B4014,15,2021-03-23,455,parlementaire,ordinaire,2
PIONANR5L15B4015,15,2021-03-23,455,parlementaire,ordinaire,1
PIONANR5L15B4016,15,2021-03-23,455,parlementaire,ordinaire,1
PIONANR5L15B4017,15,2021-03-23,455,parlementaire,ordinaire,2
PIONANR5L15B4018,15,2021-03-23,455,parlementaire,ordinaire,1
PIONANR5L15B4019,15,2021-03-23,455,parlementaire,ordinaire,2
PIONANR5L15B4020,15,2021-03-23,455,parlementaire,ordinaire,2
PIONANR5L15B4021,15,2021-03-23,455,parlementaire,ordinaire,4
PIONANR5L15B4022,15,2021-03-23,455,parlementaire,ordinaire,1
PRJLANR5L15B4023,15,2021-03-24,454,gouvernement,ordinaire,1
PRJLANR5L15B4041,15,2021-03-31,447,gouvernement,ordinaire,1
PIONANR5L15B4053,15,2021-04-07,440,parlementaire,ordinaire,1
PIONANR5L15B4054,15,2021-04-07,440,parlementaire,ordinaire,1
PIONANR5L15B4055,15,2021-04-07,440,parlementaire,ordinaire,1
PIONANR5L15B4056,15,2021-04-07,440,parlementaire,ordinaire,1
PIONANR5L15B4057,15,2021-04-07,440,parlementaire,ordinaire,1
PIONANR5L15B4058,15,2021-04-07,440,parlementaire,ordinaire,1
PIONANR5L15B4059,15,2021-04-07,440,parlementaire,ordinaire,1
PIONANR5L15B4060,15,2021-04-07,440,parlementaire,ordinaire,1
PIONANR5L15B4061,15,2021-04-07,440,parlementaire,ordinaire,1
PIONANR5L15B4062,15,2021-04-07,440,parlementaire,ordinaire,1
PIONANR5L15B4063,15,2021-04-07,440,parlementaire,ordinaire,1
PIONANR5L15B4064,15,2021-04-07,440,parlementaire,ordinaire,1
PIONANR5L15B4065,15,2021-04-07,440,parlementaire,ordinaire,1
PIONANR5L15B4066,15,2021-04-07,440,parlementaire,ordinaire,1
PIONANR5L15B4067,15,2021-04-07,440,parlementaire,ordinaire,1
PRJLANR5L15B4090,15,2021-04-14,433,gouvernement,finances_fss,4
PRJLANR5L15B4091,15,2021-04-14,433,gouvernement,ordinaire,4
PRJLANR5L15B4092,15,2021-04-14,433,gouvernement,organique,4
PRJLANR5L15B4104,15,2021-04-28,419,gouvernement,ordinaire,4
PRJLANR5L15B4105,15,2021-04-28,419,gouvernement,ordinaire,4
PRJLANR5L15B4106,15,2021-04-28,419,gouvernement,ordinaire,1
PIONANR5L15B4110,15,2021-05-04,413,parlementaire,organique,4
PIONANR5L15B4111,15,2021-05-04,413,parlementaire,organique,4
PIONANR5L15B4113,15,2021-05-04,413,parlementaire,ordinaire,4
PIONANR5L15B4114,15,2021-05-04,413,parlementaire,ordinaire,1
PIONANR5L15B4115,15,2021-05-04,413,parlementaire,ordinaire,1
PIONANR5L15B4116,15,2021-05-04,413,parlementaire,ordinaire,1
PIONANR5L15B4117,15,2021-05-04,413,parlementaire,ordinaire,1
PIONANR5L15B4118,15,2021-05-04,413,parlementaire,ordinaire,1
PIONANR5L15B4119,15,2021-05-04,413,parlementaire,ordinaire,1
PIONANR5L15B4120,15,2021-05-04,413,parlementaire,ordinaire,1
PIONANR5L15B4121,15,2021-05-04,413,parlementaire,ordinaire,1
PIONANR5L15B4122,15,2021-05-04,413,parlementaire,ordinaire,1
PIONANR5L15B4123,15,2021-05-04,413,parlementaire,ordinaire,1
PIONANR5L15B4124,15,2021-05-04,413,parlementaire,ordinaire,1
PIONANR5L15B4125,15,2021-05-04,413,parlementaire,ordinaire,1
PIONANR5L15B4126,15,2021-05-04,413,parlementaire,ordinaire,1
PIONANR5L15B4127,15,2021-05-04,413,parlementaire,ordinaire,1
PIONANR5L15B4128,15,2021-05-04,413,parlementaire,ordinaire,1
PIONANR5L15B4129,15,2021-05-04,413,parlementaire,ordinaire,1
PIONANR5L15B4130,15,2021-05-04,413,parlementaire,ordinaire,1
PIONANR5L15B4131,15,2021-05-04,413,parlementaire,ordinaire,1
PIONANR5L15B4132,15,2021-05-04,413,parlementaire,ordinaire,1
PIONANR5L15B4133,15,2021-05-04,413,parlementaire,ordinaire,1
PIONANR5L15B4134,15,2021-05-04,413,parlementaire,ordinaire,4
PIONANR5L15B4135,15,2021-05-04,413,parlementaire,ordinaire,1
PIONANR5L15B4136,15,2021-05-04,413,parlementaire,ordinaire,1
PIONANR5L15B4137,15,2021-05-04,413,parlementaire,ordinaire,4
PIONANR5L15B4138,15,2021-05-04,413,parlementaire,ordinaire,2
PIONANR5L15B4139,15,2021-05-04,413,parlementaire,ordinaire,4
PRJLANR5L15B4142,15,2021-05-05,412,gouvernement,ordinaire,1
PIONANR5L15B4148,15,2021-05-11,406,parlementaire,constitutionnelle,1
PIONANR5L15B4155,15,2021-05-12,405,parlementaire,constitutionnelle,1
PIONANR5L15B4162,15,2021-05-18,399,parlementaire,ordinaire,1
PIONANR5L15B4163,15,2021-05-18,399,parlementaire,ordinaire,1
PIONANR5L15B4164,15,2021-05-18,399,parlementaire,ordinaire,1
PIONANR5L15B4165,15,2021-05-18,399,parlementaire,ordinaire,1
PIONANR5L15B4166,15,2021-05-18,399,parlementaire,ordinaire,1
PIONANR5L15B4167,15,2021-05-18,399,parlementaire,ordinaire,1
PIONANR5L15B4168,15,2021-05-18,399,parlementaire,ordinaire,1
PIONANR5L15B4169,15,2021-05-18,399,parlementaire,ordinaire,1
PIONANR5L15B4170,15,2021-05-18,399,parlementaire,ordinaire,1
PIONANR5L15B4171,15,2021-05-18,399,parlementaire,ordinaire,1
PIONANR5L15B4172,15,2021-05-18,399,parlementaire,ordinaire,1
PIONANR5L15B4173,15,2021-05-18,399,parlementaire,ordinaire,1
PRJLANR5L15B4200,15,2021-05-26,391,gouvernement,traite,4
PIONANR5L15B4205,15,2021-06-01,385,parlementaire,ordinaire,1
PIONANR5L15B4206,15,2021-06-01,385,parlementaire,ordinaire,1
PIONANR5L15B4207,15,2021-06-01,385,parlementaire,ordinaire,1
PIONANR5L15B4208,15,2021-06-01,385,parlementaire,ordinaire,1
PIONANR5L15B4209,15,2021-06-01,385,parlementaire,ordinaire,1
PIONANR5L15B4210,15,2021-06-01,385,parlementaire,ordinaire,1
PIONANR5L15B4211,15,2021-06-01,385,parlementaire,ordinaire,1
PIONANR5L15B4212,15,2021-06-01,385,parlementaire,ordinaire,1
PRJLANR5L15B4215,15,2021-06-02,384,gouvernement,finances_fss,4
PRJLANR5L15B4216,15,2021-06-02,384,gouvernement,traite,4
PRJLANR5L15B4233,15,2021-06-09,377,gouvernement,traite,2
PIONANR5L15B4246,15,2021-06-15,371,parlementaire,ordinaire,1
PIONANR5L15B4247,15,2021-06-15,371,parlementaire,ordinaire,1
PIONANR5L15B4248,15,2021-06-15,371,parlementaire,ordinaire,1
PIONANR5L15B4249,15,2021-06-15,371,parlementaire,ordinaire,1
PIONANR5L15B4250,15,2021-06-15,371,parlementaire,ordinaire,1
PIONANR5L15B4251,15,2021-06-15,371,parlementaire,ordinaire,1
PIONANR5L15B4252,15,2021-06-15,371,parlementaire,ordinaire,1
PIONANR5L15B4253,15,2021-06-15,371,parlementaire,ordinaire,1
PIONANR5L15B4254,15,2021-06-15,371,parlementaire,ordinaire,1
PIONANR5L15B4255,15,2021-06-15,371,parlementaire,ordinaire,1
PIONANR5L15B4256,15,2021-06-15,371,parlementaire,ordinaire,1
PIONANR5L15B4257,15,2021-06-15,371,parlementaire,ordinaire,1
PIONANR5L15B4258,15,2021-06-15,371,parlementaire,ordinaire,1
PIONANR5L15B4259,15,2021-06-15,371,parlementaire,ordinaire,1
PIONANR5L15B4260,15,2021-06-15,371,parlementaire,ordinaire,1
PRJLANR5L15B4264,15,2021-06-16,370,gouvernement,ordinaire,4
PRJLANR5L15B4265,15,2021-06-16,370,gouvernement,ordinaire,4
PIONANR5L15B4269,15,2021-06-18,368,parlementaire,constitutionnelle,1
PIONANR5L15B4270,15,2021-06-18,368,parlementaire,organique,1
PIONANR5L15B4284,15,2021-06-29,357,parlementaire,ordinaire,1
PIONANR5L15B4285,15,2021-06-29,357,parlementaire,ordinaire,1
PIONANR5L15B4286,15,2021-06-29,357,parlementaire,ordinaire,1
PIONANR5L15B4287,15,2021-06-29,357,parlementaire,ordinaire,1
PIONANR5L15B4288,15,2021-06-29,357,parlementaire,ordinaire,1
PIONANR5L15B4289,15,2021-06-29,357,parlementaire,ordinaire,1
PIONANR5L15B4290,15,2021-06-29,357,parlementaire,ordinaire,1
PIONANR5L15B4291,15,2021-06-29,357,parlementaire,ordinaire,1
PIONANR5L15B4292,15,2021-06-29,357,parlementaire,ordinaire,1
PIONANR5L15B4293,15,2021-06-29,357,parlementaire,ordinaire,1
PIONANR5L15B4294,15,2021-06-29,357,parlementaire,ordinaire,1
PIONANR5L15B4295,15,2021-06-29,357,parlementaire,ordinaire,1
PIONANR5L15B4296,15,2021-06-29,357,parlementaire,ordinaire,1
PIONANR5L15B4297,15,2021-06-29,357,parlementaire,ordinaire,1
PRJLANR5L15B4303,15,2021-06-30,356,gouvernement,ordinaire,1
PRJLANR5L15B4321,15,2021-07-07,349,gouvernement,ordinaire,1
PRJLANR5L15B4322,15,2021-07-07,349,gouvernement,ordinaire,1
PRJLANR5L15B4323,15,2021-07-07,349,gouvernement,ordinaire,4
PRJLANR5L15B4324,15,2021-07-07,349,gouvernement,ordinaire,2
PIONANR5L15B4332,15,2021-07-08,348,parlementaire,constitutionnelle,1
PIONANR5L15B4340,15,2021-07-13,343,parlementaire,ordinaire,1
PIONANR5L15B4341,15,2021-07-13,343,parlementaire,ordinaire,1
PIONANR5L15B4342,15,2021-07-13,343,parlementaire,ordinaire,1
PIONANR5L15B4343,15,2021-07-13,343,parlementaire,ordinaire,1
PIONANR5L15B4344,15,2021-07-13,343,parlementaire,ordinaire,1
PIONANR5L15B4345,15,2021-07-13,343,parlementaire,ordinaire,1
PIONANR5L15B4346,15,2021-07-13,343,parlementaire,ordinaire,1
PIONANR5L15B4347,15,2021-07-13,343,parlementaire,ordinaire,1
PIONANR5L15B4348,15,2021-07-13,343,parlementaire,ordinaire,1
PIONANR5L15B4349,15,2021-07-13,343,parlementaire,ordinaire,1
PIONANR5L15B4350,15,2021-07-13,343,parlementaire,ordinaire,1
PIONANR5L15B4351,15,2021-07-13,343,parlementaire,ordinaire,1
PIONANR5L15B4352,15,2021-07-13,343,parlementaire,ordinaire,1
PIONANR5L15B4353,15,2021-07-13,343,parlementaire,ordinaire,1
PIONANR5L15B4354,15,2021-07-13,343,parlementaire,ordinaire,1
PIONANR5L15B4355,15,2021-07-13,343,parlementaire,ordinaire,1
PIONANR5L15B4356,15,2021-07-13,343,parlementaire,ordinaire,1
PIONANR5L15B4357,15,2021-07-13,343,parlementaire,ordinaire,1
PIONANR5L15B4358,15,2021-07-13,343,parlementaire,ordinaire,1
PIONANR5L15B4359,15,2021-07-13,343,parlementaire,ordinaire,1
PRJLANR5L15B4338,15,2021-07-13,343,gouvernement,traite,2
PRJLANR5L15B4339,15,2021-07-13,343,gouvernement,ordinaire,1
PRJLANR5L15B4360,15,2021-07-13,343,gouvernement,ordinaire,1
PRJLANR5L15B4361,15,2021-07-13,343,gouvernement,ordinaire,4
PIONANR5L15B4375,15,2021-07-15,341,parlementaire,organique,4
PRJLANR5L15B4386,15,2021-07-20,336,gouvernement,ordinaire,4
PRJLANR5L15B4387,15,2021-07-20,336,gouvernement,ordinaire,4
PRJLANR5L15B4388,15,2021-07-20,336,gouvernement,ordinaire,1
PIONANR5L15B4394,15,2021-07-21,335,parlementaire,ordinaire,1
PIONANR5L15B4395,15,2021-07-21,335,parlementaire,ordinaire,1
PIONANR5L15B4396,15,2021-07-21,335,parlementaire,ordinaire,1
PIONANR5L15B4397,15,2021-07-21,335,parlementaire,ordinaire,1
PIONANR5L15B4398,15,2021-07-21,335,parlementaire,ordinaire,4
PIONANR5L15B4399,15,2021-07-21,335,parlementaire,ordinaire,1
PRJLANR5L15B4418,15,2021-07-29,327,gouvernement,ordinaire,1
PRJLANR5L15B4419,15,2021-07-29,327,gouvernement,ordinaire,1
PIONANR5L15B4422,15,2021-08-25,300,parlementaire,ordinaire,1
PIONANR5L15B4423,15,2021-08-25,300,parlementaire,ordinaire,2
PIONANR5L15B4424,15,2021-08-25,300,parlementaire,ordinaire,1
PRJLANR5L15B4425,15,2021-08-25,300,gouvernement,ordinaire,2
PRJLANR5L15B4426,15,2021-08-25,300,gouvernement,ordinaire,1
PRJLANR5L15B4428,15,2021-09-01,293,gouvernement,ordinaire,4
PRJLANR5L15B4429,15,2021-09-01,293,gouvernement,ordinaire,1
PRJLANR5L15B4430,15,2021-09-01,293,gouvernement,ordinaire,1
PRJLANR5L15B4439,15,2021-09-15,279,gouvernement,ordinaire,1
PIONANR5L15B4444,15,2021-09-16,278,parlementaire,constitutionnelle,1
PIONANR5L15B4446,15,2021-09-21,273,parlementaire,ordinaire,1
PIONANR5L15B4447,15,2021-09-21,273,parlementaire,ordinaire,1
PIONANR5L15B4448,15,2021-09-21,273,parlementaire,ordinaire,1
PIONANR5L15B4449,15,2021-09-21,273,parlementaire,ordinaire,1
PIONANR5L15B4450,15,2021-09-21,273,parlementaire,ordinaire,1
PIONANR5L15B4451,15,2021-09-21,273,parlementaire,ordinaire,1
PIONANR5L15B4452,15,2021-09-21,273,parlementaire,ordinaire,1
PIONANR5L15B4453,15,2021-09-21,273,parlementaire,ordinaire,1
PIONANR5L15B4454,15,2021-09-21,273,parlementaire,ordinaire,1
PIONANR5L15B4455,15,2021-09-21,273,parlementaire,ordinaire,1
PIONANR5L15B4456,15,2021-09-21,273,parlementaire,ordinaire,1
PIONANR5L15B4457,15,2021-09-21,273,parlementaire,ordinaire,1
PIONANR5L15B4458,15,2021-09-21,273,parlementaire,ordinaire,1
PIONANR5L15B4459,15,2021-09-21,273,parlementaire,ordinaire,1
PIONANR5L15B4460,15,2021-09-21,273,parlementaire,ordinaire,1
PIONANR5L15B4461,15,2021-09-21,273,parlementaire,ordinaire,1
PIONANR5L15B4462,15,2021-09-21,273,parlementaire,ordinaire,1
PIONANR5L15B4463,15,2021-09-21,273,parlementaire,ordinaire,1
PIONANR5L15B4464,15,2021-09-21,273,parlementaire,ordinaire,1
PIONANR5L15B4465,15,2021-09-21,273,parlementaire,ordinaire,1
PIONANR5L15B4466,15,2021-09-21,273,parlementaire,ordinaire,1
PIONANR5L15B4467,15,2021-09-21,273,parlementaire,ordinaire,1
PIONANR5L15B4468,15,2021-09-21,273,parlementaire,ordinaire,1
PIONANR5L15B4469,15,2021-09-21,273,parlementaire,ordinaire,1
PIONANR5L15B4470,15,2021-09-21,273,parlementaire,ordinaire,1
PIONANR5L15B4471,15,2021-09-21,273,parlementaire,ordinaire,1
PIONANR5L15B4472,15,2021-09-21,273,parlementaire,ordinaire,1
PIONANR5L15B4473,15,2021-09-21,273,parlementaire,ordinaire,1
PIONANR5L15B4474,15,2021-09-21,273,parlementaire,ordinaire,1
PIONANR5L15B4475,15,2021-09-21,273,parlementaire,ordinaire,1
PIONANR5L15B4476,15,2021-09-21,273,parlementaire,ordinaire,1
PIONANR5L15B4477,15,2021-09-21,273,parlementaire,ordinaire,1
PIONANR5L15B4478,15,2021-09-21,273,parlementaire,ordinaire,1
PRJLANR5L15B4482,15,2021-09-22,272,gouvernement,finances_fss,4
PIONANR5L15B4509,15,2021-10-01,263,parlementaire,organique,1
PIONANR5L15B4516,15,2021-10-06,258,parlementaire,constitutionnelle,1
PRJLANR5L15B4522,15,2021-10-07,257,gouvernement,ordinaire,1
PRJLANR5L15B4523,15,2021-10-07,257,gouvernement,finances_fss,4
PIONANR5L15B4529,15,2021-10-12,252,parlementaire,ordinaire,1
PIONANR5L15B4530,15,2021-10-12,252,parlementaire,ordinaire,1
PIONANR5L15B4531,15,2021-10-12,252,parlementaire,ordinaire,1
PIONANR5L15B4532,15,2021-10-12,252,parlementaire,ordinaire,1
PIONANR5L15B4533,15,2021-10-12,252,parlementaire,ordinaire,1
PIONANR5L15B4534,15,2021-10-12,252,parlementaire,ordinaire,1
PIONANR5L15B4535,15,2021-10-12,252,parlementaire,ordinaire,1
PIONANR5L15B4536,15,2021-10-12,252,parlementaire,ordinaire,1
PIONANR5L15B4537,15,2021-10-12,252,parlementaire,ordinaire,2
PIONANR5L15B4538,15,2021-10-12,252,parlementaire,ordinaire,1
PIONANR5L15B4539,15,2021-10-12,252,parlementaire,ordinaire,1
PIONANR5L15B4540,15,2021-10-12,252,parlementaire,ordinaire,1
PIONANR5L15B4541,15,2021-10-12,252,parlementaire,ordinaire,1
PIONANR5L15B4542,15,2021-10-12,252,parlementaire,ordinaire,1
PIONANR5L15B4543,15,2021-10-12,252,parlementaire,ordinaire,1
PIONANR5L15B4544,15,2021-10-12,252,parlementaire,ordinaire,1
PIONANR5L15B4545,15,2021-10-12,252,parlementaire,ordinaire,1
PIONANR5L15B4546,15,2021-10-12,252,parlementaire,ordinaire,1
PIONANR5L15B4547,15,2021-10-12,252,parlementaire,ordinaire,1
PIONANR5L15B4548,15,2021-10-12,252,parlementaire,ordinaire,1
PIONANR5L15B4549,15,2021-10-12,252,parlementaire,ordinaire,1
PIONANR5L15B4550,15,2021-10-12,252,parlementaire,ordinaire,1
PIONANR5L15B4551,15,2021-10-12,252,parlementaire,ordinaire,1
PIONANR5L15B4552,15,2021-10-12,252,parlementaire,ordinaire,1
PIONANR5L15B4553,15,2021-10-12,252,parlementaire,ordinaire,1
PIONANR5L15B4554,15,2021-10-12,252,parlementaire,ordinaire,2
PIONANR5L15B4555,15,2021-10-12,252,parlementaire,ordinaire,2
PIONANR5L15B4556,15,2021-10-12,252,parlementaire,ordinaire,2
PIONANR5L15B4557,15,2021-10-12,252,parlementaire,ordinaire,1
PRJLANR5L15B4564,15,2021-10-13,251,gouvernement,traite,2
PRJLANR5L15B4565,15,2021-10-13,251,gouvernement,ordinaire,4
PRJLANR5L15B4566,15,2021-10-13,251,gouvernement,ordinaire,1
PIONANR5L15B4570,15,2021-10-14,250,parlementaire,organique,1
PIONANR5L15B4576,15,2021-10-18,246,parlementaire,organique,2
PIONANR5L15B4579,15,2021-10-19,245,parlementaire,ordinaire,1
PIONANR5L15B4580,15,2021-10-19,245,parlementaire,ordinaire,1
PIONANR5L15B4581,15,2021-10-19,245,parlementaire,ordinaire,1
PIONANR5L15B4582,15,2021-10-19,245,parlementaire,ordinaire,1
PIONANR5L15B4583,15,2021-10-19,245,parlementaire,ordinaire,1
PIONANR5L15B4584,15,2021-10-19,245,parlementaire,ordinaire,1
PIONANR5L15B4585,15,2021-10-19,245,parlementaire,ordinaire,1
PIONANR5L15B4586,15,2021-10-19,245,parlementaire,ordinaire,1
PIONANR5L15B4587,15,2021-10-19,245,parlementaire,ordinaire,2
PIONANR5L15B4588,15,2021-10-19,245,parlementaire,ordinaire,2
PIONANR5L15B4589,15,2021-10-19,245,parlementaire,ordinaire,2
PIONANR5L15B4590,15,2021-10-19,245,parlementaire,ordinaire,2
PIONANR5L15B4591,15,2021-10-19,245,parlementaire,ordinaire,1
PIONANR5L15B4592,15,2021-10-19,245,parlementaire,ordinaire,2
PIONANR5L15B4593,15,2021-10-19,245,parlementaire,ordinaire,1
PIONANR5L15B4594,15,2021-10-19,245,parlementaire,ordinaire,1
PIONANR5L15B4595,15,2021-10-19,245,parlementaire,ordinaire,1
PIONANR5L15B4624,15,2021-10-29,235,parlementaire,ordinaire,4
PIONANR5L15B4633,15,2021-11-03,230,parlementaire,ordinaire,1
PIONANR5L15B4634,15,2021-11-03,230,parlementaire,ordinaire,1
PIONANR5L15B4635,15,2021-11-03,230,parlementaire,ordinaire,1
PIONANR5L15B4636,15,2021-11-03,230,parlementaire,ordinaire,2
PIONANR5L15B4637,15,2021-11-03,230,parlementaire,ordinaire,1
PIONANR5L15B4638,15,2021-11-03,230,parlementaire,ordinaire,1
PIONANR5L15B4639,15,2021-11-03,230,parlementaire,ordinaire,1
PIONANR5L15B4640,15,2021-11-03,230,parlementaire,ordinaire,1
PIONANR5L15B4641,15,2021-11-03,230,parlementaire,ordinaire,1
PIONANR5L15B4642,15,2021-11-03,230,parlementaire,ordinaire,1
PIONANR5L15B4643,15,2021-11-03,230,parlementaire,ordinaire,1
PIONANR5L15B4644,15,2021-11-03,230,parlementaire,ordinaire,1
PIONANR5L15B4645,15,2021-11-03,230,parlementaire,ordinaire,1
PIONANR5L15B4646,15,2021-11-03,230,parlementaire,ordinaire,4
PIONANR5L15B4647,15,2021-11-03,230,parlementaire,ordinaire,1
PIONANR5L15B4648,15,2021-11-03,230,parlementaire,ordinaire,1
PRJLANR5L15B4629,15,2021-11-03,230,gouvernement,finances_fss,4
PRJLANR5L15B4631,15,2021-11-03,230,gouvernement,ordinaire,4
PRJLANR5L15B4632,15,2021-11-03,230,gouvernement,ordinaire,4
PIONANR5L15B4658,15,2021-11-05,228,parlementaire,ordinaire,4
PIONANR5L15B4661,15,2021-11-10,223,parlementaire,constitutionnelle,1
PIONANR5L15B4669,15,2021-11-16,217,parlementaire,ordinaire,1
PIONANR5L15B4670,15,2021-11-16,217,parlementaire,ordinaire,1
PIONANR5L15B4671,15,2021-11-16,217,parlementaire,ordinaire,1
PIONANR5L15B4672,15,2021-11-16,217,parlementaire,ordinaire,1
PIONANR5L15B4673,15,2021-11-16,217,parlementaire,ordinaire,1
PIONANR5L15B4674,15,2021-11-16,217,parlementaire,ordinaire,1
PIONANR5L15B4675,15,2021-11-16,217,parlementaire,ordinaire,1
PIONANR5L15B4676,15,2021-11-16,217,parlementaire,ordinaire,1
PIONANR5L15B4677,15,2021-11-16,217,parlementaire,ordinaire,1
PIONANR5L15B4678,15,2021-11-16,217,parlementaire,ordinaire,1
PIONANR5L15B4679,15,2021-11-16,217,parlementaire,ordinaire,1
PIONANR5L15B4680,15,2021-11-16,217,parlementaire,ordinaire,1
PIONANR5L15B4681,15,2021-11-16,217,parlementaire,ordinaire,1
PIONANR5L15B4682,15,2021-11-16,217,parlementaire,ordinaire,1
PIONANR5L15B4683,15,2021-11-16,217,parlementaire,ordinaire,1
PIONANR5L15B4684,15,2021-11-16,217,parlementaire,ordinaire,1
PRJLANR5L15B4696,15,2021-11-17,216,gouvernement,traite,2
PIONANR5L15B4729,15,2021-11-30,203,parlementaire,ordinaire,1
PIONANR5L15B4730,15,2021-11-30,203,parlementaire,ordinaire,1
PIONANR5L15B4731,15,2021-11-30,203,parlementaire,ordinaire,1
PIONANR5L15B4732,15,2021-11-30,203,parlementaire,ordinaire,1
PIONANR5L15B4733,15,2021-11-30,203,parlementaire,ordinaire,1
PIONANR5L15B4734,15,2021-11-30,203,parlementaire,ordinaire,1
PIONANR5L15B4735,15,2021-11-30,203,parlementaire,ordinaire,1
PIONANR5L15B4736,15,2021-11-30,203,parlementaire,ordinaire,1
PIONANR5L15B4737,15,2021-11-30,203,parlementaire,ordinaire,1
PIONANR5L15B4738,15,2021-11-30,203,parlementaire,ordinaire,1
PIONANR5L15B4739,15,2021-11-30,203,parlementaire,ordinaire,1
PIONANR5L15B4740,15,2021-11-30,203,parlementaire,ordinaire,1
PIONANR5L15B4741,15,2021-11-30,203,parlementaire,ordinaire,1
PIONANR5L15B4742,15,2021-11-30,203,parlementaire,ordinaire,2
PIONANR5L15B4743,15,2021-11-30,203,parlementaire,ordinaire,2
PIONANR5L15B4744,15,2021-11-30,203,parlementaire,ordinaire,2
PIONANR5L15B4745,15,2021-11-30,203,parlementaire,ordinaire,2
PIONANR5L15B4746,15,2021-11-30,203,parlementaire,ordinaire,2
PIONANR5L15B4747,15,2021-11-30,203,parlementaire,ordinaire,1
PIONANR5L15B4751,15,2021-12-01,202,parlementaire,constitutionnelle,2
PRJLANR5L15B4758,15,2021-12-01,202,gouvernement,ordinaire,4
PIONANR5L15B4770,15,2021-12-07,196,parlementaire,ordinaire,1
PIONANR5L15B4771,15,2021-12-07,196,parlementaire,ordinaire,1
PIONANR5L15B4772,15,2021-12-07,196,parlementaire,ordinaire,1
PIONANR5L15B4773,15,2021-12-07,196,parlementaire,ordinaire,1
PIONANR5L15B4774,15,2021-12-07,196,parlementaire,ordinaire,1
PIONANR5L15B4775,15,2021-12-07,196,parlementaire,ordinaire,1
PIONANR5L15B4776,15,2021-12-07,196,parlementaire,ordinaire,1
PIONANR5L15B4777,15,2021-12-07,196,parlementaire,ordinaire,1
PIONANR5L15B4778,15,2021-12-07,196,parlementaire,ordinaire,1
PIONANR5L15B4779,15,2021-12-07,196,parlementaire,ordinaire,1
PIONANR5L15B4780,15,2021-12-07,196,parlementaire,ordinaire,1
PIONANR5L15B4781,15,2021-12-07,196,parlementaire,ordinaire,2
PIONANR5L15B4782,15,2021-12-07,196,parlementaire,ordinaire,2
PIONANR5L15B4783,15,2021-12-07,196,parlementaire,ordinaire,1
PIONANR5L15B4784,15,2021-12-07,196,parlementaire,ordinaire,2
PRJLANR5L15B4788,15,2021-12-08,195,gouvernement,ordinaire,1
PRJLANR5L15B4789,15,2021-12-08,195,gouvernement,traite,4
PIONANR5L15B4827,15,2021-12-21,182,parlementaire,ordinaire,2
PIONANR5L15B4828,15,2021-12-21,182,parlementaire,ordinaire,1
PIONANR5L15B4829,15,2021-12-21,182,parlementaire,ordinaire,1
PIONANR5L15B4830,15,2021-12-21,182,parlementaire,ordinaire,2
PIONANR5L15B4831,15,2021-12-21,182,parlementaire,ordinaire,1
PIONANR5L15B4832,15,2021-12-21,182,parlementaire,ordinaire,4
PIONANR5L15B4833,15,2021-12-21,182,parlementaire,ordinaire,1
PIONANR5L15B4834,15,2021-12-21,182,parlementaire,ordinaire,1
PIONANR5L15B4835,15,2021-12-21,182,parlementaire,ordinaire,1
PIONANR5L15B4836,15,2021-12-21,182,parlementaire,ordinaire,1
PIONANR5L15B4837,15,2021-12-21,182,parlementaire,ordinaire,1
PIONANR5L15B4838,15,2021-12-21,182,parlementaire,ordinaire,1
PIONANR5L15B4839,15,2021-12-21,182,parlementaire,ordinaire,1
PIONANR5L15B4840,15,2021-12-21,182,parlementaire,ordinaire,1
PIONANR5L15B4841,15,2021-12-21,182,parlementaire,ordinaire,1
PIONANR5L15B4842,15,2021-12-21,182,parlementaire,ordinaire,1
PIONANR5L15B4843,15,2021-12-21,182,parlementaire,ordinaire,1
PIONANR5L15B4844,15,2021-12-21,182,parlementaire,ordinaire,1
PIONANR5L15B4845,15,2021-12-21,182,parlementaire,ordinaire,1
PIONANR5L15B4846,15,2021-12-21,182,parlementaire,ordinaire,1
PIONANR5L15B4847,15,2021-12-21,182,parlementaire,ordinaire,1
PIONANR5L15B4848,15,2021-12-21,182,parlementaire,ordinaire,1
PIONANR5L15B4849,15,2021-12-21,182,parlementaire,ordinaire,1
PIONANR5L15B4850,15,2021-12-21,182,parlementaire,ordinaire,2
PIONANR5L15B4851,15,2021-12-21,182,parlementaire,ordinaire,1
PIONANR5L15B4852,15,2021-12-21,182,parlementaire,ordinaire,2
PIONANR5L15B4853,15,2021-12-21,182,parlementaire,ordinaire,4
PRJLANR5L15B4857,15,2021-12-27,176,gouvernement,ordinaire,4
PRJLANR5L15B4868,15,2022-01-05,167,gouvernement,traite,2
PIONANR5L15B4879,15,2022-01-11,161,parlementaire,ordinaire,1
PIONANR5L15B4880,15,2022-01-11,161,parlementaire,ordinaire,1
PIONANR5L15B4881,15,2022-01-11,161,parlementaire,ordinaire,1
PIONANR5L15B4882,15,2022-01-11,161,parlementaire,ordinaire,1
PIONANR5L15B4883,15,2022-01-11,161,parlementaire,ordinaire,2
PIONANR5L15B4884,15,2022-01-11,161,parlementaire,ordinaire,1
PIONANR5L15B4885,15,2022-01-11,161,parlementaire,ordinaire,1
PIONANR5L15B4886,15,2022-01-11,161,parlementaire,ordinaire,1
PIONANR5L15B4887,15,2022-01-11,161,parlementaire,ordinaire,1
PIONANR5L15B4888,15,2022-01-11,161,parlementaire,ordinaire,1
PIONANR5L15B4939,15,2022-01-25,147,parlementaire,ordinaire,1
PIONANR5L15B4940,15,2022-01-25,147,parlementaire,ordinaire,1
PIONANR5L15B4941,15,2022-01-25,147,parlementaire,ordinaire,1
PIONANR5L15B4942,15,2022-01-25,147,parlementaire,ordinaire,1
PIONANR5L15B4943,15,2022-01-25,147,parlementaire,ordinaire,1
PIONANR5L15B4944,15,2022-01-25,147,parlementaire,ordinaire,1
PIONANR5L15B4945,15,2022-01-25,147,parlementaire,ordinaire,1
PIONANR5L15B4946,15,2022-01-25,147,parlementaire,ordinaire,1
PIONANR5L15B4947,15,2022-01-25,147,parlementaire,ordinaire,1
PIONANR5L15B4948,15,2022-01-25,147,parlementaire,ordinaire,1
PIONANR5L15B4949,15,2022-01-25,147,parlementaire,ordinaire,1
PIONANR5L15B4950,15,2022-01-25,147,parlementaire,ordinaire,1
PIONANR5L15B4951,15,2022-01-25,147,parlementaire,ordinaire,1
PIONANR5L15B4952,15,2022-01-25,147,parlementaire,ordinaire,1
PIONANR5L15B4953,15,2022-01-25,147,parlementaire,ordinaire,1
PIONANR5L15B4954,15,2022-01-25,147,parlementaire,ordinaire,1
PIONANR5L15B4955,15,2022-01-25,147,parlementaire,ordinaire,1
PIONANR5L15B4956,15,2022-01-25,147,parlementaire,ordinaire,1
PIONANR5L15B4957,15,2022-01-25,147,parlementaire,ordinaire,1
PIONANR5L15B4958,15,2022-01-25,147,parlementaire,ordinaire,1
PIONANR5L15B4959,15,2022-01-25,147,parlementaire,ordinaire,1
PRJLANR5L15B4988,15,2022-02-02,139,gouvernement,ordinaire,1
PIONANR5L15B4998,15,2022-02-08,133,parlementaire,ordinaire,1
PIONANR5L15B4999,15,2022-02-08,133,parlementaire,ordinaire,1
PIONANR5L15B5000,15,2022-02-08,133,parlementaire,ordinaire,1
PIONANR5L15B5001,15,2022-02-08,133,parlementaire,ordinaire,1
PIONANR5L15B5002,15,2022-02-08,133,parlementaire,ordinaire,1
PIONANR5L15B5003,15,2022-02-08,133,parlementaire,ordinaire,1
PIONANR5L15B5004,15,2022-02-08,133,parlementaire,ordinaire,1
PIONANR5L15B5006,15,2022-02-08,133,parlementaire,ordinaire,1
PIONANR5L15B5007,15,2022-02-08,133,parlementaire,ordinaire,1
PIONANR5L15B5008,15,2022-02-08,133,parlementaire,ordinaire,1
PIONANR5L15B5009,15,2022-02-08,133,parlementaire,ordinaire,1
PIONANR5L15B5010,15,2022-02-08,133,parlementaire,ordinaire,1
PIONANR5L15B5011,15,2022-02-08,133,parlementaire,ordinaire,1
PIONANR5L15B5012,15,2022-02-08,133,parlementaire,ordinaire,1
PIONANR5L15B5013,15,2022-02-08,133,parlementaire,ordinaire,1
PIONANR5L15B5014,15,2022-02-08,133,parlementaire,ordinaire,1
PIONANR5L15B5015,15,2022-02-08,133,parlementaire,ordinaire,1
PIONANR5L15B5016,15,2022-02-08,133,parlementaire,ordinaire,1
PIONANR5L15B5017,15,2022-02-08,133,parlementaire,ordinaire,1
PIONANR5L15B5018,15,2022-02-08,133,parlementaire,ordinaire,1
PIONANR5L15B5019,15,2022-02-08,133,parlementaire,ordinaire,1
PIONANR5L15B5020,15,2022-02-08,133,parlementaire,ordinaire,1
PIONANR5L15B5021,15,2022-02-08,133,parlementaire,ordinaire,1
PIONANR5L15B5065,15,2022-02-22,119,parlementaire,ordinaire,1
PIONANR5L15B5066,15,2022-02-22,119,parlementaire,ordinaire,1
PIONANR5L15B5067,15,2022-02-22,119,parlementaire,ordinaire,1
PIONANR5L15B5068,15,2022-02-22,119,parlementaire,ordinaire,1
PIONANR5L15B5069,15,2022-02-22,119,parlementaire,ordinaire,1
PIONANR5L15B5070,15,2022-02-22,119,parlementaire,ordinaire,1
PIONANR5L15B5071,15,2022-02-22,119,parlementaire,ordinaire,1
PIONANR5L15B5072,15,2022-02-22,119,parlementaire,ordinaire,1
PIONANR5L15B5073,15,2022-02-22,119,parlementaire,ordinaire,1
PIONANR5L15B5074,15,2022-02-22,119,parlementaire,ordinaire,1
PIONANR5L15B5075,15,2022-02-22,119,parlementaire,ordinaire,1
PIONANR5L15B5076,15,2022-02-22,119,parlementaire,ordinaire,1
PIONANR5L15B5077,15,2022-02-22,119,parlementaire,ordinaire,1
PIONANR5L15B5078,15,2022-02-22,119,parlementaire,ordinaire,1
PIONANR5L15B5079,15,2022-02-22,119,parlementaire,ordinaire,1
PIONANR5L15B5080,15,2022-02-22,119,parlementaire,ordinaire,1
PIONANR5L15B5081,15,2022-02-22,119,parlementaire,ordinaire,1
PIONANR5L15B5082,15,2022-02-22,119,parlementaire,ordinaire,1
PIONANR5L15B5083,15,2022-02-22,119,parlementaire,ordinaire,1
PIONANR5L15B5084,15,2022-02-22,119,parlementaire,ordinaire,1
PIONANR5L15B5085,15,2022-02-22,119,parlementaire,ordinaire,1
PIONANR5L15B5086,15,2022-02-22,119,parlementaire,ordinaire,1
PIONANR5L15B5087,15,2022-02-22,119,parlementaire,ordinaire,1
PIONANR5L15B5088,15,2022-02-22,119,parlementaire,ordinaire,1
PIONANR5L15B5089,15,2022-02-22,119,parlementaire,ordinaire,1
PIONANR5L15B5090,15,2022-02-22,119,parlementaire,ordinaire,1
PIONANR5L15B5091,15,2022-02-22,119,parlementaire,ordinaire,1
PIONANR5L15B5092,15,2022-02-22,119,parlementaire,ordinaire,1
PIONANR5L15B5093,15,2022-02-22,119,parlementaire,ordinaire,1
PIONANR5L15B5094,15,2022-02-22,119,parlementaire,ordinaire,1
PIONANR5L15B5095,15,2022-02-22,119,parlementaire,ordinaire,1
PIONANR5L15B5096,15,2022-02-22,119,parlementaire,ordinaire,1
PIONANR5L15B5097,15,2022-02-22,119,parlementaire,ordinaire,1
PIONANR5L15B5098,15,2022-02-22,119,parlementaire,ordinaire,1
PIONANR5L15B5099,15,2022-02-22,119,parlementaire,ordinaire,1
PIONANR5L15B5100,15,2022-02-22,119,parlementaire,ordinaire,1
PIONANR5L15B5101,15,2022-02-22,119,parlementaire,ordinaire,1
PIONANR5L15B5102,15,2022-02-22,119,parlementaire,ordinaire,1
PIONANR5L15B5103,15,2022-02-22,119,parlementaire,ordinaire,1
PIONANR5L15B5104,15,2022-02-22,119,parlementaire,ordinaire,1
PRJLANR5L15B5115,15,2022-02-23,118,gouvernement,ordinaire,1
PIONANR5L15B5136,15,2022-02-28,113,parlementaire,organique,1
PIONANR5L15B5141,15,2022-03-02,111,parlementaire,constitutionnelle,1
PRJLANR5L15B5148,15,2022-03-07,106,gouvernement,ordinaire,1
PRJLANR5L15B5153,15,2022-03-09,104,gouvernement,ordinaire,1
PIONANR5L15B5155,15,2022-03-15,98,parlementaire,organique,1
PIONANR5L15B5156,15,2022-03-15,98,parlementaire,ordinaire,1
PIONANR5L15B5157,15,2022-03-15,98,parlementaire,ordinaire,1
PIONANR5L15B5158,15,2022-03-15,98,parlementaire,ordinaire,1
PIONANR5L15B5159,15,2022-03-15,98,parlementaire,ordinaire,1
PIONANR5L15B5160,15,2022-03-15,98,parlementaire,ordinaire,1
PIONANR5L15B5161,15,2022-03-15,98,parlementaire,ordinaire,1
PIONANR5L15B5162,15,2022-03-15,98,parlementaire,ordinaire,1
PIONANR5L15B5163,15,2022-03-15,98,parlementaire,ordinaire,1
PIONANR5L15B5164,15,2022-03-15,98,parlementaire,ordinaire,1
PIONANR5L15B5165,15,2022-03-15,98,parlementaire,ordinaire,1
PIONANR5L15B5166,15,2022-03-15,98,parlementaire,ordinaire,1
PIONANR5L15B5167,15,2022-03-15,98,parlementaire,ordinaire,1
PIONANR5L15B5168,15,2022-03-15,98,parlementaire,ordinaire,1
PIONANR5L15B5169,15,2022-03-15,98,parlementaire,ordinaire,1
PIONANR5L15B5170,15,2022-03-15,98,parlementaire,ordinaire,1
PIONANR5L15B5171,15,2022-03-15,98,parlementaire,ordinaire,1
PIONANR5L15B5172,15,2022-03-15,98,parlementaire,ordinaire,1
PIONANR5L15B5173,15,2022-03-15,98,parlementaire,ordinaire,1
PIONANR5L15B5174,15,2022-03-15,98,parlementaire,ordinaire,1
PIONANR5L15B5175,15,2022-03-15,98,parlementaire,ordinaire,1
PIONANR5L15B5176,15,2022-03-15,98,parlementaire,ordinaire,1
PIONANR5L15B5177,15,2022-03-15,98,parlementaire,ordinaire,1
PIONANR5L15B5178,15,2022-03-15,98,parlementaire,ordinaire,1
PIONANR5L15B5179,15,2022-03-15,98,parlementaire,ordinaire,1
PIONANR5L15B5180,15,2022-03-15,98,parlementaire,ordinaire,1
PIONANR5L15B5181,15,2022-03-15,98,parlementaire,ordinaire,1
PIONANR5L15B5182,15,2022-03-15,98,parlementaire,ordinaire,1
PIONANR5L15B5183,15,2022-03-15,98,parlementaire,ordinaire,1
PIONANR5L15B5184,15,2022-03-15,98,parlementaire,ordinaire,1
PRJLANR5L15B5185,15,2022-03-16,97,gouvernement,ordinaire,1
PIONANR5L15B5192,15,2022-04-05,77,parlementaire,ordinaire,1
PIONANR5L15B5193,15,2022-04-05,77,parlementaire,ordinaire,1
PIONANR5L15B5194,15,2022-04-05,77,parlementaire,ordinaire,1
PIONANR5L15B5195,15,2022-04-05,77,parlementaire,ordinaire,1
PIONANR5L15B5196,15,2022-04-05,77,parlementaire,ordinaire,1
PIONANR5L15B5197,15,2022-04-05,77,parlementaire,ordinaire,1
PIONANR5L15B5198,15,2022-04-05,77,parlementaire,ordinaire,1
PIONANR5L15B5199,15,2022-04-05,77,parlementaire,ordinaire,1
PIONANR5L15B5200,15,2022-04-05,77,parlementaire,ordinaire,1
PIONANR5L15B5201,15,2022-04-05,77,parlementaire,ordinaire,1
PIONANR5L15B5202,15,2022-04-05,77,parlementaire,ordinaire,1
PIONANR5L15B5203,15,2022-04-05,77,parlementaire,ordinaire,1
PIONANR5L15B5204,15,2022-04-05,77,parlementaire,ordinaire,1
PIONANR5L15B5205,15,2022-04-05,77,parlementaire,ordinaire,1
PIONANR5L15B5206,15,2022-04-05,77,parlementaire,ordinaire,1
PIONANR5L15B5207,15,2022-04-05,77,parlementaire,ordinaire,1
PIONANR5L15B5208,15,2022-04-05,77,parlementaire,ordinaire,1
PIONANR5L15B5209,15,2022-04-05,77,parlementaire,ordinaire,1
PIONANR5L15B5210,15,2022-04-05,77,parlementaire,ordinaire,1
PIONANR5L15B5211,15,2022-04-05,77,parlementaire,ordinaire,1
PIONANR5L15B5212,15,2022-04-05,77,parlementaire,ordinaire,1
PIONANR5L15B5213,15,2022-04-05,77,parlementaire,ordinaire,1
PIONANR5L15B5220,15,2022-04-27,55,parlementaire,constitutionnelle,1
PIONANR5L15B5225,15,2022-05-10,42,parlementaire,ordinaire,1
PIONANR5L15B5226,15,2022-05-10,42,parlementaire,ordinaire,1
PIONANR5L15B5227,15,2022-05-10,42,parlementaire,ordinaire,1
PIONANR5L15B5228,15,2022-05-10,42,parlementaire,ordinaire,1
PIONANR5L15B5229,15,2022-05-10,42,parlementaire,ordinaire,1
PIONANR5L15B5230,15,2022-05-10,42,parlementaire,ordinaire,1
PIONANR5L15B5231,15,2022-05-10,42,parlementaire,ordinaire,1
PIONANR5L15B5232,15,2022-05-10,42,parlementaire,ordinaire,1
PIONANR5L15B5233,15,2022-05-10,42,parlementaire,ordinaire,1
PIONANR5L15B5234,15,2022-05-10,42,parlementaire,ordinaire,1
PIONANR5L15B5235,15,2022-05-10,42,parlementaire,ordinaire,1
PIONANR5L15B5236,15,2022-05-10,42,parlementaire,ordinaire,1
PIONANR5L15B5237,15,2022-05-10,42,parlementaire,ordinaire,1
PIONANR5L15B5238,15,2022-05-10,42,parlementaire,ordinaire,1
PIONANR5L15B5239,15,2022-05-10,42,parlementaire,ordinaire,1
PIONANR5L15B5240,15,2022-05-10,42,parlementaire,ordinaire,1
PIONANR5L15B5241,15,2022-05-12,40,parlementaire,constitutionnelle,1
PIONANR5L15B5246,15,2022-06-07,14,parlementaire,organique,1
PIONANR5L15B5247,15,2022-06-07,14,parlementaire,ordinaire,1
PIONANR5L15B5248,15,2022-06-07,14,parlementaire,ordinaire,1
PIONANR5L15B5249,15,2022-06-07,14,parlementaire,ordinaire,1
PIONANR5L15B5250,15,2022-06-07,14,parlementaire,ordinaire,1
PIONANR5L15B5251,15,2022-06-07,14,parlementaire,ordinaire,1
PIONANR5L15B5252,15,2022-06-07,14,parlementaire,ordinaire,1
PIONANR5L15B5253,15,2022-06-07,14,parlementaire,ordinaire,1
PIONANR5L15B5254,15,2022-06-07,14,parlementaire,ordinaire,1
PIONANR5L15B5255,15,2022-06-07,14,parlementaire,ordinaire,1
PIONANR5L15B5256,15,2022-06-07,14,parlementaire,ordinaire,1
PIONANR5L15B5257,15,2022-06-07,14,parlementaire,ordinaire,1
PIONANR5L15B5258,15,2022-06-07,14,parlementaire,ordinaire,1
PIONANR5L15B5259,15,2022-06-07,14,parlementaire,ordinaire,1
PIONANR5L15B5260,15,2022-06-07,14,parlementaire,ordinaire,1
PIONANR5L15B5261,15,2022-06-07,14,parlementaire,ordinaire,1
PIONANR5L16B0008,16,2022-06-30,710,parlementaire,constitutionnelle,1
PRJLANR5L16B0007,16,2022-06-30,710,gouvernement,traite,4
PRJLANR5L16B0009,16,2022-07-04,706,gouvernement,ordinaire,4
PRJLANR5L16B0010,16,2022-07-04,706,gouvernement,finances_fss,2
PRJLANR5L16B0011,16,2022-07-04,706,gouvernement,ordinaire,1
PRJLANR5L16B0012,16,2022-07-04,706,gouvernement,traite,4
PIONANR5L16B0015,16,2022-07-06,704,parlementaire,constitutionnelle,1
PIONANR5L16B0018,16,2022-07-07,703,parlementaire,constitutionnelle,1
PRJLANR5L16B0017,16,2022-07-07,703,gouvernement,finances_fss,4
PRJLANR5L16B0019,16,2022-07-07,703,gouvernement,ordinaire,4
PRJLANR5L16B0020,16,2022-07-07,703,gouvernement,traite,4
PIONANR5L16B0021,16,2022-07-08,702,parlementaire,ordinaire,1
PIONANR5L16B0022,16,2022-07-08,702,parlementaire,ordinaire,1
PIONANR5L16B0023,16,2022-07-08,702,parlementaire,ordinaire,1
PIONANR5L16B0024,16,2022-07-08,702,parlementaire,ordinaire,1
PIONANR5L16B0025,16,2022-07-08,702,parlementaire,ordinaire,1
PIONANR5L16B0026,16,2022-07-08,702,parlementaire,ordinaire,1
PIONANR5L16B0027,16,2022-07-08,702,parlementaire,ordinaire,1
PIONANR5L16B0028,16,2022-07-08,702,parlementaire,ordinaire,1
PIONANR5L16B0029,16,2022-07-08,702,parlementaire,ordinaire,1
PIONANR5L16B0089,16,2022-07-12,698,parlementaire,organique,1
PRJLANR5L16B0145,16,2022-07-13,697,gouvernement,traite,4
PIONANR5L16B0159,16,2022-07-25,685,parlementaire,organique,1
PIONANR5L16B0160,16,2022-07-25,685,parlementaire,ordinaire,1
PIONANR5L16B0161,16,2022-07-25,685,parlementaire,ordinaire,1
PIONANR5L16B0162,16,2022-07-25,685,parlementaire,ordinaire,1
PIONANR5L16B0163,16,2022-07-25,685,parlementaire,ordinaire,1
PIONANR5L16B0164,16,2022-07-25,685,parlementaire,ordinaire,1
PIONANR5L16B0165,16,2022-07-25,685,parlementaire,ordinaire,1
PIONANR5L16B0166,16,2022-07-25,685,parlementaire,ordinaire,1
PIONANR5L16B0167,16,2022-07-25,685,parlementaire,ordinaire,1
PIONANR5L16B0168,16,2022-07-25,685,parlementaire,ordinaire,1
PRJLANR5L16B0175,16,2022-07-29,681,gouvernement,traite,4
PIONANR5L16B0178,16,2022-08-02,677,parlementaire,constitutionnelle,1
PIONANR5L16B0183,16,2022-08-03,676,parlementaire,organique,1
PIONANR5L16B0185,16,2022-08-04,675,parlementaire,ordinaire,1
PIONANR5L16B0186,16,2022-08-04,675,parlementaire,ordinaire,1
PIONANR5L16B0187,16,2022-08-04,675,parlementaire,ordinaire,1
PIONANR5L16B0188,16,2022-08-04,675,parlementaire,ordinaire,1
PIONANR5L16B0189,16,2022-08-04,675,parlementaire,ordinaire,1
PIONANR5L16B0190,16,2022-08-04,675,parlementaire,ordinaire,1
PIONANR5L16B0191,16,2022-08-04,675,parlementaire,ordinaire,1
PIONANR5L16B0192,16,2022-08-04,675,parlementaire,ordinaire,1
PIONANR5L16B0193,16,2022-08-04,675,parlementaire,ordinaire,1
PIONANR5L16B0194,16,2022-08-04,675,parlementaire,ordinaire,1
PIONANR5L16B0195,16,2022-08-04,675,parlementaire,ordinaire,1
PIONANR5L16B0196,16,2022-08-04,675,parlementaire,ordinaire,1
PIONANR5L16B0197,16,2022-08-04,675,parlementaire,ordinaire,1
PIONANR5L16B0198,16,2022-08-04,675,parlementaire,ordinaire,1
PIONANR5L16B0199,16,2022-08-04,675,parlementaire,ordinaire,1
PIONANR5L16B0200,16,2022-08-04,675,parlementaire,ordinaire,1
PIONANR5L16B0201,16,2022-08-04,675,parlementaire,ordinaire,1
PIONANR5L16B0205,16,2022-08-23,656,parlementaire,ordinaire,2
PIONANR5L16B0206,16,2022-08-23,656,parlementaire,ordinaire,1
PIONANR5L16B0207,16,2022-08-23,656,parlementaire,ordinaire,1
PIONANR5L16B0208,16,2022-08-23,656,parlementaire,ordinaire,1
PIONANR5L16B0209,16,2022-08-23,656,parlementaire,ordinaire,2
PIONANR5L16B0210,16,2022-08-23,656,parlementaire,ordinaire,1
PIONANR5L16B0211,16,2022-08-23,656,parlementaire,ordinaire,1
PIONANR5L16B0212,16,2022-08-23,656,parlementaire,ordinaire,4
PRJLANR5L16B0213,16,2022-08-24,655,gouvernement,traite,4
PRJLANR5L16B0214,16,2022-08-24,655,gouvernement,traite,4
PIONANR5L16B0216,16,2022-09-05,643,parlementaire,organique,1
PRJLANR5L16B0219,16,2022-09-07,641,gouvernement,ordinaire,4
PRJLANR5L16B0220,16,2022-09-07,641,gouvernement,ordinaire,1
PRJLANR5L16B0226,16,2022-09-14,634,gouvernement,ordinaire,1
PIONANR5L16B0228,16,2022-09-16,632,parlementaire,constitutionnelle,1
PIONANR5L16B0230,16,2022-09-20,628,parlementaire,ordinaire,1
PIONANR5L16B0231,16,2022-09-20,628,parlementaire,ordinaire,1
PIONANR5L16B0232,16,2022-09-20,628,parlementaire,ordinaire,1
PIONANR5L16B0233,16,2022-09-20,628,parlementaire,ordinaire,1
PIONANR5L16B0234,16,2022-09-20,628,parlementaire,ordinaire,1
PIONANR5L16B0235,16,2022-09-20,628,parlementaire,ordinaire,1
PIONANR5L16B0236,16,2022-09-20,628,parlementaire,ordinaire,1
PIONANR5L16B0237,16,2022-09-20,628,parlementaire,ordinaire,1
PIONANR5L16B0238,16,2022-09-20,628,parlementaire,ordinaire,1
PIONANR5L16B0239,16,2022-09-20,628,parlementaire,ordinaire,1
PIONANR5L16B0240,16,2022-09-20,628,parlementaire,ordinaire,1
PIONANR5L16B0241,16,2022-09-20,628,parlementaire,ordinaire,1
PIONANR5L16B0242,16,2022-09-20,628,parlementaire,ordinaire,1
PIONANR5L16B0243,16,2022-09-20,628,parlementaire,ordinaire,1
PIONANR5L16B0244,16,2022-09-20,628,parlementaire,ordinaire,1
PIONANR5L16B0245,16,2022-09-20,628,parlementaire,ordinaire,1
PIONANR5L16B0246,16,2022-09-20,628,parlementaire,ordinaire,1
PIONANR5L16B0247,16,2022-09-20,628,parlementaire,ordinaire,1
PIONANR5L16B0248,16,2022-09-20,628,parlementaire,ordinaire,1
PIONANR5L16B0249,16,2022-09-20,628,parlementaire,ordinaire,1
PIONANR5L16B0250,16,2022-09-20,628,parlementaire,ordinaire,1
PIONANR5L16B0251,16,2022-09-20,628,parlementaire,ordinaire,1
PIONANR5L16B0252,16,2022-09-20,628,parlementaire,ordinaire,1
PIONANR5L16B0253,16,2022-09-20,628,parlementaire,ordinaire,1
PIONANR5L16B0254,16,2022-09-20,628,parlementaire,ordinaire,2
PIONANR5L16B0255,16,2022-09-20,628,parlementaire,ordinaire,1
PIONANR5L16B0256,16,2022-09-20,628,parlementaire,ordinaire,1
PIONANR5L16B0257,16,2022-09-20,628,parlementaire,ordinaire,2
PIONANR5L16B0258,16,2022-09-20,628,parlementaire,ordinaire,1
PIONANR5L16B0259,16,2022-09-20,628,parlementaire,ordinaire,1
PIONANR5L16B0260,16,2022-09-20,628,parlementaire,ordinaire,1
PIONANR5L16B0261,16,2022-09-20,628,parlementaire,ordinaire,1
PIONANR5L16B0262,16,2022-09-20,628,parlementaire,ordinaire,1
PIONANR5L16B0263,16,2022-09-20,628,parlementaire,ordinaire,1
PIONANR5L16B0264,16,2022-09-20,628,parlementaire,ordinaire,1
PIONANR5L16B0265,16,2022-09-20,628,parlementaire,ordinaire,1
PIONANR5L16B0266,16,2022-09-20,628,parlementaire,ordinaire,1
PIONANR5L16B0268,16,2022-09-20,628,parlementaire,constitutionnelle,1
PIONANR5L16B0270,16,2022-09-21,627,parlementaire,ordinaire,1
PIONANR5L16B0271,16,2022-09-26,622,parlementaire,constitutionnelle,1
PRJLANR5L16B0272,16,2022-09-26,622,gouvernement,ordinaire,4
PRJLANR5L16B0273,16,2022-09-26,622,gouvernement,finances_fss,4
PRJLANR5L16B0274,16,2022-09-26,622,gouvernement,finances_fss,4
PIONANR5L16B0290,16,2022-10-06,612,parlementaire,organique,1
PIONANR5L16B0291,16,2022-10-06,612,parlementaire,constitutionnelle,2
PIONANR5L16B0293,16,2022-10-07,611,parlementaire,constitutionnelle,2
PIONANR5L16B0299,16,2022-10-11,607,parlementaire,ordinaire,1
PIONANR5L16B0300,16,2022-10-11,607,parlementaire,ordinaire,1
PIONANR5L16B0301,16,2022-10-11,607,parlementaire,ordinaire,1
PIONANR5L16B0302,16,2022-10-11,607,parlementaire,ordinaire,1
PIONANR5L16B0303,16,2022-10-11,607,parlementaire,ordinaire,1
PIONANR5L16B0304,16,2022-10-11,607,parlementaire,ordinaire,1
PIONANR5L16B0305,16,2022-10-11,607,parlementaire,ordinaire,1
PIONANR5L16B0306,16,2022-10-11,607,parlementaire,ordinaire,1
PIONANR5L16B0307,16,2022-10-11,607,parlementaire,ordinaire,1
PIONANR5L16B0308,16,2022-10-11,607,parlementaire,ordinaire,1
PIONANR5L16B0309,16,2022-10-11,607,parlementaire,ordinaire,1
PIONANR5L16B0310,16,2022-10-11,607,parlementaire,ordinaire,1
PIONANR5L16B0311,16,2022-10-11,607,parlementaire,ordinaire,1
PIONANR5L16B0312,16,2022-10-11,607,parlementaire,ordinaire,1
PIONANR5L16B0313,16,2022-10-11,607,parlementaire,ordinaire,1
PIONANR5L16B0314,16,2022-10-11,607,parlementaire,ordinaire,1
PIONANR5L16B0315,16,2022-10-11,607,parlementaire,ordinaire,1
PIONANR5L16B0316,16,2022-10-11,607,parlementaire,ordinaire,1
PIONANR5L16B0317,16,2022-10-11,607,parlementaire,ordinaire,1
PIONANR5L16B0318,16,2022-10-11,607,parlementaire,ordinaire,1
PIONANR5L16B0319,16,2022-10-11,607,parlementaire,ordinaire,1
PIONANR5L16B0320,16,2022-10-11,607,parlementaire,ordinaire,1
PIONANR5L16B0321,16,2022-10-11,607,parlementaire,ordinaire,1
PIONANR5L16B0322,16,2022-10-11,607,parlementaire,ordinaire,2
PIONANR5L16B0323,16,2022-10-11,607,parlementaire,ordinaire,2
PIONANR5L16B0324,16,2022-10-11,607,parlementaire,ordinaire,2
PIONANR5L16B0325,16,2022-10-11,607,parlementaire,ordinaire,2
PIONANR5L16B0326,16,2022-10-11,607,parlementaire,ordinaire,2
PIONANR5L16B0327,16,2022-10-11,607,parlementaire,ordinaire,2
PIONANR5L16B0328,16,2022-10-11,607,parlementaire,ordinaire,1
PIONANR5L16B0329,16,2022-10-11,607,parlementaire,ordinaire,2
PIONANR5L16B0330,16,2022-10-11,607,parlementaire,ordinaire,1
PRJLANR5L16B0338,16,2022-10-12,606,gouvernement,ordinaire,1
PIONANR5L16B0340,16,2022-10-13,605,parlementaire,constitutionnelle,1
PIONANR5L16B0344,16,2022-10-18,600,parlementaire,ordinaire,1
PIONANR5L16B0345,16,2022-10-18,600,parlementaire,ordinaire,1
PIONANR5L16B0346,16,2022-10-18,600,parlementaire,ordinaire,2
PIONANR5L16B0347,16,2022-10-18,600,parlementaire,ordinaire,1
PIONANR5L16B0348,16,2022-10-18,600,parlementaire,ordinaire,1
PIONANR5L16B0349,16,2022-10-18,600,parlementaire,ordinaire,1
PIONANR5L16B0350,16,2022-10-18,600,parlementaire,ordinaire,1
PIONANR5L16B0351,16,2022-10-18,600,parlementaire,ordinaire,1
PIONANR5L16B0352,16,2022-10-18,600,parlementaire,ordinaire,2
PIONANR5L16B0353,16,2022-10-18,600,parlementaire,ordinaire,4
PIONANR5L16B0354,16,2022-10-18,600,parlementaire,ordinaire,2
PIONANR5L16B0355,16,2022-10-18,600,parlementaire,ordinaire,1
PIONANR5L16B0356,16,2022-10-18,600,parlementaire,ordinaire,1
PIONANR5L16B0357,16,2022-10-18,600,parlementaire,ordinaire,1
PIONANR5L16B0358,16,2022-10-18,600,parlementaire,ordinaire,1
PIONANR5L16B0359,16,2022-10-18,600,parlementaire,ordinaire,1
PIONANR5L16B0360,16,2022-10-18,600,parlementaire,ordinaire,4
PIONANR5L16B0361,16,2022-10-18,600,parlementaire,ordinaire,4
PIONANR5L16B0362,16,2022-10-18,600,parlementaire,ordinaire,4
PRJLANR5L16B0367,16,2022-10-19,599,gouvernement,ordinaire,1
PIONANR5L16B0375,16,2022-10-20,598,parlementaire,constitutionnelle,1
PIONANR5L16B0376,16,2022-10-20,598,parlementaire,constitutionnelle,1
PIONANR5L16B0377,16,2022-10-20,598,parlementaire,constitutionnelle,1
PIONANR5L16B0378,16,2022-10-20,598,parlementaire,constitutionnelle,1
PIONANR5L16B0383,16,2022-10-26,592,parlementaire,constitutionnelle,1
PIONANR5L16B0395,16,2022-11-02,585,parlementaire,ordinaire,1
PIONANR5L16B0396,16,2022-11-02,585,parlementaire,ordinaire,1
PIONANR5L16B0397,16,2022-11-02,585,parlementaire,ordinaire,1
PIONANR5L16B0398,16,2022-11-02,585,parlementaire,ordinaire,1
PIONANR5L16B0399,16,2022-11-02,585,parlementaire,ordinaire,1
PIONANR5L16B0400,16,2022-11-02,585,parlementaire,ordinaire,1
PIONANR5L16B0401,16,2022-11-02,585,parlementaire,ordinaire,1
PIONANR5L16B0402,16,2022-11-02,585,parlementaire,ordinaire,1
PIONANR5L16B0403,16,2022-11-02,585,parlementaire,ordinaire,1
PIONANR5L16B0404,16,2022-11-02,585,parlementaire,ordinaire,1
PIONANR5L16B0405,16,2022-11-02,585,parlementaire,ordinaire,1
PIONANR5L16B0406,16,2022-11-02,585,parlementaire,ordinaire,1
PIONANR5L16B0407,16,2022-11-02,585,parlementaire,ordinaire,1
PIONANR5L16B0408,16,2022-11-02,585,parlementaire,ordinaire,1
PIONANR5L16B0409,16,2022-11-02,585,parlementaire,ordinaire,1
PIONANR5L16B0410,16,2022-11-02,585,parlementaire,ordinaire,1
PIONANR5L16B0411,16,2022-11-02,585,parlementaire,ordinaire,1
PIONANR5L16B0412,16,2022-11-02,585,parlementaire,ordinaire,1
PIONANR5L16B0413,16,2022-11-02,585,parlementaire,ordinaire,1
PIONANR5L16B0414,16,2022-11-02,585,parlementaire,ordinaire,1
PIONANR5L16B0415,16,2022-11-02,585,parlementaire,ordinaire,1
PIONANR5L16B0416,16,2022-11-02,585,parlementaire,ordinaire,1
PIONANR5L16B0417,16,2022-11-02,585,parlementaire,ordinaire,1
PIONANR5L16B0418,16,2022-11-02,585,parlementaire,ordinaire,1
PIONANR5L16B0419,16,2022-11-02,585,parlementaire,ordinaire,1
PIONANR5L16B0420,16,2022-11-02,585,parlementaire,ordinaire,1
PIONANR5L16B0421,16,2022-11-02,585,parlementaire,ordinaire,1
PIONANR5L16B0422,16,2022-11-02,585,parlementaire,ordinaire,1
PIONANR5L16B0423,16,2022-11-02,585,parlementaire,ordinaire,1
PIONANR5L16B0424,16,2022-11-02,585,parlementaire,ordinaire,1
PIONANR5L16B0425,16,2022-11-02,585,parlementaire,ordinaire,1
PIONANR5L16B0426,16,2022-11-02,585,parlementaire,ordinaire,1
PIONANR5L16B0427,16,2022-11-02,585,parlementaire,ordinaire,1
PIONANR5L16B0428,16,2022-11-02,585,parlementaire,ordinaire,1
PIONANR5L16B0429,16,2022-11-02,585,parlementaire,ordinaire,1
PIONANR5L16B0430,16,2022-11-02,585,parlementaire,ordinaire,1
PIONANR5L16B0431,16,2022-11-02,585,parlementaire,ordinaire,1
PIONANR5L16B0432,16,2022-11-02,585,parlementaire,ordinaire,1
PIONANR5L16B0433,16,2022-11-02,585,parlementaire,ordinaire,1
PIONANR5L16B0434,16,2022-11-02,585,parlementaire,ordinaire,1
PRJLANR5L16B0393,16,2022-11-02,585,gouvernement,finances_fss,4
PIONANR5L16B0448,16,2022-11-09,578,parlementaire,organique,1
PIONANR5L16B0451,16,2022-11-09,578,parlementaire,constitutionnelle,1
PIONANR5L16B0454,16,2022-11-15,572,parlementaire,ordinaire,1
PIONANR5L16B0455,16,2022-11-15,572,parlementaire,ordinaire,1
PIONANR5L16B0456,16,2022-11-15,572,parlementaire,ordinaire,1
PIONANR5L16B0457,16,2022-11-15,572,parlementaire,ordinaire,1
PIONANR5L16B0458,16,2022-11-15,572,parlementaire,ordinaire,1
PIONANR5L16B0459,16,2022-11-15,572,parlementaire,ordinaire,1
PIONANR5L16B0460,16,2022-11-15,572,parlementaire,ordinaire,1
PIONANR5L16B0461,16,2022-11-15,572,parlementaire,ordinaire,1
PIONANR5L16B0462,16,2022-11-15,572,parlementaire,ordinaire,1
PIONANR5L16B0463,16,2022-11-15,572,parlementaire,ordinaire,1
PIONANR5L16B0464,16,2022-11-15,572,parlementaire,ordinaire,2
PIONANR5L16B0465,16,2022-11-15,572,parlementaire,ordinaire,1
PIONANR5L16B0466,16,2022-11-15,572,parlementaire,ordinaire,1
PIONANR5L16B0467,16,2022-11-15,572,parlementaire,ordinaire,1
PIONANR5L16B0468,16,2022-11-15,572,parlementaire,ordinaire,1
PIONANR5L16B0469,16,2022-11-15,572,parlementaire,ordinaire,1
PIONANR5L16B0470,16,2022-11-15,572,parlementaire,ordinaire,1
PIONANR5L16B0471,16,2022-11-15,572,parlementaire,ordinaire,1
PIONANR5L16B0472,16,2022-11-15,572,parlementaire,ordinaire,1
PIONANR5L16B0473,16,2022-11-15,572,parlementaire,ordinaire,1
PIONANR5L16B0474,16,2022-11-15,572,parlementaire,ordinaire,1
PIONANR5L16B0475,16,2022-11-15,572,parlementaire,ordinaire,1
PIONANR5L16B0476,16,2022-11-15,572,parlementaire,ordinaire,1
PIONANR5L16B0477,16,2022-11-15,572,parlementaire,ordinaire,1
PIONANR5L16B0478,16,2022-11-15,572,parlementaire,ordinaire,1
PIONANR5L16B0479,16,2022-11-15,572,parlementaire,ordinaire,1
PIONANR5L16B0519,16,2022-11-24,563,parlementaire,organique,1
PIONANR5L16B0520,16,2022-11-24,563,parlementaire,organique,1
PIONANR5L16B0527,16,2022-11-28,559,parlementaire,organique,1
PIONANR5L16B0531,16,2022-11-28,559,parlementaire,constitutionnelle,1
PIONANR5L16B0534,16,2022-11-29,558,parlementaire,ordinaire,1
PIONANR5L16B0535,16,2022-11-29,558,parlementaire,ordinaire,1
PIONANR5L16B0536,16,2022-11-29,558,parlementaire,ordinaire,1
PIONANR5L16B0537,16,2022-11-29,558,parlementaire,ordinaire,1
PIONANR5L16B0538,16,2022-11-29,558,parlementaire,ordinaire,1
PIONANR5L16B0539,16,2022-11-29,558,parlementaire,ordinaire,1
PIONANR5L16B0540,16,2022-11-29,558,parlementaire,ordinaire,1
PIONANR5L16B0541,16,2022-11-29,558,parlementaire,ordinaire,1
PIONANR5L16B0542,16,2022-11-29,558,parlementaire,ordinaire,1
PIONANR5L16B0543,16,2022-11-29,558,parlementaire,ordinaire,1
PIONANR5L16B0544,16,2022-11-29,558,parlementaire,ordinaire,1
PIONANR5L16B0545,16,2022-11-29,558,parlementaire,ordinaire,1
PIONANR5L16B0546,16,2022-11-29,558,parlementaire,ordinaire,1
PIONANR5L16B0547,16,2022-11-29,558,parlementaire,ordinaire,1
PIONANR5L16B0548,16,2022-11-29,558,parlementaire,ordinaire,1
PIONANR5L16B0549,16,2022-11-29,558,parlementaire,ordinaire,1
PIONANR5L16B0550,16,2022-11-29,558,parlementaire,ordinaire,1
PIONANR5L16B0551,16,2022-11-29,558,parlementaire,ordinaire,1
PIONANR5L16B0552,16,2022-11-29,558,parlementaire,ordinaire,1
PIONANR5L16B0553,16,2022-11-29,558,parlementaire,ordinaire,2
PIONANR5L16B0554,16,2022-11-29,558,parlementaire,ordinaire,1
PIONANR5L16B0555,16,2022-11-29,558,parlementaire,ordinaire,2
PIONANR5L16B0556,16,2022-11-29,558,parlementaire,ordinaire,1
PIONANR5L16B0557,16,2022-11-29,558,parlementaire,ordinaire,2
PIONANR5L16B0558,16,2022-11-29,558,parlementaire,ordinaire,1
PIONANR5L16B0559,16,2022-11-29,558,parlementaire,ordinaire,1
PIONANR5L16B0560,16,2022-11-29,558,parlementaire,ordinaire,1
PIONANR5L16B0561,16,2022-11-29,558,parlementaire,ordinaire,1
PIONANR5L16B0562,16,2022-11-29,558,parlementaire,ordinaire,1
PIONANR5L16B0563,16,2022-11-29,558,parlementaire,ordinaire,1
PIONANR5L16B0564,16,2022-11-29,558,parlementaire,ordinaire,1
PIONANR5L16B0565,16,2022-11-29,558,parlementaire,ordinaire,1
PIONANR5L16B0566,16,2022-11-29,558,parlementaire,ordinaire,1
PIONANR5L16B0567,16,2022-11-29,558,parlementaire,ordinaire,1
PIONANR5L16B0568,16,2022-11-29,558,parlementaire,ordinaire,1
PIONANR5L16B0569,16,2022-11-29,558,parlementaire,ordinaire,1
PIONANR5L16B0570,16,2022-11-29,558,parlementaire,ordinaire,1
PIONANR5L16B0571,16,2022-11-29,558,parlementaire,ordinaire,1
PIONANR5L16B0572,16,2022-11-29,558,parlementaire,ordinaire,1
PIONANR5L16B0573,16,2022-11-29,558,parlementaire,ordinaire,1
PIONANR5L16B0574,16,2022-11-29,558,parlementaire,ordinaire,4
PIONANR5L16B0575,16,2022-11-29,558,parlementaire,ordinaire,4
PIONANR5L16B0576,16,2022-11-29,558,parlementaire,ordinaire,4
PIONANR5L16B0577,16,2022-11-29,558,parlementaire,ordinaire,2
PIONANR5L16B0578,16,2022-11-29,558,parlementaire,ordinaire,2
PIONANR5L16B0579,16,2022-11-29,558,parlementaire,ordinaire,1
PIONANR5L16B0580,16,2022-11-29,558,parlementaire,ordinaire,1
PIONANR5L16B0581,16,2022-11-29,558,parlementaire,ordinaire,1
PIONANR5L16B0582,16,2022-11-29,558,parlementaire,ordinaire,1
PIONANR5L16B0583,16,2022-11-29,558,parlementaire,ordinaire,2
PIONANR5L16B0584,16,2022-11-29,558,parlementaire,ordinaire,1
PIONANR5L16B0585,16,2022-11-29,558,parlementaire,ordinaire,1
PIONANR5L16B0586,16,2022-11-29,558,parlementaire,ordinaire,1
PRJLANR5L16B0602,16,2022-12-07,550,gouvernement,traite,4
PIONANR5L16B0606,16,2022-12-12,545,parlementaire,constitutionnelle,1
PIONANR5L16B0608,16,2022-12-13,544,parlementaire,constitutionnelle,2
PIONANR5L16B0620,16,2022-12-15,542,parlementaire,organique,1
PIONANR5L16B0625,16,2022-12-15,542,parlementaire,ordinaire,1
PIONANR5L16B0626,16,2022-12-15,542,parlementaire,ordinaire,1
PIONANR5L16B0627,16,2022-12-15,542,parlementaire,ordinaire,1
PIONANR5L16B0628,16,2022-12-15,542,parlementaire,ordinaire,1
PIONANR5L16B0629,16,2022-12-15,542,parlementaire,ordinaire,1
PIONANR5L16B0630,16,2022-12-15,542,parlementaire,ordinaire,1
PIONANR5L16B0631,16,2022-12-15,542,parlementaire,ordinaire,1
PIONANR5L16B0632,16,2022-12-15,542,parlementaire,ordinaire,1
PIONANR5L16B0633,16,2022-12-15,542,parlementaire,ordinaire,1
PIONANR5L16B0634,16,2022-12-15,542,parlementaire,ordinaire,1
PIONANR5L16B0635,16,2022-12-15,542,parlementaire,ordinaire,1
PIONANR5L16B0636,16,2022-12-15,542,parlementaire,ordinaire,1
PIONANR5L16B0637,16,2022-12-15,542,parlementaire,ordinaire,1
PIONANR5L16B0638,16,2022-12-15,542,parlementaire,ordinaire,1
PIONANR5L16B0639,16,2022-12-15,542,parlementaire,ordinaire,2
PIONANR5L16B0640,16,2022-12-15,542,parlementaire,ordinaire,1
PIONANR5L16B0641,16,2022-12-15,542,parlementaire,ordinaire,1
PIONANR5L16B0642,16,2022-12-15,542,parlementaire,ordinaire,1
PIONANR5L16B0643,16,2022-12-15,542,parlementaire,ordinaire,4
PIONANR5L16B0644,16,2022-12-15,542,parlementaire,ordinaire,1
PIONANR5L16B0645,16,2022-12-15,542,parlementaire,ordinaire,1
PIONANR5L16B0646,16,2022-12-15,542,parlementaire,ordinaire,1
PIONANR5L16B0647,16,2022-12-15,542,parlementaire,ordinaire,1
PIONANR5L16B0648,16,2022-12-15,542,parlementaire,ordinaire,1
PIONANR5L16B0649,16,2022-12-15,542,parlementaire,ordinaire,1
PIONANR5L16B0650,16,2022-12-15,542,parlementaire,ordinaire,1
PIONANR5L16B0651,16,2022-12-15,542,parlementaire,ordinaire,1
PIONANR5L16B0652,16,2022-12-15,542,parlementaire,ordinaire,1
PIONANR5L16B0653,16,2022-12-15,542,parlementaire,ordinaire,1
PIONANR5L16B0654,16,2022-12-15,542,parlementaire,ordinaire,1
PIONANR5L16B0655,16,2022-12-15,542,parlementaire,ordinaire,1
PIONANR5L16B0656,16,2022-12-15,542,parlementaire,ordinaire,1
PIONANR5L16B0657,16,2022-12-15,542,parlementaire,ordinaire,1
PIONANR5L16B0658,16,2022-12-15,542,parlementaire,ordinaire,4
PIONANR5L16B0659,16,2022-12-15,542,parlementaire,ordinaire,2
PIONANR5L16B0660,16,2022-12-15,542,parlementaire,ordinaire,1
PIONANR5L16B0661,16,2022-12-15,542,parlementaire,ordinaire,2
PIONANR5L16B0662,16,2022-12-15,542,parlementaire,ordinaire,1
PRJLANR5L16B0670,16,2022-12-23,534,gouvernement,ordinaire,1
PIONANR5L16B0671,16,2022-12-27,530,parlementaire,ordinaire,4
PIONANR5L16B0672,16,2022-12-27,530,parlementaire,ordinaire,2
PRJLANR5L16B0673,16,2023-01-04,522,gouvernement,ordinaire,1
PIONANR5L16B0674,16,2023-01-06,520,parlementaire,organique,1
PIONANR5L16B0676,16,2023-01-09,517,parlementaire,ordinaire,4
PIONANR5L16B0688,16,2023-01-11,515,parlementaire,organique,1
PRJLANR5L16B0690,16,2023-01-11,515,gouvernement,traite,4
PRJLANR5L16B0691,16,2023-01-11,515,gouvernement,ordinaire,1
PIONANR5L16B0693,16,2023-01-13,513,parlementaire,organique,1
PIONANR5L16B0695,16,2023-01-17,509,parlementaire,ordinaire,1
PIONANR5L16B0696,16,2023-01-17,509,parlementaire,ordinaire,1
PIONANR5L16B0697,16,2023-01-17,509,parlementaire,ordinaire,1
PIONANR5L16B0698,16,2023-01-17,509,parlementaire,ordinaire,1
PIONANR5L16B0699,16,2023-01-17,509,parlementaire,ordinaire,1
PIONANR5L16B0700,16,2023-01-17,509,parlementaire,ordinaire,1
PIONANR5L16B0701,16,2023-01-17,509,parlementaire,ordinaire,1
PIONANR5L16B0702,16,2023-01-17,509,parlementaire,ordinaire,1
PIONANR5L16B0703,16,2023-01-17,509,parlementaire,ordinaire,1
PIONANR5L16B0704,16,2023-01-17,509,parlementaire,ordinaire,1
PIONANR5L16B0705,16,2023-01-17,509,parlementaire,ordinaire,1
PIONANR5L16B0706,16,2023-01-17,509,parlementaire,ordinaire,1
PIONANR5L16B0707,16,2023-01-17,509,parlementaire,ordinaire,1
PIONANR5L16B0708,16,2023-01-17,509,parlementaire,ordinaire,1
PIONANR5L16B0709,16,2023-01-17,509,parlementaire,ordinaire,1
PIONANR5L16B0710,16,2023-01-17,509,parlementaire,ordinaire,1
PIONANR5L16B0711,16,2023-01-17,509,parlementaire,ordinaire,1
PIONANR5L16B0712,16,2023-01-17,509,parlementaire,ordinaire,1
PIONANR5L16B0713,16,2023-01-17,509,parlementaire,ordinaire,1
PIONANR5L16B0714,16,2023-01-17,509,parlementaire,ordinaire,1
PIONANR5L16B0715,16,2023-01-17,509,parlementaire,ordinaire,1
PIONANR5L16B0716,16,2023-01-17,509,parlementaire,ordinaire,1
PIONANR5L16B0717,16,2023-01-17,509,parlementaire,ordinaire,1
PIONANR5L16B0718,16,2023-01-17,509,parlementaire,ordinaire,1
PIONANR5L16B0719,16,2023-01-17,509,parlementaire,ordinaire,1
PIONANR5L16B0720,16,2023-01-17,509,parlementaire,ordinaire,1
PIONANR5L16B0721,16,2023-01-17,509,parlementaire,ordinaire,1
PIONANR5L16B0722,16,2023-01-17,509,parlementaire,ordinaire,1
PIONANR5L16B0723,16,2023-01-17,509,parlementaire,ordinaire,1
PIONANR5L16B0724,16,2023-01-17,509,parlementaire,ordinaire,1
PIONANR5L16B0725,16,2023-01-17,509,parlementaire,ordinaire,1
PIONANR5L16B0726,16,2023-01-17,509,parlementaire,ordinaire,1
PIONANR5L16B0727,16,2023-01-17,509,parlementaire,ordinaire,1
PIONANR5L16B0728,16,2023-01-17,509,parlementaire,ordinaire,1
PIONANR5L16B0729,16,2023-01-17,509,parlementaire,ordinaire,1
PIONANR5L16B0730,16,2023-01-17,509,parlementaire,ordinaire,1
PIONANR5L16B0731,16,2023-01-17,509,parlementaire,ordinaire,1
PIONANR5L16B0732,16,2023-01-17,509,parlementaire,ordinaire,1
PIONANR5L16B0733,16,2023-01-17,509,parlementaire,ordinaire,1
PIONANR5L16B0734,16,2023-01-17,509,parlementaire,ordinaire,1
PIONANR5L16B0735,16,2023-01-17,509,parlementaire,ordinaire,1
PIONANR5L16B0736,16,2023-01-17,509,parlementaire,ordinaire,2
PIONANR5L16B0737,16,2023-01-17,509,parlementaire,ordinaire,1
PIONANR5L16B0738,16,2023-01-17,509,parlementaire,ordinaire,1
PIONANR5L16B0739,16,2023-01-17,509,parlementaire,ordinaire,4
PIONANR5L16B0740,16,2023-01-17,509,parlementaire,ordinaire,2
PIONANR5L16B0741,16,2023-01-17,509,parlementaire,ordinaire,1
PIONANR5L16B0742,16,2023-01-17,509,parlementaire,ordinaire,4
PIONANR5L16B0743,16,2023-01-17,509,parlementaire,ordinaire,1
PIONANR5L16B0744,16,2023-01-17,509,parlementaire,ordinaire,1
PIONANR5L16B0745,16,2023-01-17,509,parlementaire,ordinaire,1
PIONANR5L16B0746,16,2023-01-17,509,parlementaire,ordinaire,1
PIONANR5L16B0747,16,2023-01-17,509,parlementaire,ordinaire,4
PRJLANR5L16B0754,16,2023-01-18,508,gouvernement,ordinaire,1
PRJLANR5L16B0756,16,2023-01-18,508,gouvernement,ordinaire,1
PIONANR5L16B0757,16,2023-01-19,507,parlementaire,ordinaire,2
PIONANR5L16B0758,16,2023-01-19,507,parlementaire,ordinaire,4
PIONANR5L16B0759,16,2023-01-19,507,parlementaire,ordinaire,2
PRJLANR5L16B0760,16,2023-01-23,503,gouvernement,finances_fss,4
PIONANR5L16B0773,16,2023-01-31,495,parlementaire,ordinaire,1
PIONANR5L16B0774,16,2023-01-31,495,parlementaire,ordinaire,1
PIONANR5L16B0775,16,2023-01-31,495,parlementaire,ordinaire,1
PIONANR5L16B0776,16,2023-01-31,495,parlementaire,ordinaire,1
PIONANR5L16B0777,16,2023-01-31,495,parlementaire,ordinaire,2
PIONANR5L16B0778,16,2023-01-31,495,parlementaire,ordinaire,1
PIONANR5L16B0779,16,2023-01-31,495,parlementaire,ordinaire,1
PIONANR5L16B0780,16,2023-01-31,495,parlementaire,ordinaire,1
PIONANR5L16B0781,16,2023-01-31,495,parlementaire,ordinaire,1
PIONANR5L16B0782,16,2023-01-31,495,parlementaire,ordinaire,1
PIONANR5L16B0783,16,2023-01-31,495,parlementaire,ordinaire,1
PIONANR5L16B0784,16,2023-01-31,495,parlementaire,ordinaire,1
PIONANR5L16B0785,16,2023-01-31,495,parlementaire,ordinaire,1
PIONANR5L16B0786,16,2023-01-31,495,parlementaire,ordinaire,1
PIONANR5L16B0787,16,2023-01-31,495,parlementaire,ordinaire,1
PIONANR5L16B0788,16,2023-01-31,495,parlementaire,ordinaire,1
PIONANR5L16B0789,16,2023-01-31,495,parlementaire,ordinaire,1
PIONANR5L16B0790,16,2023-01-31,495,parlementaire,ordinaire,4
PIONANR5L16B0791,16,2023-01-31,495,parlementaire,ordinaire,1
PIONANR5L16B0792,16,2023-01-31,495,parlementaire,ordinaire,1
PIONANR5L16B0793,16,2023-01-31,495,parlementaire,ordinaire,4
PIONANR5L16B0794,16,2023-01-31,495,parlementaire,ordinaire,1
PIONANR5L16B0795,16,2023-01-31,495,parlementaire,ordinaire,1
PIONANR5L16B0796,16,2023-01-31,495,parlementaire,ordinaire,1
PIONANR5L16B0797,16,2023-01-31,495,parlementaire,ordinaire,1
PIONANR5L16B0798,16,2023-01-31,495,parlementaire,ordinaire,4
PIONANR5L16B0799,16,2023-01-31,495,parlementaire,ordinaire,1
PIONANR5L16B0810,16,2023-02-01,494,parlementaire,organique,1
PIONANR5L16B0825,16,2023-02-09,486,parlementaire,constitutionnelle,1
PIONANR5L16B0828,16,2023-02-14,481,parlementaire,ordinaire,1
PIONANR5L16B0829,16,2023-02-14,481,parlementaire,ordinaire,1
PIONANR5L16B0830,16,2023-02-14,481,parlementaire,ordinaire,1
PIONANR5L16B0831,16,2023-02-14,481,parlementaire,ordinaire,1
PIONANR5L16B0832,16,2023-02-14,481,parlementaire,ordinaire,1
PIONANR5L16B0833,16,2023-02-14,481,parlementaire,ordinaire,1
PIONANR5L16B0834,16,2023-02-14,481,parlementaire,ordinaire,1
PIONANR5L16B0835,16,2023-02-14,481,parlementaire,ordinaire,1
PIONANR5L16B0836,16,2023-02-14,481,parlementaire,ordinaire,1
PIONANR5L16B0837,16,2023-02-14,481,parlementaire,ordinaire,1
PIONANR5L16B0838,16,2023-02-14,481,parlementaire,ordinaire,1
PIONANR5L16B0839,16,2023-02-14,481,parlementaire,ordinaire,1
PIONANR5L16B0840,16,2023-02-14,481,parlementaire,ordinaire,1
PIONANR5L16B0841,16,2023-02-14,481,parlementaire,ordinaire,1
PIONANR5L16B0842,16,2023-02-14,481,parlementaire,ordinaire,1
PIONANR5L16B0843,16,2023-02-14,481,parlementaire,ordinaire,1
PIONANR5L16B0844,16,2023-02-14,481,parlementaire,ordinaire,1
PIONANR5L16B0845,16,2023-02-14,481,parlementaire,ordinaire,1
PIONANR5L16B0846,16,2023-02-14,481,parlementaire,ordinaire,1
PIONANR5L16B0847,16,2023-02-14,481,parlementaire,ordinaire,1
PIONANR5L16B0848,16,2023-02-14,481,parlementaire,ordinaire,1
PIONANR5L16B0849,16,2023-02-14,481,parlementaire,ordinaire,1
PIONANR5L16B0850,16,2023-02-14,481,parlementaire,ordinaire,1
PIONANR5L16B0851,16,2023-02-14,481,parlementaire,ordinaire,1
PIONANR5L16B0852,16,2023-02-14,481,parlementaire,ordinaire,1
PIONANR5L16B0853,16,2023-02-14,481,parlementaire,ordinaire,1
PIONANR5L16B0854,16,2023-02-14,481,parlementaire,ordinaire,1
PIONANR5L16B0855,16,2023-02-14,481,parlementaire,ordinaire,1
PRJLANR5L16B0867,16,2023-02-15,480,gouvernement,traite,4
PIONANR5L16B0876,16,2023-02-21,474,parlementaire,ordinaire,1
PIONANR5L16B0877,16,2023-02-21,474,parlementaire,ordinaire,1
PIONANR5L16B0878,16,2023-02-21,474,parlementaire,ordinaire,1
PIONANR5L16B0879,16,2023-02-21,474,parlementaire,ordinaire,1
PIONANR5L16B0880,16,2023-02-21,474,parlementaire,ordinaire,1
PIONANR5L16B0881,16,2023-02-21,474,parlementaire,ordinaire,1
PIONANR5L16B0882,16,2023-02-21,474,parlementaire,ordinaire,1
PIONANR5L16B0883,16,2023-02-21,474,parlementaire,ordinaire,1
PIONANR5L16B0884,16,2023-02-21,474,parlementaire,ordinaire,1
PIONANR5L16B0885,16,2023-02-21,474,parlementaire,ordinaire,2
PIONANR5L16B0886,16,2023-02-21,474,parlementaire,ordinaire,1
PIONANR5L16B0887,16,2023-02-21,474,parlementaire,ordinaire,2
PIONANR5L16B0888,16,2023-02-21,474,parlementaire,ordinaire,1
PIONANR5L16B0889,16,2023-02-21,474,parlementaire,ordinaire,2
PIONANR5L16B0890,16,2023-02-21,474,parlementaire,ordinaire,1
PIONANR5L16B0891,16,2023-02-21,474,parlementaire,ordinaire,1
PIONANR5L16B0892,16,2023-02-21,474,parlementaire,ordinaire,1
PIONANR5L16B0893,16,2023-02-21,474,parlementaire,ordinaire,1
PIONANR5L16B0894,16,2023-02-21,474,parlementaire,ordinaire,1
PIONANR5L16B0895,16,2023-02-21,474,parlementaire,ordinaire,1
PIONANR5L16B0896,16,2023-02-21,474,parlementaire,ordinaire,1
PIONANR5L16B0897,16,2023-02-21,474,parlementaire,ordinaire,1
PRJLANR5L16B0898,16,2023-02-22,473,gouvernement,traite,4
PRJLANR5L16B0899,16,2023-02-22,473,gouvernement,ordinaire,1
PIONANR5L16B0903,16,2023-02-27,468,parlementaire,organique,1
PRJLANR5L16B0914,16,2023-03-01,466,gouvernement,ordinaire,1
PIONANR5L16B0918,16,2023-03-07,460,parlementaire,ordinaire,1
PIONANR5L16B0919,16,2023-03-07,460,parlementaire,ordinaire,1
PIONANR5L16B0920,16,2023-03-07,460,parlementaire,ordinaire,1
PIONANR5L16B0921,16,2023-03-07,460,parlementaire,ordinaire,1
PIONANR5L16B0922,16,2023-03-07,460,parlementaire,ordinaire,1
PIONANR5L16B0923,16,2023-03-07,460,parlementaire,ordinaire,1
PIONANR5L16B0924,16,2023-03-07,460,parlementaire,ordinaire,1
PIONANR5L16B0925,16,2023-03-07,460,parlementaire,ordinaire,1
PIONANR5L16B0926,16,2023-03-07,460,parlementaire,ordinaire,1
PIONANR5L16B0927,16,2023-03-07,460,parlementaire,ordinaire,1
PIONANR5L16B0928,16,2023-03-07,460,parlementaire,ordinaire,1
PIONANR5L16B0929,16,2023-03-07,460,parlementaire,ordinaire,1
PIONANR5L16B0930,16,2023-03-07,460,parlementaire,ordinaire,1
PIONANR5L16B0931,16,2023-03-07,460,parlementaire,ordinaire,1
PIONANR5L16B0932,16,2023-03-07,460,parlementaire,ordinaire,1
PIONANR5L16B0933,16,2023-03-07,460,parlementaire,ordinaire,1
PRJLANR5L16B0935,16,2023-03-08,459,gouvernement,ordinaire,1
PIONANR5L16B0940,16,2023-03-09,458,parlementaire,constitutionnelle,2
PIONANR5L16B0953,16,2023-03-16,451,parlementaire,constitutionnelle,1
PIONANR5L16B0956,16,2023-03-17,450,parlementaire,constitutionnelle,1
PIONANR5L16B0957,16,2023-03-17,450,parlementaire,organique,2
PIONANR5L16B0959,16,2023-03-20,447,parlementaire,ordinaire,1
PIONANR5L16B0960,16,2023-03-21,446,parlementaire,ordinaire,1
PIONANR5L16B0961,16,2023-03-21,446,parlementaire,ordinaire,1
PIONANR5L16B0962,16,2023-03-21,446,parlementaire,ordinaire,1
PIONANR5L16B0963,16,2023-03-21,446,parlementaire,ordinaire,1
PIONANR5L16B0964,16,2023-03-21,446,parlementaire,ordinaire,1
PIONANR5L16B0965,16,2023-03-21,446,parlementaire,ordinaire,1
PIONANR5L16B0966,16,2023-03-21,446,parlementaire,ordinaire,1
PIONANR5L16B0967,16,2023-03-21,446,parlementaire,ordinaire,1
PIONANR5L16B0968,16,2023-03-21,446,parlementaire,ordinaire,1
PIONANR5L16B0969,16,2023-03-21,446,parlementaire,ordinaire,1
PIONANR5L16B0970,16,2023-03-21,446,parlementaire,ordinaire,1
PIONANR5L16B0971,16,2023-03-21,446,parlementaire,ordinaire,1
PIONANR5L16B0972,16,2023-03-21,446,parlementaire,ordinaire,1
PIONANR5L16B0973,16,2023-03-21,446,parlementaire,ordinaire,1
PIONANR5L16B0974,16,2023-03-21,446,parlementaire,ordinaire,1
PIONANR5L16B0975,16,2023-03-21,446,parlementaire,ordinaire,1
PIONANR5L16B0976,16,2023-03-21,446,parlementaire,ordinaire,1
PIONANR5L16B0977,16,2023-03-21,446,parlementaire,ordinaire,1
PIONANR5L16B0978,16,2023-03-21,446,parlementaire,ordinaire,1
PIONANR5L16B0979,16,2023-03-21,446,parlementaire,ordinaire,1
PIONANR5L16B0980,16,2023-03-21,446,parlementaire,ordinaire,1
PIONANR5L16B0981,16,2023-03-21,446,parlementaire,ordinaire,1
PIONANR5L16B0982,16,2023-03-21,446,parlementaire,ordinaire,1
PIONANR5L16B0983,16,2023-03-21,446,parlementaire,ordinaire,1
PIONANR5L16B0984,16,2023-03-21,446,parlementaire,ordinaire,1
PIONANR5L16B0985,16,2023-03-21,446,parlementaire,ordinaire,1
PIONANR5L16B0986,16,2023-03-21,446,parlementaire,ordinaire,1
PIONANR5L16B0987,16,2023-03-21,446,parlementaire,ordinaire,1
PIONANR5L16B0988,16,2023-03-21,446,parlementaire,ordinaire,1
PIONANR5L16B0989,16,2023-03-21,446,parlementaire,ordinaire,1
PIONANR5L16B0990,16,2023-03-21,446,parlementaire,ordinaire,1
PIONANR5L16B0991,16,2023-03-21,446,parlementaire,ordinaire,2
PIONANR5L16B0992,16,2023-03-21,446,parlementaire,ordinaire,1
PIONANR5L16B0993,16,2023-03-21,446,parlementaire,ordinaire,1
PIONANR5L16B0994,16,2023-03-21,446,parlementaire,ordinaire,1
PIONANR5L16B0995,16,2023-03-21,446,parlementaire,ordinaire,1
PIONANR5L16B0996,16,2023-03-21,446,parlementaire,ordinaire,1
PIONANR5L16B0997,16,2023-03-21,446,parlementaire,ordinaire,1
PIONANR5L16B0998,16,2023-03-21,446,parlementaire,ordinaire,1
PRJLANR5L16B1007,16,2023-03-22,445,gouvernement,ordinaire,1
PIONANR5L16B1011,16,2023-03-23,444,parlementaire,ordinaire,2
PIONANR5L16B1030,16,2023-03-30,437,parlementaire,constitutionnelle,1
PIONANR5L16B1034,16,2023-04-04,432,parlementaire,ordinaire,1
PIONANR5L16B1035,16,2023-04-04,432,parlementaire,ordinaire,1
PIONANR5L16B1036,16,2023-04-04,432,parlementaire,ordinaire,1
PIONANR5L16B1037,16,2023-04-04,432,parlementaire,ordinaire,1
PIONANR5L16B1038,16,2023-04-04,432,parlementaire,ordinaire,1
PIONANR5L16B1039,16,2023-04-04,432,parlementaire,ordinaire,1
PIONANR5L16B1040,16,2023-04-04,432,parlementaire,ordinaire,1
PIONANR5L16B1041,16,2023-04-04,432,parlementaire,ordinaire,1
PIONANR5L16B1042,16,2023-04-04,432,parlementaire,ordinaire,1
PIONANR5L16B1043,16,2023-04-04,432,parlementaire,ordinaire,1
PIONANR5L16B1044,16,2023-04-04,432,parlementaire,ordinaire,1
PIONANR5L16B1045,16,2023-04-04,432,parlementaire,ordinaire,1
PIONANR5L16B1046,16,2023-04-04,432,parlementaire,ordinaire,1
PIONANR5L16B1047,16,2023-04-04,432,parlementaire,ordinaire,1
PIONANR5L16B1048,16,2023-04-04,432,parlementaire,ordinaire,1
PIONANR5L16B1049,16,2023-04-04,432,parlementaire,ordinaire,1
PIONANR5L16B1050,16,2023-04-04,432,parlementaire,ordinaire,1
PIONANR5L16B1051,16,2023-04-04,432,parlementaire,ordinaire,1
PIONANR5L16B1052,16,2023-04-04,432,parlementaire,ordinaire,1
PIONANR5L16B1053,16,2023-04-04,432,parlementaire,ordinaire,1
PIONANR5L16B1054,16,2023-04-04,432,parlementaire,ordinaire,1
PIONANR5L16B1055,16,2023-04-04,432,parlementaire,ordinaire,1
PIONANR5L16B1056,16,2023-04-04,432,parlementaire,ordinaire,1
PIONANR5L16B1057,16,2023-04-04,432,parlementaire,ordinaire,1
PIONANR5L16B1058,16,2023-04-04,432,parlementaire,ordinaire,1
PIONANR5L16B1059,16,2023-04-04,432,parlementaire,ordinaire,1
PIONANR5L16B1060,16,2023-04-04,432,parlementaire,ordinaire,1
PIONANR5L16B1061,16,2023-04-04,432,parlementaire,ordinaire,1
PIONANR5L16B1062,16,2023-04-04,432,parlementaire,ordinaire,1
PIONANR5L16B1063,16,2023-04-04,432,parlementaire,ordinaire,1
PRJLANR5L16B1033,16,2023-04-04,432,gouvernement,ordinaire,4
PRJLANR5L16B1094,16,2023-04-13,423,gouvernement,finances_fss,2
PRJLANR5L16B1095,16,2023-04-13,423,gouvernement,finances_fss,2
PIONANR5L16B1106,16,2023-04-19,417,parlementaire,constitutionnelle,1
PRJLANR5L16B1105,16,2023-04-19,417,gouvernement,ordinaire,1
PIONANR5L16B1107,16,2023-04-20,416,parlementaire,constitutionnelle,1
PIONANR5L16B1114,16,2023-04-25,411,parlementaire,ordinaire,1
PIONANR5L16B1115,16,2023-04-25,411,parlementaire,ordinaire,1
PIONANR5L16B1116,16,2023-04-25,411,parlementaire,ordinaire,1
PIONANR5L16B1117,16,2023-04-25,411,parlementaire,ordinaire,1
PIONANR5L16B1118,16,2023-04-25,411,parlementaire,ordinaire,1
PIONANR5L16B1119,16,2023-04-25,411,parlementaire,ordinaire,1
PIONANR5L16B1120,16,2023-04-25,411,parlementaire,ordinaire,1
PIONANR5L16B1121,16,2023-04-25,411,parlementaire,ordinaire,1
PIONANR5L16B1122,16,2023-04-25,411,parlementaire,ordinaire,1
PIONANR5L16B1123,16,2023-04-25,411,parlementaire,ordinaire,1
PIONANR5L16B1124,16,2023-04-25,411,parlementaire,ordinaire,1
PIONANR5L16B1125,16,2023-04-25,411,parlementaire,ordinaire,1
PIONANR5L16B1126,16,2023-04-25,411,parlementaire,ordinaire,1
PIONANR5L16B1127,16,2023-04-25,411,parlementaire,ordinaire,1
PIONANR5L16B1128,16,2023-04-25,411,parlementaire,ordinaire,1
PIONANR5L16B1129,16,2023-04-25,411,parlementaire,ordinaire,1
PIONANR5L16B1130,16,2023-04-25,411,parlementaire,ordinaire,1
PIONANR5L16B1131,16,2023-04-25,411,parlementaire,ordinaire,1
PIONANR5L16B1132,16,2023-04-25,411,parlementaire,ordinaire,1
PIONANR5L16B1133,16,2023-04-25,411,parlementaire,ordinaire,1
PIONANR5L16B1134,16,2023-04-25,411,parlementaire,ordinaire,1
PIONANR5L16B1135,16,2023-04-25,411,parlementaire,ordinaire,1
PIONANR5L16B1136,16,2023-04-25,411,parlementaire,ordinaire,1
PIONANR5L16B1137,16,2023-04-25,411,parlementaire,ordinaire,1
PIONANR5L16B1138,16,2023-04-25,411,parlementaire,ordinaire,1
PIONANR5L16B1139,16,2023-04-25,411,parlementaire,ordinaire,1
PIONANR5L16B1140,16,2023-04-25,411,parlementaire,ordinaire,1
PIONANR5L16B1141,16,2023-04-25,411,parlementaire,ordinaire,1
PIONANR5L16B1142,16,2023-04-25,411,parlementaire,ordinaire,1
PIONANR5L16B1143,16,2023-04-25,411,parlementaire,ordinaire,1
PIONANR5L16B1144,16,2023-04-25,411,parlementaire,ordinaire,1
PIONANR5L16B1145,16,2023-04-25,411,parlementaire,ordinaire,2
PIONANR5L16B1146,16,2023-04-25,411,parlementaire,ordinaire,2
PIONANR5L16B1147,16,2023-04-25,411,parlementaire,ordinaire,1
PIONANR5L16B1148,16,2023-04-25,411,parlementaire,ordinaire,1
PIONANR5L16B1149,16,2023-04-25,411,parlementaire,ordinaire,2
PIONANR5L16B1150,16,2023-04-25,411,parlementaire,ordinaire,2
PIONANR5L16B1151,16,2023-04-25,411,parlementaire,ordinaire,1
PIONANR5L16B1152,16,2023-04-25,411,parlementaire,ordinaire,1
PIONANR5L16B1153,16,2023-04-25,411,parlementaire,ordinaire,1
PIONANR5L16B1154,16,2023-04-25,411,parlementaire,ordinaire,1
PIONANR5L16B1155,16,2023-04-25,411,parlementaire,ordinaire,1
PIONANR5L16B1156,16,2023-04-25,411,parlementaire,ordinaire,1
PIONANR5L16B1157,16,2023-04-25,411,parlementaire,ordinaire,1
PIONANR5L16B1158,16,2023-04-25,411,parlementaire,ordinaire,1
PIONANR5L16B1159,16,2023-04-25,411,parlementaire,ordinaire,2
PIONANR5L16B1160,16,2023-04-25,411,parlementaire,ordinaire,1
PIONANR5L16B1161,16,2023-04-25,411,parlementaire,ordinaire,1
PIONANR5L16B1162,16,2023-04-25,411,parlementaire,ordinaire,3
PIONANR5L16B1163,16,2023-04-25,411,parlementaire,ordinaire,1
PIONANR5L16B1164,16,2023-04-25,411,parlementaire,ordinaire,2
PIONANR5L16B1165,16,2023-04-25,411,parlementaire,ordinaire,1
PIONANR5L16B1166,16,2023-04-25,411,parlementaire,ordinaire,4
PIONANR5L16B1167,16,2023-04-25,411,parlementaire,ordinaire,1
PIONANR5L16B1168,16,2023-04-25,411,parlementaire,ordinaire,1
PIONANR5L16B1169,16,2023-04-25,411,parlementaire,ordinaire,1
PIONANR5L16B1170,16,2023-04-25,411,parlementaire,ordinaire,1
PIONANR5L16B1171,16,2023-04-25,411,parlementaire,ordinaire,1
PRJLANR5L16B1172,16,2023-04-26,410,gouvernement,ordinaire,1
PIONANR5L16B1175,16,2023-04-28,408,parlementaire,ordinaire,4
PIONANR5L16B1176,16,2023-04-28,408,parlementaire,ordinaire,2
PRJLANR5L16B1183,16,2023-05-03,403,gouvernement,traite,4
PIONANR5L16B1187,16,2023-05-09,397,parlementaire,constitutionnelle,1
PIONANR5L16B1188,16,2023-05-09,397,parlementaire,constitutionnelle,1
PIONANR5L16B1197,16,2023-05-10,396,parlementaire,ordinaire,1
PIONANR5L16B1198,16,2023-05-10,396,parlementaire,ordinaire,1
PIONANR5L16B1199,16,2023-05-10,396,parlementaire,ordinaire,1
PIONANR5L16B1200,16,2023-05-10,396,parlementaire,ordinaire,1
PIONANR5L16B1201,16,2023-05-10,396,parlementaire,ordinaire,1
PIONANR5L16B1202,16,2023-05-10,396,parlementaire,ordinaire,4
PIONANR5L16B1203,16,2023-05-10,396,parlementaire,ordinaire,1
PIONANR5L16B1204,16,2023-05-10,396,parlementaire,ordinaire,1
PIONANR5L16B1205,16,2023-05-10,396,parlementaire,ordinaire,1
PIONANR5L16B1206,16,2023-05-10,396,parlementaire,ordinaire,1
PIONANR5L16B1207,16,2023-05-10,396,parlementaire,ordinaire,1
PIONANR5L16B1208,16,2023-05-10,396,parlementaire,ordinaire,2
PIONANR5L16B1209,16,2023-05-10,396,parlementaire,ordinaire,1
PIONANR5L16B1210,16,2023-05-10,396,parlementaire,ordinaire,1
PIONANR5L16B1211,16,2023-05-10,396,parlementaire,ordinaire,1
PIONANR5L16B1212,16,2023-05-10,396,parlementaire,ordinaire,1
PIONANR5L16B1213,16,2023-05-10,396,parlementaire,ordinaire,1
PIONANR5L16B1214,16,2023-05-10,396,parlementaire,ordinaire,1
PIONANR5L16B1215,16,2023-05-10,396,parlementaire,ordinaire,1
PIONANR5L16B1216,16,2023-05-10,396,parlementaire,ordinaire,1
PIONANR5L16B1217,16,2023-05-10,396,parlementaire,ordinaire,1
PIONANR5L16B1218,16,2023-05-10,396,parlementaire,ordinaire,1
PIONANR5L16B1219,16,2023-05-10,396,parlementaire,ordinaire,1
PIONANR5L16B1220,16,2023-05-10,396,parlementaire,ordinaire,1
PIONANR5L16B1221,16,2023-05-10,396,parlementaire,ordinaire,2
PIONANR5L16B1222,16,2023-05-10,396,parlementaire,ordinaire,1
PRJLANR5L16B1224,16,2023-05-10,396,gouvernement,traite,4
PIONANR5L16B1231,16,2023-05-12,394,parlementaire,constitutionnelle,1
PIONANR5L16B1247,16,2023-05-23,383,parlementaire,ordinaire,1
PIONANR5L16B1248,16,2023-05-23,383,parlementaire,ordinaire,1
PIONANR5L16B1249,16,2023-05-23,383,parlementaire,ordinaire,1
PIONANR5L16B1250,16,2023-05-23,383,parlementaire,ordinaire,1
PIONANR5L16B1251,16,2023-05-23,383,parlementaire,ordinaire,1
PIONANR5L16B1252,16,2023-05-23,383,parlementaire,ordinaire,1
PIONANR5L16B1253,16,2023-05-23,383,parlementaire,ordinaire,1
PIONANR5L16B1254,16,2023-05-23,383,parlementaire,ordinaire,1
PIONANR5L16B1255,16,2023-05-23,383,parlementaire,ordinaire,1
PIONANR5L16B1256,16,2023-05-23,383,parlementaire,ordinaire,1
PIONANR5L16B1257,16,2023-05-23,383,parlementaire,ordinaire,1
PIONANR5L16B1258,16,2023-05-23,383,parlementaire,ordinaire,1
PIONANR5L16B1259,16,2023-05-23,383,parlementaire,ordinaire,1
PIONANR5L16B1260,16,2023-05-23,383,parlementaire,ordinaire,1
PIONANR5L16B1261,16,2023-05-23,383,parlementaire,ordinaire,1
PIONANR5L16B1262,16,2023-05-23,383,parlementaire,ordinaire,4
PRJLANR5L16B1268,16,2023-05-24,382,gouvernement,ordinaire,2
PRJLANR5L16B1272,16,2023-05-24,382,gouvernement,ordinaire,4
PIONANR5L16B1282,16,2023-05-25,381,parlementaire,constitutionnelle,1
PRJLANR5L16B1284,16,2023-05-30,376,gouvernement,traite,4
PIONANR5L16B1309,16,2023-06-01,374,parlementaire,constitutionnelle,1
PIONANR5L16B1322,16,2023-06-05,370,parlementaire,constitutionnelle,2
PIONANR5L16B1324,16,2023-06-06,369,parlementaire,organique,1
PRJLANR5L16B1337,16,2023-06-08,367,gouvernement,ordinaire,1
PIONANR5L16B1343,16,2023-06-13,362,parlementaire,organique,1
PIONANR5L16B1344,16,2023-06-13,362,parlementaire,constitutionnelle,1
PRJLANR5L16B1358,16,2023-06-14,361,gouvernement,ordinaire,1
PIONANR5L16B1363,16,2023-06-15,360,parlementaire,ordinaire,1
PIONANR5L16B1364,16,2023-06-15,360,parlementaire,ordinaire,1
PIONANR5L16B1365,16,2023-06-15,360,parlementaire,ordinaire,1
PIONANR5L16B1366,16,2023-06-15,360,parlementaire,ordinaire,1
PIONANR5L16B1367,16,2023-06-15,360,parlementaire,ordinaire,1
PIONANR5L16B1368,16,2023-06-15,360,parlementaire,ordinaire,1
PIONANR5L16B1369,16,2023-06-15,360,parlementaire,ordinaire,1
PIONANR5L16B1370,16,2023-06-15,360,parlementaire,ordinaire,1
PIONANR5L16B1371,16,2023-06-15,360,parlementaire,ordinaire,1
PIONANR5L16B1372,16,2023-06-15,360,parlementaire,ordinaire,1
PIONANR5L16B1373,16,2023-06-15,360,parlementaire,ordinaire,1
PIONANR5L16B1374,16,2023-06-15,360,parlementaire,ordinaire,1
PIONANR5L16B1375,16,2023-06-15,360,parlementaire,ordinaire,1
PIONANR5L16B1376,16,2023-06-15,360,parlementaire,ordinaire,1
PIONANR5L16B1377,16,2023-06-15,360,parlementaire,ordinaire,1
PIONANR5L16B1378,16,2023-06-15,360,parlementaire,ordinaire,1
PIONANR5L16B1379,16,2023-06-15,360,parlementaire,ordinaire,1
PIONANR5L16B1380,16,2023-06-15,360,parlementaire,ordinaire,1
PIONANR5L16B1381,16,2023-06-15,360,parlementaire,ordinaire,1
PIONANR5L16B1382,16,2023-06-15,360,parlementaire,ordinaire,1
PIONANR5L16B1383,16,2023-06-15,360,parlementaire,ordinaire,1
PIONANR5L16B1384,16,2023-06-15,360,parlementaire,ordinaire,1
PIONANR5L16B1385,16,2023-06-15,360,parlementaire,ordinaire,1
PIONANR5L16B1386,16,2023-06-15,360,parlementaire,ordinaire,1
PIONANR5L16B1387,16,2023-06-15,360,parlementaire,ordinaire,1
PIONANR5L16B1388,16,2023-06-15,360,parlementaire,ordinaire,1
PIONANR5L16B1389,16,2023-06-15,360,parlementaire,ordinaire,1
PIONANR5L16B1390,16,2023-06-15,360,parlementaire,ordinaire,1
PIONANR5L16B1391,16,2023-06-15,360,parlementaire,ordinaire,1
PIONANR5L16B1392,16,2023-06-15,360,parlementaire,ordinaire,1
PIONANR5L16B1393,16,2023-06-15,360,parlementaire,ordinaire,1
PIONANR5L16B1408,16,2023-06-20,355,parlementaire,ordinaire,1
PIONANR5L16B1409,16,2023-06-20,355,parlementaire,ordinaire,1
PIONANR5L16B1410,16,2023-06-20,355,parlementaire,ordinaire,1
PIONANR5L16B1411,16,2023-06-20,355,parlementaire,ordinaire,1
PIONANR5L16B1412,16,2023-06-20,355,parlementaire,ordinaire,1
PIONANR5L16B1413,16,2023-06-20,355,parlementaire,ordinaire,1
PIONANR5L16B1414,16,2023-06-20,355,parlementaire,ordinaire,1
PIONANR5L16B1415,16,2023-06-20,355,parlementaire,ordinaire,1
PIONANR5L16B1416,16,2023-06-20,355,parlementaire,ordinaire,1
PIONANR5L16B1417,16,2023-06-20,355,parlementaire,ordinaire,1
PIONANR5L16B1418,16,2023-06-20,355,parlementaire,ordinaire,1
PIONANR5L16B1419,16,2023-06-20,355,parlementaire,ordinaire,1
PIONANR5L16B1420,16,2023-06-20,355,parlementaire,ordinaire,1
PIONANR5L16B1421,16,2023-06-20,355,parlementaire,ordinaire,1
PIONANR5L16B1422,16,2023-06-20,355,parlementaire,ordinaire,1
PIONANR5L16B1423,16,2023-06-20,355,parlementaire,ordinaire,1
PIONANR5L16B1424,16,2023-06-20,355,parlementaire,ordinaire,1
PIONANR5L16B1425,16,2023-06-20,355,parlementaire,ordinaire,1
PIONANR5L16B1426,16,2023-06-20,355,parlementaire,ordinaire,1
PIONANR5L16B1427,16,2023-06-20,355,parlementaire,ordinaire,1
PIONANR5L16B1428,16,2023-06-20,355,parlementaire,ordinaire,1
PIONANR5L16B1429,16,2023-06-20,355,parlementaire,ordinaire,1
PIONANR5L16B1430,16,2023-06-20,355,parlementaire,ordinaire,1
PIONANR5L16B1431,16,2023-06-20,355,parlementaire,ordinaire,1
PIONANR5L16B1432,16,2023-06-20,355,parlementaire,ordinaire,1
PIONANR5L16B1433,16,2023-06-20,355,parlementaire,ordinaire,1
PIONANR5L16B1434,16,2023-06-20,355,parlementaire,ordinaire,1
PRJLANR5L16B1437,16,2023-06-21,354,gouvernement,traite,4
PIONANR5L16B1460,16,2023-07-04,341,parlementaire,ordinaire,1
PIONANR5L16B1461,16,2023-07-04,341,parlementaire,ordinaire,1
PIONANR5L16B1462,16,2023-07-04,341,parlementaire,ordinaire,1
PIONANR5L16B1463,16,2023-07-04,341,parlementaire,ordinaire,1
PIONANR5L16B1464,16,2023-07-04,341,parlementaire,ordinaire,1
PIONANR5L16B1465,16,2023-07-04,341,parlementaire,ordinaire,1
PIONANR5L16B1466,16,2023-07-04,341,parlementaire,ordinaire,1
PIONANR5L16B1467,16,2023-07-04,341,parlementaire,ordinaire,1
PIONANR5L16B1468,16,2023-07-04,341,parlementaire,ordinaire,1
PIONANR5L16B1469,16,2023-07-04,341,parlementaire,ordinaire,1
PIONANR5L16B1470,16,2023-07-04,341,parlementaire,ordinaire,1
PIONANR5L16B1471,16,2023-07-04,341,parlementaire,ordinaire,1
PIONANR5L16B1472,16,2023-07-04,341,parlementaire,ordinaire,1
PIONANR5L16B1473,16,2023-07-04,341,parlementaire,ordinaire,1
PIONANR5L16B1474,16,2023-07-04,341,parlementaire,ordinaire,1
PIONANR5L16B1475,16,2023-07-04,341,parlementaire,ordinaire,1
PIONANR5L16B1476,16,2023-07-04,341,parlementaire,ordinaire,1
PIONANR5L16B1477,16,2023-07-04,341,parlementaire,ordinaire,1
PIONANR5L16B1478,16,2023-07-04,341,parlementaire,ordinaire,1
PIONANR5L16B1479,16,2023-07-04,341,parlementaire,ordinaire,1
PIONANR5L16B1480,16,2023-07-04,341,parlementaire,ordinaire,1
PIONANR5L16B1481,16,2023-07-04,341,parlementaire,ordinaire,1
PIONANR5L16B1482,16,2023-07-04,341,parlementaire,ordinaire,1
PIONANR5L16B1483,16,2023-07-04,341,parlementaire,ordinaire,1
PIONANR5L16B1484,16,2023-07-04,341,parlementaire,ordinaire,1
PIONANR5L16B1485,16,2023-07-04,341,parlementaire,ordinaire,1
PIONANR5L16B1486,16,2023-07-04,341,parlementaire,ordinaire,1
PIONANR5L16B1487,16,2023-07-04,341,parlementaire,ordinaire,1
PIONANR5L16B1488,16,2023-07-04,341,parlementaire,ordinaire,1
PIONANR5L16B1489,16,2023-07-04,341,parlementaire,ordinaire,1
PIONANR5L16B1490,16,2023-07-04,341,parlementaire,ordinaire,1
PIONANR5L16B1491,16,2023-07-04,341,parlementaire,ordinaire,1
PIONANR5L16B1492,16,2023-07-04,341,parlementaire,ordinaire,1
PIONANR5L16B1493,16,2023-07-04,341,parlementaire,ordinaire,1
PIONANR5L16B1494,16,2023-07-04,341,parlementaire,ordinaire,2
PIONANR5L16B1495,16,2023-07-04,341,parlementaire,ordinaire,1
PIONANR5L16B1496,16,2023-07-04,341,parlementaire,ordinaire,1
PIONANR5L16B1497,16,2023-07-04,341,parlementaire,ordinaire,1
PIONANR5L16B1498,16,2023-07-04,341,parlementaire,ordinaire,1
PIONANR5L16B1499,16,2023-07-04,341,parlementaire,ordinaire,1
PIONANR5L16B1500,16,2023-07-04,341,parlementaire,ordinaire,1
PIONANR5L16B1501,16,2023-07-04,341,parlementaire,ordinaire,1
PRJLANR5L16B1506,16,2023-07-05,340,gouvernement,traite,4
PIONANR5L16B1532,16,2023-07-13,332,parlementaire,constitutionnelle,1
PRJLANR5L16B1531,16,2023-07-13,332,gouvernement,ordinaire,1
PIONANR5L16B1550,16,2023-07-20,325,parlementaire,ordinaire,1
PIONANR5L16B1551,16,2023-07-20,325,parlementaire,ordinaire,1
PIONANR5L16B1552,16,2023-07-20,325,parlementaire,ordinaire,1
PIONANR5L16B1553,16,2023-07-20,325,parlementaire,ordinaire,2
PIONANR5L16B1554,16,2023-07-20,325,parlementaire,ordinaire,1
PIONANR5L16B1555,16,2023-07-20,325,parlementaire,ordinaire,1
PIONANR5L16B1556,16,2023-07-20,325,parlementaire,ordinaire,1
PIONANR5L16B1557,16,2023-07-20,325,parlementaire,ordinaire,1
PIONANR5L16B1558,16,2023-07-20,325,parlementaire,ordinaire,1
PIONANR5L16B1559,16,2023-07-20,325,parlementaire,ordinaire,1
PIONANR5L16B1560,16,2023-07-20,325,parlementaire,ordinaire,1
PIONANR5L16B1561,16,2023-07-20,325,parlementaire,ordinaire,1
PIONANR5L16B1562,16,2023-07-20,325,parlementaire,ordinaire,1
PIONANR5L16B1563,16,2023-07-20,325,parlementaire,ordinaire,1
PIONANR5L16B1564,16,2023-07-20,325,parlementaire,ordinaire,1
PIONANR5L16B1565,16,2023-07-20,325,parlementaire,ordinaire,1
PIONANR5L16B1566,16,2023-07-20,325,parlementaire,ordinaire,1
PIONANR5L16B1567,16,2023-07-20,325,parlementaire,ordinaire,1
PIONANR5L16B1568,16,2023-07-20,325,parlementaire,ordinaire,1
PIONANR5L16B1569,16,2023-07-20,325,parlementaire,ordinaire,1
PIONANR5L16B1570,16,2023-07-20,325,parlementaire,ordinaire,1
PIONANR5L16B1571,16,2023-07-20,325,parlementaire,ordinaire,1
PIONANR5L16B1572,16,2023-07-20,325,parlementaire,ordinaire,1
PIONANR5L16B1573,16,2023-07-20,325,parlementaire,ordinaire,1
PIONANR5L16B1574,16,2023-07-20,325,parlementaire,ordinaire,1
PIONANR5L16B1575,16,2023-07-20,325,parlementaire,ordinaire,1
PIONANR5L16B1576,16,2023-07-20,325,parlementaire,ordinaire,1
PIONANR5L16B1577,16,2023-07-20,325,parlementaire,ordinaire,1
PIONANR5L16B1578,16,2023-07-20,325,parlementaire,ordinaire,1
PIONANR5L16B1579,16,2023-07-20,325,parlementaire,ordinaire,1
PIONANR5L16B1580,16,2023-07-20,325,parlementaire,ordinaire,1
PIONANR5L16B1581,16,2023-07-20,325,parlementaire,ordinaire,1
PIONANR5L16B1582,16,2023-07-20,325,parlementaire,ordinaire,1
PIONANR5L16B1583,16,2023-07-20,325,parlementaire,ordinaire,1
PIONANR5L16B1584,16,2023-07-20,325,parlementaire,ordinaire,1
PIONANR5L16B1585,16,2023-07-20,325,parlementaire,ordinaire,1
PIONANR5L16B1586,16,2023-07-20,325,parlementaire,ordinaire,1
PIONANR5L16B1587,16,2023-07-20,325,parlementaire,ordinaire,1
PIONANR5L16B1588,16,2023-07-20,325,parlementaire,ordinaire,1
PIONANR5L16B1589,16,2023-07-20,325,parlementaire,ordinaire,1
PIONANR5L16B1590,16,2023-07-20,325,parlementaire,ordinaire,1
PIONANR5L16B1591,16,2023-07-20,325,parlementaire,ordinaire,1
PIONANR5L16B1592,16,2023-07-20,325,parlementaire,ordinaire,1
PIONANR5L16B1593,16,2023-07-20,325,parlementaire,ordinaire,1
PIONANR5L16B1594,16,2023-07-20,325,parlementaire,ordinaire,1
PIONANR5L16B1595,16,2023-07-20,325,parlementaire,ordinaire,1
PIONANR5L16B1596,16,2023-07-20,325,parlementaire,ordinaire,1
PIONANR5L16B1597,16,2023-07-20,325,parlementaire,ordinaire,1
PIONANR5L16B1598,16,2023-07-20,325,parlementaire,ordinaire,1
PIONANR5L16B1599,16,2023-07-20,325,parlementaire,ordinaire,1
PIONANR5L16B1600,16,2023-07-20,325,parlementaire,ordinaire,1
PIONANR5L16B1601,16,2023-07-20,325,parlementaire,ordinaire,4
PIONANR5L16B1602,16,2023-07-20,325,parlementaire,ordinaire,4
PIONANR5L16B1603,16,2023-07-20,325,parlementaire,ordinaire,1
PIONANR5L16B1604,16,2023-07-20,325,parlementaire,ordinaire,1
PIONANR5L16B1605,16,2023-07-20,325,parlementaire,ordinaire,1
PRJLANR5L16B1610,16,2023-08-23,291,gouvernement,traite,4
PIONANR5L16B1611,16,2023-08-29,285,parlementaire,ordinaire,1
PIONANR5L16B1612,16,2023-08-29,285,parlementaire,ordinaire,2
PIONANR5L16B1613,16,2023-08-29,285,parlementaire,ordinaire,2
PIONANR5L16B1621,16,2023-09-11,272,parlementaire,organique,1
PIONANR5L16B1624,16,2023-09-12,271,parlementaire,ordinaire,1
PIONANR5L16B1625,16,2023-09-12,271,parlementaire,ordinaire,1
PIONANR5L16B1626,16,2023-09-12,271,parlementaire,ordinaire,1
PIONANR5L16B1627,16,2023-09-12,271,parlementaire,ordinaire,1
PIONANR5L16B1628,16,2023-09-12,271,parlementaire,ordinaire,1
PIONANR5L16B1629,16,2023-09-12,271,parlementaire,ordinaire,1
PIONANR5L16B1630,16,2023-09-12,271,parlementaire,ordinaire,1
PIONANR5L16B1631,16,2023-09-12,271,parlementaire,ordinaire,1
PIONANR5L16B1632,16,2023-09-12,271,parlementaire,ordinaire,1
PIONANR5L16B1633,16,2023-09-12,271,parlementaire,ordinaire,1
PIONANR5L16B1634,16,2023-09-12,271,parlementaire,ordinaire,1
PIONANR5L16B1635,16,2023-09-12,271,parlementaire,ordinaire,1
PIONANR5L16B1636,16,2023-09-12,271,parlementaire,ordinaire,1
PIONANR5L16B1637,16,2023-09-12,271,parlementaire,ordinaire,1
PIONANR5L16B1638,16,2023-09-12,271,parlementaire,ordinaire,1
PIONANR5L16B1639,16,2023-09-12,271,parlementaire,ordinaire,1
PIONANR5L16B1640,16,2023-09-12,271,parlementaire,ordinaire,2
PIONANR5L16B1641,16,2023-09-12,271,parlementaire,ordinaire,1
PIONANR5L16B1642,16,2023-09-12,271,parlementaire,ordinaire,1
PIONANR5L16B1643,16,2023-09-12,271,parlementaire,ordinaire,1
PIONANR5L16B1644,16,2023-09-12,271,parlementaire,ordinaire,1
PIONANR5L16B1645,16,2023-09-12,271,parlementaire,ordinaire,1
PIONANR5L16B1646,16,2023-09-12,271,parlementaire,ordinaire,1
PIONANR5L16B1647,16,2023-09-12,271,parlementaire,ordinaire,1
PIONANR5L16B1648,16,2023-09-12,271,parlementaire,ordinaire,1
PIONANR5L16B1649,16,2023-09-12,271,parlementaire,ordinaire,1
PIONANR5L16B1650,16,2023-09-12,271,parlementaire,ordinaire,1
PIONANR5L16B1651,16,2023-09-12,271,parlementaire,ordinaire,1
PIONANR5L16B1652,16,2023-09-12,271,parlementaire,ordinaire,1
PIONANR5L16B1653,16,2023-09-12,271,parlementaire,ordinaire,1
PIONANR5L16B1654,16,2023-09-12,271,parlementaire,ordinaire,1
PIONANR5L16B1655,16,2023-09-12,271,parlementaire,ordinaire,1
PIONANR5L16B1656,16,2023-09-12,271,parlementaire,ordinaire,1
PIONANR5L16B1657,16,2023-09-12,271,parlementaire,ordinaire,1
PIONANR5L16B1658,16,2023-09-12,271,parlementaire,ordinaire,1
PIONANR5L16B1659,16,2023-09-12,271,parlementaire,ordinaire,1
PIONANR5L16B1660,16,2023-09-12,271,parlementaire,ordinaire,1
PIONANR5L16B1661,16,2023-09-12,271,parlementaire,ordinaire,4
PIONANR5L16B1662,16,2023-09-12,271,parlementaire,ordinaire,1
PIONANR5L16B1663,16,2023-09-12,271,parlementaire,ordinaire,1
PRJLANR5L16B1670,16,2023-09-20,263,gouvernement,ordinaire,1
PRJLANR5L16B1672,16,2023-09-20,263,gouvernement,ordinaire,1
PRJLANR5L16B1679,16,2023-09-27,256,gouvernement,ordinaire,4
PRJLANR5L16B1680,16,2023-09-27,256,gouvernement,finances_fss,4
PRJLANR5L16B1682,16,2023-09-27,256,gouvernement,finances_fss,4
PIONANR5L16B1708,16,2023-10-09,244,parlementaire,organique,1
PRJLANR5L16B1716,16,2023-10-11,242,gouvernement,ordinaire,1
PRJLANR5L16B1717,16,2023-10-11,242,gouvernement,ordinaire,1
PRJLANR5L16B1718,16,2023-10-11,242,gouvernement,ordinaire,1
PIONANR5L16B1725,16,2023-10-12,241,parlementaire,ordinaire,1
PIONANR5L16B1726,16,2023-10-12,241,parlementaire,ordinaire,1
PIONANR5L16B1727,16,2023-10-12,241,parlementaire,ordinaire,2
PIONANR5L16B1728,16,2023-10-12,241,parlementaire,ordinaire,1
PIONANR5L16B1729,16,2023-10-12,241,parlementaire,ordinaire,1
PIONANR5L16B1730,16,2023-10-12,241,parlementaire,ordinaire,1
PIONANR5L16B1731,16,2023-10-12,241,parlementaire,ordinaire,1
PIONANR5L16B1732,16,2023-10-12,241,parlementaire,ordinaire,1
PIONANR5L16B1733,16,2023-10-12,241,parlementaire,ordinaire,1
PIONANR5L16B1734,16,2023-10-12,241,parlementaire,ordinaire,1
PIONANR5L16B1735,16,2023-10-12,241,parlementaire,ordinaire,1
PIONANR5L16B1736,16,2023-10-12,241,parlementaire,ordinaire,1
PIONANR5L16B1737,16,2023-10-12,241,parlementaire,ordinaire,1
PIONANR5L16B1738,16,2023-10-12,241,parlementaire,ordinaire,1
PIONANR5L16B1739,16,2023-10-12,241,parlementaire,ordinaire,1
PIONANR5L16B1740,16,2023-10-12,241,parlementaire,ordinaire,1
PIONANR5L16B1741,16,2023-10-12,241,parlementaire,ordinaire,1
PIONANR5L16B1742,16,2023-10-12,241,parlementaire,ordinaire,1
PIONANR5L16B1747,16,2023-10-17,236,parlementaire,ordinaire,1
PIONANR5L16B1748,16,2023-10-17,236,parlementaire,ordinaire,1
PIONANR5L16B1749,16,2023-10-17,236,parlementaire,ordinaire,1
PIONANR5L16B1750,16,2023-10-17,236,parlementaire,ordinaire,1
PIONANR5L16B1751,16,2023-10-17,236,parlementaire,ordinaire,2
PIONANR5L16B1752,16,2023-10-17,236,parlementaire,ordinaire,1
PIONANR5L16B1753,16,2023-10-17,236,parlementaire,ordinaire,1
PIONANR5L16B1754,16,2023-10-17,236,parlementaire,ordinaire,1
PIONANR5L16B1755,16,2023-10-17,236,parlementaire,ordinaire,1
PIONANR5L16B1756,16,2023-10-17,236,parlementaire,ordinaire,1
PIONANR5L16B1757,16,2023-10-17,236,parlementaire,ordinaire,1
PIONANR5L16B1758,16,2023-10-17,236,parlementaire,ordinaire,2
PIONANR5L16B1759,16,2023-10-17,236,parlementaire,ordinaire,1
PIONANR5L16B1760,16,2023-10-17,236,parlementaire,ordinaire,1
PIONANR5L16B1761,16,2023-10-17,236,parlementaire,ordinaire,1
PIONANR5L16B1762,16,2023-10-17,236,parlementaire,ordinaire,1
PIONANR5L16B1763,16,2023-10-17,236,parlementaire,ordinaire,1
PIONANR5L16B1764,16,2023-10-17,236,parlementaire,ordinaire,1
PIONANR5L16B1765,16,2023-10-17,236,parlementaire,ordinaire,1
PIONANR5L16B1766,16,2023-10-17,236,parlementaire,ordinaire,2
PIONANR5L16B1767,16,2023-10-17,236,parlementaire,ordinaire,1
PIONANR5L16B1768,16,2023-10-17,236,parlementaire,ordinaire,2
PIONANR5L16B1769,16,2023-10-17,236,parlementaire,ordinaire,1
PIONANR5L16B1770,16,2023-10-17,236,parlementaire,ordinaire,2
PIONANR5L16B1771,16,2023-10-17,236,parlementaire,ordinaire,2
PIONANR5L16B1772,16,2023-10-17,236,parlementaire,ordinaire,1
PIONANR5L16B1773,16,2023-10-17,236,parlementaire,ordinaire,2
PIONANR5L16B1774,16,2023-10-17,236,parlementaire,ordinaire,2
PIONANR5L16B1775,16,2023-10-17,236,parlementaire,ordinaire,1
PIONANR5L16B1776,16,2023-10-17,236,parlementaire,ordinaire,2
PIONANR5L16B1783,16,2023-10-19,234,parlementaire,organique,1
PIONANR5L16B1789,16,2023-10-24,229,parlementaire,ordinaire,1
PIONANR5L16B1790,16,2023-10-24,229,parlementaire,ordinaire,1
PIONANR5L16B1791,16,2023-10-24,229,parlementaire,ordinaire,1
PIONANR5L16B1792,16,2023-10-24,229,parlementaire,ordinaire,1
PIONANR5L16B1793,16,2023-10-24,229,parlementaire,ordinaire,1
PIONANR5L16B1794,16,2023-10-24,229,parlementaire,ordinaire,2
PIONANR5L16B1795,16,2023-10-24,229,parlementaire,ordinaire,1
PIONANR5L16B1796,16,2023-10-24,229,parlementaire,ordinaire,1
PIONANR5L16B1797,16,2023-10-24,229,parlementaire,ordinaire,1
PIONANR5L16B1798,16,2023-10-24,229,parlementaire,ordinaire,1
PIONANR5L16B1799,16,2023-10-24,229,parlementaire,ordinaire,1
PIONANR5L16B1800,16,2023-10-24,229,parlementaire,ordinaire,1
PIONANR5L16B1801,16,2023-10-24,229,parlementaire,ordinaire,1
PIONANR5L16B1802,16,2023-10-24,229,parlementaire,ordinaire,1
PIONANR5L16B1803,16,2023-10-24,229,parlementaire,ordinaire,1
PRJLANR5L16B1817,16,2023-10-31,222,gouvernement,traite,4
PRJLANR5L16B1818,16,2023-10-31,222,gouvernement,finances_fss,4
PIONANR5L16B1825,16,2023-11-07,215,parlementaire,ordinaire,1
PIONANR5L16B1826,16,2023-11-07,215,parlementaire,ordinaire,1
PIONANR5L16B1827,16,2023-11-07,215,parlementaire,ordinaire,1
PIONANR5L16B1828,16,2023-11-07,215,parlementaire,ordinaire,1
PIONANR5L16B1829,16,2023-11-07,215,parlementaire,ordinaire,1
PIONANR5L16B1830,16,2023-11-07,215,parlementaire,ordinaire,1
PIONANR5L16B1831,16,2023-11-07,215,parlementaire,ordinaire,1
PIONANR5L16B1832,16,2023-11-07,215,parlementaire,ordinaire,1
PIONANR5L16B1833,16,2023-11-07,215,parlementaire,ordinaire,1
PIONANR5L16B1834,16,2023-11-07,215,parlementaire,ordinaire,1
PIONANR5L16B1835,16,2023-11-07,215,parlementaire,ordinaire,1
PIONANR5L16B1836,16,2023-11-07,215,parlementaire,ordinaire,1
PRJLANR5L16B1843,16,2023-11-08,214,gouvernement,ordinaire,1
PIONANR5L16B1853,16,2023-11-14,208,parlementaire,ordinaire,1
PRJLANR5L16B1865,16,2023-11-15,207,gouvernement,ordinaire,1
PIONANR5L16B1866,16,2023-11-16,206,parlementaire,constitutionnelle,1
PIONANR5L16B1870,16,2023-11-17,205,parlementaire,ordinaire,4
PIONANR5L16B1877,16,2023-11-21,201,parlementaire,ordinaire,1
PIONANR5L16B1878,16,2023-11-21,201,parlementaire,ordinaire,1
PIONANR5L16B1879,16,2023-11-21,201,parlementaire,ordinaire,1
PIONANR5L16B1880,16,2023-11-21,201,parlementaire,ordinaire,1
PIONANR5L16B1881,16,2023-11-21,201,parlementaire,ordinaire,1
PIONANR5L16B1882,16,2023-11-21,201,parlementaire,ordinaire,1
PIONANR5L16B1883,16,2023-11-21,201,parlementaire,ordinaire,1
PIONANR5L16B1884,16,2023-11-21,201,parlementaire,ordinaire,1
PIONANR5L16B1885,16,2023-11-21,201,parlementaire,ordinaire,1
PIONANR5L16B1886,16,2023-11-21,201,parlementaire,ordinaire,1
PIONANR5L16B1887,16,2023-11-21,201,parlementaire,ordinaire,1
PIONANR5L16B1888,16,2023-11-21,201,parlementaire,ordinaire,1
PIONANR5L16B1889,16,2023-11-21,201,parlementaire,ordinaire,1
PIONANR5L16B1890,16,2023-11-21,201,parlementaire,ordinaire,1
PIONANR5L16B1891,16,2023-11-21,201,parlementaire,ordinaire,1
PIONANR5L16B1892,16,2023-11-21,201,parlementaire,ordinaire,1
PIONANR5L16B1893,16,2023-11-21,201,parlementaire,ordinaire,1
PIONANR5L16B1894,16,2023-11-21,201,parlementaire,ordinaire,1
PIONANR5L16B1895,16,2023-11-21,201,parlementaire,ordinaire,1
PIONANR5L16B1896,16,2023-11-21,201,parlementaire,ordinaire,1
PIONANR5L16B1900,16,2023-11-21,201,parlementaire,constitutionnelle,1
PRJLANR5L16B1916,16,2023-11-22,200,gouvernement,ordinaire,1
PRJLANR5L16B1917,16,2023-11-22,200,gouvernement,ordinaire,1
PIONANR5L16B1922,16,2023-11-24,198,parlementaire,organique,1
PIONANR5L16B1937,16,2023-11-30,192,parlementaire,constitutionnelle,1
PIONANR5L16B1946,16,2023-12-05,187,parlementaire,ordinaire,1
PIONANR5L16B1947,16,2023-12-05,187,parlementaire,ordinaire,1
PIONANR5L16B1948,16,2023-12-05,187,parlementaire,ordinaire,1
PIONANR5L16B1949,16,2023-12-05,187,parlementaire,ordinaire,1
PIONANR5L16B1950,16,2023-12-05,187,parlementaire,ordinaire,1
PIONANR5L16B1951,16,2023-12-05,187,parlementaire,ordinaire,1
PIONANR5L16B1952,16,2023-12-05,187,parlementaire,ordinaire,1
PIONANR5L16B1953,16,2023-12-05,187,parlementaire,ordinaire,1
PIONANR5L16B1954,16,2023-12-05,187,parlementaire,ordinaire,1
PIONANR5L16B1955,16,2023-12-05,187,parlementaire,ordinaire,1
PIONANR5L16B1956,16,2023-12-05,187,parlementaire,ordinaire,1
PIONANR5L16B1957,16,2023-12-05,187,parlementaire,ordinaire,1
PIONANR5L16B1958,16,2023-12-05,187,parlementaire,ordinaire,1
PIONANR5L16B1959,16,2023-12-05,187,parlementaire,ordinaire,4
PIONANR5L16B1960,16,2023-12-05,187,parlementaire,ordinaire,1
PIONANR5L16B1961,16,2023-12-05,187,parlementaire,ordinaire,4
PIONANR5L16B1962,16,2023-12-05,187,parlementaire,ordinaire,1
PIONANR5L16B1963,16,2023-12-05,187,parlementaire,ordinaire,1
PIONANR5L16B1964,16,2023-12-05,187,parlementaire,ordinaire,1
PIONANR5L16B1965,16,2023-12-05,187,parlementaire,ordinaire,1
PIONANR5L16B1966,16,2023-12-05,187,parlementaire,ordinaire,1
PIONANR5L16B1967,16,2023-12-05,187,parlementaire,ordinaire,1
PIONANR5L16B1968,16,2023-12-05,187,parlementaire,ordinaire,1
PIONANR5L16B1969,16,2023-12-05,187,parlementaire,ordinaire,1
PIONANR5L16B1970,16,2023-12-05,187,parlementaire,ordinaire,3
PIONANR5L16B1971,16,2023-12-05,187,parlementaire,ordinaire,1
PIONANR5L16B1972,16,2023-12-05,187,parlementaire,ordinaire,2
PIONANR5L16B1973,16,2023-12-05,187,parlementaire,ordinaire,1
PIONANR5L16B1982,16,2023-12-08,184,parlementaire,constitutionnelle,1
PRJLANR5L16B1983,16,2023-12-12,180,gouvernement,constitutionnelle,4
PRJLANR5L16B1984,16,2023-12-12,180,gouvernement,ordinaire,4
PIONANR5L16B2003,16,2023-12-15,177,parlementaire,ordinaire,5
PIONANR5L16B2004,16,2023-12-15,177,parlementaire,ordinaire,1
PIONANR5L16B2020,16,2023-12-21,171,parlementaire,ordinaire,1
PIONANR5L16B2021,16,2023-12-21,171,parlementaire,ordinaire,1
PIONANR5L16B2022,16,2023-12-21,171,parlementaire,ordinaire,1
PIONANR5L16B2023,16,2023-12-21,171,parlementaire,ordinaire,1
PIONANR5L16B2024,16,2023-12-21,171,parlementaire,ordinaire,1
PIONANR5L16B2025,16,2023-12-21,171,parlementaire,ordinaire,1
PIONANR5L16B2026,16,2023-12-21,171,parlementaire,ordinaire,1
PIONANR5L16B2027,16,2023-12-21,171,parlementaire,ordinaire,1
PIONANR5L16B2028,16,2023-12-21,171,parlementaire,ordinaire,1
PIONANR5L16B2029,16,2023-12-21,171,parlementaire,ordinaire,1
PIONANR5L16B2030,16,2023-12-21,171,parlementaire,ordinaire,1
PIONANR5L16B2031,16,2023-12-21,171,parlementaire,ordinaire,1
PIONANR5L16B2032,16,2023-12-21,171,parlementaire,ordinaire,1
PIONANR5L16B2033,16,2023-12-21,171,parlementaire,ordinaire,2
PIONANR5L16B2034,16,2023-12-21,171,parlementaire,ordinaire,1
PIONANR5L16B2035,16,2023-12-21,171,parlementaire,ordinaire,1
PIONANR5L16B2036,16,2023-12-21,171,parlementaire,ordinaire,1
PIONANR5L16B2037,16,2023-12-21,171,parlementaire,ordinaire,1
PIONANR5L16B2038,16,2023-12-21,171,parlementaire,ordinaire,1
PIONANR5L16B2039,16,2023-12-21,171,parlementaire,ordinaire,1
PIONANR5L16B2056,16,2024-01-16,145,parlementaire,ordinaire,2
PIONANR5L16B2057,16,2024-01-16,145,parlementaire,ordinaire,1
PIONANR5L16B2058,16,2024-01-16,145,parlementaire,ordinaire,1
PIONANR5L16B2059,16,2024-01-16,145,parlementaire,ordinaire,1
PIONANR5L16B2060,16,2024-01-16,145,parlementaire,ordinaire,1
PIONANR5L16B2061,16,2024-01-16,145,parlementaire,ordinaire,2
PIONANR5L16B2062,16,2024-01-16,145,parlementaire,ordinaire,2
PIONANR5L16B2063,16,2024-01-16,145,parlementaire,ordinaire,2
PIONANR5L16B2064,16,2024-01-16,145,parlementaire,ordinaire,1
PIONANR5L16B2065,16,2024-01-16,145,parlementaire,ordinaire,1
PIONANR5L16B2076,16,2024-01-22,139,parlementaire,organique,2
PIONANR5L16B2079,16,2024-01-23,138,parlementaire,ordinaire,1
PIONANR5L16B2080,16,2024-01-23,138,parlementaire,ordinaire,1
PIONANR5L16B2081,16,2024-01-23,138,parlementaire,ordinaire,1
PIONANR5L16B2082,16,2024-01-23,138,parlementaire,ordinaire,1
PIONANR5L16B2083,16,2024-01-23,138,parlementaire,ordinaire,1
PIONANR5L16B2084,16,2024-01-23,138,parlementaire,ordinaire,1
PIONANR5L16B2085,16,2024-01-23,138,parlementaire,ordinaire,1
PIONANR5L16B2086,16,2024-01-23,138,parlementaire,ordinaire,1
PIONANR5L16B2087,16,2024-01-23,138,parlementaire,ordinaire,1
PIONANR5L16B2088,16,2024-01-23,138,parlementaire,ordinaire,1
PIONANR5L16B2089,16,2024-01-23,138,parlementaire,ordinaire,1
PIONANR5L16B2090,16,2024-01-23,138,parlementaire,ordinaire,1
PIONANR5L16B2091,16,2024-01-23,138,parlementaire,ordinaire,2
PIONANR5L16B2092,16,2024-01-23,138,parlementaire,ordinaire,1
PIONANR5L16B2093,16,2024-01-23,138,parlementaire,ordinaire,2
PIONANR5L16B2094,16,2024-01-23,138,parlementaire,ordinaire,1
PIONANR5L16B2095,16,2024-01-23,138,parlementaire,ordinaire,1
PIONANR5L16B2096,16,2024-01-23,138,parlementaire,ordinaire,1
PIONANR5L16B2097,16,2024-01-23,138,parlementaire,ordinaire,1
PIONANR5L16B2098,16,2024-01-23,138,parlementaire,ordinaire,1
PIONANR5L16B2099,16,2024-01-23,138,parlementaire,ordinaire,1
PIONANR5L16B2100,16,2024-01-23,138,parlementaire,ordinaire,1
PIONANR5L16B2101,16,2024-01-23,138,parlementaire,ordinaire,1
PIONANR5L16B2102,16,2024-01-23,138,parlementaire,ordinaire,1
PIONANR5L16B2103,16,2024-01-23,138,parlementaire,ordinaire,1
PIONANR5L16B2117,16,2024-01-25,136,parlementaire,constitutionnelle,1
PIONANR5L16B2120,16,2024-01-25,136,parlementaire,constitutionnelle,1
PIONANR5L16B2121,16,2024-01-26,135,parlementaire,constitutionnelle,1
PIONANR5L16B2124,16,2024-01-30,131,parlementaire,ordinaire,1
PIONANR5L16B2125,16,2024-01-30,131,parlementaire,ordinaire,1
PIONANR5L16B2126,16,2024-01-30,131,parlementaire,ordinaire,2
PIONANR5L16B2127,16,2024-01-30,131,parlementaire,ordinaire,1
PIONANR5L16B2128,16,2024-01-30,131,parlementaire,ordinaire,2
PIONANR5L16B2129,16,2024-01-30,131,parlementaire,ordinaire,2
PIONANR5L16B2130,16,2024-01-30,131,parlementaire,ordinaire,1
PIONANR5L16B2131,16,2024-01-30,131,parlementaire,ordinaire,1
PIONANR5L16B2132,16,2024-01-30,131,parlementaire,ordinaire,1
PIONANR5L16B2133,16,2024-01-30,131,parlementaire,ordinaire,1
PIONANR5L16B2134,16,2024-01-30,131,parlementaire,ordinaire,1
PIONANR5L16B2135,16,2024-01-30,131,parlementaire,ordinaire,1
PIONANR5L16B2136,16,2024-01-30,131,parlementaire,ordinaire,1
PIONANR5L16B2137,16,2024-01-30,131,parlementaire,ordinaire,1
PIONANR5L16B2143,16,2024-02-02,128,parlementaire,constitutionnelle,1
PIONANR5L16B2149,16,2024-02-06,124,parlementaire,ordinaire,1
PIONANR5L16B2150,16,2024-02-06,124,parlementaire,ordinaire,3
PIONANR5L16B2151,16,2024-02-06,124,parlementaire,ordinaire,1
PRJLANR5L16B2159,16,2024-02-07,123,gouvernement,traite,2
PIONANR5L16B2169,16,2024-02-13,117,parlementaire,ordinaire,1
PIONANR5L16B2170,16,2024-02-13,117,parlementaire,ordinaire,1
PIONANR5L16B2171,16,2024-02-13,117,parlementaire,ordinaire,1
PIONANR5L16B2172,16,2024-02-13,117,parlementaire,ordinaire,1
PIONANR5L16B2173,16,2024-02-13,117,parlementaire,ordinaire,1
PIONANR5L16B2174,16,2024-02-13,117,parlementaire,ordinaire,1
PIONANR5L16B2175,16,2024-02-13,117,parlementaire,ordinaire,1
PIONANR5L16B2176,16,2024-02-13,117,parlementaire,ordinaire,1
PIONANR5L16B2177,16,2024-02-13,117,parlementaire,ordinaire,1
PIONANR5L16B2178,16,2024-02-13,117,parlementaire,ordinaire,1
PIONANR5L16B2179,16,2024-02-13,117,parlementaire,ordinaire,1
PIONANR5L16B2180,16,2024-02-13,117,parlementaire,ordinaire,1
PIONANR5L16B2181,16,2024-02-13,117,parlementaire,ordinaire,1
PIONANR5L16B2182,16,2024-02-13,117,parlementaire,ordinaire,1
PIONANR5L16B2183,16,2024-02-13,117,parlementaire,ordinaire,1
PIONANR5L16B2184,16,2024-02-13,117,parlementaire,ordinaire,1
PIONANR5L16B2185,16,2024-02-13,117,parlementaire,ordinaire,1
PIONANR5L16B2186,16,2024-02-13,117,parlementaire,ordinaire,1
PIONANR5L16B2187,16,2024-02-13,117,parlementaire,ordinaire,1
PIONANR5L16B2188,16,2024-02-13,117,parlementaire,ordinaire,1
PIONANR5L16B2189,16,2024-02-13,117,parlementaire,ordinaire,1
PIONANR5L16B2190,16,2024-02-13,117,parlementaire,ordinaire,1
PIONANR5L16B2191,16,2024-02-13,117,parlementaire,ordinaire,1
PIONANR5L16B2192,16,2024-02-13,117,parlementaire,ordinaire,1
PIONANR5L16B2193,16,2024-02-13,117,parlementaire,ordinaire,1
PIONANR5L16B2194,16,2024-02-13,117,parlementaire,ordinaire,1
PIONANR5L16B2195,16,2024-02-13,117,parlementaire,ordinaire,1
PIONANR5L16B2211,16,2024-02-14,116,parlementaire,organique,1
PIONANR5L16B2227,16,2024-02-20,110,parlementaire,ordinaire,1
PIONANR5L16B2228,16,2024-02-20,110,parlementaire,ordinaire,1
PIONANR5L16B2229,16,2024-02-20,110,parlementaire,ordinaire,2
PIONANR5L16B2230,16,2024-02-20,110,parlementaire,ordinaire,1
PIONANR5L16B2231,16,2024-02-20,110,parlementaire,ordinaire,2
PRJLANR5L16B2235,16,2024-02-21,109,gouvernement,ordinaire,1
PRJLANR5L16B2248,16,2024-02-28,102,gouvernement,ordinaire,1
PIONANR5L16B2259,16,2024-03-05,96,parlementaire,ordinaire,1
PIONANR5L16B2260,16,2024-03-05,96,parlementaire,ordinaire,1
PIONANR5L16B2261,16,2024-03-05,96,parlementaire,ordinaire,1
PIONANR5L16B2262,16,2024-03-05,96,parlementaire,ordinaire,1
PIONANR5L16B2263,16,2024-03-05,96,parlementaire,ordinaire,1
PIONANR5L16B2264,16,2024-03-05,96,parlementaire,ordinaire,1
PIONANR5L16B2265,16,2024-03-05,96,parlementaire,ordinaire,1
PIONANR5L16B2266,16,2024-03-05,96,parlementaire,ordinaire,1
PIONANR5L16B2267,16,2024-03-05,96,parlementaire,ordinaire,1
PIONANR5L16B2268,16,2024-03-05,96,parlementaire,ordinaire,1
PIONANR5L16B2269,16,2024-03-05,96,parlementaire,ordinaire,1
PIONANR5L16B2270,16,2024-03-05,96,parlementaire,ordinaire,1
PIONANR5L16B2271,16,2024-03-05,96,parlementaire,ordinaire,1
PIONANR5L16B2272,16,2024-03-05,96,parlementaire,ordinaire,1
PIONANR5L16B2273,16,2024-03-05,96,parlementaire,ordinaire,1
PIONANR5L16B2274,16,2024-03-05,96,parlementaire,ordinaire,1
PIONANR5L16B2275,16,2024-03-05,96,parlementaire,ordinaire,1
PIONANR5L16B2276,16,2024-03-05,96,parlementaire,ordinaire,1
PIONANR5L16B2277,16,2024-03-05,96,parlementaire,ordinaire,1
PIONANR5L16B2278,16,2024-03-05,96,parlementaire,ordinaire,1
PIONANR5L16B2279,16,2024-03-05,96,parlementaire,ordinaire,1
PIONANR5L16B2280,16,2024-03-05,96,parlementaire,ordinaire,1
PIONANR5L16B2281,16,2024-03-05,96,parlementaire,ordinaire,1
PIONANR5L16B2282,16,2024-03-05,96,parlementaire,ordinaire,1
PIONANR5L16B2283,16,2024-03-05,96,parlementaire,ordinaire,1
PIONANR5L16B2284,16,2024-03-05,96,parlementaire,ordinaire,1
PIONANR5L16B2285,16,2024-03-05,96,parlementaire,ordinaire,1
PIONANR5L16B2286,16,2024-03-05,96,parlementaire,ordinaire,1
PIONANR5L16B2287,16,2024-03-05,96,parlementaire,ordinaire,1
PIONANR5L16B2288,16,2024-03-05,96,parlementaire,ordinaire,1
PIONANR5L16B2289,16,2024-03-05,96,parlementaire,ordinaire,1
PIONANR5L16B2290,16,2024-03-05,96,parlementaire,ordinaire,1
PIONANR5L16B2291,16,2024-03-05,96,parlementaire,ordinaire,1
PIONANR5L16B2292,16,2024-03-05,96,parlementaire,ordinaire,1
PRJLANR5L16B2302,16,2024-03-06,95,gouvernement,ordinaire,1
PIONANR5L16B2311,16,2024-03-08,93,parlementaire,ordinaire,1
PIONANR5L16B2312,16,2024-03-08,93,parlementaire,ordinaire,1
PIONANR5L16B2315,16,2024-03-12,89,parlementaire,ordinaire,1
PIONANR5L16B2316,16,2024-03-12,89,parlementaire,ordinaire,1
PIONANR5L16B2317,16,2024-03-12,89,parlementaire,ordinaire,1
PIONANR5L16B2318,16,2024-03-12,89,parlementaire,ordinaire,1
PIONANR5L16B2319,16,2024-03-12,89,parlementaire,ordinaire,1
PIONANR5L16B2320,16,2024-03-12,89,parlementaire,ordinaire,1
PIONANR5L16B2321,16,2024-03-12,89,parlementaire,ordinaire,3
PIONANR5L16B2322,16,2024-03-12,89,parlementaire,ordinaire,1
PIONANR5L16B2323,16,2024-03-12,89,parlementaire,ordinaire,1
PIONANR5L16B2324,16,2024-03-12,89,parlementaire,ordinaire,1
PIONANR5L16B2342,16,2024-03-13,88,parlementaire,constitutionnelle,1
PIONANR5L16B2353,16,2024-03-19,82,parlementaire,ordinaire,1
PIONANR5L16B2354,16,2024-03-19,82,parlementaire,ordinaire,1
PIONANR5L16B2355,16,2024-03-19,82,parlementaire,ordinaire,1
PIONANR5L16B2356,16,2024-03-19,82,parlementaire,ordinaire,1
PIONANR5L16B2357,16,2024-03-19,82,parlementaire,ordinaire,1
PIONANR5L16B2358,16,2024-03-19,82,parlementaire,ordinaire,1
PIONANR5L16B2359,16,2024-03-19,82,parlementaire,ordinaire,1
PIONANR5L16B2360,16,2024-03-19,82,parlementaire,ordinaire,1
PIONANR5L16B2361,16,2024-03-19,82,parlementaire,ordinaire,1
PIONANR5L16B2362,16,2024-03-19,82,parlementaire,ordinaire,1
PIONANR5L16B2363,16,2024-03-19,82,parlementaire,ordinaire,1
PIONANR5L16B2364,16,2024-03-19,82,parlementaire,ordinaire,1
PIONANR5L16B2365,16,2024-03-19,82,parlementaire,ordinaire,1
PIONANR5L16B2366,16,2024-03-19,82,parlementaire,ordinaire,1
PIONANR5L16B2367,16,2024-03-19,82,parlementaire,ordinaire,1
PIONANR5L16B2368,16,2024-03-19,82,parlementaire,ordinaire,1
PIONANR5L16B2369,16,2024-03-19,82,parlementaire,ordinaire,1
PIONANR5L16B2370,16,2024-03-19,82,parlementaire,ordinaire,1
PIONANR5L16B2371,16,2024-03-19,82,parlementaire,ordinaire,1
PIONANR5L16B2372,16,2024-03-19,82,parlementaire,ordinaire,1
PIONANR5L16B2373,16,2024-03-19,82,parlementaire,ordinaire,1
PIONANR5L16B2374,16,2024-03-19,82,parlementaire,ordinaire,1
PIONANR5L16B2375,16,2024-03-19,82,parlementaire,ordinaire,1
PIONANR5L16B2376,16,2024-03-19,82,parlementaire,ordinaire,1
PIONANR5L16B2380,16,2024-03-20,81,parlementaire,constitutionnelle,1
PIONANR5L16B2393,16,2024-03-22,79,parlementaire,organique,1
PIONANR5L16B2394,16,2024-03-22,79,parlementaire,constitutionnelle,1
PIONANR5L16B2400,16,2024-03-26,75,parlementaire,organique,1
PRJLANR5L16B2436,16,2024-04-03,67,gouvernement,ordinaire,2
PRJLANR5L16B2462,16,2024-04-10,60,gouvernement,ordinaire,2
PIONANR5L16B2471,16,2024-04-11,59,parlementaire,constitutionnelle,2
PIONANR5L16B2472,16,2024-04-11,59,parlementaire,constitutionnelle,2
PIONANR5L16B2474,16,2024-04-11,59,parlementaire,ordinaire,1
PIONANR5L16B2475,16,2024-04-11,59,parlementaire,ordinaire,1
PIONANR5L16B2476,16,2024-04-11,59,parlementaire,ordinaire,1
PIONANR5L16B2477,16,2024-04-11,59,parlementaire,ordinaire,1
PIONANR5L16B2478,16,2024-04-11,59,parlementaire,ordinaire,1
PIONANR5L16B2479,16,2024-04-11,59,parlementaire,ordinaire,1
PIONANR5L16B2480,16,2024-04-11,59,parlementaire,ordinaire,1
PIONANR5L16B2481,16,2024-04-11,59,parlementaire,ordinaire,1
PIONANR5L16B2482,16,2024-04-11,59,parlementaire,ordinaire,1
PIONANR5L16B2483,16,2024-04-11,59,parlementaire,ordinaire,1
PIONANR5L16B2484,16,2024-04-11,59,parlementaire,ordinaire,1
PIONANR5L16B2485,16,2024-04-11,59,parlementaire,ordinaire,1
PIONANR5L16B2486,16,2024-04-11,59,parlementaire,ordinaire,1
PIONANR5L16B2487,16,2024-04-11,59,parlementaire,ordinaire,1
PIONANR5L16B2488,16,2024-04-11,59,parlementaire,ordinaire,1
PIONANR5L16B2489,16,2024-04-11,59,parlementaire,ordinaire,1
PIONANR5L16B2490,16,2024-04-11,59,parlementaire,ordinaire,1
PIONANR5L16B2491,16,2024-04-11,59,parlementaire,ordinaire,1
PIONANR5L16B2492,16,2024-04-11,59,parlementaire,ordinaire,1
PIONANR5L16B2493,16,2024-04-11,59,parlementaire,ordinaire,1
PIONANR5L16B2494,16,2024-04-11,59,parlementaire,ordinaire,1
PIONANR5L16B2495,16,2024-04-11,59,parlementaire,ordinaire,1
PIONANR5L16B2496,16,2024-04-11,59,parlementaire,ordinaire,1
PIONANR5L16B2497,16,2024-04-11,59,parlementaire,ordinaire,1
PIONANR5L16B2498,16,2024-04-11,59,parlementaire,ordinaire,1
PIONANR5L16B2499,16,2024-04-11,59,parlementaire,ordinaire,1
PIONANR5L16B2500,16,2024-04-11,59,parlementaire,ordinaire,1
PIONANR5L16B2501,16,2024-04-11,59,parlementaire,ordinaire,1
PIONANR5L16B2502,16,2024-04-11,59,parlementaire,ordinaire,1
PIONANR5L16B2503,16,2024-04-11,59,parlementaire,ordinaire,1
PIONANR5L16B2504,16,2024-04-11,59,parlementaire,ordinaire,1
PIONANR5L16B2505,16,2024-04-11,59,parlementaire,ordinaire,1
PIONANR5L16B2506,16,2024-04-11,59,parlementaire,ordinaire,1
PIONANR5L16B2507,16,2024-04-11,59,parlementaire,ordinaire,1
PIONANR5L16B2508,16,2024-04-11,59,parlementaire,ordinaire,1
PIONANR5L16B2509,16,2024-04-11,59,parlementaire,ordinaire,1
PIONANR5L16B2510,16,2024-04-11,59,parlementaire,ordinaire,1
PIONANR5L16B2517,16,2024-04-16,54,parlementaire,ordinaire,2
PIONANR5L16B2518,16,2024-04-16,54,parlementaire,ordinaire,2
PIONANR5L16B2519,16,2024-04-16,54,parlementaire,ordinaire,2
PRJLANR5L16B2520,16,2024-04-17,53,gouvernement,ordinaire,1
PIONANR5L16B2534,16,2024-04-29,41,parlementaire,organique,1
PIONANR5L16B2537,16,2024-04-30,40,parlementaire,ordinaire,1
PIONANR5L16B2538,16,2024-04-30,40,parlementaire,ordinaire,1
PIONANR5L16B2539,16,2024-04-30,40,parlementaire,ordinaire,1
PIONANR5L16B2540,16,2024-04-30,40,parlementaire,ordinaire,1
PIONANR5L16B2541,16,2024-04-30,40,parlementaire,ordinaire,1
PIONANR5L16B2542,16,2024-04-30,40,parlementaire,ordinaire,1
PIONANR5L16B2543,16,2024-04-30,40,parlementaire,ordinaire,1
PIONANR5L16B2544,16,2024-04-30,40,parlementaire,ordinaire,1
PIONANR5L16B2545,16,2024-04-30,40,parlementaire,ordinaire,1
PIONANR5L16B2546,16,2024-04-30,40,parlementaire,ordinaire,1
PIONANR5L16B2547,16,2024-04-30,40,parlementaire,ordinaire,1
PIONANR5L16B2548,16,2024-04-30,40,parlementaire,ordinaire,1
PIONANR5L16B2549,16,2024-04-30,40,parlementaire,ordinaire,1
PIONANR5L16B2550,16,2024-04-30,40,parlementaire,ordinaire,1
PIONANR5L16B2551,16,2024-04-30,40,parlementaire,ordinaire,1
PIONANR5L16B2554,16,2024-05-02,38,parlementaire,ordinaire,1
PIONANR5L16B2555,16,2024-05-02,38,parlementaire,ordinaire,1
PIONANR5L16B2556,16,2024-05-02,38,parlementaire,ordinaire,1
PIONANR5L16B2557,16,2024-05-02,38,parlementaire,ordinaire,1
PIONANR5L16B2558,16,2024-05-02,38,parlementaire,ordinaire,1
PIONANR5L16B2559,16,2024-05-02,38,parlementaire,ordinaire,1
PIONANR5L16B2560,16,2024-05-02,38,parlementaire,ordinaire,1
PIONANR5L16B2561,16,2024-05-02,38,parlementaire,ordinaire,1
PIONANR5L16B2562,16,2024-05-02,38,parlementaire,ordinaire,1
PIONANR5L16B2563,16,2024-05-02,38,parlementaire,ordinaire,1
PIONANR5L16B2564,16,2024-05-02,38,parlementaire,ordinaire,1
PIONANR5L16B2565,16,2024-05-02,38,parlementaire,ordinaire,1
PIONANR5L16B2566,16,2024-05-02,38,parlementaire,ordinaire,1
PIONANR5L16B2567,16,2024-05-02,38,parlementaire,ordinaire,1
PIONANR5L16B2568,16,2024-05-02,38,parlementaire,ordinaire,1
PIONANR5L16B2569,16,2024-05-02,38,parlementaire,ordinaire,1
PIONANR5L16B2570,16,2024-05-02,38,parlementaire,ordinaire,1
PIONANR5L16B2571,16,2024-05-02,38,parlementaire,ordinaire,1
PIONANR5L16B2572,16,2024-05-02,38,parlementaire,ordinaire,1
PIONANR5L16B2573,16,2024-05-02,38,parlementaire,ordinaire,1
PIONANR5L16B2574,16,2024-05-02,38,parlementaire,ordinaire,1
PIONANR5L16B2575,16,2024-05-02,38,parlementaire,ordinaire,1
PIONANR5L16B2576,16,2024-05-02,38,parlementaire,ordinaire,1
PIONANR5L16B2577,16,2024-05-02,38,parlementaire,ordinaire,1
PIONANR5L16B2578,16,2024-05-02,38,parlementaire,ordinaire,1
PIONANR5L16B2579,16,2024-05-02,38,parlementaire,ordinaire,1
PIONANR5L16B2580,16,2024-05-02,38,parlementaire,ordinaire,1
PIONANR5L16B2581,16,2024-05-02,38,parlementaire,ordinaire,1
PIONANR5L16B2582,16,2024-05-02,38,parlementaire,ordinaire,1
PIONANR5L16B2583,16,2024-05-02,38,parlementaire,ordinaire,1
PIONANR5L16B2584,16,2024-05-02,38,parlementaire,ordinaire,1
PIONANR5L16B2585,16,2024-05-02,38,parlementaire,ordinaire,1
PIONANR5L16B2586,16,2024-05-02,38,parlementaire,ordinaire,1
PIONANR5L16B2587,16,2024-05-02,38,parlementaire,ordinaire,1
PIONANR5L16B2588,16,2024-05-02,38,parlementaire,ordinaire,1
PIONANR5L16B2589,16,2024-05-02,38,parlementaire,ordinaire,1
PIONANR5L16B2590,16,2024-05-02,38,parlementaire,ordinaire,1
PIONANR5L16B2591,16,2024-05-02,38,parlementaire,ordinaire,1
PIONANR5L16B2592,16,2024-05-02,38,parlementaire,ordinaire,1
PIONANR5L16B2593,16,2024-05-02,38,parlementaire,ordinaire,1
PIONANR5L16B2594,16,2024-05-02,38,parlementaire,ordinaire,1
PIONANR5L16B2595,16,2024-05-02,38,parlementaire,ordinaire,1
PIONANR5L16B2596,16,2024-05-02,38,parlementaire,ordinaire,1
PIONANR5L16B2597,16,2024-05-02,38,parlementaire,ordinaire,1
PIONANR5L16B2602,16,2024-05-07,33,parlementaire,ordinaire,1
PIONANR5L16B2603,16,2024-05-07,33,parlementaire,ordinaire,1
PIONANR5L16B2604,16,2024-05-07,33,parlementaire,ordinaire,1
PIONANR5L16B2605,16,2024-05-07,33,parlementaire,ordinaire,1
PIONANR5L16B2606,16,2024-05-07,33,parlementaire,ordinaire,1
PIONANR5L16B2616,16,2024-05-10,30,parlementaire,organique,1
PRJLANR5L16B2628,16,2024-05-16,24,gouvernement,traite,2
PRJLANR5L16B2636,16,2024-05-21,19,gouvernement,ordinaire,1
PIONANR5L16B2661,16,2024-05-28,12,parlementaire,organique,1
PIONANR5L16B2663,16,2024-05-28,12,parlementaire,ordinaire,1
PIONANR5L16B2664,16,2024-05-28,12,parlementaire,ordinaire,1
PIONANR5L16B2665,16,2024-05-28,12,parlementaire,ordinaire,1
PIONANR5L16B2666,16,2024-05-28,12,parlementaire,ordinaire,1
PIONANR5L16B2667,16,2024-05-28,12,parlementaire,ordinaire,1
PIONANR5L16B2668,16,2024-05-28,12,parlementaire,ordinaire,1
PIONANR5L16B2669,16,2024-05-28,12,parlementaire,ordinaire,1
PIONANR5L16B2670,16,2024-05-28,12,parlementaire,ordinaire,1
PIONANR5L16B2671,16,2024-05-28,12,parlementaire,ordinaire,1
PIONANR5L16B2672,16,2024-05-28,12,parlementaire,ordinaire,1
PIONANR5L16B2673,16,2024-05-28,12,parlementaire,ordinaire,1
PIONANR5L16B2674,16,2024-05-28,12,parlementaire,ordinaire,1
PIONANR5L16B2675,16,2024-05-28,12,parlementaire,ordinaire,1
PIONANR5L16B2676,16,2024-05-28,12,parlementaire,ordinaire,1
PIONANR5L16B2677,16,2024-05-28,12,parlementaire,ordinaire,1
PIONANR5L16B2678,16,2024-05-28,12,parlementaire,ordinaire,1
PIONANR5L16B2679,16,2024-05-28,12,parlementaire,ordinaire,1
PIONANR5L16B2680,16,2024-05-28,12,parlementaire,ordinaire,1
PIONANR5L16B2681,16,2024-05-28,12,parlementaire,ordinaire,1
PIONANR5L16B2682,16,2024-05-28,12,parlementaire,ordinaire,1
PIONANR5L16B2683,16,2024-05-28,12,parlementaire,ordinaire,1
PIONANR5L16B2684,16,2024-05-28,12,parlementaire,ordinaire,1
PIONANR5L16B2685,16,2024-05-28,12,parlementaire,ordinaire,1
PRJLANR5L16B2714,16,2024-05-31,9,gouvernement,ordinaire,1
PIONANR5L16B2717,16,2024-06-03,6,parlementaire,constitutionnelle,1
PRJLANR5L17B0003,17,2024-07-19,809,gouvernement,finances_fss,2
PRJLANR5L17B0004,17,2024-07-19,809,gouvernement,ordinaire,2
PIONANR5L17B0005,17,2024-07-20,808,parlementaire,organique,1
PIONANR5L17B0164,17,2024-08-01,796,parlementaire,organique,1
PIONANR5L17B0168,17,2024-08-27,770,parlementaire,constitutionnelle,1
PIONANR5L17B0169,17,2024-08-27,770,parlementaire,constitutionnelle,1
PIONANR5L17B0172,17,2024-08-29,768,parlementaire,organique,1
PIONANR5L17B0186,17,2024-09-11,755,parlementaire,organique,1
PIONANR5L17B0192,17,2024-09-17,749,parlementaire,ordinaire,1
PIONANR5L17B0193,17,2024-09-17,749,parlementaire,ordinaire,1
PIONANR5L17B0194,17,2024-09-17,749,parlementaire,ordinaire,1
PIONANR5L17B0195,17,2024-09-17,749,parlementaire,ordinaire,1
PIONANR5L17B0196,17,2024-09-17,749,parlementaire,ordinaire,1
PIONANR5L17B0197,17,2024-09-17,749,parlementaire,ordinaire,1
PIONANR5L17B0198,17,2024-09-17,749,parlementaire,ordinaire,1
PIONANR5L17B0199,17,2024-09-17,749,parlementaire,ordinaire,1
PIONANR5L17B0200,17,2024-09-17,749,parlementaire,ordinaire,1
PIONANR5L17B0201,17,2024-09-17,749,parlementaire,ordinaire,1
PIONANR5L17B0202,17,2024-09-17,749,parlementaire,ordinaire,1
PIONANR5L17B0203,17,2024-09-17,749,parlementaire,ordinaire,2
PIONANR5L17B0204,17,2024-09-17,749,parlementaire,ordinaire,1
PIONANR5L17B0205,17,2024-09-17,749,parlementaire,ordinaire,1
PIONANR5L17B0206,17,2024-09-17,749,parlementaire,ordinaire,1
PIONANR5L17B0207,17,2024-09-17,749,parlementaire,ordinaire,1
PIONANR5L17B0208,17,2024-09-17,749,parlementaire,ordinaire,1
PIONANR5L17B0209,17,2024-09-17,749,parlementaire,ordinaire,1
PIONANR5L17B0210,17,2024-09-17,749,parlementaire,ordinaire,1
PIONANR5L17B0211,17,2024-09-17,749,parlementaire,ordinaire,1
PIONANR5L17B0212,17,2024-09-17,749,parlementaire,ordinaire,1
PIONANR5L17B0213,17,2024-09-17,749,parlementaire,ordinaire,1
PIONANR5L17B0214,17,2024-09-17,749,parlementaire,ordinaire,1
PIONANR5L17B0215,17,2024-09-17,749,parlementaire,ordinaire,1
PIONANR5L17B0216,17,2024-09-17,749,parlementaire,ordinaire,1
PIONANR5L17B0217,17,2024-09-17,749,parlementaire,ordinaire,1
PIONANR5L17B0218,17,2024-09-17,749,parlementaire,ordinaire,1
PIONANR5L17B0219,17,2024-09-17,749,parlementaire,ordinaire,1
PIONANR5L17B0220,17,2024-09-17,749,parlementaire,ordinaire,1
PIONANR5L17B0221,17,2024-09-17,749,parlementaire,ordinaire,1
PIONANR5L17B0222,17,2024-09-17,749,parlementaire,ordinaire,1
PIONANR5L17B0223,17,2024-09-17,749,parlementaire,ordinaire,1
PIONANR5L17B0224,17,2024-09-17,749,parlementaire,ordinaire,1
PIONANR5L17B0225,17,2024-09-17,749,parlementaire,ordinaire,1
PIONANR5L17B0226,17,2024-09-17,749,parlementaire,ordinaire,1
PIONANR5L17B0227,17,2024-09-17,749,parlementaire,ordinaire,1
PIONANR5L17B0228,17,2024-09-17,749,parlementaire,ordinaire,1
PIONANR5L17B0229,17,2024-09-17,749,parlementaire,ordinaire,1
PIONANR5L17B0230,17,2024-09-17,749,parlementaire,ordinaire,1
PIONANR5L17B0231,17,2024-09-17,749,parlementaire,ordinaire,1
PIONANR5L17B0232,17,2024-09-17,749,parlementaire,ordinaire,1
PIONANR5L17B0233,17,2024-09-17,749,parlementaire,ordinaire,1
PIONANR5L17B0234,17,2024-09-17,749,parlementaire,ordinaire,1
PIONANR5L17B0235,17,2024-09-17,749,parlementaire,ordinaire,1
PIONANR5L17B0236,17,2024-09-17,749,parlementaire,ordinaire,1
PIONANR5L17B0237,17,2024-09-17,749,parlementaire,ordinaire,1
PIONANR5L17B0238,17,2024-09-17,749,parlementaire,ordinaire,1
PIONANR5L17B0239,17,2024-09-17,749,parlementaire,ordinaire,1
PIONANR5L17B0240,17,2024-09-17,749,parlementaire,ordinaire,1
PIONANR5L17B0241,17,2024-09-17,749,parlementaire,ordinaire,1
PIONANR5L17B0242,17,2024-09-17,749,parlementaire,ordinaire,1
PIONANR5L17B0243,17,2024-09-17,749,parlementaire,ordinaire,1
PIONANR5L17B0244,17,2024-09-17,749,parlementaire,ordinaire,1
PIONANR5L17B0245,17,2024-09-17,749,parlementaire,ordinaire,1
PIONANR5L17B0246,17,2024-09-17,749,parlementaire,ordinaire,1
PIONANR5L17B0247,17,2024-09-17,749,parlementaire,ordinaire,1
PIONANR5L17B0248,17,2024-09-17,749,parlementaire,ordinaire,1
PIONANR5L17B0249,17,2024-09-17,749,parlementaire,ordinaire,1
PIONANR5L17B0250,17,2024-09-17,749,parlementaire,ordinaire,1
PIONANR5L17B0251,17,2024-09-17,749,parlementaire,ordinaire,1
PIONANR5L17B0252,17,2024-09-17,749,parlementaire,ordinaire,1
PIONANR5L17B0253,17,2024-09-17,749,parlementaire,ordinaire,1
PIONANR5L17B0254,17,2024-09-17,749,parlementaire,ordinaire,1
PIONANR5L17B0255,17,2024-09-17,749,parlementaire,ordinaire,2
PIONANR5L17B0256,17,2024-09-17,749,parlementaire,ordinaire,1
PIONANR5L17B0257,17,2024-09-17,749,parlementaire,ordinaire,1
PIONANR5L17B0258,17,2024-09-17,749,parlementaire,ordinaire,1
PIONANR5L17B0259,17,2024-09-17,749,parlementaire,ordinaire,1
PIONANR5L17B0260,17,2024-09-17,749,parlementaire,ordinaire,1
PIONANR5L17B0261,17,2024-09-17,749,parlementaire,ordinaire,1
PIONANR5L17B0262,17,2024-09-17,749,parlementaire,ordinaire,2
PIONANR5L17B0263,17,2024-09-17,749,parlementaire,ordinaire,2
PIONANR5L17B0264,17,2024-09-17,749,parlementaire,ordinaire,1
PIONANR5L17B0265,17,2024-09-17,749,parlementaire,ordinaire,2
PIONANR5L17B0266,17,2024-09-17,749,parlementaire,ordinaire,1
PIONANR5L17B0267,17,2024-09-17,749,parlementaire,ordinaire,1
PIONANR5L17B0268,17,2024-09-17,749,parlementaire,ordinaire,1
PIONANR5L17B0269,17,2024-09-17,749,parlementaire,ordinaire,1
PIONANR5L17B0270,17,2024-09-17,749,parlementaire,ordinaire,1
PIONANR5L17B0271,17,2024-09-17,749,parlementaire,ordinaire,1
PIONANR5L17B0272,17,2024-09-17,749,parlementaire,ordinaire,1
PIONANR5L17B0273,17,2024-09-17,749,parlementaire,ordinaire,1
PIONANR5L17B0274,17,2024-09-17,749,parlementaire,ordinaire,1
PIONANR5L17B0275,17,2024-09-17,749,parlementaire,ordinaire,2
PIONANR5L17B0276,17,2024-09-17,749,parlementaire,ordinaire,1
PIONANR5L17B0277,17,2024-09-17,749,parlementaire,ordinaire,4
PIONANR5L17B0278,17,2024-09-17,749,parlementaire,ordinaire,2
PIONANR5L17B0279,17,2024-09-17,749,parlementaire,ordinaire,1
PIONANR5L17B0280,17,2024-09-17,749,parlementaire,ordinaire,1
PIONANR5L17B0281,17,2024-09-17,749,parlementaire,ordinaire,1
PIONANR5L17B0284,17,2024-09-18,748,parlementaire,ordinaire,2
PIONANR5L17B0293,17,2024-09-25,741,parlementaire,constitutionnelle,1
PIONANR5L17B0297,17,2024-09-27,739,parlementaire,constitutionnelle,1
PRJLANR5L17B0301,17,2024-10-01,735,gouvernement,ordinaire,1
PIONANR5L17B0307,17,2024-10-02,734,parlementaire,constitutionnelle,1
PIONANR5L17B0313,17,2024-10-07,729,parlementaire,constitutionnelle,1
PIONANR5L17B0323,17,2024-10-10,726,parlementaire,organique,1
PRJLANR5L17B0324,17,2024-10-10,726,gouvernement,finances_fss,4
PRJLANR5L17B0325,17,2024-10-10,726,gouvernement,finances_fss,4
PIONANR5L17B0332,17,2024-10-15,721,parlementaire,ordinaire,1
PIONANR5L17B0333,17,2024-10-15,721,parlementaire,ordinaire,1
PIONANR5L17B0334,17,2024-10-15,721,parlementaire,ordinaire,1
PIONANR5L17B0335,17,2024-10-15,721,parlementaire,ordinaire,1
PIONANR5L17B0336,17,2024-10-15,721,parlementaire,ordinaire,1
PIONANR5L17B0337,17,2024-10-15,721,parlementaire,ordinaire,1
PIONANR5L17B0338,17,2024-10-15,721,parlementaire,ordinaire,1
PIONANR5L17B0339,17,2024-10-15,721,parlementaire,ordinaire,1
PIONANR5L17B0340,17,2024-10-15,721,parlementaire,ordinaire,1
PIONANR5L17B0341,17,2024-10-15,721,parlementaire,ordinaire,2
PIONANR5L17B0342,17,2024-10-15,721,parlementaire,ordinaire,1
PIONANR5L17B0343,17,2024-10-15,721,parlementaire,ordinaire,1
PIONANR5L17B0344,17,2024-10-15,721,parlementaire,ordinaire,1
PIONANR5L17B0345,17,2024-10-15,721,parlementaire,ordinaire,1
PIONANR5L17B0346,17,2024-10-15,721,parlementaire,ordinaire,1
PIONANR5L17B0347,17,2024-10-15,721,parlementaire,ordinaire,1
PIONANR5L17B0348,17,2024-10-15,721,parlementaire,ordinaire,1
PIONANR5L17B0349,17,2024-10-15,721,parlementaire,ordinaire,1
PIONANR5L17B0350,17,2024-10-15,721,parlementaire,ordinaire,1
PIONANR5L17B0351,17,2024-10-15,721,parlementaire,ordinaire,1
PIONANR5L17B0352,17,2024-10-15,721,parlementaire,ordinaire,1
PIONANR5L17B0353,17,2024-10-15,721,parlementaire,ordinaire,1
PIONANR5L17B0354,17,2024-10-15,721,parlementaire,ordinaire,1
PIONANR5L17B0355,17,2024-10-15,721,parlementaire,ordinaire,1
PIONANR5L17B0356,17,2024-10-15,721,parlementaire,ordinaire,1
PIONANR5L17B0357,17,2024-10-15,721,parlementaire,ordinaire,1
PIONANR5L17B0358,17,2024-10-15,721,parlementaire,ordinaire,1
PIONANR5L17B0359,17,2024-10-15,721,parlementaire,ordinaire,1
PIONANR5L17B0360,17,2024-10-15,721,parlementaire,ordinaire,1
PIONANR5L17B0361,17,2024-10-15,721,parlementaire,ordinaire,1
PIONANR5L17B0362,17,2024-10-15,721,parlementaire,ordinaire,1
PIONANR5L17B0363,17,2024-10-15,721,parlementaire,ordinaire,1
PIONANR5L17B0364,17,2024-10-15,721,parlementaire,ordinaire,1
PIONANR5L17B0365,17,2024-10-15,721,parlementaire,ordinaire,1
PIONANR5L17B0366,17,2024-10-15,721,parlementaire,ordinaire,1
PIONANR5L17B0367,17,2024-10-15,721,parlementaire,ordinaire,1
PIONANR5L17B0368,17,2024-10-15,721,parlementaire,ordinaire,1
PIONANR5L17B0369,17,2024-10-15,721,parlementaire,ordinaire,2
PIONANR5L17B0370,17,2024-10-15,721,parlementaire,ordinaire,1
PIONANR5L17B0371,17,2024-10-15,721,parlementaire,ordinaire,1
PIONANR5L17B0372,17,2024-10-15,721,parlementaire,ordinaire,1
PIONANR5L17B0373,17,2024-10-15,721,parlementaire,ordinaire,1
PIONANR5L17B0374,17,2024-10-15,721,parlementaire,ordinaire,2
PIONANR5L17B0375,17,2024-10-15,721,parlementaire,ordinaire,1
PIONANR5L17B0376,17,2024-10-15,721,parlementaire,ordinaire,1
PIONANR5L17B0377,17,2024-10-15,721,parlementaire,ordinaire,1
PIONANR5L17B0378,17,2024-10-15,721,parlementaire,ordinaire,1
PIONANR5L17B0379,17,2024-10-15,721,parlementaire,ordinaire,1
PIONANR5L17B0380,17,2024-10-15,721,parlementaire,ordinaire,4
PIONANR5L17B0381,17,2024-10-15,721,parlementaire,ordinaire,1
PIONANR5L17B0382,17,2024-10-15,721,parlementaire,ordinaire,1
PIONANR5L17B0383,17,2024-10-15,721,parlementaire,ordinaire,1
PIONANR5L17B0384,17,2024-10-15,721,parlementaire,ordinaire,1
PIONANR5L17B0385,17,2024-10-15,721,parlementaire,ordinaire,1
PIONANR5L17B0386,17,2024-10-15,721,parlementaire,ordinaire,2
PIONANR5L17B0387,17,2024-10-15,721,parlementaire,ordinaire,1
PIONANR5L17B0388,17,2024-10-15,721,parlementaire,ordinaire,1
PIONANR5L17B0389,17,2024-10-15,721,parlementaire,ordinaire,1
PIONANR5L17B0390,17,2024-10-15,721,parlementaire,ordinaire,1
PIONANR5L17B0391,17,2024-10-15,721,parlementaire,ordinaire,1
PIONANR5L17B0392,17,2024-10-15,721,parlementaire,ordinaire,1
PIONANR5L17B0393,17,2024-10-15,721,parlementaire,ordinaire,1
PIONANR5L17B0394,17,2024-10-15,721,parlementaire,ordinaire,1
PIONANR5L17B0395,17,2024-10-15,721,parlementaire,ordinaire,1
PIONANR5L17B0396,17,2024-10-15,721,parlementaire,ordinaire,1
PIONANR5L17B0397,17,2024-10-15,721,parlementaire,ordinaire,1
PIONANR5L17B0398,17,2024-10-15,721,parlementaire,ordinaire,1
PIONANR5L17B0399,17,2024-10-15,721,parlementaire,ordinaire,1
PIONANR5L17B0400,17,2024-10-15,721,parlementaire,ordinaire,1
PIONANR5L17B0401,17,2024-10-15,721,parlementaire,ordinaire,1
PIONANR5L17B0402,17,2024-10-15,721,parlementaire,ordinaire,1
PIONANR5L17B0403,17,2024-10-15,721,parlementaire,ordinaire,1
PIONANR5L17B0404,17,2024-10-15,721,parlementaire,ordinaire,1
PIONANR5L17B0405,17,2024-10-15,721,parlementaire,ordinaire,1
PIONANR5L17B0406,17,2024-10-15,721,parlementaire,ordinaire,1
PIONANR5L17B0407,17,2024-10-15,721,parlementaire,ordinaire,1
PIONANR5L17B0408,17,2024-10-15,721,parlementaire,ordinaire,1
PIONANR5L17B0409,17,2024-10-15,721,parlementaire,ordinaire,1
PIONANR5L17B0410,17,2024-10-15,721,parlementaire,ordinaire,1
PIONANR5L17B0411,17,2024-10-15,721,parlementaire,ordinaire,1
PIONANR5L17B0412,17,2024-10-15,721,parlementaire,ordinaire,1
PIONANR5L17B0413,17,2024-10-15,721,parlementaire,ordinaire,1
PIONANR5L17B0414,17,2024-10-15,721,parlementaire,ordinaire,1
PIONANR5L17B0415,17,2024-10-15,721,parlementaire,ordinaire,1
PIONANR5L17B0416,17,2024-10-15,721,parlementaire,ordinaire,1
PIONANR5L17B0417,17,2024-10-15,721,parlementaire,ordinaire,1
PIONANR5L17B0418,17,2024-10-15,721,parlementaire,ordinaire,1
PIONANR5L17B0419,17,2024-10-15,721,parlementaire,ordinaire,1
PIONANR5L17B0420,17,2024-10-15,721,parlementaire,ordinaire,1
PIONANR5L17B0421,17,2024-10-15,721,parlementaire,ordinaire,1
PIONANR5L17B0422,17,2024-10-15,721,parlementaire,ordinaire,1
PIONANR5L17B0423,17,2024-10-15,721,parlementaire,ordinaire,1
PIONANR5L17B0424,17,2024-10-15,721,parlementaire,ordinaire,1
PIONANR5L17B0425,17,2024-10-15,721,parlementaire,ordinaire,1
PIONANR5L17B0426,17,2024-10-15,721,parlementaire,ordinaire,1
PIONANR5L17B0427,17,2024-10-15,721,parlementaire,ordinaire,1
PIONANR5L17B0428,17,2024-10-15,721,parlementaire,ordinaire,1
PIONANR5L17B0429,17,2024-10-15,721,parlementaire,ordinaire,1
PIONANR5L17B0430,17,2024-10-15,721,parlementaire,ordinaire,1
PIONANR5L17B0431,17,2024-10-15,721,parlementaire,ordinaire,1
PIONANR5L17B0432,17,2024-10-15,721,parlementaire,ordinaire,1
PIONANR5L17B0433,17,2024-10-15,721,parlementaire,ordinaire,1
PIONANR5L17B0434,17,2024-10-15,721,parlementaire,ordinaire,1
PIONANR5L17B0435,17,2024-10-15,721,parlementaire,ordinaire,1
PIONANR5L17B0436,17,2024-10-15,721,parlementaire,ordinaire,1
PIONANR5L17B0437,17,2024-10-15,721,parlementaire,ordinaire,1
PIONANR5L17B0438,17,2024-10-15,721,parlementaire,ordinaire,2
PIONANR5L17B0439,17,2024-10-15,721,parlementaire,ordinaire,2
PIONANR5L17B0440,17,2024-10-15,721,parlementaire,ordinaire,1
PIONANR5L17B0441,17,2024-10-15,721,parlementaire,ordinaire,1
PIONANR5L17B0442,17,2024-10-15,721,parlementaire,ordinaire,1
PIONANR5L17B0443,17,2024-10-15,721,parlementaire,ordinaire,1
PIONANR5L17B0444,17,2024-10-15,721,parlementaire,ordinaire,1
PIONANR5L17B0445,17,2024-10-15,721,parlementaire,ordinaire,1
PIONANR5L17B0446,17,2024-10-15,721,parlementaire,ordinaire,4
PIONANR5L17B0447,17,2024-10-15,721,parlementaire,ordinaire,4
PIONANR5L17B0448,17,2024-10-15,721,parlementaire,ordinaire,4
PIONANR5L17B0449,17,2024-10-15,721,parlementaire,ordinaire,1
PIONANR5L17B0450,17,2024-10-15,721,parlementaire,ordinaire,1
PIONANR5L17B0451,17,2024-10-15,721,parlementaire,ordinaire,4
PIONANR5L17B0452,17,2024-10-15,721,parlementaire,ordinaire,1
PIONANR5L17B0453,17,2024-10-15,721,parlementaire,ordinaire,1
PIONANR5L17B0454,17,2024-10-15,721,parlementaire,ordinaire,1
PIONANR5L17B0455,17,2024-10-15,721,parlementaire,ordinaire,1
PIONANR5L17B0458,17,2024-10-16,720,parlementaire,organique,1
PIONANR5L17B0461,17,2024-10-16,720,parlementaire,constitutionnelle,1
PIONANR5L17B0469,17,2024-10-21,715,parlementaire,constitutionnelle,1
PIONANR5L17B0470,17,2024-10-21,715,parlementaire,organique,1
PIONANR5L17B0485,17,2024-10-24,712,parlementaire,organique,1
PIONANR5L17B0491,17,2024-10-28,708,parlementaire,constitutionnelle,1
PIONANR5L17B0493,17,2024-10-29,707,parlementaire,ordinaire,1
PIONANR5L17B0494,17,2024-10-29,707,parlementaire,ordinaire,1
PIONANR5L17B0495,17,2024-10-29,707,parlementaire,ordinaire,1
PIONANR5L17B0496,17,2024-10-29,707,parlementaire,ordinaire,1
PIONANR5L17B0497,17,2024-10-29,707,parlementaire,ordinaire,1
PIONANR5L17B0498,17,2024-10-29,707,parlementaire,ordinaire,1
PIONANR5L17B0499,17,2024-10-29,707,parlementaire,ordinaire,1
PIONANR5L17B0500,17,2024-10-29,707,parlementaire,ordinaire,1
PIONANR5L17B0501,17,2024-10-29,707,parlementaire,ordinaire,1
PIONANR5L17B0502,17,2024-10-29,707,parlementaire,ordinaire,1
PIONANR5L17B0503,17,2024-10-29,707,parlementaire,ordinaire,1
PIONANR5L17B0504,17,2024-10-29,707,parlementaire,ordinaire,1
PIONANR5L17B0505,17,2024-10-29,707,parlementaire,ordinaire,1
PIONANR5L17B0506,17,2024-10-29,707,parlementaire,ordinaire,1
PIONANR5L17B0507,17,2024-10-29,707,parlementaire,ordinaire,1
PIONANR5L17B0508,17,2024-10-29,707,parlementaire,ordinaire,1
PIONANR5L17B0509,17,2024-10-29,707,parlementaire,ordinaire,1
PIONANR5L17B0510,17,2024-10-29,707,parlementaire,ordinaire,1
PIONANR5L17B0511,17,2024-10-29,707,parlementaire,ordinaire,1
PIONANR5L17B0512,17,2024-10-29,707,parlementaire,ordinaire,1
PIONANR5L17B0513,17,2024-10-29,707,parlementaire,ordinaire,1
PIONANR5L17B0514,17,2024-10-29,707,parlementaire,ordinaire,1
PIONANR5L17B0515,17,2024-10-29,707,parlementaire,ordinaire,1
PIONANR5L17B0516,17,2024-10-29,707,parlementaire,ordinaire,2
PIONANR5L17B0517,17,2024-10-29,707,parlementaire,ordinaire,2
PIONANR5L17B0518,17,2024-10-29,707,parlementaire,ordinaire,2
PIONANR5L17B0519,17,2024-10-29,707,parlementaire,ordinaire,2
PIONANR5L17B0520,17,2024-10-29,707,parlementaire,ordinaire,1
PIONANR5L17B0521,17,2024-10-29,707,parlementaire,ordinaire,1
PIONANR5L17B0522,17,2024-10-29,707,parlementaire,ordinaire,2
PIONANR5L17B0558,17,2024-10-29,707,parlementaire,ordinaire,1
PRJLANR5L17B0529,17,2024-10-31,705,gouvernement,ordinaire,4
PIONANR5L17B0532,17,2024-11-04,701,parlementaire,ordinaire,4
PRJLANR5L17B0538,17,2024-11-06,699,gouvernement,finances_fss,4
PIONANR5L17B0546,17,2024-11-07,698,parlementaire,ordinaire,2
PIONANR5L17B0549,17,2024-11-12,693,parlementaire,constitutionnelle,1
PIONANR5L17B0568,17,2024-11-19,686,parlementaire,ordinaire,1
PIONANR5L17B0569,17,2024-11-19,686,parlementaire,ordinaire,1
PIONANR5L17B0570,17,2024-11-19,686,parlementaire,ordinaire,1
PIONANR5L17B0571,17,2024-11-19,686,parlementaire,ordinaire,1
PIONANR5L17B0572,17,2024-11-19,686,parlementaire,ordinaire,1
PIONANR5L17B0573,17,2024-11-19,686,parlementaire,ordinaire,1
PIONANR5L17B0574,17,2024-11-19,686,parlementaire,ordinaire,1
PIONANR5L17B0575,17,2024-11-19,686,parlementaire,ordinaire,1
PIONANR5L17B0576,17,2024-11-19,686,parlementaire,ordinaire,1
PIONANR5L17B0577,17,2024-11-19,686,parlementaire,ordinaire,1
PIONANR5L17B0578,17,2024-11-19,686,parlementaire,ordinaire,1
PIONANR5L17B0579,17,2024-11-19,686,parlementaire,ordinaire,1
PIONANR5L17B0580,17,2024-11-19,686,parlementaire,ordinaire,2
PIONANR5L17B0581,17,2024-11-19,686,parlementaire,ordinaire,1
PIONANR5L17B0582,17,2024-11-19,686,parlementaire,ordinaire,1
PIONANR5L17B0583,17,2024-11-19,686,parlementaire,ordinaire,1
PIONANR5L17B0584,17,2024-11-19,686,parlementaire,ordinaire,4
PIONANR5L17B0585,17,2024-11-19,686,parlementaire,ordinaire,1
PIONANR5L17B0586,17,2024-11-19,686,parlementaire,ordinaire,1
PIONANR5L17B0587,17,2024-11-19,686,parlementaire,ordinaire,1
PIONANR5L17B0588,17,2024-11-19,686,parlementaire,ordinaire,1
PIONANR5L17B0589,17,2024-11-19,686,parlementaire,ordinaire,1
PIONANR5L17B0590,17,2024-11-19,686,parlementaire,ordinaire,1
PIONANR5L17B0591,17,2024-11-19,686,parlementaire,ordinaire,1
PIONANR5L17B0592,17,2024-11-19,686,parlementaire,ordinaire,1
PIONANR5L17B0593,17,2024-11-19,686,parlementaire,ordinaire,1
PIONANR5L17B0594,17,2024-11-19,686,parlementaire,ordinaire,1
PIONANR5L17B0595,17,2024-11-19,686,parlementaire,ordinaire,1
PIONANR5L17B0596,17,2024-11-19,686,parlementaire,ordinaire,1
PIONANR5L17B0597,17,2024-11-19,686,parlementaire,ordinaire,1
PIONANR5L17B0598,17,2024-11-19,686,parlementaire,ordinaire,1
PIONANR5L17B0599,17,2024-11-19,686,parlementaire,ordinaire,1
PIONANR5L17B0600,17,2024-11-19,686,parlementaire,ordinaire,1
PIONANR5L17B0601,17,2024-11-19,686,parlementaire,ordinaire,1
PIONANR5L17B0602,17,2024-11-19,686,parlementaire,ordinaire,1
PIONANR5L17B0603,17,2024-11-19,686,parlementaire,ordinaire,1
PIONANR5L17B0604,17,2024-11-19,686,parlementaire,ordinaire,1
PIONANR5L17B0605,17,2024-11-19,686,parlementaire,ordinaire,1
PIONANR5L17B0606,17,2024-11-19,686,parlementaire,ordinaire,1
PRJLANR5L17B0621,17,2024-11-22,683,gouvernement,traite,4
PIONANR5L17B0644,17,2024-11-29,676,parlementaire,organique,1
PIONANR5L17B0647,17,2024-12-03,672,parlementaire,ordinaire,1
PIONANR5L17B0648,17,2024-12-03,672,parlementaire,ordinaire,1
PIONANR5L17B0649,17,2024-12-03,672,parlementaire,ordinaire,1
PIONANR5L17B0650,17,2024-12-03,672,parlementaire,ordinaire,1
PIONANR5L17B0651,17,2024-12-03,672,parlementaire,ordinaire,1
PIONANR5L17B0652,17,2024-12-03,672,parlementaire,ordinaire,1
PIONANR5L17B0653,17,2024-12-03,672,parlementaire,ordinaire,1
PIONANR5L17B0654,17,2024-12-03,672,parlementaire,ordinaire,4
PIONANR5L17B0655,17,2024-12-03,672,parlementaire,ordinaire,1
PIONANR5L17B0656,17,2024-12-03,672,parlementaire,ordinaire,1
PIONANR5L17B0657,17,2024-12-03,672,parlementaire,ordinaire,1
PIONANR5L17B0658,17,2024-12-03,672,parlementaire,ordinaire,1
PIONANR5L17B0659,17,2024-12-03,672,parlementaire,ordinaire,1
PIONANR5L17B0660,17,2024-12-03,672,parlementaire,ordinaire,1
PIONANR5L17B0661,17,2024-12-03,672,parlementaire,ordinaire,1
PIONANR5L17B0662,17,2024-12-03,672,parlementaire,ordinaire,1
PIONANR5L17B0663,17,2024-12-03,672,parlementaire,ordinaire,1
PIONANR5L17B0664,17,2024-12-03,672,parlementaire,ordinaire,1
PIONANR5L17B0665,17,2024-12-03,672,parlementaire,ordinaire,1
PIONANR5L17B0666,17,2024-12-03,672,parlementaire,ordinaire,2
PIONANR5L17B0667,17,2024-12-03,672,parlementaire,ordinaire,1
PIONANR5L17B0668,17,2024-12-03,672,parlementaire,ordinaire,1
PIONANR5L17B0669,17,2024-12-03,672,parlementaire,ordinaire,2
PIONANR5L17B0670,17,2024-12-03,672,parlementaire,ordinaire,1
PIONANR5L17B0671,17,2024-12-03,672,parlementaire,ordinaire,1
PIONANR5L17B0672,17,2024-12-03,672,parlementaire,ordinaire,1
PIONANR5L17B0673,17,2024-12-03,672,parlementaire,ordinaire,1
PIONANR5L17B0674,17,2024-12-03,672,parlementaire,ordinaire,1
PIONANR5L17B0675,17,2024-12-03,672,parlementaire,ordinaire,1
PIONANR5L17B0676,17,2024-12-03,672,parlementaire,ordinaire,1
PIONANR5L17B0677,17,2024-12-03,672,parlementaire,ordinaire,1
PIONANR5L17B0678,17,2024-12-03,672,parlementaire,ordinaire,1
PIONANR5L17B0679,17,2024-12-03,672,parlementaire,ordinaire,1
PIONANR5L17B0680,17,2024-12-03,672,parlementaire,ordinaire,1
PIONANR5L17B0681,17,2024-12-03,672,parlementaire,ordinaire,1
PIONANR5L17B0682,17,2024-12-03,672,parlementaire,ordinaire,1
PIONANR5L17B0683,17,2024-12-03,672,parlementaire,ordinaire,1
PIONANR5L17B0684,17,2024-12-03,672,parlementaire,ordinaire,1
PIONANR5L17B0685,17,2024-12-03,672,parlementaire,ordinaire,1
PIONANR5L17B0686,17,2024-12-03,672,parlementaire,ordinaire,1
PIONANR5L17B0687,17,2024-12-03,672,parlementaire,ordinaire,2
PIONANR5L17B0688,17,2024-12-03,672,parlementaire,ordinaire,1
PIONANR5L17B0689,17,2024-12-03,672,parlementaire,ordinaire,1
PIONANR5L17B0690,17,2024-12-03,672,parlementaire,ordinaire,1
PIONANR5L17B0691,17,2024-12-03,672,parlementaire,ordinaire,2
PIONANR5L17B0692,17,2024-12-03,672,parlementaire,ordinaire,1
PIONANR5L17B0693,17,2024-12-03,672,parlementaire,ordinaire,4
PIONANR5L17B0694,17,2024-12-03,672,parlementaire,ordinaire,1
PIONANR5L17B0708,17,2024-12-09,666,parlementaire,organique,1
PIONANR5L17B0715,17,2024-12-11,664,parlementaire,organique,1
PRJLANR5L17B0711,17,2024-12-11,664,gouvernement,ordinaire,4
PIONANR5L17B0722,17,2024-12-17,658,parlementaire,constitutionnelle,1
PIONANR5L17B0724,17,2024-12-18,657,parlementaire,constitutionnelle,1
PIONANR5L17B0728,17,2024-12-19,656,parlementaire,ordinaire,1
PIONANR5L17B0729,17,2024-12-19,656,parlementaire,ordinaire,1
PIONANR5L17B0730,17,2024-12-19,656,parlementaire,ordinaire,1
PIONANR5L17B0731,17,2024-12-19,656,parlementaire,ordinaire,1
PIONANR5L17B0732,17,2024-12-19,656,parlementaire,ordinaire,2
PIONANR5L17B0733,17,2024-12-19,656,parlementaire,ordinaire,1
PIONANR5L17B0734,17,2024-12-19,656,parlementaire,ordinaire,1
PIONANR5L17B0735,17,2024-12-19,656,parlementaire,ordinaire,1
PIONANR5L17B0736,17,2024-12-19,656,parlementaire,ordinaire,1
PIONANR5L17B0737,17,2024-12-19,656,parlementaire,ordinaire,1
PIONANR5L17B0738,17,2024-12-19,656,parlementaire,ordinaire,1
PIONANR5L17B0739,17,2024-12-19,656,parlementaire,ordinaire,1
PIONANR5L17B0740,17,2024-12-19,656,parlementaire,ordinaire,1
PIONANR5L17B0741,17,2024-12-19,656,parlementaire,ordinaire,1
PIONANR5L17B0742,17,2024-12-19,656,parlementaire,ordinaire,1
PIONANR5L17B0743,17,2024-12-19,656,parlementaire,ordinaire,1
PIONANR5L17B0744,17,2024-12-19,656,parlementaire,ordinaire,1
PIONANR5L17B0745,17,2024-12-19,656,parlementaire,ordinaire,1
PIONANR5L17B0746,17,2024-12-19,656,parlementaire,ordinaire,1
PIONANR5L17B0747,17,2024-12-19,656,parlementaire,ordinaire,1
PIONANR5L17B0748,17,2024-12-19,656,parlementaire,ordinaire,1
PIONANR5L17B0749,17,2024-12-19,656,parlementaire,ordinaire,1
PIONANR5L17B0750,17,2024-12-19,656,parlementaire,ordinaire,1
PIONANR5L17B0751,17,2024-12-19,656,parlementaire,ordinaire,1
PIONANR5L17B0752,17,2024-12-19,656,parlementaire,ordinaire,1
PIONANR5L17B0753,17,2024-12-19,656,parlementaire,ordinaire,1
PIONANR5L17B0754,17,2024-12-19,656,parlementaire,ordinaire,1
PIONANR5L17B0755,17,2024-12-19,656,parlementaire,ordinaire,1
PIONANR5L17B0756,17,2024-12-19,656,parlementaire,ordinaire,1
PIONANR5L17B0757,17,2024-12-19,656,parlementaire,ordinaire,1
PIONANR5L17B0758,17,2024-12-19,656,parlementaire,ordinaire,1
PIONANR5L17B0759,17,2024-12-19,656,parlementaire,ordinaire,1
PIONANR5L17B0760,17,2024-12-19,656,parlementaire,ordinaire,1
PIONANR5L17B0761,17,2024-12-19,656,parlementaire,ordinaire,1
PIONANR5L17B0762,17,2024-12-19,656,parlementaire,ordinaire,1
PIONANR5L17B0763,17,2024-12-19,656,parlementaire,ordinaire,4
PIONANR5L17B0764,17,2024-12-19,656,parlementaire,ordinaire,1
PIONANR5L17B0765,17,2024-12-19,656,parlementaire,ordinaire,1
PIONANR5L17B0766,17,2024-12-19,656,parlementaire,ordinaire,1
PIONANR5L17B0767,17,2025-01-02,642,parlementaire,organique,1
PIONANR5L17B0768,17,2025-01-07,637,parlementaire,ordinaire,2
PIONANR5L17B0769,17,2025-01-07,637,parlementaire,ordinaire,1
PIONANR5L17B0770,17,2025-01-07,637,parlementaire,ordinaire,1
PIONANR5L17B0771,17,2025-01-07,637,parlementaire,ordinaire,1
PRJLANR5L17B0772,17,2025-01-08,636,gouvernement,ordinaire,4
PRJLANR5L17B0773,17,2025-01-08,636,gouvernement,ordinaire,1
PIONANR5L17B0779,17,2025-01-15,629,parlementaire,constitutionnelle,1
PRJLANR5L17B0776,17,2025-01-15,629,gouvernement,ordinaire,1
PIONANR5L17B0780,17,2025-01-16,628,parlementaire,constitutionnelle,1
PIONANR5L17B0781,17,2025-01-16,628,parlementaire,organique,1
PIONANR5L17B0793,17,2025-01-21,623,parlementaire,ordinaire,1
PIONANR5L17B0794,17,2025-01-21,623,parlementaire,ordinaire,1
PIONANR5L17B0795,17,2025-01-21,623,parlementaire,ordinaire,1
PIONANR5L17B0796,17,2025-01-21,623,parlementaire,ordinaire,1
PIONANR5L17B0797,17,2025-01-21,623,parlementaire,ordinaire,1
PIONANR5L17B0798,17,2025-01-21,623,parlementaire,ordinaire,1
PIONANR5L17B0799,17,2025-01-21,623,parlementaire,ordinaire,1
PIONANR5L17B0800,17,2025-01-21,623,parlementaire,ordinaire,1
PIONANR5L17B0801,17,2025-01-21,623,parlementaire,ordinaire,1
PIONANR5L17B0802,17,2025-01-21,623,parlementaire,ordinaire,1
PIONANR5L17B0803,17,2025-01-21,623,parlementaire,ordinaire,1
PIONANR5L17B0804,17,2025-01-21,623,parlementaire,ordinaire,1
PIONANR5L17B0805,17,2025-01-21,623,parlementaire,ordinaire,2
PIONANR5L17B0806,17,2025-01-21,623,parlementaire,ordinaire,1
PIONANR5L17B0807,17,2025-01-21,623,parlementaire,ordinaire,1
PIONANR5L17B0808,17,2025-01-21,623,parlementaire,ordinaire,1
PIONANR5L17B0809,17,2025-01-21,623,parlementaire,ordinaire,1
PIONANR5L17B0810,17,2025-01-21,623,parlementaire,ordinaire,1
PIONANR5L17B0811,17,2025-01-21,623,parlementaire,ordinaire,1
PIONANR5L17B0812,17,2025-01-21,623,parlementaire,ordinaire,1
PIONANR5L17B0813,17,2025-01-21,623,parlementaire,ordinaire,1
PIONANR5L17B0814,17,2025-01-21,623,parlementaire,ordinaire,1
PIONANR5L17B0815,17,2025-01-21,623,parlementaire,ordinaire,1
PIONANR5L17B0816,17,2025-01-21,623,parlementaire,ordinaire,1
PIONANR5L17B0817,17,2025-01-21,623,parlementaire,ordinaire,1
PIONANR5L17B0818,17,2025-01-21,623,parlementaire,ordinaire,1
PIONANR5L17B0819,17,2025-01-21,623,parlementaire,ordinaire,1
PIONANR5L17B0820,17,2025-01-21,623,parlementaire,ordinaire,1
PIONANR5L17B0821,17,2025-01-21,623,parlementaire,ordinaire,1
PIONANR5L17B0822,17,2025-01-21,623,parlementaire,ordinaire,4
PIONANR5L17B0823,17,2025-01-21,623,parlementaire,ordinaire,4
PIONANR5L17B0824,17,2025-01-21,623,parlementaire,ordinaire,2
PIONANR5L17B0825,17,2025-01-21,623,parlementaire,ordinaire,1
PIONANR5L17B0826,17,2025-01-21,623,parlementaire,ordinaire,1
PIONANR5L17B0827,17,2025-01-21,623,parlementaire,ordinaire,1
PIONANR5L17B0828,17,2025-01-21,623,parlementaire,ordinaire,1
PIONANR5L17B0829,17,2025-01-21,623,parlementaire,ordinaire,1
PIONANR5L17B0830,17,2025-01-21,623,parlementaire,ordinaire,1
PIONANR5L17B0831,17,2025-01-21,623,parlementaire,ordinaire,1
PIONANR5L17B0832,17,2025-01-21,623,parlementaire,ordinaire,1
PIONANR5L17B0833,17,2025-01-21,623,parlementaire,ordinaire,1
PIONANR5L17B0834,17,2025-01-21,623,parlementaire,ordinaire,1
PIONANR5L17B0835,17,2025-01-21,623,parlementaire,ordinaire,1
PIONANR5L17B0836,17,2025-01-21,623,parlementaire,ordinaire,1
PIONANR5L17B0837,17,2025-01-21,623,parlementaire,ordinaire,1
PIONANR5L17B0838,17,2025-01-21,623,parlementaire,ordinaire,1
PIONANR5L17B0839,17,2025-01-21,623,parlementaire,ordinaire,1
PIONANR5L17B0840,17,2025-01-21,623,parlementaire,ordinaire,1
PIONANR5L17B0841,17,2025-01-21,623,parlementaire,ordinaire,4
PIONANR5L17B0842,17,2025-01-21,623,parlementaire,ordinaire,4
PRJLANR5L17B0847,17,2025-01-22,622,gouvernement,traite,4
PIONANR5L17B0850,17,2025-01-23,621,parlementaire,organique,1
PIONANR5L17B0875,17,2025-02-03,610,parlementaire,organique,1
PIONANR5L17B0880,17,2025-02-03,610,parlementaire,constitutionnelle,1
PIONANR5L17B0882,17,2025-02-04,609,parlementaire,ordinaire,1
PIONANR5L17B0883,17,2025-02-04,609,parlementaire,ordinaire,1
PIONANR5L17B0884,17,2025-02-04,609,parlementaire,ordinaire,4
PIONANR5L17B0885,17,2025-02-04,609,parlementaire,ordinaire,1
PIONANR5L17B0886,17,2025-02-04,609,parlementaire,ordinaire,1
PIONANR5L17B0887,17,2025-02-04,609,parlementaire,ordinaire,1
PIONANR5L17B0888,17,2025-02-04,609,parlementaire,ordinaire,1
PIONANR5L17B0889,17,2025-02-04,609,parlementaire,ordinaire,1
PIONANR5L17B0890,17,2025-02-04,609,parlementaire,ordinaire,1
PIONANR5L17B0891,17,2025-02-04,609,parlementaire,ordinaire,1
PIONANR5L17B0892,17,2025-02-04,609,parlementaire,ordinaire,1
PIONANR5L17B0893,17,2025-02-04,609,parlementaire,ordinaire,1
PIONANR5L17B0894,17,2025-02-04,609,parlementaire,ordinaire,1
PIONANR5L17B0895,17,2025-02-04,609,parlementaire,ordinaire,1
PIONANR5L17B0896,17,2025-02-04,609,parlementaire,ordinaire,1
PIONANR5L17B0897,17,2025-02-04,609,parlementaire,ordinaire,1
PIONANR5L17B0898,17,2025-02-04,609,parlementaire,ordinaire,1
PIONANR5L17B0899,17,2025-02-04,609,parlementaire,ordinaire,1
PIONANR5L17B0900,17,2025-02-04,609,parlementaire,ordinaire,1
PIONANR5L17B0901,17,2025-02-04,609,parlementaire,ordinaire,1
PIONANR5L17B0902,17,2025-02-04,609,parlementaire,ordinaire,1
PIONANR5L17B0903,17,2025-02-04,609,parlementaire,ordinaire,1
PIONANR5L17B0904,17,2025-02-04,609,parlementaire,ordinaire,2
PIONANR5L17B0905,17,2025-02-04,609,parlementaire,ordinaire,1
PIONANR5L17B0906,17,2025-02-04,609,parlementaire,ordinaire,2
PIONANR5L17B0915,17,2025-02-06,607,parlementaire,constitutionnelle,1
PIONANR5L17B0919,17,2025-02-07,606,parlementaire,constitutionnelle,1
PIONANR5L17B0946,17,2025-02-13,600,parlementaire,ordinaire,1
PIONANR5L17B0947,17,2025-02-13,600,parlementaire,ordinaire,1
PIONANR5L17B0948,17,2025-02-13,600,parlementaire,ordinaire,2
PIONANR5L17B0949,17,2025-02-13,600,parlementaire,ordinaire,2
PIONANR5L17B0950,17,2025-02-13,600,parlementaire,ordinaire,1
PIONANR5L17B0951,17,2025-02-13,600,parlementaire,ordinaire,1
PIONANR5L17B0952,17,2025-02-13,600,parlementaire,ordinaire,1
PIONANR5L17B0953,17,2025-02-13,600,parlementaire,ordinaire,1
PIONANR5L17B0954,17,2025-02-13,600,parlementaire,ordinaire,4
PIONANR5L17B0955,17,2025-02-13,600,parlementaire,ordinaire,1
PIONANR5L17B0956,17,2025-02-13,600,parlementaire,ordinaire,1
PIONANR5L17B0957,17,2025-02-13,600,parlementaire,ordinaire,1
PIONANR5L17B0958,17,2025-02-13,600,parlementaire,ordinaire,1
PIONANR5L17B0959,17,2025-02-13,600,parlementaire,ordinaire,2
PIONANR5L17B0960,17,2025-02-13,600,parlementaire,ordinaire,2
PIONANR5L17B0961,17,2025-02-13,600,parlementaire,ordinaire,1
PIONANR5L17B0962,17,2025-02-13,600,parlementaire,ordinaire,1
PIONANR5L17B0963,17,2025-02-13,600,parlementaire,ordinaire,1
PIONANR5L17B0964,17,2025-02-13,600,parlementaire,ordinaire,1
PIONANR5L17B0965,17,2025-02-13,600,parlementaire,ordinaire,1
PIONANR5L17B0966,17,2025-02-13,600,parlementaire,ordinaire,2
PIONANR5L17B0967,17,2025-02-13,600,parlementaire,ordinaire,1
PIONANR5L17B0976,17,2025-02-18,595,parlementaire,ordinaire,1
PIONANR5L17B0977,17,2025-02-18,595,parlementaire,ordinaire,1
PIONANR5L17B0978,17,2025-02-18,595,parlementaire,ordinaire,1
PIONANR5L17B0979,17,2025-02-18,595,parlementaire,ordinaire,1
PIONANR5L17B0980,17,2025-02-18,595,parlementaire,ordinaire,1
PIONANR5L17B0981,17,2025-02-18,595,parlementaire,ordinaire,1
PIONANR5L17B0982,17,2025-02-18,595,parlementaire,ordinaire,1
PIONANR5L17B0983,17,2025-02-18,595,parlementaire,ordinaire,1
PIONANR5L17B0984,17,2025-02-18,595,parlementaire,ordinaire,1
PIONANR5L17B0985,17,2025-02-18,595,parlementaire,ordinaire,1
PIONANR5L17B0986,17,2025-02-18,595,parlementaire,ordinaire,1
PIONANR5L17B0987,17,2025-02-18,595,parlementaire,ordinaire,1
PIONANR5L17B0988,17,2025-02-18,595,parlementaire,ordinaire,1
PIONANR5L17B0989,17,2025-02-18,595,parlementaire,ordinaire,1
PIONANR5L17B1011,17,2025-02-21,592,parlementaire,ordinaire,1
PRJLANR5L17B1028,17,2025-03-05,580,gouvernement,traite,4
PIONANR5L17B1053,17,2025-03-11,574,parlementaire,ordinaire,1
PIONANR5L17B1054,17,2025-03-11,574,parlementaire,ordinaire,1
PIONANR5L17B1055,17,2025-03-11,574,parlementaire,ordinaire,1
PIONANR5L17B1056,17,2025-03-11,574,parlementaire,ordinaire,1
PIONANR5L17B1057,17,2025-03-11,574,parlementaire,ordinaire,1
PIONANR5L17B1058,17,2025-03-11,574,parlementaire,ordinaire,1
PIONANR5L17B1059,17,2025-03-11,574,parlementaire,ordinaire,1
PIONANR5L17B1060,17,2025-03-11,574,parlementaire,ordinaire,1
PIONANR5L17B1061,17,2025-03-11,574,parlementaire,ordinaire,1
PIONANR5L17B1062,17,2025-03-11,574,parlementaire,ordinaire,1
PIONANR5L17B1063,17,2025-03-11,574,parlementaire,ordinaire,1
PIONANR5L17B1064,17,2025-03-11,574,parlementaire,ordinaire,1
PIONANR5L17B1065,17,2025-03-11,574,parlementaire,ordinaire,1
PIONANR5L17B1066,17,2025-03-11,574,parlementaire,ordinaire,1
PIONANR5L17B1067,17,2025-03-11,574,parlementaire,ordinaire,1
PIONANR5L17B1068,17,2025-03-11,574,parlementaire,ordinaire,1
PIONANR5L17B1069,17,2025-03-11,574,parlementaire,ordinaire,1
PIONANR5L17B1070,17,2025-03-11,574,parlementaire,ordinaire,1
PIONANR5L17B1071,17,2025-03-11,574,parlementaire,ordinaire,1
PIONANR5L17B1072,17,2025-03-11,574,parlementaire,ordinaire,1
PIONANR5L17B1073,17,2025-03-11,574,parlementaire,ordinaire,1
PIONANR5L17B1074,17,2025-03-11,574,parlementaire,ordinaire,1
PIONANR5L17B1075,17,2025-03-11,574,parlementaire,ordinaire,1
PIONANR5L17B1076,17,2025-03-11,574,parlementaire,ordinaire,1
PIONANR5L17B1077,17,2025-03-11,574,parlementaire,ordinaire,1
PIONANR5L17B1078,17,2025-03-11,574,parlementaire,ordinaire,1
PIONANR5L17B1079,17,2025-03-11,574,parlementaire,ordinaire,1
PIONANR5L17B1080,17,2025-03-11,574,parlementaire,ordinaire,1
PIONANR5L17B1081,17,2025-03-11,574,parlementaire,ordinaire,1
PIONANR5L17B1082,17,2025-03-11,574,parlementaire,ordinaire,1
PIONANR5L17B1083,17,2025-03-11,574,parlementaire,ordinaire,1
PIONANR5L17B1084,17,2025-03-11,574,parlementaire,ordinaire,1
PIONANR5L17B1085,17,2025-03-11,574,parlementaire,ordinaire,2
PIONANR5L17B1086,17,2025-03-11,574,parlementaire,ordinaire,1
PIONANR5L17B1087,17,2025-03-11,574,parlementaire,ordinaire,1
PIONANR5L17B1088,17,2025-03-11,574,parlementaire,ordinaire,1
PIONANR5L17B1089,17,2025-03-11,574,parlementaire,ordinaire,1
PIONANR5L17B1090,17,2025-03-11,574,parlementaire,ordinaire,1
PIONANR5L17B1091,17,2025-03-11,574,parlementaire,ordinaire,1
PIONANR5L17B1092,17,2025-03-11,574,parlementaire,ordinaire,1
PIONANR5L17B1093,17,2025-03-11,574,parlementaire,ordinaire,1
PIONANR5L17B1094,17,2025-03-11,574,parlementaire,ordinaire,1
PIONANR5L17B1095,17,2025-03-11,574,parlementaire,ordinaire,1
PIONANR5L17B1096,17,2025-03-11,574,parlementaire,ordinaire,1
PIONANR5L17B1097,17,2025-03-11,574,parlementaire,ordinaire,1
PIONANR5L17B1098,17,2025-03-11,574,parlementaire,ordinaire,1
PIONANR5L17B1099,17,2025-03-11,574,parlementaire,ordinaire,1
PIONANR5L17B1100,17,2025-03-11,574,parlementaire,ordinaire,4
PIONANR5L17B1101,17,2025-03-11,574,parlementaire,ordinaire,1
PIONANR5L17B1102,17,2025-03-11,574,parlementaire,ordinaire,4
PIONANR5L17B1116,17,2025-03-14,571,parlementaire,organique,1
PIONANR5L17B1121,17,2025-03-17,568,parlementaire,organique,1
PIONANR5L17B1125,17,2025-03-18,567,parlementaire,ordinaire,1
PIONANR5L17B1126,17,2025-03-18,567,parlementaire,ordinaire,1
PIONANR5L17B1127,17,2025-03-18,567,parlementaire,ordinaire,1
PIONANR5L17B1128,17,2025-03-18,567,parlementaire,ordinaire,1
PIONANR5L17B1129,17,2025-03-18,567,parlementaire,ordinaire,1
PIONANR5L17B1130,17,2025-03-18,567,parlementaire,ordinaire,1
PIONANR5L17B1131,17,2025-03-18,567,parlementaire,ordinaire,1
PIONANR5L17B1132,17,2025-03-18,567,parlementaire,ordinaire,1
PIONANR5L17B1133,17,2025-03-18,567,parlementaire,ordinaire,2
PIONANR5L17B1134,17,2025-03-18,567,parlementaire,ordinaire,1
PIONANR5L17B1135,17,2025-03-18,567,parlementaire,ordinaire,2
PIONANR5L17B1136,17,2025-03-18,567,parlementaire,ordinaire,1
PIONANR5L17B1137,17,2025-03-18,567,parlementaire,ordinaire,1
PIONANR5L17B1138,17,2025-03-18,567,parlementaire,ordinaire,2
PIONANR5L17B1139,17,2025-03-18,567,parlementaire,ordinaire,1
PIONANR5L17B1140,17,2025-03-18,567,parlementaire,ordinaire,1
PIONANR5L17B1141,17,2025-03-18,567,parlementaire,ordinaire,1
PIONANR5L17B1142,17,2025-03-18,567,parlementaire,ordinaire,2
PIONANR5L17B1143,17,2025-03-18,567,parlementaire,ordinaire,1
PIONANR5L17B1144,17,2025-03-18,567,parlementaire,ordinaire,1
PIONANR5L17B1145,17,2025-03-18,567,parlementaire,ordinaire,1
PIONANR5L17B1146,17,2025-03-18,567,parlementaire,ordinaire,1
PIONANR5L17B1147,17,2025-03-18,567,parlementaire,ordinaire,1
PRJLANR5L17B1154,17,2025-03-19,566,gouvernement,ordinaire,4
PIONANR5L17B1169,17,2025-03-24,561,parlementaire,ordinaire,2
PIONANR5L17B1178,17,2025-03-26,559,parlementaire,constitutionnelle,1
PIONANR5L17B1193,17,2025-03-28,557,parlementaire,constitutionnelle,1
PIONANR5L17B1197,17,2025-03-28,557,parlementaire,constitutionnelle,1
PIONANR5L17B1203,17,2025-04-01,553,parlementaire,ordinaire,1
PIONANR5L17B1204,17,2025-04-01,553,parlementaire,ordinaire,1
PIONANR5L17B1205,17,2025-04-01,553,parlementaire,ordinaire,1
PIONANR5L17B1206,17,2025-04-01,553,parlementaire,ordinaire,1
PIONANR5L17B1207,17,2025-04-01,553,parlementaire,ordinaire,1
PIONANR5L17B1208,17,2025-04-01,553,parlementaire,ordinaire,1
PIONANR5L17B1209,17,2025-04-01,553,parlementaire,ordinaire,1
PIONANR5L17B1210,17,2025-04-01,553,parlementaire,ordinaire,1
PIONANR5L17B1211,17,2025-04-01,553,parlementaire,ordinaire,1
PIONANR5L17B1212,17,2025-04-01,553,parlementaire,ordinaire,1
PIONANR5L17B1213,17,2025-04-01,553,parlementaire,ordinaire,1
PIONANR5L17B1214,17,2025-04-01,553,parlementaire,ordinaire,1
PIONANR5L17B1215,17,2025-04-01,553,parlementaire,ordinaire,1
PIONANR5L17B1216,17,2025-04-01,553,parlementaire,ordinaire,1
PIONANR5L17B1217,17,2025-04-01,553,parlementaire,ordinaire,1
PIONANR5L17B1218,17,2025-04-01,553,parlementaire,ordinaire,1
PIONANR5L17B1219,17,2025-04-01,553,parlementaire,ordinaire,1
PIONANR5L17B1220,17,2025-04-01,553,parlementaire,ordinaire,1
PIONANR5L17B1221,17,2025-04-01,553,parlementaire,ordinaire,1
PIONANR5L17B1222,17,2025-04-01,553,parlementaire,ordinaire,1
PIONANR5L17B1223,17,2025-04-01,553,parlementaire,ordinaire,1
PIONANR5L17B1224,17,2025-04-01,553,parlementaire,ordinaire,1
PIONANR5L17B1225,17,2025-04-01,553,parlementaire,ordinaire,1
PIONANR5L17B1226,17,2025-04-01,553,parlementaire,ordinaire,1
PIONANR5L17B1227,17,2025-04-01,553,parlementaire,ordinaire,1
PIONANR5L17B1228,17,2025-04-01,553,parlementaire,ordinaire,1
PIONANR5L17B1229,17,2025-04-01,553,parlementaire,ordinaire,2
PIONANR5L17B1230,17,2025-04-01,553,parlementaire,ordinaire,1
PIONANR5L17B1231,17,2025-04-01,553,parlementaire,ordinaire,1
PIONANR5L17B1232,17,2025-04-01,553,parlementaire,ordinaire,1
PIONANR5L17B1233,17,2025-04-01,553,parlementaire,ordinaire,4
PIONANR5L17B1234,17,2025-04-01,553,parlementaire,ordinaire,1
PIONANR5L17B1235,17,2025-04-01,553,parlementaire,ordinaire,1
PIONANR5L17B1236,17,2025-04-01,553,parlementaire,ordinaire,1
PIONANR5L17B1237,17,2025-04-01,553,parlementaire,ordinaire,2
PIONANR5L17B1238,17,2025-04-01,553,parlementaire,ordinaire,1
PIONANR5L17B1239,17,2025-04-01,553,parlementaire,ordinaire,2
PIONANR5L17B1240,17,2025-04-01,553,parlementaire,ordinaire,4
PIONANR5L17B1261,17,2025-04-07,547,parlementaire,constitutionnelle,1
PIONANR5L17B1262,17,2025-04-07,547,parlementaire,constitutionnelle,1
PIONANR5L17B1283,17,2025-04-16,538,parlementaire,constitutionnelle,1
PIONANR5L17B1284,17,2025-04-16,538,parlementaire,constitutionnelle,1
PRJLANR5L17B1285,17,2025-04-16,538,gouvernement,finances_fss,2
PIONANR5L17B1288,17,2025-04-17,537,parlementaire,ordinaire,1
PIONANR5L17B1289,17,2025-04-17,537,parlementaire,ordinaire,1
PIONANR5L17B1290,17,2025-04-17,537,parlementaire,ordinaire,1
PIONANR5L17B1291,17,2025-04-17,537,parlementaire,ordinaire,1
PIONANR5L17B1292,17,2025-04-17,537,parlementaire,ordinaire,1
PIONANR5L17B1293,17,2025-04-17,537,parlementaire,ordinaire,1
PIONANR5L17B1294,17,2025-04-17,537,parlementaire,ordinaire,1
PIONANR5L17B1295,17,2025-04-17,537,parlementaire,ordinaire,1
PIONANR5L17B1296,17,2025-04-17,537,parlementaire,ordinaire,1
PIONANR5L17B1297,17,2025-04-17,537,parlementaire,ordinaire,1
PIONANR5L17B1298,17,2025-04-17,537,parlementaire,ordinaire,1
PIONANR5L17B1299,17,2025-04-17,537,parlementaire,ordinaire,1
PIONANR5L17B1300,17,2025-04-17,537,parlementaire,ordinaire,1
PIONANR5L17B1301,17,2025-04-17,537,parlementaire,ordinaire,1
PIONANR5L17B1302,17,2025-04-17,537,parlementaire,ordinaire,1
PIONANR5L17B1303,17,2025-04-17,537,parlementaire,ordinaire,1
PIONANR5L17B1304,17,2025-04-17,537,parlementaire,ordinaire,1
PIONANR5L17B1305,17,2025-04-17,537,parlementaire,ordinaire,1
PIONANR5L17B1306,17,2025-04-17,537,parlementaire,ordinaire,1
PIONANR5L17B1307,17,2025-04-17,537,parlementaire,ordinaire,1
PIONANR5L17B1308,17,2025-04-17,537,parlementaire,ordinaire,1
PIONANR5L17B1309,17,2025-04-17,537,parlementaire,ordinaire,1
PIONANR5L17B1310,17,2025-04-17,537,parlementaire,ordinaire,1
PIONANR5L17B1311,17,2025-04-17,537,parlementaire,ordinaire,1
PIONANR5L17B1312,17,2025-04-17,537,parlementaire,ordinaire,1
PIONANR5L17B1313,17,2025-04-17,537,parlementaire,ordinaire,1
PIONANR5L17B1314,17,2025-04-17,537,parlementaire,ordinaire,1
PIONANR5L17B1315,17,2025-04-17,537,parlementaire,ordinaire,1
PIONANR5L17B1316,17,2025-04-17,537,parlementaire,ordinaire,1
PIONANR5L17B1317,17,2025-04-17,537,parlementaire,ordinaire,1
PIONANR5L17B1318,17,2025-04-17,537,parlementaire,ordinaire,1
PIONANR5L17B1319,17,2025-04-17,537,parlementaire,ordinaire,2
PIONANR5L17B1320,17,2025-04-17,537,parlementaire,ordinaire,1
PIONANR5L17B1321,17,2025-04-17,537,parlementaire,ordinaire,1
PIONANR5L17B1322,17,2025-04-17,537,parlementaire,ordinaire,1
PIONANR5L17B1323,17,2025-04-17,537,parlementaire,ordinaire,1
PIONANR5L17B1324,17,2025-04-17,537,parlementaire,ordinaire,1
PIONANR5L17B1325,17,2025-04-17,537,parlementaire,ordinaire,1
PIONANR5L17B1326,17,2025-04-17,537,parlementaire,ordinaire,2
PIONANR5L17B1327,17,2025-04-17,537,parlementaire,ordinaire,1
PIONANR5L17B1328,17,2025-04-17,537,parlementaire,ordinaire,1
PIONANR5L17B1329,17,2025-04-17,537,parlementaire,ordinaire,1
PIONANR5L17B1330,17,2025-04-17,537,parlementaire,ordinaire,1
PIONANR5L17B1331,17,2025-04-17,537,parlementaire,ordinaire,1
PIONANR5L17B1332,17,2025-04-17,537,parlementaire,ordinaire,4
PIONANR5L17B1333,17,2025-04-17,537,parlementaire,ordinaire,1
PIONANR5L17B1334,17,2025-04-17,537,parlementaire,ordinaire,1
PIONANR5L17B1335,17,2025-04-17,537,parlementaire,ordinaire,1
PIONANR5L17B1336,17,2025-04-17,537,parlementaire,ordinaire,1
PIONANR5L17B1337,17,2025-04-17,537,parlementaire,ordinaire,4
PIONANR5L17B1338,17,2025-04-17,537,parlementaire,ordinaire,1
PIONANR5L17B1339,17,2025-04-22,532,parlementaire,ordinaire,1
PIONANR5L17B1340,17,2025-04-22,532,parlementaire,ordinaire,1
PIONANR5L17B1341,17,2025-04-22,532,parlementaire,ordinaire,2
PIONANR5L17B1342,17,2025-04-22,532,parlementaire,ordinaire,2
PIONANR5L17B1343,17,2025-04-22,532,parlementaire,ordinaire,1
PIONANR5L17B1344,17,2025-04-22,532,parlementaire,ordinaire,2
PIONANR5L17B1345,17,2025-04-22,532,parlementaire,ordinaire,2
PIONANR5L17B1349,17,2025-04-29,525,parlementaire,organique,1
PIONANR5L17B1358,17,2025-04-30,524,parlementaire,constitutionnelle,1
PIONANR5L17B1359,17,2025-04-30,524,parlementaire,constitutionnelle,1
PIONANR5L17B1374,17,2025-05-07,517,parlementaire,constitutionnelle,1
PIONANR5L17B1380,17,2025-05-07,517,parlementaire,ordinaire,4
PIONANR5L17B1386,17,2025-05-13,511,parlementaire,ordinaire,1
PIONANR5L17B1387,17,2025-05-13,511,parlementaire,ordinaire,1
PIONANR5L17B1388,17,2025-05-13,511,parlementaire,ordinaire,1
PIONANR5L17B1389,17,2025-05-13,511,parlementaire,ordinaire,1
PIONANR5L17B1390,17,2025-05-13,511,parlementaire,ordinaire,1
PIONANR5L17B1391,17,2025-05-13,511,parlementaire,ordinaire,1
PIONANR5L17B1392,17,2025-05-13,511,parlementaire,ordinaire,1
PIONANR5L17B1393,17,2025-05-13,511,parlementaire,ordinaire,1
PIONANR5L17B1394,17,2025-05-13,511,parlementaire,ordinaire,1
PIONANR5L17B1395,17,2025-05-13,511,parlementaire,ordinaire,1
PIONANR5L17B1396,17,2025-05-13,511,parlementaire,ordinaire,1
PIONANR5L17B1397,17,2025-05-13,511,parlementaire,ordinaire,1
PIONANR5L17B1398,17,2025-05-13,511,parlementaire,ordinaire,1
PIONANR5L17B1399,17,2025-05-13,511,parlementaire,ordinaire,1
PIONANR5L17B1400,17,2025-05-13,511,parlementaire,ordinaire,1
PIONANR5L17B1401,17,2025-05-13,511,parlementaire,ordinaire,1
PIONANR5L17B1402,17,2025-05-13,511,parlementaire,ordinaire,1
PIONANR5L17B1403,17,2025-05-13,511,parlementaire,ordinaire,1
PIONANR5L17B1404,17,2025-05-13,511,parlementaire,ordinaire,1
PIONANR5L17B1405,17,2025-05-13,511,parlementaire,ordinaire,1
PIONANR5L17B1406,17,2025-05-13,511,parlementaire,ordinaire,1
PIONANR5L17B1407,17,2025-05-13,511,parlementaire,ordinaire,1
PIONANR5L17B1408,17,2025-05-13,511,parlementaire,ordinaire,1
PIONANR5L17B1409,17,2025-05-13,511,parlementaire,ordinaire,1
PIONANR5L17B1410,17,2025-05-13,511,parlementaire,ordinaire,1
PIONANR5L17B1411,17,2025-05-13,511,parlementaire,ordinaire,1
PIONANR5L17B1412,17,2025-05-13,511,parlementaire,ordinaire,1
PIONANR5L17B1413,17,2025-05-13,511,parlementaire,ordinaire,1
PIONANR5L17B1414,17,2025-05-13,511,parlementaire,ordinaire,1
PIONANR5L17B1415,17,2025-05-13,511,parlementaire,ordinaire,2
PIONANR5L17B1416,17,2025-05-13,511,parlementaire,ordinaire,1
PIONANR5L17B1417,17,2025-05-13,511,parlementaire,ordinaire,1
PIONANR5L17B1418,17,2025-05-13,511,parlementaire,ordinaire,1
PIONANR5L17B1419,17,2025-05-13,511,parlementaire,ordinaire,1
PIONANR5L17B1420,17,2025-05-13,511,parlementaire,ordinaire,1
PRJLANR5L17B1434,17,2025-05-15,509,gouvernement,traite,4
PIONANR5L17B1452,17,2025-05-22,502,parlementaire,constitutionnelle,1
PIONANR5L17B1454,17,2025-05-22,502,parlementaire,organique,1
PRJLANR5L17B1456,17,2025-05-23,501,gouvernement,ordinaire,2
PIONANR5L17B1477,17,2025-05-28,496,parlementaire,constitutionnelle,1
PIONANR5L17B1493,17,2025-06-04,489,parlementaire,ordinaire,1
PIONANR5L17B1494,17,2025-06-04,489,parlementaire,ordinaire,1
PIONANR5L17B1495,17,2025-06-04,489,parlementaire,ordinaire,1
PIONANR5L17B1496,17,2025-06-04,489,parlementaire,ordinaire,1
PIONANR5L17B1497,17,2025-06-04,489,parlementaire,ordinaire,1
PIONANR5L17B1498,17,2025-06-04,489,parlementaire,ordinaire,1
PIONANR5L17B1499,17,2025-06-04,489,parlementaire,ordinaire,1
PIONANR5L17B1500,17,2025-06-04,489,parlementaire,ordinaire,1
PIONANR5L17B1501,17,2025-06-04,489,parlementaire,ordinaire,1
PIONANR5L17B1502,17,2025-06-04,489,parlementaire,ordinaire,2
PIONANR5L17B1503,17,2025-06-04,489,parlementaire,ordinaire,1
PIONANR5L17B1504,17,2025-06-04,489,parlementaire,ordinaire,1
PIONANR5L17B1505,17,2025-06-04,489,parlementaire,ordinaire,1
PIONANR5L17B1506,17,2025-06-04,489,parlementaire,ordinaire,1
PIONANR5L17B1507,17,2025-06-04,489,parlementaire,ordinaire,1
PIONANR5L17B1508,17,2025-06-04,489,parlementaire,ordinaire,1
PIONANR5L17B1509,17,2025-06-04,489,parlementaire,ordinaire,1
PIONANR5L17B1510,17,2025-06-04,489,parlementaire,ordinaire,1
PIONANR5L17B1511,17,2025-06-04,489,parlementaire,ordinaire,1
PIONANR5L17B1512,17,2025-06-04,489,parlementaire,ordinaire,1
PIONANR5L17B1513,17,2025-06-04,489,parlementaire,ordinaire,1
PIONANR5L17B1514,17,2025-06-04,489,parlementaire,ordinaire,1
PIONANR5L17B1515,17,2025-06-04,489,parlementaire,ordinaire,1
PIONANR5L17B1516,17,2025-06-04,489,parlementaire,ordinaire,1
PIONANR5L17B1517,17,2025-06-04,489,parlementaire,ordinaire,1
PIONANR5L17B1518,17,2025-06-04,489,parlementaire,ordinaire,1
PIONANR5L17B1519,17,2025-06-04,489,parlementaire,ordinaire,1
PRJLANR5L17B1520,17,2025-06-04,489,gouvernement,traite,4
PIONANR5L17B1534,17,2025-06-10,483,parlementaire,ordinaire,1
PIONANR5L17B1535,17,2025-06-10,483,parlementaire,ordinaire,1
PIONANR5L17B1536,17,2025-06-10,483,parlementaire,ordinaire,1
PIONANR5L17B1537,17,2025-06-10,483,parlementaire,ordinaire,1
PIONANR5L17B1538,17,2025-06-10,483,parlementaire,ordinaire,1
PIONANR5L17B1539,17,2025-06-10,483,parlementaire,ordinaire,1
PIONANR5L17B1540,17,2025-06-10,483,parlementaire,ordinaire,1
PIONANR5L17B1541,17,2025-06-10,483,parlementaire,ordinaire,1
PIONANR5L17B1542,17,2025-06-10,483,parlementaire,ordinaire,1
PIONANR5L17B1543,17,2025-06-10,483,parlementaire,ordinaire,1
PIONANR5L17B1544,17,2025-06-10,483,parlementaire,ordinaire,1
PIONANR5L17B1545,17,2025-06-10,483,parlementaire,ordinaire,1
PIONANR5L17B1546,17,2025-06-10,483,parlementaire,ordinaire,1
PIONANR5L17B1547,17,2025-06-10,483,parlementaire,ordinaire,1
PIONANR5L17B1548,17,2025-06-10,483,parlementaire,ordinaire,1
PIONANR5L17B1549,17,2025-06-10,483,parlementaire,ordinaire,1
PIONANR5L17B1550,17,2025-06-10,483,parlementaire,ordinaire,1
PIONANR5L17B1551,17,2025-06-10,483,parlementaire,ordinaire,1
PIONANR5L17B1552,17,2025-06-10,483,parlementaire,ordinaire,1
PIONANR5L17B1553,17,2025-06-10,483,parlementaire,ordinaire,1
PIONANR5L17B1554,17,2025-06-10,483,parlementaire,ordinaire,1
PIONANR5L17B1555,17,2025-06-10,483,parlementaire,ordinaire,1
PIONANR5L17B1556,17,2025-06-10,483,parlementaire,ordinaire,1
PIONANR5L17B1606,17,2025-06-19,474,parlementaire,constitutionnelle,1
PIONANR5L17B1619,17,2025-06-24,469,parlementaire,ordinaire,1
PIONANR5L17B1620,17,2025-06-24,469,parlementaire,ordinaire,1
PIONANR5L17B1621,17,2025-06-24,469,parlementaire,ordinaire,1
PIONANR5L17B1622,17,2025-06-24,469,parlementaire,ordinaire,1
PIONANR5L17B1623,17,2025-06-24,469,parlementaire,ordinaire,1
PIONANR5L17B1624,17,2025-06-24,469,parlementaire,ordinaire,1
PIONANR5L17B1625,17,2025-06-24,469,parlementaire,ordinaire,1
PIONANR5L17B1626,17,2025-06-24,469,parlementaire,ordinaire,1
PIONANR5L17B1627,17,2025-06-24,469,parlementaire,ordinaire,1
PIONANR5L17B1628,17,2025-06-24,469,parlementaire,ordinaire,1
PIONANR5L17B1629,17,2025-06-24,469,parlementaire,ordinaire,1
PIONANR5L17B1630,17,2025-06-24,469,parlementaire,ordinaire,1
PIONANR5L17B1631,17,2025-06-24,469,parlementaire,ordinaire,1
PIONANR5L17B1632,17,2025-06-24,469,parlementaire,ordinaire,1
PIONANR5L17B1633,17,2025-06-24,469,parlementaire,ordinaire,1
PIONANR5L17B1634,17,2025-06-24,469,parlementaire,ordinaire,1
PRJLANR5L17B1664,17,2025-07-02,461,gouvernement,traite,4
PIONANR5L17B1703,17,2025-07-11,452,parlementaire,ordinaire,1
PIONANR5L17B1704,17,2025-07-11,452,parlementaire,ordinaire,1
PIONANR5L17B1705,17,2025-07-11,452,parlementaire,ordinaire,1
PIONANR5L17B1706,17,2025-07-11,452,parlementaire,ordinaire,1
PIONANR5L17B1707,17,2025-07-11,452,parlementaire,ordinaire,1
PIONANR5L17B1708,17,2025-07-11,452,parlementaire,ordinaire,1
PIONANR5L17B1709,17,2025-07-11,452,parlementaire,ordinaire,1
PIONANR5L17B1710,17,2025-07-11,452,parlementaire,ordinaire,1
PIONANR5L17B1711,17,2025-07-11,452,parlementaire,ordinaire,1
PIONANR5L17B1712,17,2025-07-11,452,parlementaire,ordinaire,1
PIONANR5L17B1713,17,2025-07-11,452,parlementaire,ordinaire,1
PIONANR5L17B1714,17,2025-07-11,452,parlementaire,ordinaire,1
PIONANR5L17B1715,17,2025-07-11,452,parlementaire,ordinaire,1
PIONANR5L17B1716,17,2025-07-11,452,parlementaire,ordinaire,1
PIONANR5L17B1717,17,2025-07-11,452,parlementaire,ordinaire,1
PIONANR5L17B1718,17,2025-07-11,452,parlementaire,ordinaire,1
PIONANR5L17B1719,17,2025-07-11,452,parlementaire,ordinaire,1
PIONANR5L17B1720,17,2025-07-11,452,parlementaire,ordinaire,1
PIONANR5L17B1721,17,2025-07-11,452,parlementaire,ordinaire,1
PIONANR5L17B1722,17,2025-07-11,452,parlementaire,ordinaire,1
PIONANR5L17B1723,17,2025-07-11,452,parlementaire,ordinaire,1
PIONANR5L17B1724,17,2025-07-11,452,parlementaire,ordinaire,1
PIONANR5L17B1725,17,2025-07-11,452,parlementaire,ordinaire,2
PIONANR5L17B1726,17,2025-07-11,452,parlementaire,ordinaire,1
PIONANR5L17B1727,17,2025-07-11,452,parlementaire,ordinaire,1
PIONANR5L17B1728,17,2025-07-11,452,parlementaire,ordinaire,1
PIONANR5L17B1729,17,2025-07-11,452,parlementaire,ordinaire,1
PIONANR5L17B1730,17,2025-07-11,452,parlementaire,ordinaire,1
PIONANR5L17B1731,17,2025-07-11,452,parlementaire,ordinaire,1
PIONANR5L17B1732,17,2025-07-11,452,parlementaire,ordinaire,1
PIONANR5L17B1733,17,2025-07-11,452,parlementaire,ordinaire,1
PIONANR5L17B1734,17,2025-07-11,452,parlementaire,ordinaire,1
PIONANR5L17B1735,17,2025-07-11,452,parlementaire,ordinaire,1
PIONANR5L17B1736,17,2025-07-11,452,parlementaire,ordinaire,1
PIONANR5L17B1737,17,2025-07-11,452,parlementaire,ordinaire,1
PIONANR5L17B1738,17,2025-07-11,452,parlementaire,ordinaire,1
PIONANR5L17B1739,17,2025-07-11,452,parlementaire,ordinaire,1
PIONANR5L17B1740,17,2025-07-11,452,parlementaire,ordinaire,1
PIONANR5L17B1741,17,2025-07-11,452,parlementaire,ordinaire,1
PIONANR5L17B1742,17,2025-07-11,452,parlementaire,ordinaire,1
PIONANR5L17B1743,17,2025-07-11,452,parlementaire,ordinaire,1
PIONANR5L17B1744,17,2025-07-11,452,parlementaire,ordinaire,1
PIONANR5L17B1745,17,2025-07-11,452,parlementaire,ordinaire,1
PIONANR5L17B1746,17,2025-07-11,452,parlementaire,ordinaire,1
PIONANR5L17B1747,17,2025-07-11,452,parlementaire,ordinaire,1
PIONANR5L17B1748,17,2025-07-11,452,parlementaire,ordinaire,1
PIONANR5L17B1749,17,2025-07-11,452,parlementaire,ordinaire,1
PIONANR5L17B1750,17,2025-07-11,452,parlementaire,ordinaire,1
PIONANR5L17B1751,17,2025-07-11,452,parlementaire,ordinaire,1
PIONANR5L17B1752,17,2025-07-11,452,parlementaire,ordinaire,1
PRJLANR5L17B1762,17,2025-07-30,433,gouvernement,ordinaire,2
PIONANR5L17B1766,17,2025-09-01,400,parlementaire,constitutionnelle,1
PIONANR5L17B1781,17,2025-09-12,389,parlementaire,constitutionnelle,1
PIONANR5L17B1782,17,2025-09-12,389,parlementaire,constitutionnelle,1
PIONANR5L17B1783,17,2025-09-12,389,parlementaire,organique,1
PIONANR5L17B1790,17,2025-09-16,385,parlementaire,ordinaire,1
PIONANR5L17B1791,17,2025-09-16,385,parlementaire,ordinaire,1
PIONANR5L17B1792,17,2025-09-16,385,parlementaire,ordinaire,1
PIONANR5L17B1793,17,2025-09-16,385,parlementaire,ordinaire,2
PIONANR5L17B1794,17,2025-09-16,385,parlementaire,ordinaire,2
PIONANR5L17B1795,17,2025-09-16,385,parlementaire,ordinaire,1
PIONANR5L17B1796,17,2025-09-16,385,parlementaire,ordinaire,4
PIONANR5L17B1797,17,2025-09-16,385,parlementaire,ordinaire,1
PIONANR5L17B1798,17,2025-09-16,385,parlementaire,ordinaire,1
PIONANR5L17B1799,17,2025-09-16,385,parlementaire,ordinaire,2
PIONANR5L17B1800,17,2025-09-16,385,parlementaire,ordinaire,2
PIONANR5L17B1801,17,2025-09-16,385,parlementaire,ordinaire,1
PIONANR5L17B1802,17,2025-09-16,385,parlementaire,ordinaire,1
PIONANR5L17B1803,17,2025-09-16,385,parlementaire,ordinaire,1
PIONANR5L17B1804,17,2025-09-16,385,parlementaire,ordinaire,1
PIONANR5L17B1805,17,2025-09-16,385,parlementaire,ordinaire,1
PIONANR5L17B1806,17,2025-09-16,385,parlementaire,ordinaire,1
PIONANR5L17B1807,17,2025-09-16,385,parlementaire,ordinaire,1
PIONANR5L17B1808,17,2025-09-16,385,parlementaire,ordinaire,1
PIONANR5L17B1809,17,2025-09-16,385,parlementaire,ordinaire,1
PIONANR5L17B1810,17,2025-09-16,385,parlementaire,ordinaire,1
PIONANR5L17B1811,17,2025-09-16,385,parlementaire,ordinaire,1
PIONANR5L17B1812,17,2025-09-16,385,parlementaire,ordinaire,1
PIONANR5L17B1813,17,2025-09-16,385,parlementaire,ordinaire,1
PIONANR5L17B1814,17,2025-09-16,385,parlementaire,ordinaire,1
PIONANR5L17B1815,17,2025-09-16,385,parlementaire,ordinaire,1
PIONANR5L17B1816,17,2025-09-16,385,parlementaire,ordinaire,1
PIONANR5L17B1817,17,2025-09-16,385,parlementaire,ordinaire,2
PIONANR5L17B1818,17,2025-09-16,385,parlementaire,ordinaire,1
PIONANR5L17B1819,17,2025-09-16,385,parlementaire,ordinaire,1
PIONANR5L17B1820,17,2025-09-16,385,parlementaire,ordinaire,1
PIONANR5L17B1821,17,2025-09-16,385,parlementaire,ordinaire,1
PIONANR5L17B1822,17,2025-09-16,385,parlementaire,ordinaire,1
PIONANR5L17B1823,17,2025-09-16,385,parlementaire,ordinaire,1
PIONANR5L17B1824,17,2025-09-16,385,parlementaire,ordinaire,1
PIONANR5L17B1825,17,2025-09-16,385,parlementaire,ordinaire,1
PIONANR5L17B1826,17,2025-09-16,385,parlementaire,ordinaire,2
PIONANR5L17B1827,17,2025-09-16,385,parlementaire,ordinaire,2
PIONANR5L17B1828,17,2025-09-16,385,parlementaire,ordinaire,1
PIONANR5L17B1829,17,2025-09-16,385,parlementaire,ordinaire,1
PIONANR5L17B1830,17,2025-09-16,385,parlementaire,ordinaire,1
PIONANR5L17B1831,17,2025-09-16,385,parlementaire,ordinaire,4
PIONANR5L17B1832,17,2025-09-16,385,parlementaire,ordinaire,1
PIONANR5L17B1833,17,2025-09-16,385,parlementaire,ordinaire,1
PIONANR5L17B1834,17,2025-09-16,385,parlementaire,ordinaire,1
PIONANR5L17B1835,17,2025-09-16,385,parlementaire,ordinaire,1
PIONANR5L17B1836,17,2025-09-16,385,parlementaire,ordinaire,1
PIONANR5L17B1837,17,2025-09-16,385,parlementaire,ordinaire,2
PIONANR5L17B1838,17,2025-09-16,385,parlementaire,ordinaire,1
PIONANR5L17B1839,17,2025-09-16,385,parlementaire,ordinaire,2
PIONANR5L17B1840,17,2025-09-16,385,parlementaire,ordinaire,1
PIONANR5L17B1841,17,2025-09-16,385,parlementaire,ordinaire,1
PIONANR5L17B1842,17,2025-09-16,385,parlementaire,ordinaire,1
PIONANR5L17B1843,17,2025-09-16,385,parlementaire,ordinaire,1
PIONANR5L17B1844,17,2025-09-16,385,parlementaire,ordinaire,1
PIONANR5L17B1845,17,2025-09-16,385,parlementaire,ordinaire,1
PIONANR5L17B1846,17,2025-09-16,385,parlementaire,ordinaire,1
PIONANR5L17B1847,17,2025-09-16,385,parlementaire,ordinaire,1
PIONANR5L17B1848,17,2025-09-16,385,parlementaire,ordinaire,1
PIONANR5L17B1849,17,2025-09-16,385,parlementaire,ordinaire,1
PIONANR5L17B1850,17,2025-09-16,385,parlementaire,ordinaire,1
PIONANR5L17B1851,17,2025-09-16,385,parlementaire,ordinaire,2
PIONANR5L17B1866,17,2025-09-26,375,parlementaire,organique,1
PIONANR5L17B1868,17,2025-09-30,371,parlementaire,ordinaire,1
PIONANR5L17B1869,17,2025-09-30,371,parlementaire,ordinaire,1
PIONANR5L17B1870,17,2025-09-30,371,parlementaire,ordinaire,1
PIONANR5L17B1871,17,2025-09-30,371,parlementaire,ordinaire,1
PIONANR5L17B1872,17,2025-09-30,371,parlementaire,ordinaire,1
PIONANR5L17B1873,17,2025-09-30,371,parlementaire,ordinaire,1
PIONANR5L17B1874,17,2025-09-30,371,parlementaire,ordinaire,1
PIONANR5L17B1875,17,2025-09-30,371,parlementaire,ordinaire,1
PIONANR5L17B1876,17,2025-09-30,371,parlementaire,ordinaire,1
PIONANR5L17B1877,17,2025-09-30,371,parlementaire,ordinaire,1
PIONANR5L17B1878,17,2025-09-30,371,parlementaire,ordinaire,1
PIONANR5L17B1879,17,2025-09-30,371,parlementaire,ordinaire,1
PIONANR5L17B1880,17,2025-09-30,371,parlementaire,ordinaire,1
PIONANR5L17B1881,17,2025-09-30,371,parlementaire,ordinaire,1
PIONANR5L17B1882,17,2025-09-30,371,parlementaire,ordinaire,1
PIONANR5L17B1883,17,2025-09-30,371,parlementaire,ordinaire,1
PIONANR5L17B1884,17,2025-09-30,371,parlementaire,ordinaire,1
PIONANR5L17B1885,17,2025-09-30,371,parlementaire,ordinaire,1
PIONANR5L17B1886,17,2025-09-30,371,parlementaire,ordinaire,1
PIONANR5L17B1887,17,2025-09-30,371,parlementaire,ordinaire,1
PIONANR5L17B1905,17,2025-10-13,358,parlementaire,organique,1
PIONANR5L17B1908,17,2025-10-14,357,parlementaire,ordinaire,1
PIONANR5L17B1909,17,2025-10-14,357,parlementaire,ordinaire,2
PIONANR5L17B1910,17,2025-10-14,357,parlementaire,ordinaire,1
PIONANR5L17B1911,17,2025-10-14,357,parlementaire,ordinaire,1
PIONANR5L17B1912,17,2025-10-14,357,parlementaire,ordinaire,1
PIONANR5L17B1913,17,2025-10-14,357,parlementaire,ordinaire,1
PIONANR5L17B1914,17,2025-10-14,357,parlementaire,ordinaire,1
PIONANR5L17B1915,17,2025-10-14,357,parlementaire,ordinaire,1
PIONANR5L17B1916,17,2025-10-14,357,parlementaire,ordinaire,1
PIONANR5L17B1917,17,2025-10-14,357,parlementaire,ordinaire,1
PIONANR5L17B1918,17,2025-10-14,357,parlementaire,ordinaire,1
PIONANR5L17B1919,17,2025-10-14,357,parlementaire,ordinaire,1
PIONANR5L17B1920,17,2025-10-14,357,parlementaire,ordinaire,1
PIONANR5L17B1921,17,2025-10-14,357,parlementaire,ordinaire,1
PIONANR5L17B1922,17,2025-10-14,357,parlementaire,ordinaire,1
PIONANR5L17B1923,17,2025-10-14,357,parlementaire,ordinaire,1
PIONANR5L17B1924,17,2025-10-14,357,parlementaire,ordinaire,1
PIONANR5L17B1925,17,2025-10-14,357,parlementaire,ordinaire,1
PIONANR5L17B1926,17,2025-10-14,357,parlementaire,ordinaire,1
PIONANR5L17B1927,17,2025-10-14,357,parlementaire,ordinaire,1
PIONANR5L17B1928,17,2025-10-14,357,parlementaire,ordinaire,1
PIONANR5L17B1929,17,2025-10-14,357,parlementaire,ordinaire,1
PIONANR5L17B1930,17,2025-10-14,357,parlementaire,ordinaire,1
PIONANR5L17B1931,17,2025-10-14,357,parlementaire,ordinaire,1
PIONANR5L17B1932,17,2025-10-14,357,parlementaire,ordinaire,1
PIONANR5L17B1933,17,2025-10-14,357,parlementaire,ordinaire,1
PIONANR5L17B1934,17,2025-10-14,357,parlementaire,ordinaire,1
PIONANR5L17B1935,17,2025-10-14,357,parlementaire,ordinaire,1
PIONANR5L17B1936,17,2025-10-14,357,parlementaire,ordinaire,1
PIONANR5L17B1937,17,2025-10-14,357,parlementaire,ordinaire,1
PIONANR5L17B1938,17,2025-10-14,357,parlementaire,ordinaire,1
PIONANR5L17B1939,17,2025-10-14,357,parlementaire,ordinaire,1
PIONANR5L17B1940,17,2025-10-14,357,parlementaire,ordinaire,1
PIONANR5L17B1941,17,2025-10-14,357,parlementaire,ordinaire,1
PIONANR5L17B1942,17,2025-10-14,357,parlementaire,ordinaire,1
PIONANR5L17B1943,17,2025-10-14,357,parlementaire,ordinaire,2
PIONANR5L17B1944,17,2025-10-14,357,parlementaire,ordinaire,1
PIONANR5L17B1945,17,2025-10-14,357,parlementaire,ordinaire,1
PIONANR5L17B1946,17,2025-10-14,357,parlementaire,ordinaire,1
PIONANR5L17B1947,17,2025-10-14,357,parlementaire,ordinaire,1
PIONANR5L17B1948,17,2025-10-14,357,parlementaire,ordinaire,1
PIONANR5L17B1949,17,2025-10-14,357,parlementaire,ordinaire,1
PIONANR5L17B1950,17,2025-10-14,357,parlementaire,ordinaire,2
PIONANR5L17B1951,17,2025-10-14,357,parlementaire,ordinaire,1
PIONANR5L17B1952,17,2025-10-14,357,parlementaire,ordinaire,1
PIONANR5L17B1953,17,2025-10-14,357,parlementaire,ordinaire,1
PIONANR5L17B1954,17,2025-10-14,357,parlementaire,ordinaire,1
PIONANR5L17B1955,17,2025-10-14,357,parlementaire,ordinaire,1
PIONANR5L17B1956,17,2025-10-14,357,parlementaire,ordinaire,2
PIONANR5L17B1957,17,2025-10-14,357,parlementaire,ordinaire,1
PIONANR5L17B1958,17,2025-10-14,357,parlementaire,ordinaire,1
PIONANR5L17B1959,17,2025-10-14,357,parlementaire,ordinaire,1
PIONANR5L17B1960,17,2025-10-14,357,parlementaire,ordinaire,1
PIONANR5L17B1961,17,2025-10-14,357,parlementaire,ordinaire,1
PIONANR5L17B1962,17,2025-10-14,357,parlementaire,ordinaire,2
PRJLANR5L17B1906,17,2025-10-14,357,gouvernement,finances_fss,4
PRJLANR5L17B1907,17,2025-10-14,357,gouvernement,finances_fss,4
PIONANR5L17B1973,17,2025-10-17,354,parlementaire,ordinaire,1
PIONANR5L17B1974,17,2025-10-17,354,parlementaire,ordinaire,1
PIONANR5L17B1975,17,2025-10-17,354,parlementaire,ordinaire,1
PIONANR5L17B1976,17,2025-10-17,354,parlementaire,ordinaire,1
PIONANR5L17B2000,17,2025-10-23,348,parlementaire,constitutionnelle,1
PIONANR5L17B2001,17,2025-10-23,348,parlementaire,constitutionnelle,1
PIONANR5L17B2007,17,2025-10-28,343,parlementaire,ordinaire,1
PIONANR5L17B2008,17,2025-10-28,343,parlementaire,ordinaire,1
PIONANR5L17B2009,17,2025-10-28,343,parlementaire,ordinaire,1
PIONANR5L17B2010,17,2025-10-28,343,parlementaire,ordinaire,1
PIONANR5L17B2011,17,2025-10-28,343,parlementaire,ordinaire,1
PIONANR5L17B2012,17,2025-10-28,343,parlementaire,ordinaire,1
PIONANR5L17B2013,17,2025-10-28,343,parlementaire,ordinaire,1
PIONANR5L17B2014,17,2025-10-28,343,parlementaire,ordinaire,1
PIONANR5L17B2015,17,2025-10-28,343,parlementaire,ordinaire,1
PIONANR5L17B2016,17,2025-10-28,343,parlementaire,ordinaire,1
PIONANR5L17B2017,17,2025-10-28,343,parlementaire,ordinaire,1
PIONANR5L17B2018,17,2025-10-28,343,parlementaire,ordinaire,1
PIONANR5L17B2019,17,2025-10-28,343,parlementaire,ordinaire,1
PIONANR5L17B2020,17,2025-10-28,343,parlementaire,ordinaire,1
PIONANR5L17B2021,17,2025-10-28,343,parlementaire,ordinaire,2
PIONANR5L17B2022,17,2025-10-28,343,parlementaire,ordinaire,1
PIONANR5L17B2023,17,2025-10-28,343,parlementaire,ordinaire,2
PIONANR5L17B2024,17,2025-10-28,343,parlementaire,ordinaire,1
PIONANR5L17B2025,17,2025-10-28,343,parlementaire,ordinaire,1
PIONANR5L17B2026,17,2025-10-28,343,parlementaire,ordinaire,1
PIONANR5L17B2027,17,2025-10-28,343,parlementaire,ordinaire,1
PIONANR5L17B2028,17,2025-10-28,343,parlementaire,ordinaire,2
PIONANR5L17B2029,17,2025-10-28,343,parlementaire,ordinaire,1
PIONANR5L17B2030,17,2025-10-28,343,parlementaire,ordinaire,1
PIONANR5L17B2031,17,2025-10-28,343,parlementaire,ordinaire,1
PIONANR5L17B2032,17,2025-10-28,343,parlementaire,ordinaire,1
PIONANR5L17B2033,17,2025-10-28,343,parlementaire,ordinaire,1
PIONANR5L17B2034,17,2025-10-28,343,parlementaire,ordinaire,1
PIONANR5L17B2035,17,2025-10-28,343,parlementaire,ordinaire,1
PIONANR5L17B2036,17,2025-10-28,343,parlementaire,ordinaire,1
PIONANR5L17B2037,17,2025-10-28,343,parlementaire,ordinaire,2
PIONANR5L17B2038,17,2025-10-28,343,parlementaire,ordinaire,1
PIONANR5L17B2039,17,2025-10-28,343,parlementaire,ordinaire,2
PIONANR5L17B2040,17,2025-10-28,343,parlementaire,ordinaire,1
PIONANR5L17B2041,17,2025-10-28,343,parlementaire,ordinaire,1
PIONANR5L17B2042,17,2025-10-28,343,parlementaire,ordinaire,1
PRJLANR5L17B2050,17,2025-10-29,342,gouvernement,traite,2
PIONANR5L17B2056,17,2025-10-31,340,parlementaire,constitutionnelle,1
PRJLANR5L17B2068,17,2025-11-10,330,gouvernement,finances_fss,4
PIONANR5L17B2081,17,2025-11-18,322,parlementaire,constitutionnelle,1
PIONANR5L17B2082,17,2025-11-18,322,parlementaire,ordinaire,1
PIONANR5L17B2083,17,2025-11-18,322,parlementaire,ordinaire,1
PIONANR5L17B2084,17,2025-11-18,322,parlementaire,ordinaire,1
PIONANR5L17B2085,17,2025-11-18,322,parlementaire,ordinaire,1
PIONANR5L17B2086,17,2025-11-18,322,parlementaire,ordinaire,1
PIONANR5L17B2087,17,2025-11-18,322,parlementaire,ordinaire,1
PIONANR5L17B2088,17,2025-11-18,322,parlementaire,ordinaire,1
PIONANR5L17B2089,17,2025-11-18,322,parlementaire,ordinaire,1
PIONANR5L17B2090,17,2025-11-18,322,parlementaire,ordinaire,1
PIONANR5L17B2091,17,2025-11-18,322,parlementaire,ordinaire,2
PIONANR5L17B2092,17,2025-11-18,322,parlementaire,ordinaire,1
PIONANR5L17B2093,17,2025-11-18,322,parlementaire,ordinaire,1
PIONANR5L17B2094,17,2025-11-18,322,parlementaire,ordinaire,1
PIONANR5L17B2095,17,2025-11-18,322,parlementaire,ordinaire,1
PIONANR5L17B2096,17,2025-11-18,322,parlementaire,ordinaire,1
PIONANR5L17B2097,17,2025-11-18,322,parlementaire,ordinaire,1
PIONANR5L17B2098,17,2025-11-18,322,parlementaire,ordinaire,1
PIONANR5L17B2099,17,2025-11-18,322,parlementaire,ordinaire,1
PIONANR5L17B2100,17,2025-11-18,322,parlementaire,ordinaire,1
PIONANR5L17B2101,17,2025-11-18,322,parlementaire,ordinaire,1
PIONANR5L17B2102,17,2025-11-18,322,parlementaire,ordinaire,1
PIONANR5L17B2103,17,2025-11-18,322,parlementaire,ordinaire,1
PIONANR5L17B2104,17,2025-11-18,322,parlementaire,ordinaire,1
PIONANR5L17B2105,17,2025-11-18,322,parlementaire,ordinaire,1
PIONANR5L17B2106,17,2025-11-18,322,parlementaire,ordinaire,1
PIONANR5L17B2107,17,2025-11-18,322,parlementaire,ordinaire,4
PIONANR5L17B2108,17,2025-11-18,322,parlementaire,ordinaire,1
PIONANR5L17B2109,17,2025-11-18,322,parlementaire,ordinaire,1
PIONANR5L17B2110,17,2025-11-18,322,parlementaire,ordinaire,1
PIONANR5L17B2111,17,2025-11-18,322,parlementaire,ordinaire,1
PIONANR5L17B2112,17,2025-11-18,322,parlementaire,ordinaire,4
PIONANR5L17B2113,17,2025-11-18,322,parlementaire,ordinaire,1
PIONANR5L17B2124,17,2025-11-20,320,parlementaire,constitutionnelle,1
PIONANR5L17B2151,17,2025-11-28,312,parlementaire,constitutionnelle,1
PIONANR5L17B2153,17,2025-12-01,309,parlementaire,constitutionnelle,1
PIONANR5L17B2156,17,2025-12-02,308,parlementaire,ordinaire,1
PIONANR5L17B2157,17,2025-12-02,308,parlementaire,ordinaire,1
PIONANR5L17B2158,17,2025-12-02,308,parlementaire,ordinaire,1
PIONANR5L17B2159,17,2025-12-02,308,parlementaire,ordinaire,1
PIONANR5L17B2160,17,2025-12-02,308,parlementaire,ordinaire,1
PIONANR5L17B2161,17,2025-12-02,308,parlementaire,ordinaire,1
PIONANR5L17B2162,17,2025-12-02,308,parlementaire,ordinaire,1
PIONANR5L17B2163,17,2025-12-02,308,parlementaire,ordinaire,1
PIONANR5L17B2164,17,2025-12-02,308,parlementaire,ordinaire,1
PIONANR5L17B2165,17,2025-12-02,308,parlementaire,ordinaire,1
PIONANR5L17B2166,17,2025-12-02,308,parlementaire,ordinaire,1
PIONANR5L17B2167,17,2025-12-02,308,parlementaire,ordinaire,1
PIONANR5L17B2168,17,2025-12-02,308,parlementaire,ordinaire,1
PIONANR5L17B2169,17,2025-12-02,308,parlementaire,ordinaire,1
PIONANR5L17B2170,17,2025-12-02,308,parlementaire,ordinaire,1
PIONANR5L17B2171,17,2025-12-02,308,parlementaire,ordinaire,1
PIONANR5L17B2172,17,2025-12-02,308,parlementaire,ordinaire,2
PIONANR5L17B2173,17,2025-12-02,308,parlementaire,ordinaire,1
PIONANR5L17B2174,17,2025-12-02,308,parlementaire,ordinaire,1
PIONANR5L17B2175,17,2025-12-02,308,parlementaire,ordinaire,2
PIONANR5L17B2176,17,2025-12-02,308,parlementaire,ordinaire,1
PIONANR5L17B2177,17,2025-12-02,308,parlementaire,ordinaire,1
PIONANR5L17B2178,17,2025-12-02,308,parlementaire,ordinaire,1
PIONANR5L17B2179,17,2025-12-02,308,parlementaire,ordinaire,1
PIONANR5L17B2180,17,2025-12-02,308,parlementaire,ordinaire,4
PIONANR5L17B2181,17,2025-12-02,308,parlementaire,ordinaire,1
PIONANR5L17B2182,17,2025-12-02,308,parlementaire,ordinaire,1
PIONANR5L17B2183,17,2025-12-02,308,parlementaire,ordinaire,1
PIONANR5L17B2184,17,2025-12-02,308,parlementaire,ordinaire,1
PIONANR5L17B2185,17,2025-12-02,308,parlementaire,ordinaire,1
PIONANR5L17B2186,17,2025-12-02,308,parlementaire,ordinaire,1
PIONANR5L17B2187,17,2025-12-02,308,parlementaire,ordinaire,1
PRJLANR5L17B2155,17,2025-12-02,308,gouvernement,traite,4
PIONANR5L17B2207,17,2025-12-09,301,parlementaire,ordinaire,1
PIONANR5L17B2208,17,2025-12-09,301,parlementaire,ordinaire,1
PIONANR5L17B2209,17,2025-12-09,301,parlementaire,ordinaire,1
PIONANR5L17B2210,17,2025-12-09,301,parlementaire,ordinaire,1
PIONANR5L17B2211,17,2025-12-09,301,parlementaire,ordinaire,1
PIONANR5L17B2212,17,2025-12-09,301,parlementaire,ordinaire,1
PIONANR5L17B2213,17,2025-12-09,301,parlementaire,ordinaire,1
PIONANR5L17B2214,17,2025-12-09,301,parlementaire,ordinaire,1
PIONANR5L17B2215,17,2025-12-09,301,parlementaire,ordinaire,1
PIONANR5L17B2216,17,2025-12-09,301,parlementaire,ordinaire,2
PIONANR5L17B2217,17,2025-12-09,301,parlementaire,ordinaire,1
PIONANR5L17B2218,17,2025-12-09,301,parlementaire,ordinaire,1
PIONANR5L17B2219,17,2025-12-09,301,parlementaire,ordinaire,1
PIONANR5L17B2220,17,2025-12-09,301,parlementaire,ordinaire,1
PIONANR5L17B2221,17,2025-12-09,301,parlementaire,ordinaire,1
PIONANR5L17B2222,17,2025-12-09,301,parlementaire,ordinaire,1
PIONANR5L17B2223,17,2025-12-09,301,parlementaire,ordinaire,1
PIONANR5L17B2224,17,2025-12-09,301,parlementaire,ordinaire,1
PIONANR5L17B2225,17,2025-12-09,301,parlementaire,ordinaire,1
PIONANR5L17B2226,17,2025-12-09,301,parlementaire,ordinaire,1
PIONANR5L17B2227,17,2025-12-09,301,parlementaire,ordinaire,1
PIONANR5L17B2228,17,2025-12-09,301,parlementaire,ordinaire,1
PIONANR5L17B2229,17,2025-12-09,301,parlementaire,ordinaire,1
PIONANR5L17B2230,17,2025-12-09,301,parlementaire,ordinaire,1
PIONANR5L17B2237,17,2025-12-11,299,parlementaire,constitutionnelle,1
PIONANR5L17B2239,17,2025-12-11,299,parlementaire,constitutionnelle,1
PIONANR5L17B2260,17,2025-12-18,292,parlementaire,constitutionnelle,1
PIONANR5L17B2262,17,2025-12-18,292,parlementaire,constitutionnelle,1
PRJLANR5L17B2269,17,2025-12-22,288,gouvernement,ordinaire,4
PIONANR5L17B2272,17,2025-12-23,287,parlementaire,ordinaire,1
PIONANR5L17B2273,17,2025-12-23,287,parlementaire,ordinaire,1
PIONANR5L17B2274,17,2025-12-23,287,parlementaire,ordinaire,1
PIONANR5L17B2275,17,2025-12-23,287,parlementaire,ordinaire,1
PIONANR5L17B2276,17,2025-12-23,287,parlementaire,ordinaire,1
PIONANR5L17B2277,17,2025-12-23,287,parlementaire,ordinaire,1
PIONANR5L17B2278,17,2025-12-23,287,parlementaire,ordinaire,1
PIONANR5L17B2279,17,2025-12-23,287,parlementaire,ordinaire,1
PIONANR5L17B2280,17,2025-12-23,287,parlementaire,ordinaire,1
PIONANR5L17B2281,17,2025-12-23,287,parlementaire,ordinaire,1
PIONANR5L17B2282,17,2025-12-23,287,parlementaire,ordinaire,1
PIONANR5L17B2283,17,2025-12-23,287,parlementaire,ordinaire,1
PIONANR5L17B2284,17,2025-12-23,287,parlementaire,ordinaire,2
PIONANR5L17B2285,17,2025-12-23,287,parlementaire,ordinaire,1
PIONANR5L17B2286,17,2025-12-23,287,parlementaire,ordinaire,1
PIONANR5L17B2287,17,2025-12-23,287,parlementaire,ordinaire,1
PIONANR5L17B2288,17,2025-12-23,287,parlementaire,ordinaire,1
PIONANR5L17B2289,17,2025-12-23,287,parlementaire,ordinaire,1
PIONANR5L17B2290,17,2025-12-23,287,parlementaire,ordinaire,1
PIONANR5L17B2291,17,2025-12-23,287,parlementaire,ordinaire,1
PIONANR5L17B2292,17,2025-12-23,287,parlementaire,ordinaire,1
PIONANR5L17B2293,17,2025-12-23,287,parlementaire,ordinaire,1
PIONANR5L17B2294,17,2025-12-23,287,parlementaire,ordinaire,1
PIONANR5L17B2295,17,2025-12-23,287,parlementaire,ordinaire,1
PIONANR5L17B2296,17,2025-12-23,287,parlementaire,ordinaire,1
PIONANR5L17B2297,17,2025-12-23,287,parlementaire,ordinaire,1
PIONANR5L17B2298,17,2025-12-23,287,parlementaire,ordinaire,1
PIONANR5L17B2299,17,2025-12-23,287,parlementaire,ordinaire,1
PIONANR5L17B2300,17,2025-12-23,287,parlementaire,ordinaire,1
PIONANR5L17B2301,17,2025-12-23,287,parlementaire,ordinaire,1
PIONANR5L17B2302,17,2025-12-23,287,parlementaire,ordinaire,1
PIONANR5L17B2303,17,2025-12-23,287,parlementaire,ordinaire,1
PIONANR5L17B2304,17,2025-12-23,287,parlementaire,ordinaire,1
PIONANR5L17B2305,17,2025-12-23,287,parlementaire,ordinaire,1
PIONANR5L17B2306,17,2025-12-23,287,parlementaire,ordinaire,1
PIONANR5L17B2307,17,2025-12-23,287,parlementaire,ordinaire,1
PIONANR5L17B2308,17,2025-12-23,287,parlementaire,ordinaire,2
PIONANR5L17B2309,17,2025-12-23,287,parlementaire,ordinaire,4
PIONANR5L17B2310,17,2025-12-23,287,parlementaire,ordinaire,2
PIONANR5L17B2311,17,2025-12-23,287,parlementaire,ordinaire,1
PIONANR5L17B2312,17,2025-12-23,287,parlementaire,ordinaire,1
PIONANR5L17B2313,17,2025-12-29,281,parlementaire,organique,1
PIONANR5L17B2323,17,2026-01-13,266,parlementaire,ordinaire,1
PIONANR5L17B2324,17,2026-01-13,266,parlementaire,ordinaire,1
PIONANR5L17B2325,17,2026-01-13,266,parlementaire,ordinaire,1
PIONANR5L17B2326,17,2026-01-13,266,parlementaire,ordinaire,1
PIONANR5L17B2327,17,2026-01-13,266,parlementaire,ordinaire,1
PIONANR5L17B2328,17,2026-01-13,266,parlementaire,ordinaire,1
PIONANR5L17B2329,17,2026-01-13,266,parlementaire,ordinaire,1
PIONANR5L17B2330,17,2026-01-13,266,parlementaire,ordinaire,1
PIONANR5L17B2331,17,2026-01-13,266,parlementaire,ordinaire,1
PIONANR5L17B2332,17,2026-01-13,266,parlementaire,ordinaire,1
PIONANR5L17B2333,17,2026-01-13,266,parlementaire,ordinaire,1
PIONANR5L17B2334,17,2026-01-13,266,parlementaire,ordinaire,4
PIONANR5L17B2352,17,2026-01-19,260,parlementaire,constitutionnelle,1
PIONANR5L17B2368,17,2026-01-26,253,parlementaire,constitutionnelle,1
PIONANR5L17B2371,17,2026-01-27,252,parlementaire,ordinaire,1
PIONANR5L17B2372,17,2026-01-27,252,parlementaire,ordinaire,1
PIONANR5L17B2373,17,2026-01-27,252,parlementaire,ordinaire,1
PIONANR5L17B2374,17,2026-01-27,252,parlementaire,ordinaire,1
PIONANR5L17B2375,17,2026-01-27,252,parlementaire,ordinaire,1
PIONANR5L17B2376,17,2026-01-27,252,parlementaire,ordinaire,1
PIONANR5L17B2377,17,2026-01-27,252,parlementaire,ordinaire,1
PIONANR5L17B2378,17,2026-01-27,252,parlementaire,ordinaire,1
PIONANR5L17B2379,17,2026-01-27,252,parlementaire,ordinaire,1
PIONANR5L17B2380,17,2026-01-27,252,parlementaire,ordinaire,1
PIONANR5L17B2381,17,2026-01-27,252,parlementaire,ordinaire,1
PIONANR5L17B2382,17,2026-01-27,252,parlementaire,ordinaire,1
PIONANR5L17B2383,17,2026-01-27,252,parlementaire,ordinaire,1
PIONANR5L17B2384,17,2026-01-27,252,parlementaire,ordinaire,1
PIONANR5L17B2385,17,2026-01-27,252,parlementaire,ordinaire,2
PIONANR5L17B2386,17,2026-01-27,252,parlementaire,ordinaire,1
PIONANR5L17B2387,17,2026-01-27,252,parlementaire,ordinaire,1
PIONANR5L17B2388,17,2026-01-27,252,parlementaire,ordinaire,1
PIONANR5L17B2389,17,2026-01-27,252,parlementaire,ordinaire,1
PIONANR5L17B2390,17,2026-01-27,252,parlementaire,ordinaire,1
PIONANR5L17B2391,17,2026-01-27,252,parlementaire,ordinaire,1
PIONANR5L17B2392,17,2026-01-27,252,parlementaire,ordinaire,1
PIONANR5L17B2393,17,2026-01-27,252,parlementaire,ordinaire,1
PIONANR5L17B2394,17,2026-01-27,252,parlementaire,ordinaire,1
PIONANR5L17B2407,17,2026-01-29,250,parlementaire,constitutionnelle,1
PIONANR5L17B2420,17,2026-02-03,245,parlementaire,organique,1
PIONANR5L17B2421,17,2026-02-03,245,parlementaire,constitutionnelle,1
PIONANR5L17B2432,17,2026-02-04,244,parlementaire,ordinaire,1
PIONANR5L17B2433,17,2026-02-04,244,parlementaire,ordinaire,1
PIONANR5L17B2434,17,2026-02-04,244,parlementaire,ordinaire,1
PIONANR5L17B2435,17,2026-02-04,244,parlementaire,ordinaire,1
PIONANR5L17B2436,17,2026-02-04,244,parlementaire,ordinaire,1
PIONANR5L17B2437,17,2026-02-04,244,parlementaire,ordinaire,1
PIONANR5L17B2438,17,2026-02-04,244,parlementaire,ordinaire,1
PIONANR5L17B2439,17,2026-02-04,244,parlementaire,ordinaire,1
PIONANR5L17B2440,17,2026-02-04,244,parlementaire,ordinaire,2
PIONANR5L17B2441,17,2026-02-04,244,parlementaire,ordinaire,1
PIONANR5L17B2442,17,2026-02-04,244,parlementaire,ordinaire,2
PIONANR5L17B2443,17,2026-02-04,244,parlementaire,ordinaire,1
PIONANR5L17B2444,17,2026-02-04,244,parlementaire,ordinaire,1
PIONANR5L17B2445,17,2026-02-04,244,parlementaire,ordinaire,2
PIONANR5L17B2446,17,2026-02-04,244,parlementaire,ordinaire,1
PIONANR5L17B2447,17,2026-02-04,244,parlementaire,ordinaire,1
PIONANR5L17B2448,17,2026-02-04,244,parlementaire,ordinaire,1
PIONANR5L17B2449,17,2026-02-04,244,parlementaire,ordinaire,1
PIONANR5L17B2450,17,2026-02-04,244,parlementaire,ordinaire,1
PIONANR5L17B2451,17,2026-02-04,244,parlementaire,ordinaire,1
PRJLANR5L17B2471,17,2026-02-11,237,gouvernement,ordinaire,2
PIONANR5L17B2485,17,2026-02-17,231,parlementaire,ordinaire,1
PIONANR5L17B2486,17,2026-02-17,231,parlementaire,ordinaire,1
PIONANR5L17B2487,17,2026-02-17,231,parlementaire,ordinaire,1
PIONANR5L17B2488,17,2026-02-17,231,parlementaire,ordinaire,1
PIONANR5L17B2489,17,2026-02-17,231,parlementaire,ordinaire,1
PIONANR5L17B2490,17,2026-02-17,231,parlementaire,ordinaire,1
PIONANR5L17B2491,17,2026-02-17,231,parlementaire,ordinaire,2
PIONANR5L17B2492,17,2026-02-17,231,parlementaire,ordinaire,2
PIONANR5L17B2493,17,2026-02-17,231,parlementaire,ordinaire,2
PIONANR5L17B2494,17,2026-02-17,231,parlementaire,ordinaire,1
PIONANR5L17B2495,17,2026-02-17,231,parlementaire,ordinaire,1
PIONANR5L17B2496,17,2026-02-17,231,parlementaire,ordinaire,2
PIONANR5L17B2497,17,2026-02-17,231,parlementaire,ordinaire,1
PIONANR5L17B2498,17,2026-02-17,231,parlementaire,ordinaire,1
PIONANR5L17B2499,17,2026-02-17,231,parlementaire,ordinaire,1
PIONANR5L17B2500,17,2026-02-17,231,parlementaire,ordinaire,1
PIONANR5L17B2501,17,2026-02-17,231,parlementaire,ordinaire,1
PIONANR5L17B2502,17,2026-02-17,231,parlementaire,ordinaire,1
PIONANR5L17B2503,17,2026-02-17,231,parlementaire,ordinaire,1
PIONANR5L17B2504,17,2026-02-17,231,parlementaire,ordinaire,1
PIONANR5L17B2505,17,2026-02-17,231,parlementaire,ordinaire,1
PIONANR5L17B2544,17,2026-03-03,217,parlementaire,ordinaire,1
PIONANR5L17B2545,17,2026-03-03,217,parlementaire,ordinaire,1
PIONANR5L17B2546,17,2026-03-03,217,parlementaire,ordinaire,1
PIONANR5L17B2547,17,2026-03-03,217,parlementaire,ordinaire,1
PIONANR5L17B2548,17,2026-03-03,217,parlementaire,ordinaire,1
PIONANR5L17B2549,17,2026-03-03,217,parlementaire,ordinaire,1
PIONANR5L17B2550,17,2026-03-03,217,parlementaire,ordinaire,1
PIONANR5L17B2551,17,2026-03-03,217,parlementaire,ordinaire,1
PIONANR5L17B2552,17,2026-03-03,217,parlementaire,ordinaire,1
PIONANR5L17B2553,17,2026-03-03,217,parlementaire,ordinaire,1
PIONANR5L17B2554,17,2026-03-03,217,parlementaire,ordinaire,1
PIONANR5L17B2555,17,2026-03-03,217,parlementaire,ordinaire,1
PIONANR5L17B2556,17,2026-03-03,217,parlementaire,ordinaire,1
PIONANR5L17B2557,17,2026-03-03,217,parlementaire,ordinaire,1
PIONANR5L17B2558,17,2026-03-03,217,parlementaire,ordinaire,1
PIONANR5L17B2559,17,2026-03-03,217,parlementaire,ordinaire,1
PIONANR5L17B2560,17,2026-03-03,217,parlementaire,ordinaire,1
PIONANR5L17B2561,17,2026-03-03,217,parlementaire,ordinaire,1
PIONANR5L17B2562,17,2026-03-03,217,parlementaire,ordinaire,1
PIONANR5L17B2563,17,2026-03-03,217,parlementaire,ordinaire,1
PIONANR5L17B2564,17,2026-03-03,217,parlementaire,ordinaire,1
PIONANR5L17B2565,17,2026-03-03,217,parlementaire,ordinaire,1
PIONANR5L17B2566,17,2026-03-03,217,parlementaire,ordinaire,1
PIONANR5L17B2567,17,2026-03-03,217,parlementaire,ordinaire,1
PIONANR5L17B2568,17,2026-03-03,217,parlementaire,ordinaire,1
PIONANR5L17B2569,17,2026-03-03,217,parlementaire,ordinaire,1
PIONANR5L17B2570,17,2026-03-03,217,parlementaire,organique,1
PIONANR5L17B2585,17,2026-03-27,193,parlementaire,ordinaire,1
PIONANR5L17B2586,17,2026-03-27,193,parlementaire,ordinaire,1
PIONANR5L17B2587,17,2026-03-27,193,parlementaire,ordinaire,1
PIONANR5L17B2588,17,2026-03-27,193,parlementaire,ordinaire,1
PIONANR5L17B2589,17,2026-03-27,193,parlementaire,ordinaire,1
PIONANR5L17B2590,17,2026-03-27,193,parlementaire,ordinaire,1
PIONANR5L17B2591,17,2026-03-27,193,parlementaire,ordinaire,1
PIONANR5L17B2592,17,2026-03-27,193,parlementaire,ordinaire,1
PIONANR5L17B2593,17,2026-03-27,193,parlementaire,ordinaire,1
PIONANR5L17B2594,17,2026-03-27,193,parlementaire,ordinaire,1
PIONANR5L17B2595,17,2026-03-27,193,parlementaire,ordinaire,4
PIONANR5L17B2596,17,2026-03-27,193,parlementaire,ordinaire,1
PIONANR5L17B2597,17,2026-03-27,193,parlementaire,ordinaire,1
PIONANR5L17B2598,17,2026-03-27,193,parlementaire,ordinaire,1
PIONANR5L17B2599,17,2026-03-27,193,parlementaire,ordinaire,1
PIONANR5L17B2600,17,2026-03-27,193,parlementaire,ordinaire,1
PIONANR5L17B2601,17,2026-03-27,193,parlementaire,ordinaire,1
PIONANR5L17B2602,17,2026-03-27,193,parlementaire,ordinaire,1
PIONANR5L17B2603,17,2026-03-27,193,parlementaire,ordinaire,1
PIONANR5L17B2623,17,2026-04-07,182,parlementaire,organique,1
PRJLANR5L17B2630,17,2026-04-08,181,gouvernement,ordinaire,4
PRJLANR5L17B2632,17,2026-04-08,181,gouvernement,ordinaire,4
PIONANR5L17B2646,17,2026-04-14,175,parlementaire,ordinaire,1
PIONANR5L17B2647,17,2026-04-14,175,parlementaire,ordinaire,1
PIONANR5L17B2648,17,2026-04-14,175,parlementaire,ordinaire,1
PIONANR5L17B2649,17,2026-04-14,175,parlementaire,ordinaire,1
PIONANR5L17B2650,17,2026-04-14,175,parlementaire,ordinaire,1
PIONANR5L17B2651,17,2026-04-14,175,parlementaire,ordinaire,1
PIONANR5L17B2652,17,2026-04-14,175,parlementaire,ordinaire,1
PIONANR5L17B2653,17,2026-04-14,175,parlementaire,ordinaire,1
PIONANR5L17B2654,17,2026-04-14,175,parlementaire,ordinaire,1
PIONANR5L17B2655,17,2026-04-14,175,parlementaire,ordinaire,1
PIONANR5L17B2656,17,2026-04-14,175,parlementaire,ordinaire,1
PIONANR5L17B2657,17,2026-04-14,175,parlementaire,ordinaire,1
PIONANR5L17B2658,17,2026-04-14,175,parlementaire,ordinaire,1
PIONANR5L17B2659,17,2026-04-14,175,parlementaire,ordinaire,1
PIONANR5L17B2660,17,2026-04-14,175,parlementaire,ordinaire,1
PIONANR5L17B2661,17,2026-04-14,175,parlementaire,ordinaire,1
PIONANR5L17B2662,17,2026-04-14,175,parlementaire,ordinaire,1
PIONANR5L17B2663,17,2026-04-14,175,parlementaire,ordinaire,1
PIONANR5L17B2664,17,2026-04-14,175,parlementaire,ordinaire,1
PIONANR5L17B2665,17,2026-04-14,175,parlementaire,ordinaire,1
PIONANR5L17B2666,17,2026-04-14,175,parlementaire,ordinaire,1
PIONANR5L17B2667,17,2026-04-14,175,parlementaire,ordinaire,1
PIONANR5L17B2668,17,2026-04-14,175,parlementaire,ordinaire,1
PIONANR5L17B2669,17,2026-04-14,175,parlementaire,ordinaire,1
PIONANR5L17B2670,17,2026-04-14,175,parlementaire,ordinaire,1
PIONANR5L17B2671,17,2026-04-14,175,parlementaire,ordinaire,1
PIONANR5L17B2672,17,2026-04-14,175,parlementaire,ordinaire,1
PIONANR5L17B2673,17,2026-04-14,175,parlementaire,ordinaire,1
PIONANR5L17B2674,17,2026-04-14,175,parlementaire,ordinaire,2
PIONANR5L17B2675,17,2026-04-14,175,parlementaire,ordinaire,1
PIONANR5L17B2676,17,2026-04-14,175,parlementaire,ordinaire,1
PIONANR5L17B2677,17,2026-04-14,175,parlementaire,ordinaire,1
PIONANR5L17B2678,17,2026-04-14,175,parlementaire,ordinaire,2
PIONANR5L17B2679,17,2026-04-14,175,parlementaire,ordinaire,1
PIONANR5L17B2680,17,2026-04-14,175,parlementaire,ordinaire,1
PIONANR5L17B2690,17,2026-04-17,172,parlementaire,organique,1
PRJLANR5L17B2694,17,2026-04-22,167,gouvernement,finances_fss,2
PRJLANR5L17B2697,17,2026-04-27,162,gouvernement,constitutionnelle,2
PIONANR5L17B2703,17,2026-04-28,161,parlementaire,ordinaire,1
PIONANR5L17B2704,17,2026-04-28,161,parlementaire,ordinaire,1
PIONANR5L17B2705,17,2026-04-28,161,parlementaire,ordinaire,1
PIONANR5L17B2706,17,2026-04-28,161,parlementaire,ordinaire,1
PIONANR5L17B2707,17,2026-04-28,161,parlementaire,ordinaire,1
PIONANR5L17B2708,17,2026-04-28,161,parlementaire,ordinaire,2
PIONANR5L17B2709,17,2026-04-28,161,parlementaire,ordinaire,1
PIONANR5L17B2710,17,2026-04-28,161,parlementaire,ordinaire,2
PIONANR5L17B2711,17,2026-04-28,161,parlementaire,ordinaire,1
PIONANR5L17B2712,17,2026-04-28,161,parlementaire,ordinaire,1
PIONANR5L17B2713,17,2026-04-28,161,parlementaire,ordinaire,1
PIONANR5L17B2714,17,2026-04-28,161,parlementaire,ordinaire,1
PIONANR5L17B2715,17,2026-04-28,161,parlementaire,ordinaire,1
PIONANR5L17B2716,17,2026-04-28,161,parlementaire,ordinaire,1
PIONANR5L17B2717,17,2026-04-28,161,parlementaire,ordinaire,1
PIONANR5L17B2718,17,2026-04-28,161,parlementaire,ordinaire,1
PIONANR5L17B2719,17,2026-04-28,161,parlementaire,ordinaire,1
PIONANR5L17B2720,17,2026-04-28,161,parlementaire,ordinaire,1
PIONANR5L17B2721,17,2026-04-28,161,parlementaire,ordinaire,1
PIONANR5L17B2722,17,2026-04-28,161,parlementaire,ordinaire,1
PIONANR5L17B2723,17,2026-04-28,161,parlementaire,ordinaire,1
PIONANR5L17B2724,17,2026-04-28,161,parlementaire,ordinaire,1
PIONANR5L17B2725,17,2026-04-28,161,parlementaire,ordinaire,1
PIONANR5L17B2726,17,2026-04-28,161,parlementaire,ordinaire,1
PIONANR5L17B2727,17,2026-04-28,161,parlementaire,ordinaire,1
PIONANR5L17B2728,17,2026-04-28,161,parlementaire,ordinaire,1
PIONANR5L17B2729,17,2026-04-28,161,parlementaire,ordinaire,1
PIONANR5L17B2730,17,2026-04-28,161,parlementaire,ordinaire,1
PIONANR5L17B2731,17,2026-04-28,161,parlementaire,ordinaire,1
PIONANR5L17B2766,17,2026-05-07,152,parlementaire,constitutionnelle,1
PIONANR5L17B2774,17,2026-05-12,147,parlementaire,ordinaire,1
PIONANR5L17B2775,17,2026-05-12,147,parlementaire,ordinaire,1
PIONANR5L17B2776,17,2026-05-12,147,parlementaire,ordinaire,1
PIONANR5L17B2777,17,2026-05-12,147,parlementaire,ordinaire,1
PIONANR5L17B2778,17,2026-05-12,147,parlementaire,ordinaire,1
PIONANR5L17B2779,17,2026-05-12,147,parlementaire,ordinaire,1
PIONANR5L17B2780,17,2026-05-12,147,parlementaire,ordinaire,1
PIONANR5L17B2781,17,2026-05-12,147,parlementaire,ordinaire,1
PIONANR5L17B2782,17,2026-05-12,147,parlementaire,ordinaire,1
PIONANR5L17B2783,17,2026-05-12,147,parlementaire,ordinaire,1
PIONANR5L17B2784,17,2026-05-12,147,parlementaire,ordinaire,1
PIONANR5L17B2785,17,2026-05-12,147,parlementaire,ordinaire,1
PIONANR5L17B2786,17,2026-05-12,147,parlementaire,ordinaire,1
PIONANR5L17B2787,17,2026-05-12,147,parlementaire,ordinaire,1
PIONANR5L17B2788,17,2026-05-12,147,parlementaire,ordinaire,1
PIONANR5L17B2789,17,2026-05-12,147,parlementaire,ordinaire,1
PIONANR5L17B2790,17,2026-05-12,147,parlementaire,ordinaire,1
PIONANR5L17B2791,17,2026-05-12,147,parlementaire,ordinaire,1
PIONANR5L17B2792,17,2026-05-12,147,parlementaire,ordinaire,1
PIONANR5L17B2793,17,2026-05-12,147,parlementaire,ordinaire,1
PIONANR5L17B2821,17,2026-05-26,133,parlementaire,ordinaire,1
PIONANR5L17B2822,17,2026-05-26,133,parlementaire,ordinaire,1
PIONANR5L17B2823,17,2026-05-26,133,parlementaire,ordinaire,1
PIONANR5L17B2824,17,2026-05-26,133,parlementaire,ordinaire,1
PIONANR5L17B2825,17,2026-05-26,133,parlementaire,ordinaire,1
PIONANR5L17B2826,17,2026-05-26,133,parlementaire,ordinaire,1
PIONANR5L17B2827,17,2026-05-26,133,parlementaire,ordinaire,1
PIONANR5L17B2828,17,2026-05-26,133,parlementaire,ordinaire,1
PIONANR5L17B2829,17,2026-05-26,133,parlementaire,ordinaire,1
PIONANR5L17B2830,17,2026-05-26,133,parlementaire,ordinaire,1
PIONANR5L17B2831,17,2026-05-26,133,parlementaire,ordinaire,1
PIONANR5L17B2832,17,2026-05-26,133,parlementaire,ordinaire,1
PIONANR5L17B2833,17,2026-05-26,133,parlementaire,ordinaire,1
PIONANR5L17B2834,17,2026-05-26,133,parlementaire,ordinaire,1
PRJLANR5L17B2841,17,2026-05-27,132,gouvernement,ordinaire,2
PRJLANR5L17B2843,17,2026-05-27,132,gouvernement,ordinaire,2
PIONANR5L17B2883,17,2026-06-09,119,parlementaire,ordinaire,1
PIONANR5L17B2884,17,2026-06-09,119,parlementaire,ordinaire,1
PIONANR5L17B2885,17,2026-06-09,119,parlementaire,ordinaire,1
PIONANR5L17B2886,17,2026-06-09,119,parlementaire,ordinaire,1
PIONANR5L17B2887,17,2026-06-09,119,parlementaire,ordinaire,1
PIONANR5L17B2888,17,2026-06-09,119,parlementaire,ordinaire,1
PIONANR5L17B2889,17,2026-06-09,119,parlementaire,ordinaire,1
PIONANR5L17B2890,17,2026-06-09,119,parlementaire,ordinaire,1
PIONANR5L17B2891,17,2026-06-09,119,parlementaire,ordinaire,1
PIONANR5L17B2892,17,2026-06-09,119,parlementaire,ordinaire,1
PIONANR5L17B2893,17,2026-06-09,119,parlementaire,ordinaire,1
PIONANR5L17B2894,17,2026-06-09,119,parlementaire,ordinaire,1
PIONANR5L17B2895,17,2026-06-09,119,parlementaire,ordinaire,1
PIONANR5L17B2896,17,2026-06-09,119,parlementaire,ordinaire,1
PIONANR5L17B2897,17,2026-06-09,119,parlementaire,ordinaire,1
PIONANR5L17B2898,17,2026-06-09,119,parlementaire,ordinaire,1
PIONANR5L17B2899,17,2026-06-09,119,parlementaire,ordinaire,1
PIONANR5L17B2900,17,2026-06-09,119,parlementaire,ordinaire,1
PIONANR5L17B2901,17,2026-06-09,119,parlementaire,ordinaire,1
PIONANR5L17B2902,17,2026-06-09,119,parlementaire,ordinaire,1
PIONANR5L17B2947,17,2026-06-23,105,parlementaire,ordinaire,1
PIONANR5L17B2948,17,2026-06-23,105,parlementaire,ordinaire,1
PIONANR5L17B2949,17,2026-06-23,105,parlementaire,ordinaire,1
PIONANR5L17B2950,17,2026-06-23,105,parlementaire,ordinaire,1
PIONANR5L17B2951,17,2026-06-23,105,parlementaire,ordinaire,1
PIONANR5L17B2952,17,2026-06-23,105,parlementaire,ordinaire,1
PIONANR5L17B2953,17,2026-06-23,105,parlementaire,ordinaire,1
PIONANR5L17B2954,17,2026-06-23,105,parlementaire,ordinaire,1
PIONANR5L17B2955,17,2026-06-23,105,parlementaire,ordinaire,1
PIONANR5L17B2956,17,2026-06-23,105,parlementaire,ordinaire,1
PIONANR5L17B2957,17,2026-06-23,105,parlementaire,ordinaire,1
PIONANR5L17B2958,17,2026-06-23,105,parlementaire,ordinaire,1
PIONANR5L17B2959,17,2026-06-23,105,parlementaire,ordinaire,1
PIONANR5L17B2960,17,2026-06-23,105,parlementaire,ordinaire,1
PIONANR5L17B2961,17,2026-06-23,105,parlementaire,ordinaire,1
PIONANR5L17B2962,17,2026-06-23,105,parlementaire,ordinaire,1
PIONANR5L17B2963,17,2026-06-23,105,parlementaire,ordinaire,1
PIONANR5L17B2964,17,2026-06-23,105,parlementaire,ordinaire,1
PIONANR5L17B2965,17,2026-06-23,105,parlementaire,ordinaire,1
PIONANR5L17B2966,17,2026-06-23,105,parlementaire,ordinaire,1
PIONANR5L17B2967,17,2026-06-23,105,parlementaire,ordinaire,1
PIONANR5L17B2968,17,2026-06-23,105,parlementaire,ordinaire,1
PIONANR5L17B2969,17,2026-06-23,105,parlementaire,ordinaire,1
PIONANR5L17B2970,17,2026-06-23,105,parlementaire,ordinaire,1
PIONANR5L17B2971,17,2026-06-23,105,parlementaire,ordinaire,1
PIONANR5L17B2972,17,2026-06-23,105,parlementaire,ordinaire,1
PIONANR5L17B2973,17,2026-06-23,105,parlementaire,ordinaire,1
PIONANR5L17B2974,17,2026-06-23,105,parlementaire,ordinaire,1
PRJLANR5L17B2981,17,2026-06-24,104,gouvernement,ordinaire,2
PIONANR5L17B2989,17,2026-06-26,102,parlementaire,constitutionnelle,1
PIONANR5L17B3021,17,2026-07-07,91,parlementaire,ordinaire,1
PIONANR5L17B3022,17,2026-07-07,91,parlementaire,ordinaire,1
PIONANR5L17B3023,17,2026-07-07,91,parlementaire,ordinaire,1
PIONANR5L17B3024,17,2026-07-07,91,parlementaire,ordinaire,1
PIONANR5L17B3025,17,2026-07-07,91,parlementaire,ordinaire,1
PIONANR5L17B3026,17,2026-07-07,91,parlementaire,ordinaire,1
PIONANR5L17B3027,17,2026-07-07,91,parlementaire,ordinaire,1
PIONANR5L17B3028,17,2026-07-07,91,parlementaire,ordinaire,1
PIONANR5L17B3029,17,2026-07-07,91,parlementaire,ordinaire,1
PIONANR5L17B3030,17,2026-07-07,91,parlementaire,ordinaire,1
PIONANR5L17B3031,17,2026-07-07,91,parlementaire,ordinaire,1
PIONANR5L17B3032,17,2026-07-07,91,parlementaire,ordinaire,1
PIONANR5L17B3033,17,2026-07-07,91,parlementaire,ordinaire,1
PIONANR5L17B3034,17,2026-07-07,91,parlementaire,ordinaire,1
PIONANR5L17B3035,17,2026-07-07,91,parlementaire,ordinaire,1
PIONANR5L17B3036,17,2026-07-07,91,parlementaire,ordinaire,1
PIONANR5L17B3037,17,2026-07-07,91,parlementaire,ordinaire,1
PIONANR5L17B3038,17,2026-07-07,91,parlementaire,ordinaire,1
PIONANR5L17B3039,17,2026-07-07,91,parlementaire,ordinaire,1
PIONANR5L17B3040,17,2026-07-07,91,parlementaire,ordinaire,1
PIONANR5L17B3041,17,2026-07-07,91,parlementaire,ordinaire,1
PIONANR5L17B3042,17,2026-07-07,91,parlementaire,ordinaire,1
PIONANR5L17B3043,17,2026-07-07,91,parlementaire,ordinaire,1
PIONANR5L17B3044,17,2026-07-07,91,parlementaire,ordinaire,1
PIONANR5L17B3076,17,2026-07-23,75,parlementaire,ordinaire,1
PIONANR5L17B3077,17,2026-07-23,75,parlementaire,ordinaire,1
PIONANR5L17B3078,17,2026-07-23,75,parlementaire,ordinaire,1
PIONANR5L17B3079,17,2026-07-23,75,parlementaire,ordinaire,1
PIONANR5L17B3080,17,2026-07-23,75,parlementaire,ordinaire,1
PIONANR5L17B3081,17,2026-07-23,75,parlementaire,ordinaire,1
PIONANR5L17B3082,17,2026-07-23,75,parlementaire,ordinaire,1
PIONANR5L17B3083,17,2026-07-23,75,parlementaire,ordinaire,1
PIONANR5L17B3084,17,2026-07-23,75,parlementaire,ordinaire,1
PIONANR5L17B3085,17,2026-07-23,75,parlementaire,ordinaire,1
PIONANR5L17B3086,17,2026-07-23,75,parlementaire,ordinaire,1
PIONANR5L17B3087,17,2026-07-23,75,parlementaire,ordinaire,1
PIONANR5L17B3088,17,2026-07-23,75,parlementaire,ordinaire,1
PIONANR5L17B3089,17,2026-07-23,75,parlementaire,ordinaire,1
PIONANR5L17B3090,17,2026-07-23,75,parlementaire,ordinaire,1
PIONANR5L17B3091,17,2026-07-23,75,parlementaire,ordinaire,1
PIONANR5L17B3092,17,2026-07-23,75,parlementaire,ordinaire,1
PIONANR5L17B3093,17,2026-07-23,75,parlementaire,ordinaire,1
PIONANR5L17B3094,17,2026-07-23,75,parlementaire,ordinaire,1
PIONANR5L17B3095,17,2026-07-23,75,parlementaire,ordinaire,1
PIONANR5L17B3096,17,2026-07-23,75,parlementaire,ordinaire,1
PIONANR5L17B3097,17,2026-07-23,75,parlementaire,ordinaire,1
PIONANR5L17B3098,17,2026-07-23,75,parlementaire,ordinaire,1
PIONANR5L17B3099,17,2026-07-23,75,parlementaire,ordinaire,1
PIONANR5L17B3100,17,2026-07-23,75,parlementaire,ordinaire,1
PIONANR5L17B3101,17,2026-07-23,75,parlementaire,ordinaire,1
PIONANR5L17B3106,17,2026-08-11,56,parlementaire,ordinaire,2
PIONANR5L17B3107,17,2026-08-11,56,parlementaire,organique,2
PIONANR5L17B3108,17,2026-08-25,42,parlementaire,ordinaire,1
PIONANR5L17B3109,17,2026-08-25,42,parlementaire,ordinaire,1
PIONANR5L17B3110,17,2026-08-25,42,parlementaire,ordinaire,1
PIONANR5L17B3114,17,2026-09-04,32,parlementaire,organique,1
PIONANR5L17B3120,17,2026-09-10,26,parlementaire,organique,1
PIONANR5L17B3123,17,2026-09-15,21,parlementaire,ordinaire,1
PIONANR5L17B3124,17,2026-09-15,21,parlementaire,ordinaire,1
PIONANR5L17B3125,17,2026-09-15,21,parlementaire,ordinaire,1
PIONANR5L17B3126,17,2026-09-15,21,parlementaire,ordinaire,1
PIONANR5L17B3127,17,2026-09-15,21,parlementaire,ordinaire,1
PIONANR5L17B3128,17,2026-09-15,21,parlementaire,ordinaire,1
PIONANR5L17B3129,17,2026-09-15,21,parlementaire,ordinaire,1
PIONANR5L17B3130,17,2026-09-15,21,parlementaire,ordinaire,1
PIONANR5L17B3131,17,2026-09-15,21,parlementaire,ordinaire,1
PIONANR5L17B3132,17,2026-09-15,21,parlementaire,ordinaire,1
PIONANR5L17B3133,17,2026-09-15,21,parlementaire,ordinaire,1
PIONANR5L17B3134,17,2026-09-15,21,parlementaire,ordinaire,1
PIONANR5L17B3135,17,2026-09-15,21,parlementaire,ordinaire,1
PIONANR5L17B3136,17,2026-09-15,21,parlementaire,ordinaire,1
PIONANR5L17B3137,17,2026-09-15,21,parlementaire,ordinaire,1
PIONANR5L17B3138,17,2026-09-15,21,parlementaire,ordinaire,1
PIONANR5L17B3139,17,2026-09-15,21,parlementaire,ordinaire,1
PIONANR5L17B3140,17,2026-09-15,21,parlementaire,ordinaire,1
PIONANR5L17B3141,17,2026-09-15,21,parlementaire,ordinaire,1
PIONANR5L17B3142,17,2026-09-15,21,parlementaire,ordinaire,1
PIONANR5L17B3143,17,2026-09-15,21,parlementaire,ordinaire,1
PIONANR5L17B3144,17,2026-09-15,21,parlementaire,ordinaire,1
PIONANR5L17B3145,17,2026-09-15,21,parlementaire,ordinaire,1
PIONANR5L17B3146,17,2026-09-15,21,parlementaire,ordinaire,1
PIONANR5L17B3147,17,2026-09-15,21,parlementaire,ordinaire,1
PIONANR5L17B3148,17,2026-09-15,21,parlementaire,ordinaire,1
PIONANR5L17B3149,17,2026-09-15,21,parlementaire,ordinaire,1
PIONANR5L17B3150,17,2026-09-15,21,parlementaire,ordinaire,1
PIONANR5L17B3151,17,2026-09-15,21,parlementaire,ordinaire,1
PIONANR5L17B3152,17,2026-09-15,21,parlementaire,ordinaire,1
PIONANR5L17B3153,17,2026-09-15,21,parlementaire,ordinaire,1
PIONANR5L17B3154,17,2026-09-15,21,parlementaire,ordinaire,1
PIONANR5L17B3155,17,2026-09-15,21,parlementaire,ordinaire,1
PIONANR5L17B3156,17,2026-09-15,21,parlementaire,ordinaire,1
PIONANR5L17B3157,17,2026-09-15,21,parlementaire,ordinaire,1
PIONANR5L17B3158,17,2026-09-15,21,parlementaire,ordinaire,1
PIONANR5L17B3159,17,2026-09-15,21,parlementaire,ordinaire,1
PIONANR5L17B3160,17,2026-09-15,21,parlementaire,ordinaire,1
PIONANR5L17B3161,17,2026-09-15,21,parlementaire,ordinaire,1
PIONANR5L17B3162,17,2026-09-15,21,parlementaire,ordinaire,1
PIONANR5L17B3163,17,2026-09-15,21,parlementaire,ordinaire,1
PIONANR5L17B3164,17,2026-09-15,21,parlementaire,ordinaire,1
PIONANR5L17B3165,17,2026-09-15,21,parlementaire,ordinaire,1
PIONANR5L17B3166,17,2026-09-15,21,parlementaire,ordinaire,1
PIONANR5L17B3167,17,2026-09-15,21,parlementaire,ordinaire,1
PIONANR5L17B3168,17,2026-09-15,21,parlementaire,ordinaire,1
PIONANR5L17B3169,17,2026-09-15,21,parlementaire,ordinaire,1
PIONANR5L17B3170,17,2026-09-15,21,parlementaire,ordinaire,1
PIONANR5L17B3171,17,2026-09-15,21,parlementaire,ordinaire,1
PIONANR5L17B3172,17,2026-09-15,21,parlementaire,ordinaire,1
PIONANR5L17B3173,17,2026-09-15,21,parlementaire,ordinaire,1
PIONANR5L17B3174,17,2026-09-15,21,parlementaire,ordinaire,1
PIONANR5L17B3175,17,2026-09-15,21,parlementaire,ordinaire,1
PIONANR5L17B3176,17,2026-09-15,21,parlementaire,ordinaire,1
PIONANR5L17B3177,17,2026-09-15,21,parlementaire,ordinaire,1
PIONANR5L17B3184,17,2026-09-21,15,parlementaire,organique,1
PIONANR5L17B3194,17,2026-09-28,8,parlementaire,organique,1
PRJLANR5L17B3210,17,2026-10-01,5,gouvernement,finances_fss,1
PRJLANR5L17B3211,17,2026-10-01,5,gouvernement,finances_fss,1
PIONANR5L17B3212,17,2026-10-05,1,parlementaire,constitutionnelle,1
PIONANR5L17B3214,17,2026-10-05,1,parlementaire,constitutionnelle,1
PIONANR5L17B3215,17,2026-10-05,1,parlementaire,constitutionnelle,1
PIONANR5L17B3216,17,2026-10-05,1,parlementaire,constitutionnelle,1
PIONANR5L17B3217,17,2026-10-05,1,parlementaire,constitutionnelle,1
