numero,date_promulgation,dates_divergentes,dates_sources,divergence_change_legislature,absences,legislature,en_cours,dans_AN,dans_Dosleg,dans_DOLE,nb_DOLE,nb_Dosleg,origine_AN,origine_Dosleg,origine,origine_source,nature_AN,nature_Dosleg,nature,nature_source,traite,dossiers_AN,loicod_Dosleg,titre
2012-916,2012-07-27,non,AN= Dosleg=2012-07-27 DOLE=,non,"AN : premier dépôt le 2010-11-30 (avant la XIVe législature) : dossier hors des fichiers AN XIV à XVII ; DOLE : loi d'autorisation d'un traité (DOLE n'en contient qu'une minorité ; motif constaté, non documenté par la DILA)",14,non,non,oui,non,0,1,,gouvernement,gouvernement,source unique : Dosleg,,traite,traite,source unique,oui,,35039,Suisse
2012-917,2012-07-27,non,AN= Dosleg=2012-07-27 DOLE=,non,"AN : premier dépôt le 2011-03-24 (avant la XIVe législature) : dossier hors des fichiers AN XIV à XVII ; DOLE : loi d'autorisation d'un traité (DOLE n'en contient qu'une minorité ; motif constaté, non documenté par la DILA)",14,non,non,oui,non,0,1,,gouvernement,gouvernement,source unique : Dosleg,,traite,traite,source unique,oui,,36682,Kazakhstan : coopération en matière de lutte contre la criminalité
2012-918,2012-07-27,non,AN= Dosleg=2012-07-27 DOLE=,non,"AN : premier dépôt le 2011-04-13 (avant la XIVe législature) : dossier hors des fichiers AN XIV à XVII ; DOLE : loi d'autorisation d'un traité (DOLE n'en contient qu'une minorité ; motif constaté, non documenté par la DILA)",14,non,non,oui,non,0,1,,gouvernement,gouvernement,source unique : Dosleg,,traite,traite,source unique,oui,,36045,Andorre
2012-919,2012-07-27,non,AN= Dosleg=2012-07-27 DOLE=,non,"AN : premier dépôt le 2011-05-04 (avant la XIVe législature) : dossier hors des fichiers AN XIV à XVII ; DOLE : loi d'autorisation d'un traité (DOLE n'en contient qu'une minorité ; motif constaté, non documenté par la DILA)",14,non,non,oui,non,0,1,,gouvernement,gouvernement,source unique : Dosleg,,traite,traite,source unique,oui,,36683,Kazakhstan : protection civile et élimination des situations d'urgence
2012-926,2012-07-31,non,AN=2012-07-31 Dosleg=2012-07-31 DOLE=2012-07-31,non,,14,non,oui,oui,oui,1,1,gouvernement,gouvernement,gouvernement,AN et Dosleg concordants,finances_fss,ordinaire,finances_fss,désaccord résolu par le titre JO (loi de finances ou de règlement) : AN=finances_fss / Dosleg=ordinaire,non,DLR5L14N28865,37943,Règlement des comptes
2012-946,2012-08-02,non,AN= Dosleg=2012-08-02 DOLE=,non,"AN : premier dépôt le 2011-04-27 (avant la XIVe législature) : dossier hors des fichiers AN XIV à XVII ; DOLE : loi d'autorisation d'un traité (DOLE n'en contient qu'une minorité ; motif constaté, non documenté par la DILA)",14,non,non,oui,non,0,1,,gouvernement,gouvernement,source unique : Dosleg,,traite,traite,source unique,oui,,34698,Grèce
2012-947,2012-08-02,non,AN=2012-08-02 Dosleg=2012-08-02 DOLE=,non,"DOLE : loi d'autorisation d'un traité (DOLE n'en contient qu'une minorité ; motif constaté, non documenté par la DILA)",14,non,oui,oui,non,0,1,gouvernement,gouvernement,gouvernement,AN et Dosleg concordants,traite,traite,traite,AN et Dosleg concordants,oui,DLR5L14N28901,38186,Afghanistan
2012-954,2012-08-06,non,AN= Dosleg=2012-08-06 DOLE=2012-08-06,non,"AN : dossier DLR5L14N35381 présent dans les fichiers AN, sans acte PROM-PUB portant ce numéro",14,non,non,oui,oui,1,1,,gouvernement,gouvernement,source unique : Dosleg,,ordinaire,ordinaire,source unique,non,,37804,Harcèlement sexuel
2012-955,2012-08-06,non,AN= Dosleg=2012-08-06 DOLE=2012-08-06,non,AN : premier dépôt le 2012-06-14 (avant la XIVe législature) : dossier hors des fichiers AN XIV à XVII,14,non,non,oui,oui,1,1,,parlementaire Sénat,parlementaire Sénat,source unique : Dosleg,,ordinaire,ordinaire,source unique,non,,37823,Majoration des droits à construire
2012-958,2012-08-16,non,AN=2012-08-16 Dosleg=2012-08-16 DOLE=2012-08-16,non,,14,non,oui,oui,oui,1,1,gouvernement,gouvernement,gouvernement,AN et Dosleg concordants,finances_fss,finances_fss,finances_fss,AN et Dosleg concordants,non,DLR5L14N28885,38084,Budget
2012-1166,2012-10-19,non,AN= Dosleg=2012-10-19 DOLE=,non,"AN : premier dépôt le 2011-02-02 (avant la XIVe législature) : dossier hors des fichiers AN XIV à XVII ; DOLE : loi d'autorisation d'un traité (DOLE n'en contient qu'une minorité ; motif constaté, non documenté par la DILA)",14,non,non,oui,non,0,1,,gouvernement,gouvernement,source unique : Dosleg,,traite,traite,source unique,oui,,35562,Brésil
2012-1167,2012-10-19,non,AN= Dosleg=2012-10-19 DOLE=,non,"AN : premier dépôt le 2011-04-06 (avant la XIVe législature) : dossier hors des fichiers AN XIV à XVII ; DOLE : loi d'autorisation d'un traité (DOLE n'en contient qu'une minorité ; motif constaté, non documenté par la DILA)",14,non,non,oui,non,0,1,,gouvernement,gouvernement,source unique : Dosleg,,traite,traite,source unique,oui,,36687,Accord France-Nigéria : entraide judiciaire en matière pénale
2012-1171,2012-10-22,non,AN=2012-10-22 Dosleg=2012-10-22 DOLE=2012-10-22,non,,14,non,oui,oui,oui,1,1,gouvernement,gouvernement,gouvernement,AN et Dosleg concordants,traite,traite,traite,AN et Dosleg concordants,oui,DLR5L14N29088,38823,"Traité sur la stabilité, la coordination et la gouvernance au sein de l'UEM"
2012-1188,2012-10-26,non,AN= Dosleg=2012-10-26 DOLE=,non,"AN : premier dépôt le 2012-02-23 (avant la XIVe législature) : dossier hors des fichiers AN XIV à XVII ; DOLE : loi d'autorisation d'un traité (DOLE n'en contient qu'une minorité ; motif constaté, non documenté par la DILA)",14,non,non,oui,non,0,1,,gouvernement,gouvernement,source unique : Dosleg,,traite,traite,source unique,oui,,36904,Bloc d'espace aérien fonctionnel
2012-1189,2012-10-26,non,AN=2012-10-26 Dosleg=2012-10-26 DOLE=2012-10-26,non,,14,non,oui,oui,oui,1,1,gouvernement,gouvernement,gouvernement,AN et Dosleg concordants,ordinaire,ordinaire,ordinaire,AN et Dosleg concordants,non,DLR5L14N29012,38602,Emplois d'avenir
2012-1270,2012-11-20,non,AN=2012-11-20 Dosleg=2012-11-20 DOLE=2012-11-20,non,,14,non,oui,oui,oui,1,1,gouvernement,gouvernement,gouvernement,AN et Dosleg concordants,ordinaire,ordinaire,ordinaire,AN et Dosleg concordants,non,DLR5L14N29021,38643,Outre-mer
2012-1288,2012-11-22,non,AN=2012-11-22 Dosleg=2012-11-22 DOLE=,non,"DOLE : loi d'autorisation d'un traité (DOLE n'en contient qu'une minorité ; motif constaté, non documenté par la DILA)",14,non,oui,oui,non,0,1,gouvernement,gouvernement,gouvernement,AN et Dosleg concordants,traite,traite,traite,AN et Dosleg concordants,oui,DLR5L14N28860,38404,Pêches dans l'océan Indien
2012-1289,2012-11-22,non,AN= Dosleg=2012-11-22 DOLE=,non,"AN : premier dépôt le 2011-07-13 (avant la XIVe législature) : dossier hors des fichiers AN XIV à XVII ; DOLE : loi d'autorisation d'un traité (DOLE n'en contient qu'une minorité ; motif constaté, non documenté par la DILA)",14,non,non,oui,non,0,1,,gouvernement,gouvernement,source unique : Dosleg,,traite,traite,source unique,oui,,36966,Agence pour la sécurité de la navigation aérienne
2012-1290,2012-11-22,non,AN=2012-11-22 Dosleg=2012-11-22 DOLE=,non,"DOLE : loi d'autorisation d'un traité (DOLE n'en contient qu'une minorité ; motif constaté, non documenté par la DILA)",14,non,oui,oui,non,0,1,gouvernement,gouvernement,gouvernement,AN et Dosleg concordants,traite,traite,traite,AN et Dosleg concordants,oui,DLR5L14N28862,38424,Recyclage des navires
2012-1291,2012-11-22,non,AN=2012-11-22 Dosleg=2012-11-22 DOLE=,non,"DOLE : loi d'autorisation d'un traité (DOLE n'en contient qu'une minorité ; motif constaté, non documenté par la DILA)",14,non,oui,oui,non,0,1,gouvernement,gouvernement,gouvernement,AN et Dosleg concordants,traite,traite,traite,AN et Dosleg concordants,oui,DLR5L14N28861,38405,Accord sur le transport aérien
2012-1320,2012-11-29,non,AN= Dosleg=2012-11-29 DOLE=,non,"AN : premier dépôt le 2012-02-15 (avant la XIVe législature) : dossier hors des fichiers AN XIV à XVII ; DOLE : loi d'autorisation d'un traité (DOLE n'en contient qu'une minorité ; motif constaté, non documenté par la DILA)",14,non,non,oui,non,0,1,,gouvernement,gouvernement,source unique : Dosleg,,traite,traite,source unique,oui,,36783,Convention du travail maritime
2012-1321,2012-11-29,non,AN=2012-11-29 Dosleg=2012-11-29 DOLE=,non,"DOLE : loi d'autorisation d'un traité (DOLE n'en contient qu'une minorité ; motif constaté, non documenté par la DILA)",14,non,oui,oui,non,0,1,gouvernement,gouvernement,gouvernement,AN et Dosleg concordants,traite,traite,traite,AN et Dosleg concordants,oui,DLR5L14N29122,38943,Convention France - Philippines
2012-1360,2012-12-06,non,AN=2012-12-06 Dosleg=2012-12-06 DOLE=2012-12-06,non,,14,non,oui,oui,oui,1,1,gouvernement,gouvernement,gouvernement,AN et Dosleg concordants,traite,traite,traite,AN et Dosleg concordants,oui,DLR5L14N28886,38083,Algérie
2012-1361,2012-12-06,non,AN= Dosleg=2012-12-06 DOLE=2012-12-06,non,AN : premier dépôt le 2000-03-28 (avant la XIVe législature) : dossier hors des fichiers AN XIV à XVII,14,non,non,oui,oui,1,1,,parlementaire AN,parlementaire AN,source unique : Dosleg,,ordinaire,ordinaire,source unique,non,,4527,Guerre d'Algérie et combats en Tunisie et au Maroc
2012-1403,2012-12-17,non,AN=2012-12-17 Dosleg=2012-12-17 DOLE=2012-12-17,non,,14,non,oui,oui,oui,1,1,gouvernement,gouvernement,gouvernement,AN et Dosleg concordants,organique,organique,organique,AN et Dosleg concordants,non,DLR5L14N29092,38824,Finances publiques
2012-1404,2012-12-17,non,AN=2012-12-17 Dosleg=2012-12-17 DOLE=2012-12-17,non,,14,non,oui,oui,oui,1,1,gouvernement,gouvernement,gouvernement,AN et Dosleg concordants,finances_fss,finances_fss,finances_fss,AN et Dosleg concordants,non,DLR5L14N29173,39094,Sécurité sociale
2012-1432,2012-12-21,non,AN=2012-12-21 Dosleg=2012-12-21 DOLE=2012-12-21,non,,14,non,oui,oui,oui,1,1,gouvernement,gouvernement,gouvernement,AN et Dosleg concordants,ordinaire,ordinaire,ordinaire,AN et Dosleg concordants,non,DLR5L14N29146,39002,Lutte contre le terrorisme
2012-1441,2012-12-24,non,AN=2012-12-24 Dosleg=2012-12-24 DOLE=2012-12-24,non,,14,non,oui,oui,oui,1,1,parlementaire Sénat,parlementaire Sénat,parlementaire Sénat,AN et Dosleg concordants,ordinaire,ordinaire,ordinaire,AN et Dosleg concordants,non,DLR5L14N29304,39262,Juridictions de proximité
2012-1442,2012-12-24,non,AN= Dosleg=2012-12-24 DOLE=2012-12-24,non,AN : premier dépôt le 2011-06-22 (avant la XIVe législature) : dossier hors des fichiers AN XIV à XVII,14,non,non,oui,oui,1,1,,parlementaire AN,parlementaire AN,source unique : Dosleg,,ordinaire,ordinaire,source unique,non,,35644,Bisphénol A
2012-1460,2012-12-27,non,AN=2012-12-27 Dosleg=2012-12-27 DOLE=2012-12-27,non,,14,non,oui,oui,oui,1,1,gouvernement,gouvernement,gouvernement,AN et Dosleg concordants,ordinaire,ordinaire,ordinaire,AN et Dosleg concordants,non,DLR5L14N29145,39003,Participation du public
2012-1471,2012-12-28,non,AN= Dosleg=2012-12-28 DOLE=,non,"AN : premier dépôt le 2011-04-06 (avant la XIVe législature) : dossier hors des fichiers AN XIV à XVII ; DOLE : loi d'autorisation d'un traité (DOLE n'en contient qu'une minorité ; motif constaté, non documenté par la DILA)",14,non,non,oui,non,0,1,,gouvernement,gouvernement,source unique : Dosleg,,traite,traite,source unique,oui,,36044,Groupements eurorégionaux de coopération (GEC)
2012-1472,2012-12-28,non,AN=2012-12-28 Dosleg=2012-12-28 DOLE=,non,"DOLE : loi d'autorisation d'un traité (DOLE n'en contient qu'une minorité ; motif constaté, non documenté par la DILA)",14,non,oui,oui,non,0,1,gouvernement,gouvernement,gouvernement,AN et Dosleg concordants,traite,traite,traite,AN et Dosleg concordants,oui,DLR5L14N28859,38403,Accord Kazakhstan : espace extra-atmosphérique
2012-1473,2012-12-28,non,AN=2012-12-28 Dosleg=2012-12-28 DOLE=,non,"DOLE : loi d'autorisation d'un traité (DOLE n'en contient qu'une minorité ; motif constaté, non documenté par la DILA)",14,non,oui,oui,non,0,1,gouvernement,gouvernement,gouvernement,AN et Dosleg concordants,traite,traite,traite,AN et Dosleg concordants,oui,DLR5L14N28864,38425,Protection physique des matières nucléaires
2012-1474,2012-12-28,non,AN= Dosleg=2012-12-28 DOLE=,non,"AN : premier dépôt le 2011-12-14 (avant la XIVe législature) : dossier hors des fichiers AN XIV à XVII ; DOLE : loi d'autorisation d'un traité (DOLE n'en contient qu'une minorité ; motif constaté, non documenté par la DILA)",14,non,non,oui,non,0,1,,gouvernement,gouvernement,source unique : Dosleg,,traite,traite,source unique,oui,,36965,Partenariat économique avec les États du CARIFORUM
2012-1475,2012-12-28,non,AN=2012-12-28 Dosleg=2012-12-28 DOLE=,non,"DOLE : loi d'autorisation d'un traité (DOLE n'en contient qu'une minorité ; motif constaté, non documenté par la DILA)",14,non,oui,oui,non,0,1,gouvernement,gouvernement,gouvernement,AN et Dosleg concordants,traite,traite,traite,AN et Dosleg concordants,oui,DLR5L14N28863,38406,Université de Hanoï
2012-1476,2012-12-28,non,AN=2012-12-28 Dosleg=2012-12-28 DOLE=,non,"DOLE : loi d'autorisation d'un traité (DOLE n'en contient qu'une minorité ; motif constaté, non documenté par la DILA)",14,non,oui,oui,non,0,1,gouvernement,gouvernement,gouvernement,AN et Dosleg concordants,traite,traite,traite,AN et Dosleg concordants,oui,DLR5L14N28911,38262,Patrimoine culturel subaquatique
2012-1509,2012-12-29,non,AN=2012-12-29 Dosleg=2012-12-29 DOLE=2012-12-29,non,,14,non,oui,oui,oui,1,1,gouvernement,gouvernement,gouvernement,AN et Dosleg concordants,finances_fss,finances_fss,finances_fss,AN et Dosleg concordants,non,DLR5L14N28884,38946,Budget 2013
2012-1510,2012-12-29,non,AN=2012-12-29 Dosleg=2012-12-29 DOLE=2012-12-29,non,,14,non,oui,oui,oui,1,1,gouvernement,gouvernement,gouvernement,AN et Dosleg concordants,finances_fss,finances_fss,finances_fss,AN et Dosleg concordants,non,DLR5L14N29330,39543,Budget
2012-1557,2012-12-31,non,AN=2012-12-31 Dosleg=2012-12-31 DOLE=2012-12-31,non,,14,non,oui,oui,oui,1,1,parlementaire AN,parlementaire AN,parlementaire AN,AN et Dosleg concordants,organique,organique,organique,AN et Dosleg concordants,non,DLR5L14N29314,39442,Dirigeants de BPI-Groupe
2012-1558,2012-12-31,non,AN=2012-12-31 Dosleg=2012-12-31 DOLE=2012-12-31,non,,14,non,oui,oui,oui,1,1,gouvernement,gouvernement,gouvernement,AN et Dosleg concordants,ordinaire,ordinaire,ordinaire,AN et Dosleg concordants,non,DLR5L14N29114,38945,Budget
2012-1559,2012-12-31,non,AN=2012-12-31 Dosleg=2012-12-31 DOLE=2012-12-31,non,,14,non,oui,oui,oui,1,1,gouvernement,gouvernement,gouvernement,AN et Dosleg concordants,ordinaire,ordinaire,ordinaire,AN et Dosleg concordants,non,DLR5L14N29231,39183,Banque publique d'investissement
2012-1560,2012-12-31,non,AN=2012-12-31 Dosleg=2012-12-31 DOLE=2012-12-31,non,,14,non,oui,oui,oui,1,1,gouvernement,gouvernement,gouvernement,AN et Dosleg concordants,ordinaire,ordinaire,ordinaire,AN et Dosleg concordants,non,DLR5L14N29121,38944,Droit au séjour
2012-1561,2012-12-31,non,AN=2012-12-31 Dosleg=2012-12-31 DOLE=2012-12-31,non,,14,non,oui,oui,oui,1,1,parlementaire Sénat,parlementaire Sénat,parlementaire Sénat,AN et Dosleg concordants,ordinaire,ordinaire,ordinaire,AN et Dosleg concordants,non,DLR5L14N29238,38682,Communautés de communes et d'agglomération
2013-61,2013-01-18,non,AN=2013-01-18 Dosleg=2013-01-18 DOLE=2013-01-18,non,,14,non,oui,oui,oui,1,1,gouvernement,gouvernement,gouvernement,AN et Dosleg concordants,ordinaire,ordinaire,ordinaire,AN et Dosleg concordants,non,DLR5L14N29328,39542,Logement
2013-98,2013-01-28,non,AN= Dosleg=2013-01-28 DOLE=,non,"AN : premier dépôt le 2011-03-24 (avant la XIVe législature) : dossier hors des fichiers AN XIV à XVII ; DOLE : loi d'autorisation d'un traité (DOLE n'en contient qu'une minorité ; motif constaté, non documenté par la DILA)",14,non,non,oui,non,0,1,,gouvernement,gouvernement,source unique : Dosleg,,traite,traite,source unique,oui,,34488,Régime matrimonial
2013-99,2013-01-28,oui,AN=2013-01-28 Dosleg=2013-03-28 DOLE=2013-01-28,non,,14,non,oui,oui,oui,1,1,gouvernement,gouvernement,gouvernement,AN et Dosleg concordants,traite,traite,traite,AN et Dosleg concordants,oui,DLR5L14N29508,39803,Adhésion de la Croatie à l'UE
2013-100,2013-01-28,non,AN=2013-01-28 Dosleg=2013-01-28 DOLE=2013-01-28,non,,14,non,oui,oui,oui,1,1,gouvernement,gouvernement,gouvernement,AN et Dosleg concordants,ordinaire,ordinaire,ordinaire,AN et Dosleg concordants,non,DLR5L14N28981,38485,Droit européen en matière économique et financière
2013-108,2013-01-31,non,AN=2013-01-31 Dosleg=2013-01-31 DOLE=2013-01-31,non,,14,non,oui,oui,oui,1,1,parlementaire Sénat,parlementaire Sénat,parlementaire Sénat,AN et Dosleg concordants,ordinaire,ordinaire,ordinaire,AN et Dosleg concordants,non,DLR5L14N29139,38684,Absentéisme scolaire
2013-154,2013-02-21,oui,AN=2013-02-21 Dosleg=2013-03-21 DOLE=2013-02-21,non,,14,non,oui,oui,oui,1,1,gouvernement,gouvernement,gouvernement,AN et Dosleg concordants,traite,traite,traite,AN et Dosleg concordants,oui,DLR5L14N29249,39263,Aruba
2013-155,2013-02-21,non,AN=2013-02-21 Dosleg=2013-02-21 DOLE=2013-02-21,non,,14,non,oui,oui,oui,1,1,gouvernement,gouvernement,gouvernement,AN et Dosleg concordants,traite,traite,traite,AN et Dosleg concordants,oui,DLR5L14N29250,39264,Oman
2013-185,2013-03-01,non,AN=2013-03-01 Dosleg=2013-03-01 DOLE=2013-03-01,non,,14,non,oui,oui,oui,1,1,gouvernement,gouvernement,gouvernement,AN et Dosleg concordants,ordinaire,ordinaire,ordinaire,AN et Dosleg concordants,non,DLR5L14N29505,39862,Contrat de génération
2013-241,2013-03-25,non,AN= Dosleg=2013-03-25 DOLE=,non,"AN : premier dépôt le 2011-08-01 (avant la XIVe législature) : dossier hors des fichiers AN XIV à XVII ; DOLE : loi d'autorisation d'un traité (DOLE n'en contient qu'une minorité ; motif constaté, non documenté par la DILA)",14,non,non,oui,non,0,1,,gouvernement,gouvernement,source unique : Dosleg,,traite,traite,source unique,oui,,36686,Serbie : mobilité des jeunes
2013-242,2013-03-25,non,AN= Dosleg=2013-03-25 DOLE=,non,"AN : premier dépôt le 2011-08-01 (avant la XIVe législature) : dossier hors des fichiers AN XIV à XVII ; DOLE : loi d'autorisation d'un traité (DOLE n'en contient qu'une minorité ; motif constaté, non documenté par la DILA)",14,non,non,oui,non,0,1,,gouvernement,gouvernement,source unique : Dosleg,,traite,traite,source unique,oui,,36685,Monténégro : mobilité des jeunes
2013-243,2013-03-25,non,AN= Dosleg=2013-03-25 DOLE=,non,"AN : premier dépôt le 2011-08-01 (avant la XIVe législature) : dossier hors des fichiers AN XIV à XVII ; DOLE : loi d'autorisation d'un traité (DOLE n'en contient qu'une minorité ; motif constaté, non documenté par la DILA)",14,non,non,oui,non,0,1,,gouvernement,gouvernement,source unique : Dosleg,,traite,traite,source unique,oui,,36967,Mobilité des jeunes et des professionnels
2013-312,2013-04-15,non,AN=2013-04-15 Dosleg=2013-04-15 DOLE=2013-04-15,non,,14,non,oui,oui,oui,1,1,parlementaire AN,parlementaire AN,parlementaire AN,AN et Dosleg concordants,ordinaire,ordinaire,ordinaire,AN et Dosleg concordants,non,DLR5L14N29019,38664,Tarification de l'énergie
2013-316,2013-04-16,non,AN=2013-04-16 Dosleg=2013-04-16 DOLE=2013-04-16,non,,14,non,oui,oui,oui,1,1,parlementaire Sénat,parlementaire Sénat,parlementaire Sénat,AN et Dosleg concordants,ordinaire,ordinaire,ordinaire,AN et Dosleg concordants,non,DLR5L14N29130,38582,Expertise en matière de santé et d'environnement
2013-325,2013-04-19,non,AN= Dosleg=2013-04-19 DOLE=,non,"AN : premier dépôt le 2012-06-06 (avant la XIVe législature) : dossier hors des fichiers AN XIV à XVII ; DOLE : loi d'autorisation d'un traité (DOLE n'en contient qu'une minorité ; motif constaté, non documenté par la DILA)",14,non,non,oui,non,0,1,,gouvernement,gouvernement,source unique : Dosleg,,traite,traite,source unique,oui,,37765,IPGRI
2013-326,2013-04-19,non,AN= Dosleg=2013-04-19 DOLE=,non,"AN : premier dépôt le 2012-04-11 (avant la XIVe législature) : dossier hors des fichiers AN XIV à XVII ; DOLE : loi d'autorisation d'un traité (DOLE n'en contient qu'une minorité ; motif constaté, non documenté par la DILA)",14,non,non,oui,non,0,1,,gouvernement,gouvernement,source unique : Dosleg,,traite,traite,source unique,oui,,37263,Accord France - Serbie : coopération policière
2013-327,2013-04-19,non,AN= Dosleg=2013-04-19 DOLE=,non,"AN : premier dépôt le 2012-02-15 (avant la XIVe législature) : dossier hors des fichiers AN XIV à XVII ; DOLE : loi d'autorisation d'un traité (DOLE n'en contient qu'une minorité ; motif constaté, non documenté par la DILA)",14,non,non,oui,non,0,1,,gouvernement,gouvernement,source unique : Dosleg,,traite,traite,source unique,oui,,36784,Actes de terrorisme nucléaire
2013-337,2013-04-23,non,AN=2013-04-23 Dosleg=2013-04-23 DOLE=2013-04-23,non,,14,non,oui,oui,oui,1,1,parlementaire Sénat,parlementaire Sénat,parlementaire Sénat,AN et Dosleg concordants,ordinaire,ordinaire,ordinaire,AN et Dosleg concordants,non,DLR5L14N29910,40783,Bonus pour les salariés outre-mer
2013-343,2013-04-24,non,AN= Dosleg=2013-04-24 DOLE=2013-04-24,non,AN : premier dépôt le 2009-12-21 (avant la XIVe législature) : dossier hors des fichiers AN XIV à XVII,14,non,non,oui,oui,1,1,,parlementaire AN,parlementaire AN,source unique : Dosleg,,ordinaire,ordinaire,source unique,non,,33955,Transport aérien
2013-344,2013-04-24,non,AN=2013-04-24 Dosleg=2013-04-24 DOLE=2013-04-24,non,,14,non,oui,oui,oui,1,1,parlementaire Sénat,parlementaire Sénat,parlementaire Sénat,AN et Dosleg concordants,ordinaire,ordinaire,ordinaire,AN et Dosleg concordants,non,DLR5L14N29644,40202,Eco-participation
2013-354,2013-04-24,non,AN= Dosleg=2013-04-24 DOLE=,non,"AN : premier dépôt le 2011-12-01 (avant la XIVe législature) : dossier hors des fichiers AN XIV à XVII ; DOLE : loi d'autorisation d'un traité (DOLE n'en contient qu'une minorité ; motif constaté, non documenté par la DILA)",14,non,non,oui,non,0,1,,gouvernement,gouvernement,source unique : Dosleg,,traite,traite,source unique,oui,,36692,Accord France-Inde : propriété intellectuelle et énergie nucléaire
2013-402,2013-05-17,non,AN=2013-05-17 Dosleg=2013-05-17 DOLE=2013-05-17,non,,14,non,oui,oui,oui,1,1,gouvernement,gouvernement,gouvernement,AN et Dosleg concordants,organique,organique,organique,AN et Dosleg concordants,non,DLR5L14N29394,39702,Élection des conseillers municipaux
2013-403,2013-05-17,non,AN=2013-05-17 Dosleg=2013-05-17 DOLE=2013-05-17,non,,14,non,oui,oui,oui,1,1,gouvernement,gouvernement,gouvernement,AN et Dosleg concordants,ordinaire,ordinaire,ordinaire,AN et Dosleg concordants,non,DLR5L14N29393,39703,Élection et modification du calendrier électoral
2013-404,2013-05-17,non,AN=2013-05-17 Dosleg=2013-05-17 DOLE=2013-05-17,non,,14,non,oui,oui,oui,1,1,gouvernement,gouvernement,gouvernement,AN et Dosleg concordants,ordinaire,ordinaire,ordinaire,AN et Dosleg concordants,non,DLR5L14N29305,39423,Mariage pour couples de personnes de même sexe
2013-428,2013-05-27,non,AN= Dosleg=2013-05-27 DOLE=2013-05-27,non,AN : premier dépôt le 2012-05-25 (avant la XIVe législature) : dossier hors des fichiers AN XIV à XVII,14,non,non,oui,oui,1,1,,parlementaire Sénat,parlementaire Sénat,source unique : Dosleg,,ordinaire,ordinaire,source unique,non,,37642,Biens sectionaux
2013-431,2013-05-28,non,AN=2013-05-28 Dosleg=2013-05-28 DOLE=2013-05-28,non,,14,non,oui,oui,oui,1,1,gouvernement,gouvernement,gouvernement,AN et Dosleg concordants,ordinaire,ordinaire,ordinaire,AN et Dosleg concordants,non,DLR5L14N29552,40002,Transports
2013-442,2013-05-30,non,AN=2013-05-30 Dosleg=2013-05-30 DOLE=2013-05-30,non,,14,non,oui,oui,oui,1,1,parlementaire Sénat,parlementaire Sénat,parlementaire Sénat,AN et Dosleg concordants,ordinaire,ordinaire,ordinaire,AN et Dosleg concordants,non,DLR5L14N29556,39962,Biologie médicale
2013-453,2013-06-03,non,AN=2013-06-03 Dosleg=2013-06-03 DOLE=2013-06-03,non,,14,non,oui,oui,oui,1,1,parlementaire AN,parlementaire AN,parlementaire AN,AN et Dosleg concordants,ordinaire,ordinaire,ordinaire,AN et Dosleg concordants,non,DLR5L14N29316,39509,Offre alimentaire en outre-mer
2013-498,2013-06-13,non,AN=2013-06-13 Dosleg=2013-06-13 DOLE=2013-06-13,non,,14,non,oui,oui,oui,1,1,gouvernement,gouvernement,gouvernement,AN et Dosleg concordants,ordinaire,ordinaire,ordinaire,AN et Dosleg concordants,non,DLR5L14N29699,40343,Assemblée des Français de l'étranger
2013-504,2013-06-14,non,AN=2013-06-14 Dosleg=2013-06-14 DOLE=2013-06-14,non,,14,non,oui,oui,oui,1,1,gouvernement,gouvernement,gouvernement,AN et Dosleg concordants,ordinaire,ordinaire,ordinaire,AN et Dosleg concordants,non,DLR5L14N29877,40723,Sécurisation de l'emploi
2013-561,2013-06-28,non,AN=2013-06-28 Dosleg=2013-06-28 DOLE=2013-06-28,non,,14,non,oui,oui,oui,1,1,parlementaire AN,parlementaire AN,parlementaire AN,AN et Dosleg concordants,ordinaire,ordinaire,ordinaire,AN et Dosleg concordants,non,DLR5L14N30016,41062,Déblocage exceptionnel de la participation et de l'intéressement
2013-569,2013-07-01,non,AN=2013-07-01 Dosleg=2013-07-01 DOLE=2013-07-01,non,,14,non,oui,oui,oui,1,1,gouvernement,gouvernement,gouvernement,AN et Dosleg concordants,ordinaire,ordinaire,ordinaire,AN et Dosleg concordants,non,DLR5L14N30226,41363,Projets de construction
2013-580,2013-07-04,non,AN=2013-07-04 Dosleg=2013-07-04 DOLE=,non,"DOLE : loi d'autorisation d'un traité (DOLE n'en contient qu'une minorité ; motif constaté, non documenté par la DILA)",14,non,oui,oui,non,0,1,gouvernement,gouvernement,gouvernement,AN et Dosleg concordants,traite,traite,traite,AN et Dosleg concordants,oui,DLR5L14N28887,38082,Accord France-Monaco : déchets radioactifs
2013-581,2013-07-04,non,AN=2013-07-04 Dosleg=2013-07-04 DOLE=,non,"DOLE : loi d'autorisation d'un traité (DOLE n'en contient qu'une minorité ; motif constaté, non documenté par la DILA)",14,non,oui,oui,non,0,1,gouvernement,gouvernement,gouvernement,AN et Dosleg concordants,traite,traite,traite,AN et Dosleg concordants,oui,DLR5L14N29361,39606,Accord France-Norvège : élèves norvégiens
2013-582,2013-07-04,non,AN=2013-07-04 Dosleg=2013-07-04 DOLE=,non,"DOLE : loi d'autorisation d'un traité (DOLE n'en contient qu'une minorité ; motif constaté, non documenté par la DILA)",14,non,oui,oui,non,0,1,gouvernement,gouvernement,gouvernement,AN et Dosleg concordants,traite,traite,traite,AN et Dosleg concordants,oui,DLR5L14N28867,37945,Accord France Suisse : Recherche nucléaire
2013-583,2013-07-04,non,AN=2013-07-04 Dosleg=2013-07-04 DOLE=,non,"DOLE : loi d'autorisation d'un traité (DOLE n'en contient qu'une minorité ; motif constaté, non documenté par la DILA)",14,non,oui,oui,non,0,1,gouvernement,gouvernement,gouvernement,AN et Dosleg concordants,traite,traite,traite,AN et Dosleg concordants,oui,DLR5L14N28866,37944,Accord France Suisse
2013-584,2013-09-04,oui,AN=2013-07-04 Dosleg=2013-09-04 DOLE=,non,"DOLE : loi d'autorisation d'un traité (DOLE n'en contient qu'une minorité ; motif constaté, non documenté par la DILA)",14,non,oui,oui,non,0,1,gouvernement,gouvernement,gouvernement,AN et Dosleg concordants,traite,traite,traite,AN et Dosleg concordants,oui,DLR5L14N28979,38487,Accord de sécurité sociale : projet ITER
2013-595,2013-07-08,non,AN=2013-07-08 Dosleg=2013-07-08 DOLE=2013-07-08,non,,14,non,oui,oui,oui,1,1,gouvernement,gouvernement,gouvernement,AN et Dosleg concordants,ordinaire,ordinaire,ordinaire,AN et Dosleg concordants,non,DLR5L14N29639,40240,Refondation de l'école de la République
2013-614,2013-07-11,non,AN= Dosleg=2013-07-11 DOLE=,non,"AN : premier dépôt le 2011-12-07 (avant la XIVe législature) : dossier hors des fichiers AN XIV à XVII ; DOLE : loi d'autorisation d'un traité (DOLE n'en contient qu'une minorité ; motif constaté, non documenté par la DILA)",14,non,non,oui,non,0,1,,gouvernement,gouvernement,source unique : Dosleg,,traite,traite,source unique,oui,,36163,Vietnam : centres culturels
2013-619,2013-07-16,non,AN=2013-07-16 Dosleg=2013-07-16 DOLE=2013-07-16,non,,14,non,oui,oui,oui,1,1,gouvernement,gouvernement,gouvernement,AN et Dosleg concordants,ordinaire,ordinaire,ordinaire,AN et Dosleg concordants,non,DLR5L14N29879,40724,Développement durable
2013-642,2013-07-19,non,AN=2013-07-19 Dosleg=2013-07-19 DOLE=2013-07-19,non,,14,non,oui,oui,oui,1,1,parlementaire Sénat,parlementaire Sénat,parlementaire Sénat,AN et Dosleg concordants,ordinaire,ordinaire,ordinaire,AN et Dosleg concordants,non,DLR5L14N29845,40485,Journée nationale de la Résistance
2013-659,2013-07-22,non,AN=2013-07-22 Dosleg=2013-07-22 DOLE=2013-07-22,non,,14,non,oui,oui,oui,1,1,gouvernement,gouvernement,gouvernement,AN et Dosleg concordants,ordinaire,ordinaire,ordinaire,AN et Dosleg concordants,non,DLR5L14N29815,40602,Français établis hors de France
2013-660,2013-07-22,non,AN=2013-07-22 Dosleg=2013-07-22 DOLE=2013-07-22,non,,14,non,oui,oui,oui,1,1,gouvernement,gouvernement,gouvernement,AN et Dosleg concordants,ordinaire,ordinaire,ordinaire,AN et Dosleg concordants,non,DLR5L14N29921,40884,Enseignement supérieur et recherche
2013-669,2013-07-25,non,AN=2013-07-25 Dosleg=2013-07-25 DOLE=2013-07-25,non,,14,non,oui,oui,oui,1,1,gouvernement,gouvernement,gouvernement,AN et Dosleg concordants,ordinaire,ordinaire,ordinaire,AN et Dosleg concordants,non,DLR5L14N29949,40922,Justice : garde des sceaux et magistrats du ministère public
2013-672,2013-07-26,non,AN=2013-07-26 Dosleg=2013-07-26 DOLE=2013-07-26,non,,14,non,oui,oui,oui,1,1,gouvernement,gouvernement,gouvernement,AN et Dosleg concordants,ordinaire,ordinaire,ordinaire,AN et Dosleg concordants,non,DLR5L14N29532,39977,Activités bancaires
2013-673,2013-07-26,non,AN=2013-07-26 Dosleg=2013-07-26 DOLE=2013-07-26,non,,14,non,oui,oui,oui,1,1,gouvernement,gouvernement,gouvernement,AN et Dosleg concordants,ordinaire,ordinaire,ordinaire,AN et Dosleg concordants,non,DLR5L14N30674,41965,Pupille de l'État
2013-702,2013-08-02,non,AN=2013-08-02 Dosleg=2013-08-02 DOLE=2013-08-02,non,,14,non,oui,oui,oui,1,1,gouvernement,gouvernement,gouvernement,AN et Dosleg concordants,ordinaire,ordinaire,ordinaire,AN et Dosleg concordants,non,DLR5L14N29816,40604,Élection des sénateurs
2013-708,2013-08-05,non,AN= Dosleg=2013-08-05 DOLE=,non,"AN : premier dépôt le 2012-05-04 (avant la XIVe législature) : dossier hors des fichiers AN XIV à XVII ; DOLE : loi d'autorisation d'un traité (DOLE n'en contient qu'une minorité ; motif constaté, non documenté par la DILA)",14,non,non,oui,non,0,1,,gouvernement,gouvernement,source unique : Dosleg,,traite,traite,source unique,oui,,37435,Laser européen
2013-709,2013-08-05,non,AN=2013-08-05 Dosleg=2013-08-05 DOLE=,non,"DOLE : loi d'autorisation d'un traité (DOLE n'en contient qu'une minorité ; motif constaté, non documenté par la DILA)",14,non,oui,oui,non,0,1,gouvernement,gouvernement,gouvernement,AN et Dosleg concordants,traite,traite,traite,AN et Dosleg concordants,oui,DLR5L14N28835,37902,Recherche sur les antiprotons et les ions en Europe
2013-710,2013-08-05,non,AN=2013-08-05 Dosleg=2013-08-05 DOLE=,non,"DOLE : loi d'autorisation d'un traité (DOLE n'en contient qu'une minorité ; motif constaté, non documenté par la DILA)",14,non,oui,oui,non,0,1,gouvernement,gouvernement,gouvernement,AN et Dosleg concordants,traite,traite,traite,AN et Dosleg concordants,oui,DLR5L14N29896,40342,Accord de partenariat avec l'Indonésie
2013-711,2013-08-05,non,AN=2013-08-05 Dosleg=2013-08-05 DOLE=2013-08-05,non,,14,non,oui,oui,oui,1,1,gouvernement,gouvernement,gouvernement,AN et Dosleg concordants,ordinaire,ordinaire,ordinaire,AN et Dosleg concordants,non,DLR5L14N29788,40603,Justice
2013-712,2013-08-05,non,AN=2013-08-05 Dosleg=2013-08-05 DOLE=2013-08-05,non,,14,non,oui,oui,oui,1,1,gouvernement,gouvernement,gouvernement,AN et Dosleg concordants,ordinaire,finances_fss,finances_fss,désaccord résolu par le titre JO (loi de finances ou de règlement) : AN=ordinaire / Dosleg=finances_fss,non,DLR5L14N30377,41563,Approbation des comptes de l'année 2012
2013-713,2013-08-05,non,AN=2013-08-05 Dosleg=2013-08-05 DOLE=2013-08-05,non,,14,non,oui,oui,oui,1,1,parlementaire Sénat,parlementaire Sénat,parlementaire Sénat,AN et Dosleg concordants,ordinaire,ordinaire,ordinaire,AN et Dosleg concordants,non,DLR5L14N30832,42123,Conseiller de Paris
2013-715,2013-08-06,non,AN= Dosleg=2013-08-06 DOLE=2013-08-06,non,AN : premier dépôt le 2012-06-01 (avant la XIVe législature) : dossier hors des fichiers AN XIV à XVII,14,non,non,oui,oui,1,1,,parlementaire Sénat,parlementaire Sénat,source unique : Dosleg,,ordinaire,ordinaire,source unique,non,,37722,Bioéthique
2013-869,2013-09-27,non,AN=2013-09-27 Dosleg=2013-09-27 DOLE=2013-09-27,non,,14,non,oui,oui,oui,1,1,parlementaire AN,parlementaire AN,parlementaire AN,AN et Dosleg concordants,ordinaire,ordinaire,ordinaire,AN et Dosleg concordants,non,DLR5L14N30679,41982,Soins psychiatriques
2013-906,2013-10-11,non,AN=2013-10-11 Dosleg=2013-10-11 DOLE=2013-10-11,non,,14,non,oui,oui,oui,1,1,gouvernement,gouvernement,gouvernement,AN et Dosleg concordants,organique,organique,organique,AN et Dosleg concordants,non,DLR5L14N30146,41282,Transparence de la vie publique
2013-907,2013-10-11,non,AN=2013-10-11 Dosleg=2013-10-11 DOLE=2013-10-11,non,,14,non,oui,oui,oui,1,1,gouvernement,gouvernement,gouvernement,AN et Dosleg concordants,ordinaire,ordinaire,ordinaire,AN et Dosleg concordants,non,DLR5L14N30147,41283,Transparence de la vie publique
2013-921,2013-10-17,non,AN=2013-10-17 Dosleg=2013-10-17 DOLE=2013-10-17,non,,14,non,oui,oui,oui,1,1,parlementaire Sénat,parlementaire Sénat,parlementaire Sénat,AN et Dosleg concordants,ordinaire,ordinaire,ordinaire,AN et Dosleg concordants,non,DLR5L14N29540,39464,Normes applicables aux collectivités locales
2013-922,2013-10-17,non,AN=2013-10-17 Dosleg=2013-10-17 DOLE=2013-10-17,non,,14,non,oui,oui,oui,1,1,parlementaire Sénat,parlementaire Sénat,parlementaire Sénat,AN et Dosleg concordants,ordinaire,ordinaire,ordinaire,AN et Dosleg concordants,non,DLR5L14N30096,40902,Zone dite des cinquante pas géométriques
2013-1005,2013-11-12,non,AN=2013-11-12 Dosleg=2013-11-12 DOLE=2013-11-12,non,,14,non,oui,oui,oui,1,1,gouvernement,gouvernement,gouvernement,AN et Dosleg concordants,ordinaire,ordinaire,ordinaire,AN et Dosleg concordants,non,DLR5L14N30512,41364,Relations entre l'administration et les citoyens
2013-1007,2013-11-13,non,AN=2013-11-13 Dosleg=2013-11-13 DOLE=,non,"DOLE : loi d'autorisation d'un traité (DOLE n'en contient qu'une minorité ; motif constaté, non documenté par la DILA)",14,non,oui,oui,non,0,1,gouvernement,gouvernement,gouvernement,AN et Dosleg concordants,traite,traite,traite,AN et Dosleg concordants,oui,DLR5L14N30572,41802,Accord de libre-échange UE - République de Corée
2013-1008,2013-11-13,non,AN=2013-11-13 Dosleg=2013-11-13 DOLE=,non,"DOLE : loi d'autorisation d'un traité (DOLE n'en contient qu'une minorité ; motif constaté, non documenté par la DILA)",14,non,oui,oui,non,0,1,gouvernement,gouvernement,gouvernement,AN et Dosleg concordants,traite,traite,traite,AN et Dosleg concordants,oui,DLR5L14N30573,41803,Accord-cadre UE - République de Corée
2013-1009,2013-11-13,non,AN=2013-11-13 Dosleg=2013-11-13 DOLE=,non,"DOLE : loi d'autorisation d'un traité (DOLE n'en contient qu'une minorité ; motif constaté, non documenté par la DILA)",14,non,oui,oui,non,0,1,gouvernement,gouvernement,gouvernement,AN et Dosleg concordants,traite,traite,traite,AN et Dosleg concordants,oui,DLR5L14N30320,41502,Accord avec la région wallonne sur l'accueil des personnes handicapées
2013-1026,2013-11-15,non,AN=2013-11-15 Dosleg=2013-11-15 DOLE=2013-11-15,non,,14,non,oui,oui,oui,1,1,gouvernement,gouvernement,gouvernement,AN et Dosleg concordants,organique,organique,organique,AN et Dosleg concordants,non,DLR5L14N30433,41643,Indépendance de l'audiovisuel
2013-1027,2013-11-15,non,AN=2013-11-15 Dosleg=2013-11-15 DOLE=2013-11-15,non,,14,non,oui,oui,oui,1,1,gouvernement,gouvernement,gouvernement,AN et Dosleg concordants,organique,organique,organique,AN et Dosleg concordants,non,DLR5L14N30678,41963,Nouvelle-Calédonie
2013-1028,2013-11-15,non,AN=2013-11-15 Dosleg=2013-11-15 DOLE=2013-11-15,non,,14,non,oui,oui,oui,1,1,gouvernement,gouvernement,gouvernement,AN et Dosleg concordants,ordinaire,ordinaire,ordinaire,AN et Dosleg concordants,non,DLR5L14N30432,41644,Indépendance de l'audiovisuel
2013-1029,2013-11-15,non,AN=2013-11-15 Dosleg=2013-11-15 DOLE=2013-11-15,non,,14,non,oui,oui,oui,1,1,gouvernement,gouvernement,gouvernement,AN et Dosleg concordants,ordinaire,ordinaire,ordinaire,AN et Dosleg concordants,non,DLR5L14N30677,41964,Outre-mer
2013-1089,2013-12-02,non,AN=2013-12-02 Dosleg=2013-12-02 DOLE=2013-12-02,non,,14,non,oui,oui,oui,1,1,gouvernement,gouvernement,gouvernement,AN et Dosleg concordants,traite,traite,traite,AN et Dosleg concordants,oui,DLR5L14N29391,39704,Ligne ferroviaire Lyon-Turin
2013-1114,2013-12-06,non,AN= Dosleg=2013-12-06 DOLE=2013-12-06,non,AN : premier dépôt le 2010-12-22 (avant la XIVe législature) : dossier hors des fichiers AN XIV à XVII,14,non,non,oui,oui,1,1,,gouvernement,gouvernement,source unique : Dosleg,,organique,organique,source unique,non,,36362,Référendum
2013-1115,2013-12-06,non,AN=2013-12-06 Dosleg=2013-12-06 DOLE=2013-12-06,non,,14,non,oui,oui,oui,1,1,gouvernement,gouvernement,gouvernement,AN et Dosleg concordants,organique,organique,organique,AN et Dosleg concordants,non,DLR5L14N30265,41402,Procureur financier
2013-1116,2013-12-06,non,AN= Dosleg=2013-12-06 DOLE=2013-12-06,non,AN : premier dépôt le 2010-12-22 (avant la XIVe législature) : dossier hors des fichiers AN XIV à XVII,14,non,non,oui,oui,1,1,,gouvernement,gouvernement,source unique : Dosleg,,ordinaire,ordinaire,source unique,non,,36363,Référendum
2013-1117,2013-12-06,non,AN=2013-12-06 Dosleg=2013-12-06 DOLE=2013-12-06,non,,14,non,oui,oui,oui,1,1,gouvernement,gouvernement,gouvernement,AN et Dosleg concordants,ordinaire,ordinaire,ordinaire,AN et Dosleg concordants,non,DLR5L14N30152,41284,Lutte contre la fraude fiscale
2013-1118,2013-12-06,non,AN= Dosleg=2013-12-06 DOLE=2013-12-06,non,AN : premier dépôt le 2011-05-24 (avant la XIVe législature) : dossier hors des fichiers AN XIV à XVII,14,non,non,oui,oui,1,1,,parlementaire Sénat,parlementaire Sénat,source unique : Dosleg,,ordinaire,ordinaire,source unique,non,,34898,Maisons de naissance
2013-1158,2013-12-16,non,AN=2013-12-16 Dosleg=2013-12-16 DOLE=,non,"DOLE : loi d'autorisation d'un traité (DOLE n'en contient qu'une minorité ; motif constaté, non documenté par la DILA)",14,non,oui,oui,non,0,1,gouvernement,gouvernement,gouvernement,AN et Dosleg concordants,traite,traite,traite,AN et Dosleg concordants,oui,DLR5L14N31236,42664,Russie
2013-1159,2013-12-16,non,AN=2013-12-16 Dosleg=2013-12-16 DOLE=2013-12-16,non,,14,non,oui,oui,oui,1,1,gouvernement,gouvernement,gouvernement,AN et Dosleg concordants,ordinaire,ordinaire,ordinaire,AN et Dosleg concordants,non,DLR5L14N31133,42585,Éligibilité aux élections au Parlement européen
2013-1168,2013-12-18,non,AN=2013-12-18 Dosleg=2013-12-18 DOLE=2013-12-18,non,,14,non,oui,oui,oui,1,1,gouvernement,gouvernement,gouvernement,AN et Dosleg concordants,ordinaire,ordinaire,ordinaire,AN et Dosleg concordants,non,DLR5L14N31072,42402,Programmation militaire 2014-2019
2013-1201,2013-12-23,non,AN=2013-12-23 Dosleg=2013-12-23 DOLE=,non,"DOLE : loi d'autorisation d'un traité (DOLE n'en contient qu'une minorité ; motif constaté, non documenté par la DILA)",14,non,oui,oui,non,0,1,gouvernement,gouvernement,gouvernement,AN et Dosleg concordants,traite,traite,traite,AN et Dosleg concordants,oui,DLR5L14N30098,41184,Canada
2013-1202,2013-12-23,non,AN=2013-12-23 Dosleg=2013-12-23 DOLE=2013-12-23,non,,14,non,oui,oui,oui,1,1,gouvernement,gouvernement,gouvernement,AN et Dosleg concordants,traite,traite,traite,AN et Dosleg concordants,oui,DLR5L14N31132,42584,Commerce des armes
2013-1203,2013-12-23,non,AN=2013-12-23 Dosleg=2013-12-23 DOLE=2013-12-23,non,,14,non,oui,oui,oui,1,1,gouvernement,gouvernement,gouvernement,AN et Dosleg concordants,finances_fss,finances_fss,finances_fss,AN et Dosleg concordants,non,DLR5L14N31473,42883,Sécurité sociale
2013-1226,2013-12-27,non,AN=2013-12-27 Dosleg=2013-12-27 DOLE=,non,"DOLE : loi d'autorisation d'un traité (DOLE n'en contient qu'une minorité ; motif constaté, non documenté par la DILA)",14,non,oui,oui,non,0,1,gouvernement,gouvernement,gouvernement,AN et Dosleg concordants,traite,traite,traite,AN et Dosleg concordants,oui,DLR5L14N29359,39603,Côte d'Ivoire
2013-1227,2013-12-27,non,AN=2013-12-27 Dosleg=2013-12-27 DOLE=,non,"DOLE : loi d'autorisation d'un traité (DOLE n'en contient qu'une minorité ; motif constaté, non documenté par la DILA)",14,non,oui,oui,non,0,1,gouvernement,gouvernement,gouvernement,AN et Dosleg concordants,traite,traite,traite,AN et Dosleg concordants,oui,DLR5L14N29357,39602,Coopération en matière de défense avec Djibouti
2013-1228,2013-12-27,non,AN=2013-12-27 Dosleg=2013-12-27 DOLE=,non,"DOLE : loi d'autorisation d'un traité (DOLE n'en contient qu'une minorité ; motif constaté, non documenté par la DILA)",14,non,oui,oui,non,0,1,gouvernement,gouvernement,gouvernement,AN et Dosleg concordants,traite,traite,traite,AN et Dosleg concordants,oui,DLR5L14N29358,39604,Coopération militaire avec le Sénégal
2013-1229,2013-12-27,non,AN=2013-12-27 Dosleg=2013-12-27 DOLE=2013-12-27,non,,14,non,oui,oui,oui,1,1,parlementaire Sénat,parlementaire Sénat,parlementaire Sénat,AN et Dosleg concordants,ordinaire,ordinaire,ordinaire,AN et Dosleg concordants,non,DLR5L14N31158,42362,Établissement national des produits agricoles et de la pêche maritime
2013-1278,2013-12-29,non,AN=2013-12-29 Dosleg=2013-12-29 DOLE=2013-12-29,non,,14,non,oui,oui,oui,1,1,gouvernement,gouvernement,gouvernement,AN et Dosleg concordants,finances_fss,finances_fss,finances_fss,AN et Dosleg concordants,non,DLR5L14N30653,42722,Budget 2014
2013-1279,2013-12-29,non,AN=2013-12-29 Dosleg=2013-12-29 DOLE=2013-12-29,non,,14,non,oui,oui,oui,1,1,gouvernement,gouvernement,gouvernement,AN et Dosleg concordants,finances_fss,finances_fss,finances_fss,AN et Dosleg concordants,non,DLR5L14N31756,43263,Budget
2014-1,2014-01-02,non,AN=2014-01-02 Dosleg=2014-01-02 DOLE=2014-01-02,non,,14,non,oui,oui,oui,1,1,gouvernement,gouvernement,gouvernement,AN et Dosleg concordants,ordinaire,ordinaire,ordinaire,AN et Dosleg concordants,non,DLR5L14N31093,42522,Vie des entreprises
2014-40,2014-01-20,non,AN=2014-01-20 Dosleg=2014-01-20 DOLE=2014-01-20,non,,14,non,oui,oui,oui,1,1,gouvernement,gouvernement,gouvernement,AN et Dosleg concordants,ordinaire,ordinaire,ordinaire,AN et Dosleg concordants,non,DLR5L14N31235,42663,Retraites
2014-56,2014-01-27,non,AN= Dosleg=2014-01-27 DOLE=2014-01-27,non,AN : premier dépôt le 2011-10-05 (avant la XIVe législature) : dossier hors des fichiers AN XIV à XVII,14,non,non,oui,oui,1,1,,parlementaire AN,parlementaire AN,source unique : Dosleg,,ordinaire,ordinaire,source unique,non,,36002,Loi sur la liberté de la presse du 29 juillet 1881
2014-57,2014-01-27,non,AN=2014-01-27 Dosleg=2014-01-27 DOLE=2014-01-27,non,,14,non,oui,oui,oui,1,1,parlementaire AN,parlementaire AN,parlementaire AN,AN et Dosleg concordants,ordinaire,ordinaire,ordinaire,AN et Dosleg concordants,non,DLR5L14N29209,39163,Réseaux de soins
2014-58,2014-01-27,non,AN=2014-01-27 Dosleg=2014-01-27 DOLE=2014-01-27,non,,14,non,oui,oui,oui,1,1,gouvernement,gouvernement,gouvernement,AN et Dosleg concordants,ordinaire,ordinaire,ordinaire,AN et Dosleg concordants,non,DLR5L14N30067,41084,Modernisation de l'action publique territoriale et affirmation des métropoles
2014-110,2014-02-06,non,AN=2014-02-06 Dosleg=2014-02-06 DOLE=2014-02-06,non,,14,non,oui,oui,oui,1,1,parlementaire Sénat,parlementaire Sénat,parlementaire Sénat,AN et Dosleg concordants,ordinaire,ordinaire,ordinaire,AN et Dosleg concordants,non,DLR5L14N31515,42842,Produits phytosanitaires
2014-125,2014-02-14,non,AN=2014-02-14 Dosleg=2014-02-14 DOLE=2014-02-14,non,,14,non,oui,oui,oui,1,1,gouvernement,gouvernement,gouvernement,AN et Dosleg concordants,organique,organique,organique,AN et Dosleg concordants,non,DLR5L14N29999,40962,Cumul des fonctions
2014-126,2014-02-14,non,AN=2014-02-14 Dosleg=2014-02-14 DOLE=2014-02-14,non,,14,non,oui,oui,oui,1,1,gouvernement,gouvernement,gouvernement,AN et Dosleg concordants,ordinaire,ordinaire,ordinaire,AN et Dosleg concordants,non,DLR5L14N30000,40963,Cumul des fonctions
2014-172,2014-02-21,oui,AN=2014-02-21 Dosleg=2014-05-21 DOLE=2014-02-21,non,,14,non,oui,oui,oui,1,1,parlementaire AN,parlementaire AN,parlementaire AN,AN et Dosleg concordants,ordinaire,ordinaire,ordinaire,AN et Dosleg concordants,non,DLR5L14N28889,38348,Vote blanc
2014-173,2014-02-21,non,AN=2014-02-21 Dosleg=2014-02-21 DOLE=2014-02-21,non,,14,non,oui,oui,oui,1,1,gouvernement,gouvernement,gouvernement,AN et Dosleg concordants,ordinaire,ordinaire,ordinaire,AN et Dosleg concordants,non,DLR5L14N31013,42404,Ville
2014-198,2014-02-24,non,AN=2014-02-24 Dosleg=2014-02-24 DOLE=,non,"DOLE : loi d'autorisation d'un traité (DOLE n'en contient qu'une minorité ; motif constaté, non documenté par la DILA)",14,non,oui,oui,non,0,1,gouvernement,gouvernement,gouvernement,AN et Dosleg concordants,traite,traite,traite,AN et Dosleg concordants,oui,DLR5L14N29897,40403,Office franco-québécois pour la jeunesse
2014-199,2014-02-24,non,AN=2014-02-24 Dosleg=2014-02-24 DOLE=,non,"DOLE : loi d'autorisation d'un traité (DOLE n'en contient qu'une minorité ; motif constaté, non documenté par la DILA)",14,non,oui,oui,non,0,1,gouvernement,gouvernement,gouvernement,AN et Dosleg concordants,traite,traite,traite,AN et Dosleg concordants,oui,DLR5L14N31598,43002,Brevet
2014-200,2014-02-24,non,AN= Dosleg=2014-02-24 DOLE=,non,"AN : premier dépôt le 2012-02-15 (avant la XIVe législature) : dossier hors des fichiers AN XIV à XVII ; DOLE : loi d'autorisation d'un traité (DOLE n'en contient qu'une minorité ; motif constaté, non documenté par la DILA)",14,non,non,oui,non,0,1,,gouvernement,gouvernement,source unique : Dosleg,,traite,traite,source unique,oui,,36785,Sécurité et la santé au travail
2014-201,2014-02-24,non,AN=2014-02-24 Dosleg=2014-02-24 DOLE=2014-02-24,non,,14,non,oui,oui,oui,1,1,gouvernement,gouvernement,gouvernement,AN et Dosleg concordants,ordinaire,ordinaire,ordinaire,AN et Dosleg concordants,non,DLR5L14N31012,42403,Santé et Union européenne
2014-237,2014-02-27,non,AN=2014-02-27 Dosleg=2014-02-27 DOLE=2014-02-27,non,,14,non,oui,oui,oui,1,1,parlementaire AN,parlementaire AN,parlementaire AN,AN et Dosleg concordants,ordinaire,ordinaire,ordinaire,AN et Dosleg concordants,non,DLR5L14N32436,43843,TVA et presse
2014-288,2014-03-05,non,AN=2014-03-05 Dosleg=2014-03-05 DOLE=2014-03-05,non,,14,non,oui,oui,oui,1,1,gouvernement,gouvernement,gouvernement,AN et Dosleg concordants,ordinaire,ordinaire,ordinaire,AN et Dosleg concordants,non,DLR5L14N32397,43823,Formation professionnelle
2014-305,2014-03-07,non,AN= Dosleg=2014-03-07 DOLE=,non,"AN : premier dépôt le 2011-04-27 (avant la XIVe législature) : dossier hors des fichiers AN XIV à XVII ; DOLE : loi d'autorisation d'un traité (DOLE n'en contient qu'une minorité ; motif constaté, non documenté par la DILA)",14,non,non,oui,non,0,1,,gouvernement,gouvernement,source unique : Dosleg,,traite,traite,source unique,oui,,34699,Bulgarie
2014-306,2014-03-07,non,AN=2014-03-07 Dosleg=2014-03-07 DOLE=,non,"DOLE : loi d'autorisation d'un traité (DOLE n'en contient qu'une minorité ; motif constaté, non documenté par la DILA)",14,non,oui,oui,non,0,1,gouvernement,gouvernement,gouvernement,AN et Dosleg concordants,traite,traite,traite,AN et Dosleg concordants,oui,DLR5L14N28936,38383,Accord France-Uruguay : sécurité sociale
2014-307,2014-03-07,non,AN= Dosleg=2014-03-07 DOLE=2014-03-07,non,AN : premier dépôt le 2012-04-18 (avant la XIVe législature) : dossier hors des fichiers AN XIV à XVII,14,non,non,oui,oui,1,1,,gouvernement,gouvernement,source unique : Dosleg,,traite,traite,source unique,oui,,37302,Protection du milieu marin de l'Atlantique du Nord-Est
2014-308,2014-03-07,non,AN= Dosleg=2014-03-07 DOLE=,non,"AN : premier dépôt le 2012-03-28 (avant la XIVe législature) : dossier hors des fichiers AN XIV à XVII ; DOLE : loi d'autorisation d'un traité (DOLE n'en contient qu'une minorité ; motif constaté, non documenté par la DILA)",14,non,non,oui,non,0,1,,gouvernement,gouvernement,source unique : Dosleg,,traite,traite,source unique,oui,,37222,Energie nucléaire
2014-315,2014-03-11,non,AN=2014-03-11 Dosleg=2014-03-11 DOLE=2014-03-11,non,,14,non,oui,oui,oui,1,1,parlementaire Sénat,parlementaire Sénat,parlementaire Sénat,AN et Dosleg concordants,ordinaire,ordinaire,ordinaire,AN et Dosleg concordants,non,DLR5L14N31414,42743,Contrefaçon
2014-344,2014-03-17,non,AN=2014-03-17 Dosleg=2014-03-17 DOLE=2014-03-17,non,,14,non,oui,oui,oui,1,1,gouvernement,gouvernement,gouvernement,AN et Dosleg concordants,ordinaire,ordinaire,ordinaire,AN et Dosleg concordants,non,DLR5L14N30205,41362,Consommation
2014-366,2014-03-24,non,AN=2014-03-24 Dosleg=2014-03-24 DOLE=2014-03-24,non,,14,non,oui,oui,oui,1,1,gouvernement,gouvernement,gouvernement,AN et Dosleg concordants,ordinaire,ordinaire,ordinaire,AN et Dosleg concordants,non,DLR5L14N30595,41882,Logement et urbanisme
2014-372,2014-03-28,non,AN=2014-03-28 Dosleg=2014-03-28 DOLE=2014-03-28,non,,14,non,oui,oui,oui,1,1,gouvernement,gouvernement,gouvernement,AN et Dosleg concordants,ordinaire,ordinaire,ordinaire,AN et Dosleg concordants,non,DLR5L14N32202,43662,Géolocalisation
2014-384,2014-03-29,non,AN=2014-03-29 Dosleg=2014-03-29 DOLE=2014-03-29,non,,14,non,oui,oui,oui,1,1,parlementaire AN,parlementaire AN,parlementaire AN,AN et Dosleg concordants,ordinaire,ordinaire,ordinaire,AN et Dosleg concordants,non,DLR5L14N30251,41446,Économie réelle
2014-426,2014-04-28,non,AN=2014-04-28 Dosleg=2014-04-28 DOLE=,non,"DOLE : loi d'autorisation d'un traité (DOLE n'en contient qu'une minorité ; motif constaté, non documenté par la DILA)",14,non,oui,oui,non,0,1,gouvernement,gouvernement,gouvernement,AN et Dosleg concordants,traite,traite,traite,AN et Dosleg concordants,oui,DLR5L14N29565,40064,Coopération sanitaire avec l'Espagne
2014-427,2014-04-28,non,AN=2014-04-28 Dosleg=2014-04-28 DOLE=,non,"DOLE : loi d'autorisation d'un traité (DOLE n'en contient qu'une minorité ; motif constaté, non documenté par la DILA)",14,non,oui,oui,non,0,1,gouvernement,gouvernement,gouvernement,AN et Dosleg concordants,traite,traite,traite,AN et Dosleg concordants,oui,DLR5L14N31679,43142,Accord avec le Brésil en matière de sécurité sociale
2014-459,2014-05-09,non,AN= Dosleg=2014-05-09 DOLE=2014-05-09,non,AN : premier dépôt le 2011-07-13 (avant la XIVe législature) : dossier hors des fichiers AN XIV à XVII,14,non,non,oui,oui,1,1,,parlementaire AN,parlementaire AN,source unique : Dosleg,,ordinaire,ordinaire,source unique,non,,36526,Enfant gravement malade
2014-476,2014-05-14,non,AN=2014-05-14 Dosleg=2014-05-14 DOLE=,non,"DOLE : loi d'autorisation d'un traité (DOLE n'en contient qu'une minorité ; motif constaté, non documenté par la DILA)",14,non,oui,oui,non,0,1,gouvernement,gouvernement,gouvernement,AN et Dosleg concordants,traite,traite,traite,AN et Dosleg concordants,oui,DLR5L14N30306,41442,Violences faites aux femmes
2014-528,2014-05-26,non,AN=2014-05-26 Dosleg=2014-05-26 DOLE=2014-05-26,non,,14,non,oui,oui,oui,1,1,parlementaire Sénat,parlementaire Sénat,parlementaire Sénat,AN et Dosleg concordants,ordinaire,ordinaire,ordinaire,AN et Dosleg concordants,non,DLR5L14N32077,43489,Contrôleur général des lieux de privation de liberté
2014-529,2014-05-26,non,AN=2014-05-26 Dosleg=2014-05-26 DOLE=2014-05-26,non,,14,non,oui,oui,oui,1,1,parlementaire AN,parlementaire AN,parlementaire AN,AN et Dosleg concordants,ordinaire,ordinaire,ordinaire,AN et Dosleg concordants,non,DLR5L14N31999,43529,Moniteurs de ski
2014-534,2014-05-27,non,AN=2014-05-27 Dosleg=2014-05-27 DOLE=,non,"DOLE : loi d'autorisation d'un traité (DOLE n'en contient qu'une minorité ; motif constaté, non documenté par la DILA)",14,non,oui,oui,non,0,1,gouvernement,gouvernement,gouvernement,AN et Dosleg concordants,traite,traite,traite,AN et Dosleg concordants,oui,DLR5L14N32716,44062,Canada
2014-535,2014-05-27,non,AN=2014-05-27 Dosleg=2014-05-27 DOLE=2014-05-27,non,,14,non,oui,oui,oui,1,1,gouvernement,gouvernement,gouvernement,AN et Dosleg concordants,ordinaire,ordinaire,ordinaire,AN et Dosleg concordants,non,DLR5L14N32497,43822,Procédures pénales
2014-546,2014-05-28,non,AN=2014-05-28 Dosleg=2014-05-28 DOLE=,non,"DOLE : loi d'autorisation d'un traité (DOLE n'en contient qu'une minorité ; motif constaté, non documenté par la DILA)",14,non,oui,oui,non,0,1,gouvernement,gouvernement,gouvernement,AN et Dosleg concordants,traite,traite,traite,AN et Dosleg concordants,oui,DLR5L14N32577,43983,Siège du Consortium des centres internationaux de recherche agricole
2014-547,2014-05-28,non,AN=2014-05-28 Dosleg=2014-05-28 DOLE=,non,"DOLE : loi d'autorisation d'un traité (DOLE n'en contient qu'une minorité ; motif constaté, non documenté par la DILA)",14,non,oui,oui,non,0,1,gouvernement,gouvernement,gouvernement,AN et Dosleg concordants,traite,traite,traite,AN et Dosleg concordants,oui,DLR5L14N32576,43982,Consortium des centres internationaux de recherche agricole
2014-548,2014-05-28,non,AN=2014-05-28 Dosleg=2014-05-28 DOLE=,non,"DOLE : loi d'autorisation d'un traité (DOLE n'en contient qu'une minorité ; motif constaté, non documenté par la DILA)",14,non,oui,oui,non,0,1,gouvernement,gouvernement,gouvernement,AN et Dosleg concordants,traite,traite,traite,AN et Dosleg concordants,oui,DLR5L14N32976,44382,Galileo
2014-567,2014-06-02,oui,AN=2014-06-03 Dosleg=2014-06-02 DOLE=2014-06-02,non,,14,non,oui,oui,oui,1,1,parlementaire AN,parlementaire AN,parlementaire AN,AN et Dosleg concordants,ordinaire,ordinaire,ordinaire,AN et Dosleg concordants,non,DLR5L14N32756,44082,Interdiction des maïs OGM
2014-617,2014-06-13,non,AN=2014-06-13 Dosleg=2014-06-13 DOLE=2014-06-13,non,,14,non,oui,oui,oui,1,1,parlementaire AN,parlementaire AN,parlementaire AN,AN et Dosleg concordants,ordinaire,ordinaire,ordinaire,AN et Dosleg concordants,non,DLR5L14N31738,43262,Comptes bancaires inactifs
2014-626,2014-06-18,non,AN=2014-06-18 Dosleg=2014-06-18 DOLE=2014-06-18,non,,14,non,oui,oui,oui,1,1,gouvernement,gouvernement,gouvernement,AN et Dosleg concordants,ordinaire,ordinaire,ordinaire,AN et Dosleg concordants,non,DLR5L14N31032,42442,"Artisanat, commerce et très petites entreprises"
2014-640,2014-06-20,non,AN=2014-06-20 Dosleg=2014-06-20 DOLE=2014-06-20,non,,14,non,oui,oui,oui,1,1,parlementaire AN,parlementaire AN,parlementaire AN,AN et Dosleg concordants,ordinaire,ordinaire,ordinaire,AN et Dosleg concordants,non,DLR5L14N32256,43771,Révision des condamnations pénales
2014-742,2014-07-01,non,AN=2014-07-01 Dosleg=2014-07-01 DOLE=2014-07-01,non,,14,non,oui,oui,oui,1,1,gouvernement,gouvernement,gouvernement,AN et Dosleg concordants,ordinaire,ordinaire,ordinaire,AN et Dosleg concordants,non,DLR5L14N32156,43705,Protection des navires
2014-743,2014-07-01,non,AN=2014-07-01 Dosleg=2014-07-01 DOLE=2014-07-01,non,,14,non,oui,oui,oui,1,1,parlementaire AN,parlementaire AN,parlementaire AN,AN et Dosleg concordants,ordinaire,ordinaire,ordinaire,AN et Dosleg concordants,non,DLR5L14N30593,41899,Rupture du contrat de travail
2014-744,2014-07-01,non,AN=2014-07-01 Dosleg=2014-07-01 DOLE=2014-07-01,non,,14,non,oui,oui,oui,1,1,parlementaire Sénat,parlementaire Sénat,parlementaire Sénat,AN et Dosleg concordants,ordinaire,ordinaire,ordinaire,AN et Dosleg concordants,non,DLR5L14N31720,42964,Société d'économie mixte à opération unique
2014-770,2014-07-07,non,AN=2014-07-07 Dosleg=2014-07-07 DOLE=,non,"DOLE : loi d'autorisation d'un traité (DOLE n'en contient qu'une minorité ; motif constaté, non documenté par la DILA)",14,non,oui,oui,non,0,1,gouvernement,gouvernement,gouvernement,AN et Dosleg concordants,traite,traite,traite,AN et Dosleg concordants,oui,DLR5L14N29360,39605,Serbie
2014-771,2014-07-07,non,AN=2014-07-07 Dosleg=2014-07-07 DOLE=,non,"DOLE : loi d'autorisation d'un traité (DOLE n'en contient qu'une minorité ; motif constaté, non documenté par la DILA)",14,non,oui,oui,non,0,1,gouvernement,gouvernement,gouvernement,AN et Dosleg concordants,traite,traite,traite,AN et Dosleg concordants,oui,DLR5L14N28912,38263,Accord avec le Kosovo sur les personnes en séjour irrégulier
2014-772,2014-07-07,non,AN=2014-07-07 Dosleg=2014-07-07 DOLE=,non,"DOLE : loi d'autorisation d'un traité (DOLE n'en contient qu'une minorité ; motif constaté, non documenté par la DILA)",14,non,oui,oui,non,0,1,gouvernement,gouvernement,gouvernement,AN et Dosleg concordants,traite,traite,traite,AN et Dosleg concordants,oui,DLR5L14N28914,38264,Serbie
2014-773,2014-07-07,non,AN=2014-07-07 Dosleg=2014-07-07 DOLE=2014-07-07,non,,14,non,oui,oui,oui,1,1,gouvernement,gouvernement,gouvernement,AN et Dosleg concordants,ordinaire,ordinaire,ordinaire,AN et Dosleg concordants,non,DLR5L14N32002,43525,Politique de développement et de solidarité internationale
2014-774,2014-07-07,non,AN= Dosleg=2014-07-07 DOLE=2014-07-07,non,AN : premier dépôt le 2011-07-11 (avant la XIVe législature) : dossier hors des fichiers AN XIV à XVII,14,non,non,oui,oui,1,1,,parlementaire Sénat,parlementaire Sénat,source unique : Dosleg,,ordinaire,ordinaire,source unique,non,,35199,Ouvrages d'art de rétablissement des voies
2014-776,2014-07-08,non,AN=2014-07-08 Dosleg=2014-07-08 DOLE=,non,"DOLE : loi d'autorisation d'un traité (DOLE n'en contient qu'une minorité ; motif constaté, non documenté par la DILA)",14,non,oui,oui,non,0,1,gouvernement,gouvernement,gouvernement,AN et Dosleg concordants,traite,traite,traite,AN et Dosleg concordants,oui,DLR5L14N29895,40063,Accord administratif avec le Luxembourg
2014-777,2014-07-08,non,AN=2014-07-08 Dosleg=2014-07-08 DOLE=,non,"DOLE : loi d'autorisation d'un traité (DOLE n'en contient qu'une minorité ; motif constaté, non documenté par la DILA)",14,non,oui,oui,non,0,1,gouvernement,gouvernement,gouvernement,AN et Dosleg concordants,traite,traite,traite,AN et Dosleg concordants,oui,DLR5L14N28903,38185,Centre commun de coopération policière et douanière
2014-778,2014-07-08,non,AN=2014-07-08 Dosleg=2014-07-08 DOLE=,non,"DOLE : loi d'autorisation d'un traité (DOLE n'en contient qu'une minorité ; motif constaté, non documenté par la DILA)",14,non,oui,oui,non,0,1,gouvernement,gouvernement,gouvernement,AN et Dosleg concordants,traite,traite,traite,AN et Dosleg concordants,oui,DLR5L14N28902,38183,Coopération avec le Luxembourg
2014-779,2014-07-08,non,AN=2014-07-08 Dosleg=2014-07-08 DOLE=2014-07-08,non,,14,non,oui,oui,oui,1,1,parlementaire AN,parlementaire AN,parlementaire AN,AN et Dosleg concordants,ordinaire,ordinaire,ordinaire,AN et Dosleg concordants,non,DLR5L14N30534,41889,Vente à distance des livres
2014-788,2014-07-10,non,AN=2014-07-10 Dosleg=2014-07-10 DOLE=2014-07-10,non,,14,non,oui,oui,oui,1,1,parlementaire AN,parlementaire AN,parlementaire AN,AN et Dosleg concordants,ordinaire,ordinaire,ordinaire,AN et Dosleg concordants,non,DLR5L14N32257,43766,Stages
2014-789,2014-07-10,non,AN=2014-07-10 Dosleg=2014-07-10 DOLE=2014-07-10,non,,14,non,oui,oui,oui,1,1,gouvernement,gouvernement,gouvernement,AN et Dosleg concordants,ordinaire,ordinaire,ordinaire,AN et Dosleg concordants,non,DLR5L14N33116,44563,Accessibilité pour les personnes handicapées
2014-790,2014-07-10,non,AN=2014-07-10 Dosleg=2014-07-10 DOLE=2014-07-10,non,,14,non,oui,oui,oui,1,1,parlementaire AN,parlementaire AN,parlementaire AN,AN et Dosleg concordants,ordinaire,ordinaire,ordinaire,AN et Dosleg concordants,non,DLR5L14N32183,43754,lutte contre la concurrence sociale déloyale
2014-844,2014-07-29,non,AN=2014-07-29 Dosleg=2014-07-29 DOLE=2014-07-29,non,,14,non,oui,oui,oui,1,1,gouvernement,gouvernement,gouvernement,AN et Dosleg concordants,ordinaire,ordinaire,ordinaire,AN et Dosleg concordants,non,DLR5L14N33143,44664,Prêts structurés
2014-855,2014-07-31,non,AN=2014-07-31 Dosleg=2014-07-31 DOLE=2014-07-31,non,,14,non,oui,oui,oui,1,1,gouvernement,gouvernement,gouvernement,AN et Dosleg concordants,finances_fss,finances_fss,finances_fss,AN et Dosleg concordants,non,DLR5L14N33192,44943,Approbation des comptes de l'année 2013
2014-856,2014-07-31,non,AN=2014-07-31 Dosleg=2014-07-31 DOLE=2014-07-31,non,,14,non,oui,oui,oui,1,1,gouvernement,gouvernement,gouvernement,AN et Dosleg concordants,ordinaire,ordinaire,ordinaire,AN et Dosleg concordants,non,DLR5L14N30940,42282,Économie sociale et solidaire
2014-871,2014-08-04,non,AN=2014-08-04 Dosleg=2014-08-04 DOLE=2014-08-04,non,,14,non,oui,oui,oui,1,1,parlementaire AN,parlementaire AN,parlementaire AN,AN et Dosleg concordants,organique,organique,organique,AN et Dosleg concordants,non,DLR5L14N33103,44584,Dirigeants de la SNCF
2014-872,2014-08-04,non,AN=2014-08-04 Dosleg=2014-08-04 DOLE=2014-08-04,non,,14,non,oui,oui,oui,1,1,gouvernement,gouvernement,gouvernement,AN et Dosleg concordants,ordinaire,ordinaire,ordinaire,AN et Dosleg concordants,non,DLR5L14N31537,42966,Réforme ferroviaire
2014-873,2014-08-04,non,AN=2014-08-04 Dosleg=2014-08-04 DOLE=2014-08-04,non,,14,non,oui,oui,oui,1,1,gouvernement,gouvernement,gouvernement,AN et Dosleg concordants,ordinaire,ordinaire,ordinaire,AN et Dosleg concordants,non,DLR5L14N30676,41966,Egalité Femmes - Hommes
2014-874,2014-08-04,non,AN= Dosleg=2014-08-04 DOLE=,non,"AN : premier dépôt le 2012-04-11 (avant la XIVe législature) : dossier hors des fichiers AN XIV à XVII ; DOLE : loi d'autorisation d'un traité (DOLE n'en contient qu'une minorité ; motif constaté, non documenté par la DILA)",14,non,non,oui,non,0,1,,gouvernement,gouvernement,source unique : Dosleg,,traite,traite,source unique,oui,,37265,Accord France - Liban : sécurité intérieure
2014-875,2014-08-04,non,AN= Dosleg=2014-08-04 DOLE=,non,"AN : premier dépôt le 2012-04-11 (avant la XIVe législature) : dossier hors des fichiers AN XIV à XVII ; DOLE : loi d'autorisation d'un traité (DOLE n'en contient qu'une minorité ; motif constaté, non documenté par la DILA)",14,non,non,oui,non,0,1,,gouvernement,gouvernement,source unique : Dosleg,,traite,traite,source unique,oui,,37262,Accord France - Émirats arabes unis : sécurité intérieure
2014-876,2014-08-04,non,AN= Dosleg=2014-08-04 DOLE=,non,"AN : premier dépôt le 2012-05-04 (avant la XIVe législature) : dossier hors des fichiers AN XIV à XVII ; DOLE : loi d'autorisation d'un traité (DOLE n'en contient qu'une minorité ; motif constaté, non documenté par la DILA)",14,non,non,oui,non,0,1,,gouvernement,gouvernement,source unique : Dosleg,,traite,traite,source unique,oui,,37431,Géorgie
2014-877,2014-08-04,non,AN=2014-08-04 Dosleg=2014-08-04 DOLE=2014-08-04,non,,14,non,oui,oui,oui,1,1,parlementaire AN,parlementaire AN,parlementaire AN,AN et Dosleg concordants,ordinaire,ordinaire,ordinaire,AN et Dosleg concordants,non,DLR5L14N32718,44168,Réseau d'infrastructures de recharge de véhicules électriques
2014-878,2014-08-04,non,AN=2014-08-04 Dosleg=2014-08-04 DOLE=2014-08-04,non,,14,non,oui,oui,oui,1,1,parlementaire AN,parlementaire AN,parlementaire AN,AN et Dosleg concordants,ordinaire,ordinaire,ordinaire,AN et Dosleg concordants,non,DLR5L14N33228,45122,Aménagement du quartier de Gerland à Lyon
2014-891,2014-08-08,non,AN=2014-08-08 Dosleg=2014-08-08 DOLE=2014-08-08,non,,14,non,oui,oui,oui,1,1,gouvernement,gouvernement,gouvernement,AN et Dosleg concordants,finances_fss,finances_fss,finances_fss,AN et Dosleg concordants,non,DLR5L14N33224,45083,Loi de finances rectificative
2014-892,2014-08-08,non,AN=2014-08-08 Dosleg=2014-08-08 DOLE=2014-08-08,non,,14,non,oui,oui,oui,1,1,gouvernement,gouvernement,gouvernement,AN et Dosleg concordants,finances_fss,finances_fss,finances_fss,AN et Dosleg concordants,non,DLR5L14N33248,45182,Financement de la sécurité sociale
2014-896,2014-08-15,non,AN=2014-08-15 Dosleg=2014-08-15 DOLE=2014-08-15,non,,14,non,oui,oui,oui,1,1,gouvernement,gouvernement,gouvernement,AN et Dosleg concordants,ordinaire,ordinaire,ordinaire,AN et Dosleg concordants,non,DLR5L14N31474,42882,Efficacité des sanctions pénales
2014-1098,2014-09-29,non,AN=2014-09-29 Dosleg=2014-09-29 DOLE=,non,"DOLE : loi d'autorisation d'un traité (DOLE n'en contient qu'une minorité ; motif constaté, non documenté par la DILA)",14,non,oui,oui,non,0,1,gouvernement,gouvernement,gouvernement,AN et Dosleg concordants,traite,traite,traite,AN et Dosleg concordants,oui,DLR5L14N33309,45462,Comptes bancaires étrangers
2014-1104,2014-10-01,non,AN=2014-10-01 Dosleg=2014-10-01 DOLE=2014-10-01,non,,14,non,oui,oui,oui,1,1,parlementaire AN,parlementaire AN,parlementaire AN,AN et Dosleg concordants,ordinaire,ordinaire,ordinaire,AN et Dosleg concordants,non,DLR5L14N33250,45183,Taxis et voitures de transport avec chauffeur
2014-1170,2014-10-13,non,AN=2014-10-13 Dosleg=2014-10-13 DOLE=2014-10-13,non,,14,non,oui,oui,oui,1,1,gouvernement,gouvernement,gouvernement,AN et Dosleg concordants,ordinaire,ordinaire,ordinaire,AN et Dosleg concordants,non,DLR5L14N31757,43264,"Agriculture, alimentation et forêt"
2014-1349,2014-11-13,non,AN=2014-11-13 Dosleg=2014-11-13 DOLE=,non,"DOLE : loi d'autorisation d'un traité (DOLE n'en contient qu'une minorité ; motif constaté, non documenté par la DILA)",14,non,oui,oui,non,0,1,gouvernement,gouvernement,gouvernement,AN et Dosleg concordants,traite,traite,traite,AN et Dosleg concordants,oui,DLR5L14N29054,38703,Transport aérien
2014-1350,2014-11-13,non,AN=2014-11-13 Dosleg=2014-11-13 DOLE=,non,"DOLE : loi d'autorisation d'un traité (DOLE n'en contient qu'une minorité ; motif constaté, non documenté par la DILA)",14,non,oui,oui,non,0,1,gouvernement,gouvernement,gouvernement,AN et Dosleg concordants,traite,traite,traite,AN et Dosleg concordants,oui,DLR5L14N29052,38704,Accord aérien avec la Géorgie
2014-1351,2014-11-13,non,AN=2014-11-13 Dosleg=2014-11-13 DOLE=,non,"DOLE : loi d'autorisation d'un traité (DOLE n'en contient qu'une minorité ; motif constaté, non documenté par la DILA)",14,non,oui,oui,non,0,1,gouvernement,gouvernement,gouvernement,AN et Dosleg concordants,traite,traite,traite,AN et Dosleg concordants,oui,DLR5L14N29053,38705,Accord aérien avec la Jordanie
2014-1352,2014-11-13,non,AN=2014-11-13 Dosleg=2014-11-13 DOLE=,non,"DOLE : loi d'autorisation d'un traité (DOLE n'en contient qu'une minorité ; motif constaté, non documenté par la DILA)",14,non,oui,oui,non,0,1,gouvernement,gouvernement,gouvernement,AN et Dosleg concordants,traite,traite,traite,AN et Dosleg concordants,oui,DLR5L14N32957,44302,Pacte international relatif aux droits
2014-1353,2014-11-13,non,AN=2014-11-13 Dosleg=2014-11-13 DOLE=2014-11-13,non,,14,non,oui,oui,oui,1,1,gouvernement,gouvernement,gouvernement,AN et Dosleg concordants,ordinaire,ordinaire,ordinaire,AN et Dosleg concordants,non,DLR5L14N33299,45465,Lutte contre le terrorisme
2014-1392,2014-11-24,non,AN= Dosleg=2014-11-24 DOLE=2014-11-24,non,AN : premier dépôt le 2010-12-22 (avant la XIVe législature) : dossier hors des fichiers AN XIV à XVII,14,non,non,oui,oui,1,1,,gouvernement,gouvernement,source unique : Dosleg,,organique,organique,source unique,non,,36443,Statut pénal du Chef de l'Etat
2014-1401,2014-11-26,non,AN=2014-11-26 Dosleg=2014-11-26 DOLE=,non,"DOLE : loi d'autorisation d'un traité (DOLE n'en contient qu'une minorité ; motif constaté, non documenté par la DILA)",14,non,oui,oui,non,0,1,gouvernement,gouvernement,gouvernement,AN et Dosleg concordants,traite,traite,traite,AN et Dosleg concordants,oui,DLR5L14N32856,44182,Facilité africaine de soutien juridique
2014-1402,2014-11-26,non,AN=2014-11-26 Dosleg=2014-11-26 DOLE=2014-11-26,non,,14,non,oui,oui,oui,1,1,gouvernement,gouvernement,gouvernement,AN et Dosleg concordants,traite,traite,traite,AN et Dosleg concordants,oui,DLR5L14N33460,46163,Accord France-Chine
2014-1528,2014-12-18,non,AN=2014-12-18 Dosleg=2014-12-18 DOLE=2014-12-18,non,,14,non,oui,oui,oui,1,1,gouvernement,gouvernement,gouvernement,AN et Dosleg concordants,ordinaire,ordinaire,ordinaire,AN et Dosleg concordants,non,DLR5L14N33488,43824,Désignation des conseillers prud'hommes
2014-1545,2014-12-20,non,AN=2014-12-20 Dosleg=2014-12-20 DOLE=2014-12-20,non,,14,non,oui,oui,oui,1,1,gouvernement,gouvernement,gouvernement,AN et Dosleg concordants,ordinaire,ordinaire,ordinaire,AN et Dosleg concordants,non,DLR5L14N33262,45302,Vie des entreprises
2014-1554,2014-12-22,non,AN=2014-12-22 Dosleg=2014-12-22 DOLE=2014-12-22,non,,14,non,oui,oui,oui,1,1,gouvernement,gouvernement,gouvernement,AN et Dosleg concordants,finances_fss,finances_fss,finances_fss,AN et Dosleg concordants,non,DLR5L14N33456,46162,Sécurité sociale
2014-1653,2014-12-29,non,AN=2014-12-29 Dosleg=2014-12-29 DOLE=2014-12-29,non,,14,non,oui,oui,oui,1,1,gouvernement,gouvernement,gouvernement,AN et Dosleg concordants,ordinaire,ordinaire,ordinaire,AN et Dosleg concordants,non,DLR5L14N33440,46022,Programmation des finances publiques pour les années 2014 à 2019
2014-1654,2014-12-29,non,AN=2014-12-29 Dosleg=2014-12-29 DOLE=2014-12-29,non,,14,non,oui,oui,oui,1,1,gouvernement,gouvernement,gouvernement,AN et Dosleg concordants,finances_fss,finances_fss,finances_fss,AN et Dosleg concordants,non,DLR5L14N33241,46023,Budget 2015
2014-1655,2014-12-29,non,AN=2014-12-29 Dosleg=2014-12-29 DOLE=2014-12-29,non,,14,non,oui,oui,oui,1,1,gouvernement,gouvernement,gouvernement,AN et Dosleg concordants,finances_fss,finances_fss,finances_fss,AN et Dosleg concordants,non,DLR5L14N33568,46723,Projet de loi de finances rectificative
2014-1662,2014-12-30,non,AN=2014-12-30 Dosleg=2014-12-30 DOLE=2014-12-30,non,,14,non,oui,oui,oui,1,1,gouvernement,gouvernement,gouvernement,AN et Dosleg concordants,ordinaire,ordinaire,ordinaire,AN et Dosleg concordants,non,DLR5L14N33325,45508,Adaptation au droit de l'Union européenne
2014-1663,2014-12-30,non,AN=2014-12-30 Dosleg=2014-12-30 DOLE=2014-12-30,non,,14,non,oui,oui,oui,1,1,gouvernement,gouvernement,gouvernement,AN et Dosleg concordants,ordinaire,ordinaire,ordinaire,AN et Dosleg concordants,non,DLR5L14N33292,45368,Dopage
2014-1753,2014-12-30,non,AN=2014-12-30 Dosleg=2014-12-30 DOLE=2014-12-30,non,,14,non,oui,oui,oui,1,1,gouvernement,gouvernement,gouvernement,AN et Dosleg concordants,traite,traite,traite,AN et Dosleg concordants,oui,DLR5L14N33107,44582,Protocole de Kyoto
2014-1754,2014-12-30,non,AN=2014-12-30 Dosleg=2014-12-30 DOLE=,non,"DOLE : loi d'autorisation d'un traité (DOLE n'en contient qu'une minorité ; motif constaté, non documenté par la DILA)",14,non,oui,oui,non,0,1,gouvernement,gouvernement,gouvernement,AN et Dosleg concordants,traite,traite,traite,AN et Dosleg concordants,oui,DLR5L14N33288,45370,Association avec l'Amérique centrale
2014-1755,2014-12-30,non,AN=2014-12-30 Dosleg=2014-12-30 DOLE=,non,"DOLE : loi d'autorisation d'un traité (DOLE n'en contient qu'une minorité ; motif constaté, non documenté par la DILA)",14,non,oui,oui,non,0,1,gouvernement,gouvernement,gouvernement,AN et Dosleg concordants,traite,traite,traite,AN et Dosleg concordants,oui,DLR5L14N33323,45506,11e fonds européen de développement
2015-29,2015-01-16,non,AN=2015-01-16 Dosleg=2015-01-16 DOLE=2015-01-16,non,,14,non,oui,oui,oui,1,1,gouvernement,gouvernement,gouvernement,AN et Dosleg concordants,ordinaire,ordinaire,ordinaire,AN et Dosleg concordants,non,DLR5L14N33251,45164,Délimitation des régions et élections régionales et départementales
2015-104,2015-02-03,non,AN=2015-02-03 Dosleg=2015-02-03 DOLE=2015-02-03,non,,14,non,oui,oui,oui,1,1,gouvernement,gouvernement,gouvernement,AN et Dosleg concordants,traite,traite,traite,AN et Dosleg concordants,oui,DLR5L14N28935,38382,Accord France-Azerbaïdjan : centres culturels
2015-105,2015-02-03,non,AN=2015-02-03 Dosleg=2015-02-03 DOLE=,non,"DOLE : loi d'autorisation d'un traité (DOLE n'en contient qu'une minorité ; motif constaté, non documenté par la DILA)",14,non,oui,oui,non,0,1,gouvernement,gouvernement,gouvernement,AN et Dosleg concordants,traite,traite,traite,AN et Dosleg concordants,oui,DLR5L14N31052,42482,"Accord France-Irak : coopération culturelle, scientifique et technique"
2015-106,2015-02-03,non,AN=2015-02-03 Dosleg=2015-02-03 DOLE=,non,"DOLE : loi d'autorisation d'un traité (DOLE n'en contient qu'une minorité ; motif constaté, non documenté par la DILA)",14,non,oui,oui,non,0,1,gouvernement,gouvernement,gouvernement,AN et Dosleg concordants,traite,traite,traite,AN et Dosleg concordants,oui,DLR5L14N31053,42483,Accord UE-Irak : partenariat et coopération
2015-136,2015-02-09,non,AN=2015-02-09 Dosleg=2015-02-09 DOLE=2015-02-09,non,,14,non,oui,oui,oui,1,1,parlementaire AN,parlementaire AN,parlementaire AN,AN et Dosleg concordants,ordinaire,ordinaire,ordinaire,AN et Dosleg concordants,non,DLR5L14N31977,43531,Ondes électromagnétiques
2015-177,2015-02-16,non,AN=2015-02-16 Dosleg=2015-02-16 DOLE=2015-02-16,non,,14,non,oui,oui,oui,1,1,gouvernement,gouvernement,gouvernement,AN et Dosleg concordants,ordinaire,ordinaire,ordinaire,AN et Dosleg concordants,non,DLR5L14N31901,43403,Modernisation et simplification du droit
2015-195,2015-02-20,non,AN=2015-02-20 Dosleg=2015-02-20 DOLE=2015-02-20,non,,14,non,oui,oui,oui,1,1,gouvernement,gouvernement,gouvernement,AN et Dosleg concordants,ordinaire,ordinaire,ordinaire,AN et Dosleg concordants,non,DLR5L14N33509,46424,Propriété littéraire et artistique et patrimoine culturel
2015-264,2015-03-09,non,AN=2015-03-09 Dosleg=2015-03-09 DOLE=2015-03-09,non,,14,non,oui,oui,oui,1,1,parlementaire Sénat,parlementaire Sénat,parlementaire Sénat,AN et Dosleg concordants,ordinaire,ordinaire,ordinaire,AN et Dosleg concordants,non,DLR5L14N33497,45583,Communauté de communes ou d'agglomération
2015-274,2015-03-13,non,AN= Dosleg=2015-03-13 DOLE=,non,"AN : premier dépôt le 2012-04-03 (avant la XIVe législature) : dossier hors des fichiers AN XIV à XVII ; DOLE : loi d'autorisation d'un traité (DOLE n'en contient qu'une minorité ; motif constaté, non documenté par la DILA)",14,non,non,oui,non,0,1,,gouvernement,gouvernement,source unique : Dosleg,,traite,traite,source unique,oui,,37243,Traité d'extradition avec l'Argentine
2015-275,2015-03-13,non,AN= Dosleg=2015-03-13 DOLE=,non,"AN : premier dépôt le 2012-04-03 (avant la XIVe législature) : dossier hors des fichiers AN XIV à XVII ; DOLE : loi d'autorisation d'un traité (DOLE n'en contient qu'une minorité ; motif constaté, non documenté par la DILA)",14,non,non,oui,non,0,1,,gouvernement,gouvernement,source unique : Dosleg,,traite,traite,source unique,oui,,37244,Extradition Jordanie
2015-276,2015-03-13,non,AN=2015-03-13 Dosleg=2015-03-13 DOLE=,non,"DOLE : loi d'autorisation d'un traité (DOLE n'en contient qu'une minorité ; motif constaté, non documenté par la DILA)",14,non,oui,oui,non,0,1,gouvernement,gouvernement,gouvernement,AN et Dosleg concordants,traite,traite,traite,AN et Dosleg concordants,oui,DLR5L14N31856,43343,Convention France-Venezuela : extradition
2015-277,2015-03-13,non,AN=2015-03-13 Dosleg=2015-03-13 DOLE=,non,"DOLE : loi d'autorisation d'un traité (DOLE n'en contient qu'une minorité ; motif constaté, non documenté par la DILA)",14,non,oui,oui,non,0,1,gouvernement,gouvernement,gouvernement,AN et Dosleg concordants,traite,traite,traite,AN et Dosleg concordants,oui,DLR5L14N31960,43462,Pérou
2015-278,2015-03-13,non,AN=2015-03-13 Dosleg=2015-03-13 DOLE=2015-03-13,non,,14,non,oui,oui,oui,1,1,gouvernement,gouvernement,gouvernement,AN et Dosleg concordants,traite,traite,traite,AN et Dosleg concordants,oui,DLR5L14N33121,44622,Convention de l'Organisation internationale
2015-279,2015-03-13,non,AN=2015-03-13 Dosleg=2015-03-13 DOLE=2015-03-13,non,,14,non,oui,oui,oui,1,1,gouvernement,gouvernement,gouvernement,AN et Dosleg concordants,traite,traite,traite,AN et Dosleg concordants,oui,DLR5L14N33225,45082,Andorre
2015-291,2015-03-16,non,AN= Dosleg=2015-03-16 DOLE=,non,"AN : premier dépôt le 2012-04-03 (avant la XIVe législature) : dossier hors des fichiers AN XIV à XVII ; DOLE : loi d'autorisation d'un traité (DOLE n'en contient qu'une minorité ; motif constaté, non documenté par la DILA)",14,non,non,oui,non,0,1,,gouvernement,gouvernement,source unique : Dosleg,,traite,traite,source unique,oui,,37242,Entraide judiciaire Jordanie
2015-292,2015-03-16,non,AN=2015-03-16 Dosleg=2015-03-16 DOLE=2015-03-16,non,,14,non,oui,oui,oui,1,1,parlementaire AN,parlementaire AN,parlementaire AN,AN et Dosleg concordants,ordinaire,ordinaire,ordinaire,AN et Dosleg concordants,non,DLR5L14N33442,46062,Régime de la commune nouvelle
2015-294,2015-03-17,non,AN= Dosleg=2015-03-17 DOLE=2015-03-17,non,AN : premier dépôt le 2012-02-13 (avant la XIVe législature) : dossier hors des fichiers AN XIV à XVII,14,non,non,oui,oui,1,1,,parlementaire Sénat,parlementaire Sénat,source unique : Dosleg,,ordinaire,ordinaire,source unique,non,,36742,Formation aux premiers secours et permis de conduire
2015-300,2015-03-18,non,AN=2015-03-18 Dosleg=2015-03-18 DOLE=2015-03-18,non,,14,non,oui,oui,oui,1,1,parlementaire Sénat,parlementaire Sénat,parlementaire Sénat,AN et Dosleg concordants,ordinaire,ordinaire,ordinaire,AN et Dosleg concordants,non,DLR5L14N31722,42763,Stationnement des personnes handicapées
2015-359,2015-03-30,non,AN=2015-03-30 Dosleg=2015-03-30 DOLE=,non,"DOLE : loi d'autorisation d'un traité (DOLE n'en contient qu'une minorité ; motif constaté, non documenté par la DILA)",14,non,oui,oui,non,0,1,gouvernement,gouvernement,gouvernement,AN et Dosleg concordants,traite,traite,traite,AN et Dosleg concordants,oui,DLR5L14N33199,45009,Réacteur à très haut flux
2015-366,2015-03-31,non,AN=2015-03-31 Dosleg=2015-03-31 DOLE=2015-03-31,non,,14,non,oui,oui,oui,1,1,parlementaire Sénat,parlementaire Sénat,parlementaire Sénat,AN et Dosleg concordants,ordinaire,ordinaire,ordinaire,AN et Dosleg concordants,non,DLR5L14N29542,39463,Exercice des mandats locaux
2015-381,2015-04-03,non,AN=2015-04-03 Dosleg=2015-04-03 DOLE=2015-04-03,non,,14,non,oui,oui,oui,1,1,gouvernement,gouvernement,gouvernement,AN et Dosleg concordants,ordinaire,ordinaire,ordinaire,AN et Dosleg concordants,non,DLR5L14N33688,47322,Métropole de Lyon
2015-382,2015-04-03,non,AN=2015-04-03 Dosleg=2015-04-03 DOLE=2015-04-03,non,,14,non,oui,oui,oui,1,1,gouvernement,gouvernement,gouvernement,AN et Dosleg concordants,ordinaire,ordinaire,ordinaire,AN et Dosleg concordants,non,DLR5L14N33689,47342,Métropole de Lyon
2015-411,2015-04-13,non,AN=2015-04-13 Dosleg=2015-04-13 DOLE=2015-04-13,non,,14,non,oui,oui,oui,1,1,parlementaire AN,parlementaire AN,parlementaire AN,AN et Dosleg concordants,ordinaire,ordinaire,ordinaire,AN et Dosleg concordants,non,DLR5L14N33463,46320,Nouveaux indicateurs de richesse
2015-433,2015-04-17,non,AN=2015-04-17 Dosleg=2015-04-17 DOLE=2015-04-17,non,,14,non,oui,oui,oui,1,1,parlementaire AN,parlementaire AN,parlementaire AN,AN et Dosleg concordants,ordinaire,ordinaire,ordinaire,AN et Dosleg concordants,non,DLR5L14N33418,45902,Modernisation de la presse
2015-468,2015-04-27,non,AN= Dosleg=2015-04-27 DOLE=,non,"AN : premier dépôt le 2011-11-16 (avant la XIVe législature) : dossier hors des fichiers AN XIV à XVII ; DOLE : loi d'autorisation d'un traité (DOLE n'en contient qu'une minorité ; motif constaté, non documenté par la DILA)",14,non,non,oui,non,0,1,,gouvernement,gouvernement,source unique : Dosleg,,traite,traite,source unique,oui,,37438,Chine
2015-469,2015-04-27,non,AN=2015-04-27 Dosleg=2015-04-27 DOLE=,non,"DOLE : loi d'autorisation d'un traité (DOLE n'en contient qu'une minorité ; motif constaté, non documenté par la DILA)",14,non,oui,oui,non,0,1,gouvernement,gouvernement,gouvernement,AN et Dosleg concordants,traite,traite,traite,AN et Dosleg concordants,oui,DLR5L14N31899,43402,Accord avec l'Albanie sur les personnes en séjour irrégulier
2015-470,2015-04-27,non,AN=2015-04-27 Dosleg=2015-04-27 DOLE=,non,"DOLE : loi d'autorisation d'un traité (DOLE n'en contient qu'une minorité ; motif constaté, non documenté par la DILA)",14,non,oui,oui,non,0,1,gouvernement,gouvernement,gouvernement,AN et Dosleg concordants,traite,traite,traite,AN et Dosleg concordants,oui,DLR5L14N33123,44623,Organisation internationale du travail dans la pêche
2015-471,2015-04-27,non,AN=2015-04-27 Dosleg=2015-04-27 DOLE=,non,"DOLE : loi d'autorisation d'un traité (DOLE n'en contient qu'une minorité ; motif constaté, non documenté par la DILA)",14,non,oui,oui,non,0,1,gouvernement,gouvernement,gouvernement,AN et Dosleg concordants,traite,traite,traite,AN et Dosleg concordants,oui,DLR5L14N33180,44882,Accord avec les Pays-Bas sur la coopération policière à Saint-Martin
2015-472,2015-04-27,non,AN=2015-04-27 Dosleg=2015-04-27 DOLE=2015-04-27,non,,14,non,oui,oui,oui,1,1,gouvernement,gouvernement,gouvernement,AN et Dosleg concordants,traite,traite,traite,AN et Dosleg concordants,oui,DLR5L14N33661,47142,Accord Union européenne - Moldavie
2015-533,2015-05-15,non,"AN=2015-05-15 Dosleg=2015-05-15 DOLE=2015-05-15,2015-05-15",non,,14,non,oui,oui,oui,2,1,gouvernement,gouvernement,gouvernement,AN et Dosleg concordants,traite,traite,traite,AN et Dosleg concordants,oui,DLR5L14N33403,45762,Fonds de résolution unique
2015-552,2015-05-20,non,AN=2015-05-20 Dosleg=2015-05-20 DOLE=,non,"DOLE : loi d'autorisation d'un traité (DOLE n'en contient qu'une minorité ; motif constaté, non documenté par la DILA)",14,non,oui,oui,non,0,1,gouvernement,gouvernement,gouvernement,AN et Dosleg concordants,traite,traite,traite,AN et Dosleg concordants,oui,DLR5L14N33608,46943,Services postaux de paiement
2015-553,2015-05-20,non,AN=2015-05-20 Dosleg=2015-05-20 DOLE=,non,"DOLE : loi d'autorisation d'un traité (DOLE n'en contient qu'une minorité ; motif constaté, non documenté par la DILA)",14,non,oui,oui,non,0,1,gouvernement,gouvernement,gouvernement,AN et Dosleg concordants,traite,traite,traite,AN et Dosleg concordants,oui,DLR5L14N33609,46944,Convention postale universelle
2015-588,2015-06-02,non,AN=2015-06-02 Dosleg=2015-06-02 DOLE=2015-06-02,non,,14,non,oui,oui,oui,1,1,parlementaire AN,parlementaire AN,parlementaire AN,AN et Dosleg concordants,ordinaire,ordinaire,ordinaire,AN et Dosleg concordants,non,DLR5L14N30912,42666,Protection des installations civiles abritant des matières nucléaires
2015-714,2015-06-24,non,AN=2015-06-24 Dosleg=2015-06-24 DOLE=2015-06-24,non,,14,non,oui,oui,oui,1,1,parlementaire Sénat,parlementaire Sénat,parlementaire Sénat,AN et Dosleg concordants,ordinaire,ordinaire,ordinaire,AN et Dosleg concordants,non,DLR5L14N33592,45042,Squatteurs
2015-735,2015-06-25,non,AN= Dosleg=2015-06-25 DOLE=,non,"AN : premier dépôt le 2009-11-04 (avant la XIVe législature) : dossier hors des fichiers AN XIV à XVII ; DOLE : loi d'autorisation d'un traité (DOLE n'en contient qu'une minorité ; motif constaté, non documenté par la DILA)",14,non,non,oui,non,0,1,,gouvernement,gouvernement,source unique : Dosleg,,traite,traite,source unique,oui,,37430,Turkménistan
2015-736,2015-06-25,non,AN=2015-06-25 Dosleg=2015-06-25 DOLE=,non,"DOLE : loi d'autorisation d'un traité (DOLE n'en contient qu'une minorité ; motif constaté, non documenté par la DILA)",14,non,oui,oui,non,0,1,gouvernement,gouvernement,gouvernement,AN et Dosleg concordants,traite,traite,traite,AN et Dosleg concordants,oui,DLR5L14N32736,44064,Accord aérien avec le Turkménistan
2015-737,2015-06-25,non,AN=2015-06-25 Dosleg=2015-06-25 DOLE=2015-06-25,non,,14,non,oui,oui,oui,1,1,gouvernement,gouvernement,gouvernement,AN et Dosleg concordants,ordinaire,ordinaire,ordinaire,AN et Dosleg concordants,non,DLR5L14N33612,46942,Université des Antilles et de la Guyane
2015-762,2015-06-29,non,AN=2015-06-29 Dosleg=2015-06-29 DOLE=2015-06-29,non,,14,non,oui,oui,oui,1,1,gouvernement,gouvernement,gouvernement,AN et Dosleg concordants,ordinaire,ordinaire,ordinaire,AN et Dosleg concordants,non,DLR5L14N33863,48131,Octroi de mer
2015-816,2015-07-06,non,AN=2015-07-06 Dosleg=2015-07-06 DOLE=2015-07-06,non,,14,non,oui,oui,oui,1,1,gouvernement,gouvernement,gouvernement,AN et Dosleg concordants,ordinaire,ordinaire,ordinaire,AN et Dosleg concordants,non,DLR5L14N33690,47343,Métropole de Lyon
2015-820,2015-07-07,non,AN=2015-07-07 Dosleg=2015-07-07 DOLE=,non,"DOLE : loi d'autorisation d'un traité (DOLE n'en contient qu'une minorité ; motif constaté, non documenté par la DILA)",14,non,oui,oui,non,0,1,gouvernement,gouvernement,gouvernement,AN et Dosleg concordants,traite,traite,traite,AN et Dosleg concordants,oui,DLR5L14N30759,42062,Convention de Nairobi sur l'enlèvement des épaves
2015-821,2015-07-07,non,AN=2015-07-07 Dosleg=2015-07-07 DOLE=,non,"DOLE : loi d'autorisation d'un traité (DOLE n'en contient qu'une minorité ; motif constaté, non documenté par la DILA)",14,non,oui,oui,non,0,1,gouvernement,gouvernement,gouvernement,AN et Dosleg concordants,traite,traite,traite,AN et Dosleg concordants,oui,DLR5L14N32209,43703,Sources de l'Ariège
2015-822,2015-07-07,non,AN=2015-07-07 Dosleg=2015-07-07 DOLE=,non,"DOLE : loi d'autorisation d'un traité (DOLE n'en contient qu'une minorité ; motif constaté, non documenté par la DILA)",14,non,oui,oui,non,0,1,gouvernement,gouvernement,gouvernement,AN et Dosleg concordants,traite,traite,traite,AN et Dosleg concordants,oui,DLR5L14N32210,43702,Andorre
2015-823,2015-07-07,non,AN=2015-07-07 Dosleg=2015-07-07 DOLE=2015-07-07,non,,14,non,oui,oui,oui,1,1,gouvernement,gouvernement,gouvernement,AN et Dosleg concordants,traite,traite,traite,AN et Dosleg concordants,oui,DLR5L14N33862,48122,Accord d'association UE-Ukraine
2015-824,2015-07-07,non,AN=2015-07-07 Dosleg=2015-07-07 DOLE=,non,"DOLE : loi d'autorisation d'un traité (DOLE n'en contient qu'une minorité ; motif constaté, non documenté par la DILA)",14,non,oui,oui,non,0,1,gouvernement,gouvernement,gouvernement,AN et Dosleg concordants,traite,traite,traite,AN et Dosleg concordants,oui,DLR5L14N32206,43704,Andorre
2015-852,2015-07-13,non,AN=2015-07-13 Dosleg=2015-07-13 DOLE=2015-07-13,non,,14,non,oui,oui,oui,1,1,parlementaire AN,parlementaire AN,parlementaire AN,AN et Dosleg concordants,ordinaire,ordinaire,ordinaire,AN et Dosleg concordants,non,DLR5L14N33796,47942,Délais d'inscription sur les listes électorales
2015-854,2015-07-15,non,AN=2015-07-15 Dosleg=2015-07-15 DOLE=,non,"DOLE : loi d'autorisation d'un traité (DOLE n'en contient qu'une minorité ; motif constaté, non documenté par la DILA)",14,non,oui,oui,non,0,1,gouvernement,gouvernement,gouvernement,AN et Dosleg concordants,traite,traite,traite,AN et Dosleg concordants,oui,DLR5L14N33826,47998,Convention avec Andorre dans le domaine de l'enseignement
2015-891,2015-07-23,non,AN=2015-07-23 Dosleg=2015-07-23 DOLE=,non,"DOLE : loi d'autorisation d'un traité (DOLE n'en contient qu'une minorité ; motif constaté, non documenté par la DILA)",14,non,oui,oui,non,0,1,gouvernement,gouvernement,gouvernement,AN et Dosleg concordants,traite,traite,traite,AN et Dosleg concordants,oui,DLR5L14N33346,45542,Coopération transfrontalière avec le Royaume de Belgique
2015-892,2015-07-23,non,AN=2015-07-23 Dosleg=2015-07-23 DOLE=2015-07-23,non,,14,non,oui,oui,oui,1,1,gouvernement,gouvernement,gouvernement,AN et Dosleg concordants,traite,traite,traite,AN et Dosleg concordants,oui,DLR5L14N33887,48263,Indemnisation de victimes de la Shoah
2015-905,2015-07-24,non,AN=2015-07-24 Dosleg=2015-07-24 DOLE=2015-07-24,non,,14,non,oui,oui,oui,1,1,gouvernement,gouvernement,gouvernement,AN et Dosleg concordants,traite,traite,traite,AN et Dosleg concordants,oui,DLR5L14N33916,48304,Entraide judiciaire avec le Maroc
2015-911,2015-07-24,non,AN=2015-07-24 Dosleg=2015-07-24 DOLE=2015-07-24,non,,14,non,oui,oui,oui,1,1,parlementaire Sénat,parlementaire Sénat,parlementaire Sénat,AN et Dosleg concordants,organique,organique,organique,AN et Dosleg concordants,non,DLR5L14N33988,48402,Contrôle des techniques de renseignement
2015-912,2015-07-24,non,AN=2015-07-24 Dosleg=2015-07-24 DOLE=2015-07-24,non,,14,non,oui,oui,oui,1,1,gouvernement,gouvernement,gouvernement,AN et Dosleg concordants,ordinaire,ordinaire,ordinaire,AN et Dosleg concordants,non,DLR5L14N33839,48066,Renseignement
2015-917,2015-07-28,non,AN=2015-07-28 Dosleg=2015-07-28 DOLE=2015-07-28,non,,14,non,oui,oui,oui,1,1,gouvernement,gouvernement,gouvernement,AN et Dosleg concordants,ordinaire,ordinaire,ordinaire,AN et Dosleg concordants,non,DLR5L14N33983,48483,Programmation militaire pour les années 2015 à 2019
2015-925,2015-07-29,non,AN=2015-07-29 Dosleg=2015-07-29 DOLE=2015-07-29,non,,14,non,oui,oui,oui,1,1,gouvernement,gouvernement,gouvernement,AN et Dosleg concordants,ordinaire,ordinaire,ordinaire,AN et Dosleg concordants,non,DLR5L14N33347,45544,Réforme du droit d'asile
2015-957,2015-08-03,non,AN=2015-08-03 Dosleg=2015-08-03 DOLE=2015-08-03,non,,14,non,oui,oui,oui,1,1,gouvernement,gouvernement,gouvernement,AN et Dosleg concordants,finances_fss,finances_fss,finances_fss,AN et Dosleg concordants,non,DLR5L14N34004,48525,Règlement du budget 2014
2015-987,2015-08-05,non,AN=2015-08-05 Dosleg=2015-08-05 DOLE=2015-08-05,non,,14,non,oui,oui,oui,1,1,gouvernement,gouvernement,gouvernement,AN et Dosleg concordants,organique,organique,organique,AN et Dosleg concordants,non,DLR5L14N33912,48262,Accession de la Nouvelle Calédonie à la pleine souveraineté
2015-988,2015-08-05,oui,AN=2015-08-06 Dosleg=2015-08-05 DOLE=2015-08-05,non,,14,non,oui,oui,oui,1,1,gouvernement,gouvernement,gouvernement,AN et Dosleg concordants,ordinaire,ordinaire,ordinaire,AN et Dosleg concordants,non,DLR5L14N33739,47643,Accessibilité pour les personnes handicapées
2015-990,2015-08-06,non,AN=2015-08-06 Dosleg=2015-08-06 DOLE=2015-08-06,non,,14,non,oui,oui,oui,1,1,gouvernement,gouvernement,gouvernement,AN et Dosleg concordants,ordinaire,ordinaire,ordinaire,AN et Dosleg concordants,non,DLR5L14N33632,47042,"Croissance, activité et égalité des chances"
2015-991,2015-08-07,non,AN=2015-08-07 Dosleg=2015-08-07 DOLE=2015-08-07,non,,14,non,oui,oui,oui,1,1,gouvernement,gouvernement,gouvernement,AN et Dosleg concordants,ordinaire,ordinaire,ordinaire,AN et Dosleg concordants,non,DLR5L14N33249,45163,Nouvelle organisation territoriale de la République
2015-992,2015-08-17,non,AN=2015-08-17 Dosleg=2015-08-17 DOLE=2015-08-17,non,,14,non,oui,oui,oui,1,1,gouvernement,gouvernement,gouvernement,AN et Dosleg concordants,ordinaire,ordinaire,ordinaire,AN et Dosleg concordants,non,DLR5L14N33352,45622,Transition énergétique
2015-993,2015-08-17,non,AN=2015-08-17 Dosleg=2015-08-17 DOLE=2015-08-17,non,,14,non,oui,oui,oui,1,1,gouvernement,gouvernement,gouvernement,AN et Dosleg concordants,ordinaire,ordinaire,ordinaire,AN et Dosleg concordants,non,DLR5L14N33144,44665,Adaptation au droit de l'Union européenne
2015-994,2015-08-17,non,AN=2015-08-17 Dosleg=2015-08-17 DOLE=2015-08-17,non,,14,non,oui,oui,oui,1,1,gouvernement,gouvernement,gouvernement,AN et Dosleg concordants,ordinaire,ordinaire,ordinaire,AN et Dosleg concordants,non,DLR5L14N33930,48322,Dialogue social et emploi
2015-1197,2015-09-30,non,AN=2015-09-30 Dosleg=2015-09-30 DOLE=,non,"DOLE : loi d'autorisation d'un traité (DOLE n'en contient qu'une minorité ; motif constaté, non documenté par la DILA)",14,non,oui,oui,non,0,1,gouvernement,gouvernement,gouvernement,AN et Dosleg concordants,traite,traite,traite,AN et Dosleg concordants,oui,DLR5L14N29898,40402,Lutte contre le terrorisme
2015-1198,2015-09-30,non,AN=2015-09-30 Dosleg=2015-09-30 DOLE=2015-09-30,non,,14,non,oui,oui,oui,1,1,gouvernement,gouvernement,gouvernement,AN et Dosleg concordants,traite,traite,traite,AN et Dosleg concordants,oui,DLR5L14N34030,48664,Conférence sur les changements climatiques (COP 21)
2015-1236,2015-10-07,non,AN=2015-10-07 Dosleg=2015-10-07 DOLE=,non,"DOLE : loi d'autorisation d'un traité (DOLE n'en contient qu'une minorité ; motif constaté, non documenté par la DILA)",14,non,oui,oui,non,0,1,gouvernement,gouvernement,gouvernement,AN et Dosleg concordants,traite,traite,traite,AN et Dosleg concordants,oui,DLR5L14N33735,47642,Accord fiscal avec Saint-Barthélemy
2015-1254,2015-10-09,non,AN=2015-10-09 Dosleg=2015-10-09 DOLE=2015-10-09,non,,14,non,oui,oui,oui,1,1,gouvernement,gouvernement,gouvernement,AN et Dosleg concordants,traite,traite,traite,AN et Dosleg concordants,oui,DLR5L14N34249,49162,Cessation d'accord France-Russie
2015-1267,2015-10-14,non,AN=2015-10-14 Dosleg=2015-10-14 DOLE=2015-10-14,non,,14,non,oui,oui,oui,1,1,parlementaire AN,parlementaire AN,parlementaire AN,AN et Dosleg concordants,ordinaire,ordinaire,ordinaire,AN et Dosleg concordants,non,DLR5L14N33991,48543,Télévision numérique terrestre
2015-1268,2015-10-14,non,AN=2015-10-14 Dosleg=2015-10-14 DOLE=2015-10-14,non,,14,non,oui,oui,oui,1,1,gouvernement,gouvernement,gouvernement,AN et Dosleg concordants,ordinaire,ordinaire,ordinaire,AN et Dosleg concordants,non,DLR5L14N33948,48345,Modernisation du droit de l'outre-mer
2015-1302,2015-10-19,non,AN=2015-10-19 Dosleg=2015-10-19 DOLE=,non,"DOLE : loi d'autorisation d'un traité (DOLE n'en contient qu'une minorité ; motif constaté, non documenté par la DILA)",14,non,oui,oui,non,0,1,gouvernement,gouvernement,gouvernement,AN et Dosleg concordants,traite,traite,traite,AN et Dosleg concordants,oui,DLR5L14N30760,42063,Accord commercial et de coopération avec l'Afrique du Sud
2015-1303,2015-10-19,non,AN=2015-10-19 Dosleg=2015-10-19 DOLE=,non,"DOLE : loi d'autorisation d'un traité (DOLE n'en contient qu'une minorité ; motif constaté, non documenté par la DILA)",14,non,oui,oui,non,0,1,gouvernement,gouvernement,gouvernement,AN et Dosleg concordants,traite,traite,traite,AN et Dosleg concordants,oui,DLR5L14N30556,41804,Partenariat économique avec la Côte d'Ivoire
2015-1350,2015-10-26,non,AN=2015-10-26 Dosleg=2015-10-26 DOLE=2015-10-26,non,,14,non,oui,oui,oui,1,1,gouvernement,gouvernement,gouvernement,AN et Dosleg concordants,traite,traite,traite,AN et Dosleg concordants,oui,DLR5L14N33945,48343,Commerce illicite des produits du tabac
2015-1402,2015-11-05,non,AN=2015-11-05 Dosleg=2015-11-05 DOLE=2015-11-05,non,,14,non,oui,oui,oui,1,1,parlementaire Sénat,parlementaire Sénat,parlementaire Sénat,AN et Dosleg concordants,ordinaire,ordinaire,ordinaire,AN et Dosleg concordants,non,DLR5L14N33768,44783,Signalement de situations de maltraitance
2015-1448,2015-11-09,non,AN=2015-11-09 Dosleg=2015-11-09 DOLE=2015-11-09,non,,14,non,oui,oui,oui,1,1,gouvernement,gouvernement,gouvernement,AN et Dosleg concordants,traite,traite,traite,AN et Dosleg concordants,oui,DLR5L14N33985,48484,Accord avec la Géorgie
2015-1463,2015-11-12,non,AN=2015-11-12 Dosleg=2015-11-12 DOLE=,non,"DOLE : loi d'autorisation d'un traité (DOLE n'en contient qu'une minorité ; motif constaté, non documenté par la DILA)",14,non,oui,oui,non,0,1,gouvernement,gouvernement,gouvernement,AN et Dosleg concordants,traite,traite,traite,AN et Dosleg concordants,oui,DLR5L14N34250,49163,Convention relative aux droits de l'enfant
2015-1485,2015-11-17,non,AN=2015-11-17 Dosleg=2015-11-17 DOLE=2015-11-17,non,,14,non,oui,oui,oui,1,1,parlementaire Sénat,parlementaire Sénat,parlementaire Sénat,AN et Dosleg concordants,organique,organique,organique,AN et Dosleg concordants,non,DLR5L14N33643,44642,Saint-Barthélemy
2015-1501,2015-11-20,non,AN=2015-11-20 Dosleg=2015-11-20 DOLE=2015-11-20,non,,14,non,oui,oui,oui,1,1,gouvernement,gouvernement,gouvernement,AN et Dosleg concordants,ordinaire,ordinaire,ordinaire,AN et Dosleg concordants,non,DLR5L14N34457,50022,État d'urgence
2015-1541,2015-11-27,non,AN=2015-11-27 Dosleg=2015-11-27 DOLE=2015-11-27,non,,14,non,oui,oui,oui,1,1,parlementaire AN,parlementaire AN,parlementaire AN,AN et Dosleg concordants,ordinaire,ordinaire,ordinaire,AN et Dosleg concordants,non,DLR5L14N33906,48310,Sportifs de haut niveau et professionnels
2015-1556,2015-11-30,non,AN=2015-11-30 Dosleg=2015-11-30 DOLE=2015-11-30,non,,14,non,oui,oui,oui,1,1,parlementaire AN,parlementaire AN,parlementaire AN,AN et Dosleg concordants,ordinaire,ordinaire,ordinaire,AN et Dosleg concordants,non,DLR5L14N34256,49265,Surveillance des communications électroniques
2015-1567,2015-12-02,non,AN=2015-12-02 Dosleg=2015-12-02 DOLE=2015-12-02,non,,14,non,oui,oui,oui,1,1,gouvernement,gouvernement,gouvernement,AN et Dosleg concordants,ordinaire,ordinaire,ordinaire,AN et Dosleg concordants,non,DLR5L14N34124,48945,Prévention des risques
2015-1592,2015-12-08,non,AN=2015-12-08 Dosleg=2015-12-08 DOLE=2015-12-08,non,,14,non,oui,oui,oui,1,1,parlementaire AN,parlementaire AN,parlementaire AN,AN et Dosleg concordants,ordinaire,ordinaire,ordinaire,AN et Dosleg concordants,non,DLR5L14N33974,48493,Organisation de la manutention dans les ports maritimes
2015-1672,2015-12-16,non,AN=2015-12-16 Dosleg=2015-12-16 DOLE=,non,"DOLE : loi d'autorisation d'un traité (DOLE n'en contient qu'une minorité ; motif constaté, non documenté par la DILA)",14,non,oui,oui,non,0,1,gouvernement,gouvernement,gouvernement,AN et Dosleg concordants,traite,traite,traite,AN et Dosleg concordants,oui,DLR5L14N34068,48764,Ressources propres de l'Union européenne
2015-1702,2015-12-21,non,AN=2015-12-21 Dosleg=2015-12-21 DOLE=2015-12-21,non,,14,non,oui,oui,oui,1,1,gouvernement,gouvernement,gouvernement,AN et Dosleg concordants,finances_fss,finances_fss,finances_fss,AN et Dosleg concordants,non,DLR5L14N34322,49585,Sécurité sociale
2015-1703,2015-12-21,non,AN=2015-12-21 Dosleg=2015-12-21 DOLE=2015-12-21,non,,14,non,oui,oui,oui,1,1,parlementaire Sénat,parlementaire Sénat,parlementaire Sénat,AN et Dosleg concordants,ordinaire,ordinaire,ordinaire,AN et Dosleg concordants,non,DLR5L14N34363,48642,Financement des partis politiques
2015-1704,2015-12-21,non,AN= Dosleg=2015-12-21 DOLE=,non,"AN : premier dépôt le 2012-06-06 (avant la XIVe législature) : dossier hors des fichiers AN XIV à XVII ; DOLE : loi d'autorisation d'un traité (DOLE n'en contient qu'une minorité ; motif constaté, non documenté par la DILA)",14,non,non,oui,non,0,1,,gouvernement,gouvernement,source unique : Dosleg,,traite,traite,source unique,oui,,37763,Organisation internationale pour les migrations
2015-1705,2015-12-21,non,AN= Dosleg=2015-12-21 DOLE=2015-12-21,non,AN : premier dépôt le 2012-02-29 (avant la XIVe législature) : dossier hors des fichiers AN XIV à XVII,14,non,non,oui,oui,1,1,,gouvernement,gouvernement,source unique : Dosleg,,traite,traite,source unique,oui,,36962,Centre spatial guyanais
2015-1706,2015-12-21,non,AN=2015-12-21 Dosleg=2015-12-21 DOLE=,non,"DOLE : loi d'autorisation d'un traité (DOLE n'en contient qu'une minorité ; motif constaté, non documenté par la DILA)",14,non,oui,oui,non,0,1,gouvernement,gouvernement,gouvernement,AN et Dosleg concordants,traite,traite,traite,AN et Dosleg concordants,oui,DLR5L14N30099,41185,Tunnel sous le Mont-Blanc
2015-1707,2015-12-21,non,AN=2015-12-21 Dosleg=2015-12-21 DOLE=,non,"DOLE : loi d'autorisation d'un traité (DOLE n'en contient qu'une minorité ; motif constaté, non documenté par la DILA)",14,non,oui,oui,non,0,1,gouvernement,gouvernement,gouvernement,AN et Dosleg concordants,traite,traite,traite,AN et Dosleg concordants,oui,DLR5L14N33291,45366,Accord France-Canada : sécurité sociale
2015-1712,2015-12-22,non,AN=2015-12-22 Dosleg=2015-12-22 DOLE=2015-12-22,non,,14,non,oui,oui,oui,1,1,parlementaire Sénat,parlementaire Sénat,parlementaire Sénat,AN et Dosleg concordants,organique,organique,organique,AN et Dosleg concordants,non,DLR5L14N34276,48844,Dématérialisation du Journal officiel
2015-1713,2015-12-22,non,AN=2015-12-22 Dosleg=2015-12-22 DOLE=2015-12-22,non,,14,non,oui,oui,oui,1,1,parlementaire Sénat,parlementaire Sénat,parlementaire Sénat,AN et Dosleg concordants,ordinaire,ordinaire,ordinaire,AN et Dosleg concordants,non,DLR5L14N34279,48846,Dématérialisation du Journal officiel
2015-1714,2015-12-22,non,AN=2015-12-22 Dosleg=2015-12-22 DOLE=,non,"DOLE : loi d'autorisation d'un traité (DOLE n'en contient qu'une minorité ; motif constaté, non documenté par la DILA)",14,non,oui,oui,non,0,1,gouvernement,gouvernement,gouvernement,AN et Dosleg concordants,traite,traite,traite,AN et Dosleg concordants,oui,DLR5L14N33290,45363,Sauvegarde des Droits de l'Homme
2015-1715,2015-12-22,non,AN=2015-12-22 Dosleg=2015-12-22 DOLE=2015-12-22,non,,14,non,oui,oui,oui,1,1,gouvernement,gouvernement,gouvernement,AN et Dosleg concordants,traite,traite,traite,AN et Dosleg concordants,oui,DLR5L14N34082,48863,Convention fiscale avec le Grand-Duché de Luxembourg
2015-1716,2015-12-22,non,AN=2015-12-22 Dosleg=2015-12-22 DOLE=2015-12-22,non,,14,non,oui,oui,oui,1,1,gouvernement,gouvernement,gouvernement,AN et Dosleg concordants,traite,traite,traite,AN et Dosleg concordants,oui,DLR5L14N34360,49784,Convention fiscale avec l'Allemagne
2015-1776,2015-12-28,non,AN=2015-12-28 Dosleg=2015-12-28 DOLE=2015-12-28,non,,14,non,oui,oui,oui,1,1,gouvernement,gouvernement,gouvernement,AN et Dosleg concordants,ordinaire,ordinaire,ordinaire,AN et Dosleg concordants,non,DLR5L14N33198,45005,Vieillissement
2015-1777,2015-12-28,non,AN=2015-12-28 Dosleg=2015-12-28 DOLE=2015-12-28,non,,14,non,oui,oui,oui,1,1,gouvernement,gouvernement,gouvernement,AN et Dosleg concordants,traite,traite,traite,AN et Dosleg concordants,oui,DLR5L14N33915,48302,Accord commercial UE - Colombie et Pérou
2015-1778,2015-12-28,non,AN=2015-12-28 Dosleg=2015-12-28 DOLE=2015-12-28,non,,14,non,oui,oui,oui,1,1,gouvernement,gouvernement,gouvernement,AN et Dosleg concordants,traite,traite,traite,AN et Dosleg concordants,oui,DLR5L14N34169,49003,Accord - Comptes financiers
2015-1779,2015-12-28,non,AN=2015-12-28 Dosleg=2015-12-28 DOLE=2015-12-28,non,,14,non,oui,oui,oui,1,1,gouvernement,gouvernement,gouvernement,AN et Dosleg concordants,ordinaire,ordinaire,ordinaire,AN et Dosleg concordants,non,DLR5L14N34214,49102,Réutilisation des informations du secteur public
2015-1785,2015-12-29,non,AN=2015-12-29 Dosleg=2015-12-29 DOLE=2015-12-29,non,,14,non,oui,oui,oui,1,1,gouvernement,gouvernement,gouvernement,AN et Dosleg concordants,finances_fss,finances_fss,finances_fss,AN et Dosleg concordants,non,DLR5L14N34104,49483,Budget 2016
2015-1786,2015-12-29,non,AN=2015-12-29 Dosleg=2015-12-29 DOLE=2015-12-29,non,,14,non,oui,oui,oui,1,1,gouvernement,gouvernement,gouvernement,AN et Dosleg concordants,finances_fss,finances_fss,finances_fss,AN et Dosleg concordants,non,DLR5L14N34429,49983,Loi de finances rectificative
2016-41,2016-01-26,non,AN=2016-01-26 Dosleg=2016-01-26 DOLE=2016-01-26,non,,14,non,oui,oui,oui,1,1,gouvernement,gouvernement,gouvernement,AN et Dosleg concordants,ordinaire,ordinaire,ordinaire,AN et Dosleg concordants,non,DLR5L14N33494,46344,Santé
2016-87,2016-02-02,non,AN=2016-02-02 Dosleg=2016-02-02 DOLE=2016-02-02,non,,14,non,oui,oui,oui,1,1,parlementaire AN,parlementaire AN,parlementaire AN,AN et Dosleg concordants,ordinaire,ordinaire,ordinaire,AN et Dosleg concordants,non,DLR5L14N33687,47484,Malades et personnes en fin de vie
2016-113,2016-02-05,non,AN= Dosleg=2016-02-05 DOLE=2016-02-05,non,AN : premier dépôt le 2005-04-27 (avant la XIVe législature) : dossier hors des fichiers AN XIV à XVII,14,non,non,oui,oui,1,1,,gouvernement,gouvernement,source unique : Dosleg,,ordinaire,ordinaire,source unique,non,,27746,Agence internationale de l'énergie atomique
2016-114,2016-02-05,non,AN=2016-02-05 Dosleg=2016-02-05 DOLE=2016-02-05,non,,14,non,oui,oui,oui,1,1,gouvernement,gouvernement,gouvernement,AN et Dosleg concordants,traite,traite,traite,AN et Dosleg concordants,oui,DLR5L14N33513,46423,Lutte contre la criminalité grave et le terrorisme
2016-138,2016-02-11,non,AN=2016-02-11 Dosleg=2016-02-11 DOLE=2016-02-11,non,,14,non,oui,oui,oui,1,1,parlementaire AN,parlementaire AN,parlementaire AN,AN et Dosleg concordants,ordinaire,ordinaire,ordinaire,AN et Dosleg concordants,non,DLR5L14N34258,49332,Lutte contre le gaspillage alimentaire
2016-162,2016-02-19,non,AN=2016-02-19 Dosleg=2016-02-19 DOLE=2016-02-19,non,,14,non,oui,oui,oui,1,1,gouvernement,gouvernement,gouvernement,AN et Dosleg concordants,ordinaire,ordinaire,ordinaire,AN et Dosleg concordants,non,DLR5L14N34683,50762,Prorogation de l'état d'urgence
2016-231,2016-02-29,non,AN=2016-02-29 Dosleg=2016-02-29 DOLE=2016-02-29,non,,14,non,oui,oui,oui,1,1,parlementaire AN,parlementaire AN,parlementaire AN,AN et Dosleg concordants,ordinaire,ordinaire,ordinaire,AN et Dosleg concordants,non,DLR5L14N34139,49028,Lutte contre le chômage de longue durée
2016-232,2016-03-01,non,AN=2016-03-01 Dosleg=2016-03-01 DOLE=,non,"DOLE : loi d'autorisation d'un traité (DOLE n'en contient qu'une minorité ; motif constaté, non documenté par la DILA)",14,non,oui,oui,non,0,1,gouvernement,gouvernement,gouvernement,AN et Dosleg concordants,traite,traite,traite,AN et Dosleg concordants,oui,DLR5L14N34081,48862,Convention fiscale avec la Suisse
2016-233,2016-03-01,non,AN=2016-03-01 Dosleg=2016-03-01 DOLE=,non,"DOLE : loi d'autorisation d'un traité (DOLE n'en contient qu'une minorité ; motif constaté, non documenté par la DILA)",14,non,oui,oui,non,0,1,gouvernement,gouvernement,gouvernement,AN et Dosleg concordants,traite,traite,traite,AN et Dosleg concordants,oui,DLR5L14N34361,49785,Convention fiscale avec Singapour
2016-274,2016-03-07,non,AN=2016-03-07 Dosleg=2016-03-07 DOLE=2016-03-07,non,,14,non,oui,oui,oui,1,1,gouvernement,gouvernement,gouvernement,AN et Dosleg concordants,ordinaire,ordinaire,ordinaire,AN et Dosleg concordants,non,DLR5L14N33345,45543,Droit des étrangers en France
2016-297,2016-03-14,non,AN=2016-03-14 Dosleg=2016-03-14 DOLE=2016-03-14,non,,14,non,oui,oui,oui,1,1,parlementaire Sénat,parlementaire Sénat,parlementaire Sénat,AN et Dosleg concordants,ordinaire,ordinaire,ordinaire,AN et Dosleg concordants,non,DLR5L14N33597,45782,Protection de l'enfant
2016-298,2016-03-14,non,AN=2016-03-14 Dosleg=2016-03-14 DOLE=2016-03-14,non,,14,non,oui,oui,oui,1,1,gouvernement,gouvernement,gouvernement,AN et Dosleg concordants,ordinaire,ordinaire,ordinaire,AN et Dosleg concordants,non,DLR5L14N34479,50123,Chambres de commerce et d'industrie
2016-338,2016-03-22,non,AN=2016-03-22 Dosleg=2016-03-22 DOLE=,non,"DOLE : loi d'autorisation d'un traité (DOLE n'en contient qu'une minorité ; motif constaté, non documenté par la DILA)",14,non,oui,oui,non,0,1,gouvernement,gouvernement,gouvernement,AN et Dosleg concordants,traite,traite,traite,AN et Dosleg concordants,oui,DLR5L14N31718,43222,Convention d'entraide judiciaire avec le Pérou
2016-339,2016-03-22,non,AN=2016-03-22 Dosleg=2016-03-22 DOLE=2016-03-22,non,,14,non,oui,oui,oui,1,1,parlementaire AN,parlementaire AN,parlementaire AN,AN et Dosleg concordants,ordinaire,ordinaire,ordinaire,AN et Dosleg concordants,non,DLR5L14N34323,49590,Lutte contre le terrorisme dans les transports
2016-340,2016-03-22,non,AN=2016-03-22 Dosleg=2016-03-22 DOLE=2016-03-22,non,,14,non,oui,oui,oui,1,1,parlementaire Sénat,parlementaire Sénat,parlementaire Sénat,AN et Dosleg concordants,ordinaire,ordinaire,ordinaire,AN et Dosleg concordants,non,DLR5L14N34342,49563,Protection contre l'incendie
2016-341,2016-03-23,non,AN=2016-03-23 Dosleg=2016-03-23 DOLE=2016-03-23,non,,14,non,oui,oui,oui,1,1,parlementaire Sénat,parlementaire Sénat,parlementaire Sénat,AN et Dosleg concordants,ordinaire,ordinaire,ordinaire,AN et Dosleg concordants,non,DLR5L14N34677,50423,DIF pour les élus locaux
2016-365,2016-03-30,non,AN=2016-03-30 Dosleg=2016-03-30 DOLE=,non,"DOLE : loi d'autorisation d'un traité (DOLE n'en contient qu'une minorité ; motif constaté, non documenté par la DILA)",14,non,oui,oui,non,0,1,gouvernement,gouvernement,gouvernement,AN et Dosleg concordants,traite,traite,traite,AN et Dosleg concordants,oui,DLR5L14N30097,41186,République Tchèque
2016-366,2016-03-30,non,AN=2016-03-30 Dosleg=2016-03-30 DOLE=,non,"DOLE : loi d'autorisation d'un traité (DOLE n'en contient qu'une minorité ; motif constaté, non documenté par la DILA)",14,non,oui,oui,non,0,1,gouvernement,gouvernement,gouvernement,AN et Dosleg concordants,traite,traite,traite,AN et Dosleg concordants,oui,DLR5L14N30552,41722,Groupe aérien européen
2016-367,2016-03-30,non,AN=2016-03-30 Dosleg=2016-03-30 DOLE=,non,"DOLE : loi d'autorisation d'un traité (DOLE n'en contient qu'une minorité ; motif constaté, non documenté par la DILA)",14,non,oui,oui,non,0,1,gouvernement,gouvernement,gouvernement,AN et Dosleg concordants,traite,traite,traite,AN et Dosleg concordants,oui,DLR5L14N33289,45362,CERN : Acquisitions immobilières
2016-368,2016-03-30,non,AN=2016-03-30 Dosleg=2016-03-30 DOLE=,non,"DOLE : loi d'autorisation d'un traité (DOLE n'en contient qu'une minorité ; motif constaté, non documenté par la DILA)",14,non,oui,oui,non,0,1,gouvernement,gouvernement,gouvernement,AN et Dosleg concordants,traite,traite,traite,AN et Dosleg concordants,oui,DLR5L14N33401,45724,Prévention et élimination de la pêche illicite
2016-369,2016-03-30,non,AN=2016-03-30 Dosleg=2016-03-30 DOLE=,non,"DOLE : loi d'autorisation d'un traité (DOLE n'en contient qu'une minorité ; motif constaté, non documenté par la DILA)",14,non,oui,oui,non,0,1,gouvernement,gouvernement,gouvernement,AN et Dosleg concordants,traite,traite,traite,AN et Dosleg concordants,oui,DLR5L14N34019,48602,Convention internationale (environnement)
2016-370,2016-03-30,non,AN=2016-03-30 Dosleg=2016-03-30 DOLE=,non,"DOLE : loi d'autorisation d'un traité (DOLE n'en contient qu'une minorité ; motif constaté, non documenté par la DILA)",14,non,oui,oui,non,0,1,gouvernement,gouvernement,gouvernement,AN et Dosleg concordants,traite,traite,traite,AN et Dosleg concordants,oui,DLR5L14N34067,48763,Partenariat et coopération : Union européenne - Philippines
2016-371,2016-03-30,non,AN=2016-03-30 Dosleg=2016-03-30 DOLE=2016-03-30,non,,14,non,oui,oui,oui,1,1,gouvernement,gouvernement,gouvernement,AN et Dosleg concordants,traite,traite,traite,AN et Dosleg concordants,oui,DLR5L14N33918,48303,Coopération avec le Viêt-Nam
2016-372,2016-03-30,non,AN=2016-03-30 Dosleg=2016-03-30 DOLE=,non,"DOLE : loi d'autorisation d'un traité (DOLE n'en contient qu'une minorité ; motif constaté, non documenté par la DILA)",14,non,oui,oui,non,0,1,gouvernement,gouvernement,gouvernement,AN et Dosleg concordants,traite,traite,traite,AN et Dosleg concordants,oui,DLR5L14N34130,48943,Convention sur le travail forcé
2016-444,2016-04-13,non,AN=2016-04-13 Dosleg=2016-04-13 DOLE=2016-04-13,non,,14,non,oui,oui,oui,1,1,parlementaire AN,parlementaire AN,parlementaire AN,AN et Dosleg concordants,ordinaire,ordinaire,ordinaire,AN et Dosleg concordants,non,DLR5L14N31477,42904,Prostitution
2016-457,2016-04-14,non,AN=2016-04-14 Dosleg=2016-04-14 DOLE=2016-04-14,non,,14,non,oui,oui,oui,1,1,gouvernement,gouvernement,gouvernement,AN et Dosleg concordants,ordinaire,ordinaire,ordinaire,AN et Dosleg concordants,non,DLR5L14N34478,50122,Information de l'administration et protection des mineurs
2016-482,2016-04-20,non,AN=2016-04-20 Dosleg=2016-04-20 DOLE=2016-04-20,non,,14,non,oui,oui,oui,1,1,gouvernement,gouvernement,gouvernement,AN et Dosleg concordants,traite,traite,traite,AN et Dosleg concordants,oui,DLR5L14N34609,50463,OTAN : protocole sur le statut des quartiers généraux
2016-483,2016-04-20,non,AN=2016-04-20 Dosleg=2016-04-20 DOLE=2016-04-20,non,,14,non,oui,oui,oui,1,1,gouvernement,gouvernement,gouvernement,AN et Dosleg concordants,ordinaire,ordinaire,ordinaire,AN et Dosleg concordants,non,DLR5L14N30875,42203,"Déontologie, droits et obligations des fonctionnaires"
2016-506,2016-04-25,non,AN=2016-04-25 Dosleg=2016-04-25 DOLE=2016-04-25,non,,14,non,oui,oui,oui,1,1,parlementaire AN,parlementaire AN,parlementaire AN,AN et Dosleg concordants,organique,organique,organique,AN et Dosleg concordants,non,DLR5L14N34389,49905,Règles applicables à l'élection présidentielle
2016-507,2016-04-25,non,AN=2016-04-25 Dosleg=2016-04-25 DOLE=2016-04-25,non,,14,non,oui,oui,oui,1,1,parlementaire Sénat,parlementaire Sénat,parlementaire Sénat,AN et Dosleg concordants,organique,organique,organique,AN et Dosleg concordants,non,DLR5L14N34365,48845,Autorités administratives indépendantes en Nouvelle-Calédonie
2016-508,2016-04-25,non,AN=2016-04-25 Dosleg=2016-04-25 DOLE=2016-04-25,non,,14,non,oui,oui,oui,1,1,parlementaire AN,parlementaire AN,parlementaire AN,AN et Dosleg concordants,ordinaire,ordinaire,ordinaire,AN et Dosleg concordants,non,DLR5L14N34410,49966,Modernisation de diverses règles applicables aux élections
2016-563,2016-05-10,non,AN=2016-05-10 Dosleg=2016-05-10 DOLE=2016-05-10,non,,14,non,oui,oui,oui,1,1,gouvernement,gouvernement,gouvernement,AN et Dosleg concordants,ordinaire,ordinaire,ordinaire,AN et Dosleg concordants,non,DLR5L14N34503,50224,Actionnaires dans les sociétés anonymes non cotées
2016-564,2016-05-10,non,AN=2016-05-10 Dosleg=2016-05-10 DOLE=2016-05-10,non,,14,non,oui,oui,oui,1,1,parlementaire AN,parlementaire AN,parlementaire AN,AN et Dosleg concordants,ordinaire,ordinaire,ordinaire,AN et Dosleg concordants,non,DLR5L14N34293,49470,Lutte contre le hooliganisme
2016-629,2016-05-20,non,AN=2016-05-20 Dosleg=2016-05-20 DOLE=2016-05-20,non,,14,non,oui,oui,oui,1,1,gouvernement,gouvernement,gouvernement,AN et Dosleg concordants,ordinaire,ordinaire,ordinaire,AN et Dosleg concordants,non,DLR5L14N34888,51682,Prorogation de l'état d'urgence
2016-653,2016-05-23,non,AN=2016-05-23 Dosleg=2016-05-23 DOLE=,non,"DOLE : loi d'autorisation d'un traité (DOLE n'en contient qu'une minorité ; motif constaté, non documenté par la DILA)",14,non,oui,oui,non,0,1,gouvernement,gouvernement,gouvernement,AN et Dosleg concordants,traite,traite,traite,AN et Dosleg concordants,oui,DLR5L14N33770,47843,Avenant à la convention avec Monaco sur la sécurité sociale
2016-654,2016-05-23,non,AN=2016-05-23 Dosleg=2016-05-23 DOLE=,non,"DOLE : loi d'autorisation d'un traité (DOLE n'en contient qu'une minorité ; motif constaté, non documenté par la DILA)",14,non,oui,oui,non,0,1,gouvernement,gouvernement,gouvernement,AN et Dosleg concordants,traite,traite,traite,AN et Dosleg concordants,oui,DLR5L14N33827,48003,Accord avec l'Irak sur les investissements
2016-655,2016-05-23,non,AN=2016-05-23 Dosleg=2016-05-23 DOLE=,non,"DOLE : loi d'autorisation d'un traité (DOLE n'en contient qu'une minorité ; motif constaté, non documenté par la DILA)",14,non,oui,oui,non,0,1,gouvernement,gouvernement,gouvernement,AN et Dosleg concordants,traite,traite,traite,AN et Dosleg concordants,oui,DLR5L14N34430,49982,Banque asiatique d'investissement dans les infrastructures
2016-699,2016-05-30,non,AN=2016-05-30 Dosleg=2016-05-30 DOLE=,non,"DOLE : loi d'autorisation d'un traité (DOLE n'en contient qu'une minorité ; motif constaté, non documenté par la DILA)",14,non,oui,oui,non,0,1,gouvernement,gouvernement,gouvernement,AN et Dosleg concordants,traite,traite,traite,AN et Dosleg concordants,oui,DLR5L14N33515,43743,Gens de mer
2016-700,2016-05-30,non,AN=2016-05-30 Dosleg=2016-05-30 DOLE=,non,"DOLE : loi d'autorisation d'un traité (DOLE n'en contient qu'une minorité ; motif constaté, non documenté par la DILA)",14,non,oui,oui,non,0,1,gouvernement,gouvernement,gouvernement,AN et Dosleg concordants,traite,traite,traite,AN et Dosleg concordants,oui,DLR5L14N32204,43744,Convention d'Athènes
2016-701,2016-05-30,non,AN=2016-05-30 Dosleg=2016-05-30 DOLE=,non,"DOLE : loi d'autorisation d'un traité (DOLE n'en contient qu'une minorité ; motif constaté, non documenté par la DILA)",14,non,oui,oui,non,0,1,gouvernement,gouvernement,gouvernement,AN et Dosleg concordants,traite,traite,traite,AN et Dosleg concordants,oui,DLR5L14N33678,47242,Contrefaçon des produits médicaux
2016-702,2016-05-30,non,AN=2016-05-30 Dosleg=2016-05-30 DOLE=,non,"DOLE : loi d'autorisation d'un traité (DOLE n'en contient qu'une minorité ; motif constaté, non documenté par la DILA)",14,non,oui,oui,non,0,1,gouvernement,gouvernement,gouvernement,AN et Dosleg concordants,traite,traite,traite,AN et Dosleg concordants,oui,DLR5L14N34466,50023,Liaison fixe transmanche
2016-719,2016-06-01,non,AN=2016-06-01 Dosleg=2016-06-01 DOLE=2016-06-01,non,,14,non,oui,oui,oui,1,1,gouvernement,gouvernement,gouvernement,AN et Dosleg concordants,ordinaire,ordinaire,ordinaire,AN et Dosleg concordants,non,DLR5L14N34713,50945,Participation des employeurs à l'effort de construction
2016-731,2016-06-03,non,AN=2016-06-03 Dosleg=2016-06-03 DOLE=2016-06-03,non,,14,non,oui,oui,oui,1,1,gouvernement,gouvernement,gouvernement,AN et Dosleg concordants,ordinaire,ordinaire,ordinaire,AN et Dosleg concordants,non,DLR5L14N34682,50763,Lutte contre le crime organisé et le terrorisme
2016-784,2016-06-14,non,AN=2016-06-14 Dosleg=2016-06-14 DOLE=,non,"DOLE : loi d'autorisation d'un traité (DOLE n'en contient qu'une minorité ; motif constaté, non documenté par la DILA)",14,non,oui,oui,non,0,1,gouvernement,gouvernement,gouvernement,AN et Dosleg concordants,traite,traite,traite,AN et Dosleg concordants,oui,DLR5L14N33595,46862,Gestion opérationnelle des systèmes d'information au niveau européen
2016-786,2016-06-15,non,AN=2016-06-15 Dosleg=2016-06-15 DOLE=2016-06-15,non,,14,non,oui,oui,oui,1,1,gouvernement,gouvernement,gouvernement,AN et Dosleg concordants,traite,traite,traite,AN et Dosleg concordants,oui,DLR5L14N34883,51685,Ratification de l'accord de Paris adopté le 12 décembre 2015
2016-816,2016-06-20,non,AN=2016-06-20 Dosleg=2016-06-20 DOLE=2016-06-20,non,,14,non,oui,oui,oui,1,1,parlementaire AN,parlementaire AN,parlementaire AN,AN et Dosleg concordants,ordinaire,ordinaire,ordinaire,AN et Dosleg concordants,non,DLR5L14N34088,48907,Économie bleue
2016-819,2016-06-21,non,AN=2016-06-21 Dosleg=2016-06-21 DOLE=2016-06-21,non,,14,non,oui,oui,oui,1,1,parlementaire AN,parlementaire AN,parlementaire AN,AN et Dosleg concordants,ordinaire,ordinaire,ordinaire,AN et Dosleg concordants,non,DLR5L14N34782,51344,Répression des abus de marché
2016-832,2016-06-24,non,AN=2016-06-24 Dosleg=2016-06-24 DOLE=2016-06-24,non,,14,non,oui,oui,oui,1,1,parlementaire Sénat,parlementaire Sénat,parlementaire Sénat,AN et Dosleg concordants,ordinaire,ordinaire,ordinaire,AN et Dosleg concordants,non,DLR5L14N33977,48183,Discrimination
2016-909,2016-07-04,non,AN=2016-07-04 Dosleg=2016-07-04 DOLE=,non,"DOLE : loi d'autorisation d'un traité (DOLE n'en contient qu'une minorité ; motif constaté, non documenté par la DILA)",14,non,oui,oui,non,0,1,gouvernement,gouvernement,gouvernement,AN et Dosleg concordants,traite,traite,traite,AN et Dosleg concordants,oui,DLR5L14N33420,45862,Accord de défense avec la Croatie
2016-910,2016-07-04,non,AN=2016-07-04 Dosleg=2016-07-04 DOLE=,non,"DOLE : loi d'autorisation d'un traité (DOLE n'en contient qu'une minorité ; motif constaté, non documenté par la DILA)",14,non,oui,oui,non,0,1,gouvernement,gouvernement,gouvernement,AN et Dosleg concordants,traite,traite,traite,AN et Dosleg concordants,oui,DLR5L14N33546,46582,Accord France-Lituanie : défense et sécurité
2016-911,2016-07-04,non,AN=2016-07-04 Dosleg=2016-07-04 DOLE=,non,"DOLE : loi d'autorisation d'un traité (DOLE n'en contient qu'une minorité ; motif constaté, non documenté par la DILA)",14,non,oui,oui,non,0,1,gouvernement,gouvernement,gouvernement,AN et Dosleg concordants,traite,traite,traite,AN et Dosleg concordants,oui,DLR5L14N33680,47244,Pêches de l'Atlantique du Nord-Ouest
2016-912,2016-07-04,non,AN=2016-07-04 Dosleg=2016-07-04 DOLE=,non,"DOLE : loi d'autorisation d'un traité (DOLE n'en contient qu'une minorité ; motif constaté, non documenté par la DILA)",14,non,oui,oui,non,0,1,gouvernement,gouvernement,gouvernement,AN et Dosleg concordants,traite,traite,traite,AN et Dosleg concordants,oui,DLR5L14N33829,48002,Accord de défense avec la Nouvelle-Zélande
2016-913,2016-07-04,non,AN=2016-07-04 Dosleg=2016-07-04 DOLE=2016-07-04,non,,14,non,oui,oui,oui,1,1,gouvernement,gouvernement,gouvernement,AN et Dosleg concordants,traite,traite,traite,AN et Dosleg concordants,oui,DLR5L14N34020,48603,Traité de coopération en matière de défense avec le Mali
2016-925,2016-07-07,non,AN=2016-07-07 Dosleg=2016-07-07 DOLE=2016-07-07,non,,14,non,oui,oui,oui,1,1,gouvernement,gouvernement,gouvernement,AN et Dosleg concordants,ordinaire,ordinaire,ordinaire,AN et Dosleg concordants,non,DLR5L14N34109,48903,"Liberté de création, architecture et patrimoine"
2016-945,2016-07-12,non,AN=2016-07-12 Dosleg=2016-07-12 DOLE=,non,"DOLE : loi d'autorisation d'un traité (DOLE n'en contient qu'une minorité ; motif constaté, non documenté par la DILA)",14,non,oui,oui,non,0,1,gouvernement,gouvernement,gouvernement,AN et Dosleg concordants,traite,traite,traite,AN et Dosleg concordants,oui,DLR5L14N31857,43344,Moldavie
2016-946,2016-07-12,non,AN=2016-07-12 Dosleg=2016-07-12 DOLE=,non,"DOLE : loi d'autorisation d'un traité (DOLE n'en contient qu'une minorité ; motif constaté, non documenté par la DILA)",14,non,oui,oui,non,0,1,gouvernement,gouvernement,gouvernement,AN et Dosleg concordants,traite,traite,traite,AN et Dosleg concordants,oui,DLR5L14N34254,49203,Accord avec la Colombie sur les investissements
2016-947,2016-07-12,non,AN=2016-07-12 Dosleg=2016-07-12 DOLE=,non,"DOLE : loi d'autorisation d'un traité (DOLE n'en contient qu'une minorité ; motif constaté, non documenté par la DILA)",14,non,oui,oui,non,0,1,gouvernement,gouvernement,gouvernement,AN et Dosleg concordants,traite,traite,traite,AN et Dosleg concordants,oui,DLR5L14N34434,49984,Accord France-Brésil : transports routiers
2016-948,2016-07-12,non,AN=2016-07-12 Dosleg=2016-07-12 DOLE=,non,"DOLE : loi d'autorisation d'un traité (DOLE n'en contient qu'une minorité ; motif constaté, non documenté par la DILA)",14,non,oui,oui,non,0,1,gouvernement,gouvernement,gouvernement,AN et Dosleg concordants,traite,traite,traite,AN et Dosleg concordants,oui,DLR5L14N34626,50544,Accord transfrontalier France-Brésil
2016-962,2016-07-15,non,AN=2016-07-15 Dosleg=2016-07-15 DOLE=,non,"DOLE : loi d'autorisation d'un traité (DOLE n'en contient qu'une minorité ; motif constaté, non documenté par la DILA)",14,non,oui,oui,non,0,1,gouvernement,gouvernement,gouvernement,AN et Dosleg concordants,traite,traite,traite,AN et Dosleg concordants,oui,DLR5L14N33789,47902,Accord de défense avec la Guinée
2016-987,2016-07-21,non,AN=2016-07-21 Dosleg=2016-07-21 DOLE=2016-07-21,non,,14,non,oui,oui,oui,1,1,gouvernement,gouvernement,gouvernement,AN et Dosleg concordants,ordinaire,ordinaire,ordinaire,AN et Dosleg concordants,non,DLR5L14N35094,52902,Prorogation de l'état d'urgence
2016-999,2016-07-22,non,AN=2016-07-22 Dosleg=2016-07-22 DOLE=2016-07-22,non,,14,non,oui,oui,oui,1,1,gouvernement,gouvernement,gouvernement,AN et Dosleg concordants,finances_fss,finances_fss,finances_fss,AN et Dosleg concordants,non,DLR5L14N34928,51922,Règlement du budget 2015
2016-1000,2016-07-22,non,AN=2016-07-22 Dosleg=2016-07-22 DOLE=2016-07-22,non,,14,non,oui,oui,oui,1,1,parlementaire Sénat,parlementaire Sénat,parlementaire Sénat,AN et Dosleg concordants,ordinaire,ordinaire,ordinaire,AN et Dosleg concordants,non,DLR5L14N34997,52142,Délai de validité des habilitations des clercs de notaire
2016-1015,2016-07-25,non,AN=2016-07-25 Dosleg=2016-07-25 DOLE=2016-07-25,non,,14,non,oui,oui,oui,1,1,parlementaire Sénat,parlementaire Sénat,parlementaire Sénat,AN et Dosleg concordants,ordinaire,ordinaire,ordinaire,AN et Dosleg concordants,non,DLR5L14N34859,51422,Stockage réversible des déchets radioactifs
2016-1032,2016-07-28,non,AN=2016-07-28 Dosleg=2016-07-28 DOLE=,non,"DOLE : loi d'autorisation d'un traité (DOLE n'en contient qu'une minorité ; motif constaté, non documenté par la DILA)",14,non,oui,oui,non,0,1,gouvernement,gouvernement,gouvernement,AN et Dosleg concordants,traite,traite,traite,AN et Dosleg concordants,oui,DLR5L14N34029,48663,Convention de Minamata sur le mercure
2016-1033,2016-07-28,non,AN=2016-07-28 Dosleg=2016-07-28 DOLE=,non,"DOLE : loi d'autorisation d'un traité (DOLE n'en contient qu'une minorité ; motif constaté, non documenté par la DILA)",14,non,oui,oui,non,0,1,gouvernement,gouvernement,gouvernement,AN et Dosleg concordants,traite,traite,traite,AN et Dosleg concordants,oui,DLR5L14N34822,51463,Accord de défense avec le Japon
2016-1046,2016-08-01,non,AN=2016-08-01 Dosleg=2016-08-01 DOLE=2016-08-01,non,,14,non,oui,oui,oui,1,1,parlementaire AN,parlementaire AN,parlementaire AN,AN et Dosleg concordants,organique,organique,organique,AN et Dosleg concordants,non,DLR5L14N34523,50314,Listes électorales et ressortissants européens
2016-1047,2016-08-01,non,AN=2016-08-01 Dosleg=2016-08-01 DOLE=2016-08-01,non,,14,non,oui,oui,oui,1,1,parlementaire AN,parlementaire AN,parlementaire AN,AN et Dosleg concordants,organique,organique,organique,AN et Dosleg concordants,non,DLR5L14N34522,50313,Listes électorales et Français établis hors de France
2016-1048,2016-08-01,non,AN=2016-08-01 Dosleg=2016-08-01 DOLE=2016-08-01,non,,14,non,oui,oui,oui,1,1,parlementaire AN,parlementaire AN,parlementaire AN,AN et Dosleg concordants,ordinaire,ordinaire,ordinaire,AN et Dosleg concordants,non,DLR5L14N34520,50312,Modalités d'inscription sur les listes électorales
2016-1086,2016-08-08,non,AN=2016-08-08 Dosleg=2016-08-08 DOLE=2016-08-08,non,,14,non,oui,oui,oui,1,1,parlementaire AN,parlementaire AN,parlementaire AN,AN et Dosleg concordants,organique,organique,organique,AN et Dosleg concordants,non,DLR5L14N33256,45262,Agence française pour la biodiversité
2016-1087,2016-08-08,non,AN=2016-08-08 Dosleg=2016-08-08 DOLE=2016-08-08,non,,14,non,oui,oui,oui,1,1,gouvernement,gouvernement,gouvernement,AN et Dosleg concordants,ordinaire,ordinaire,ordinaire,AN et Dosleg concordants,non,DLR5L14N33016,44442,Biodiversité
2016-1088,2016-08-08,non,AN=2016-08-08 Dosleg=2016-08-08 DOLE=2016-08-08,non,,14,non,oui,oui,oui,1,1,gouvernement,gouvernement,gouvernement,AN et Dosleg concordants,ordinaire,ordinaire,ordinaire,AN et Dosleg concordants,non,DLR5L14N34783,51342,Travail et dialogue social
2016-1090,2016-08-08,non,AN=2016-08-08 Dosleg=2016-08-08 DOLE=2016-08-08,non,,14,non,oui,oui,oui,1,1,gouvernement,gouvernement,gouvernement,AN et Dosleg concordants,organique,organique,organique,AN et Dosleg concordants,non,DLR5L14N34215,49104,Indépendance et impartialité des magistrats
2016-1321,2016-10-07,non,AN=2016-10-07 Dosleg=2016-10-07 DOLE=2016-10-07,non,,14,non,oui,oui,oui,1,1,gouvernement,gouvernement,gouvernement,AN et Dosleg concordants,ordinaire,ordinaire,ordinaire,AN et Dosleg concordants,non,DLR5L14N34516,50282,République numérique
2016-1322,2016-10-07,non,AN=2016-10-07 Dosleg=2016-10-07 DOLE=,non,"DOLE : loi d'autorisation d'un traité (DOLE n'en contient qu'une minorité ; motif constaté, non documenté par la DILA)",14,non,oui,oui,non,0,1,gouvernement,gouvernement,gouvernement,AN et Dosleg concordants,traite,traite,traite,AN et Dosleg concordants,oui,DLR5L14N34742,51082,Accord-cadre de coopération entre l'UE et la Mongolie
2016-1323,2016-10-07,non,AN=2016-10-07 Dosleg=2016-10-07 DOLE=,non,"DOLE : loi d'autorisation d'un traité (DOLE n'en contient qu'une minorité ; motif constaté, non documenté par la DILA)",14,non,oui,oui,non,0,1,gouvernement,gouvernement,gouvernement,AN et Dosleg concordants,traite,traite,traite,AN et Dosleg concordants,oui,DLR5L14N34821,51462,Répression des actes illicites contre l'aviation civile
2016-1324,2016-10-07,non,AN=2016-10-07 Dosleg=2016-10-07 DOLE=,non,"DOLE : loi d'autorisation d'un traité (DOLE n'en contient qu'une minorité ; motif constaté, non documenté par la DILA)",14,non,oui,oui,non,0,1,gouvernement,gouvernement,gouvernement,AN et Dosleg concordants,traite,traite,traite,AN et Dosleg concordants,oui,DLR5L14N34857,51605,Centres d'excellence des systèmes de missiles
2016-1325,2016-10-07,non,AN=2016-10-07 Dosleg=2016-10-07 DOLE=,non,"DOLE : loi d'autorisation d'un traité (DOLE n'en contient qu'une minorité ; motif constaté, non documenté par la DILA)",14,non,oui,oui,non,0,1,gouvernement,gouvernement,gouvernement,AN et Dosleg concordants,traite,traite,traite,AN et Dosleg concordants,oui,DLR5L14N34949,52042,Convention fiscale avec la Colombie
2016-1341,2016-10-11,non,AN=2016-10-11 Dosleg=2016-10-11 DOLE=2016-10-11,non,,14,non,oui,oui,oui,1,1,gouvernement,gouvernement,gouvernement,AN et Dosleg concordants,ordinaire,ordinaire,ordinaire,AN et Dosleg concordants,non,DLR5L14N34875,51613,Fourniture de gaz et d'électricité
2016-1428,2016-10-24,non,AN=2016-10-24 Dosleg=2016-10-24 DOLE=2016-10-24,non,,14,non,oui,oui,oui,1,1,parlementaire Sénat,parlementaire Sénat,parlementaire Sénat,AN et Dosleg concordants,ordinaire,ordinaire,ordinaire,AN et Dosleg concordants,non,DLR5L14N34858,51363,Usage des drones civils
2016-1500,2016-11-08,non,AN=2016-11-08 Dosleg=2016-11-08 DOLE=2016-11-08,non,,14,non,oui,oui,oui,1,1,parlementaire Sénat,parlementaire Sénat,parlementaire Sénat,AN et Dosleg concordants,ordinaire,ordinaire,ordinaire,AN et Dosleg concordants,non,DLR5L14N34719,50062,Communes associées et commune nouvelle
2016-1524,2016-11-14,non,AN=2016-11-14 Dosleg=2016-11-14 DOLE=2016-11-14,non,,14,non,oui,oui,oui,1,1,parlementaire AN,parlementaire AN,parlementaire AN,AN et Dosleg concordants,ordinaire,ordinaire,ordinaire,AN et Dosleg concordants,non,DLR5L14N34672,50750,"Liberté, indépendance et pluralisme des médias"
2016-1528,2016-11-15,non,AN=2016-11-15 Dosleg=2016-11-15 DOLE=2016-11-15,non,,14,non,oui,oui,oui,1,1,gouvernement,gouvernement,gouvernement,AN et Dosleg concordants,ordinaire,ordinaire,ordinaire,AN et Dosleg concordants,non,DLR5L14N34899,51763,Ratification d'une ordonnance modifiant le code du sport
2016-1547,2016-11-18,non,AN=2016-11-18 Dosleg=2016-11-18 DOLE=2016-11-18,non,,14,non,oui,oui,oui,1,1,gouvernement,gouvernement,gouvernement,AN et Dosleg concordants,ordinaire,ordinaire,ordinaire,AN et Dosleg concordants,non,DLR5L14N34217,49105,Justice du XXIème siècle
2016-1548,2016-11-18,non,AN=2016-11-18 Dosleg=2016-11-18 DOLE=,non,"DOLE : loi d'autorisation d'un traité (DOLE n'en contient qu'une minorité ; motif constaté, non documenté par la DILA)",14,non,oui,oui,non,0,1,gouvernement,gouvernement,gouvernement,AN et Dosleg concordants,traite,traite,traite,AN et Dosleg concordants,oui,DLR5L14N34886,51684,Accord avec l'Autriche sur le statut des militaires
2016-1657,2016-12-05,non,AN=2016-12-05 Dosleg=2016-12-05 DOLE=2016-12-05,non,,14,non,oui,oui,oui,1,1,parlementaire AN,parlementaire AN,parlementaire AN,AN et Dosleg concordants,ordinaire,ordinaire,ordinaire,AN et Dosleg concordants,non,DLR5L14N34137,49030,Action extérieure des collectivités territoriales
2016-1658,2016-12-05,non,AN=2016-12-05 Dosleg=2016-12-05 DOLE=2016-12-05,non,,14,non,oui,oui,oui,1,1,parlementaire Sénat,parlementaire Sénat,parlementaire Sénat,AN et Dosleg concordants,ordinaire,ordinaire,ordinaire,AN et Dosleg concordants,non,DLR5L14N35005,51687,Élection des conseillers municipaux en Polynésie française
2016-1690,2016-12-09,non,AN=2016-12-09 Dosleg=2016-12-09 DOLE=2016-12-09,non,,14,non,oui,oui,oui,1,1,parlementaire AN,parlementaire AN,parlementaire AN,AN et Dosleg concordants,organique,organique,organique,AN et Dosleg concordants,non,DLR5L14N34918,51844,Orientation et protection des lanceurs d'alerte
2016-1691,2016-12-09,non,AN=2016-12-09 Dosleg=2016-12-09 DOLE=2016-12-09,non,,14,non,oui,oui,oui,1,1,gouvernement,gouvernement,gouvernement,AN et Dosleg concordants,ordinaire,ordinaire,ordinaire,AN et Dosleg concordants,non,DLR5L14N34814,51402,Modernisation de la vie économique
2016-1767,2016-12-19,non,AN=2016-12-19 Dosleg=2016-12-19 DOLE=2016-12-19,non,,14,non,oui,oui,oui,1,1,gouvernement,gouvernement,gouvernement,AN et Dosleg concordants,ordinaire,ordinaire,ordinaire,AN et Dosleg concordants,non,DLR5L14N35433,54442,Cinquième prorogation de l'état d'urgence
2016-1771,2016-12-20,non,AN=2016-12-20 Dosleg=2016-12-20 DOLE=2016-12-20,non,,14,non,oui,oui,oui,1,1,parlementaire Sénat,parlementaire Sénat,parlementaire Sénat,AN et Dosleg concordants,ordinaire,ordinaire,ordinaire,AN et Dosleg concordants,non,DLR5L14N34284,49042,Enfants face à la publicité télévisuelle
2016-1827,2016-12-23,non,AN=2016-12-23 Dosleg=2016-12-23 DOLE=2016-12-23,non,,14,non,oui,oui,oui,1,1,gouvernement,gouvernement,gouvernement,AN et Dosleg concordants,finances_fss,finances_fss,finances_fss,AN et Dosleg concordants,non,DLR5L14N35276,53382,Financement de la sécurité sociale pour 2017
2016-1828,2016-12-23,non,AN=2016-12-23 Dosleg=2016-12-23 DOLE=2016-12-23,non,,14,non,oui,oui,oui,1,1,parlementaire Sénat,parlementaire Sénat,parlementaire Sénat,AN et Dosleg concordants,ordinaire,ordinaire,ordinaire,AN et Dosleg concordants,non,DLR5L14N35285,53182,Adaptation du master au système Licence-Master-Doctorat
2016-1867,2016-12-27,non,AN=2016-12-27 Dosleg=2016-12-27 DOLE=2016-12-27,non,,14,non,oui,oui,oui,1,1,parlementaire AN,parlementaire AN,parlementaire AN,AN et Dosleg concordants,ordinaire,ordinaire,ordinaire,AN et Dosleg concordants,non,DLR5L14N35242,53263,Sapeurs-pompiers professionnels et volontaires
2016-1887,2016-12-28,non,AN=2016-12-28 Dosleg=2016-12-28 DOLE=2016-12-28,non,,14,non,oui,oui,oui,1,1,gouvernement,gouvernement,gouvernement,AN et Dosleg concordants,ordinaire,ordinaire,ordinaire,AN et Dosleg concordants,non,DLR5L14N35054,52642,Liaison ferroviaire Paris-aéroport Charles de Gaulle
2016-1888,2016-12-28,non,AN=2016-12-28 Dosleg=2016-12-28 DOLE=2016-12-28,non,,14,non,oui,oui,oui,1,1,gouvernement,gouvernement,gouvernement,AN et Dosleg concordants,ordinaire,ordinaire,ordinaire,AN et Dosleg concordants,non,DLR5L14N35236,53222,Territoires de montagne
2016-1917,2016-12-29,non,AN=2016-12-29 Dosleg=2016-12-29 DOLE=2016-12-29,non,,14,non,oui,oui,oui,1,1,gouvernement,gouvernement,gouvernement,AN et Dosleg concordants,finances_fss,finances_fss,finances_fss,AN et Dosleg concordants,non,DLR5L14N35110,53322,Budget 2017
2016-1918,2016-12-29,non,AN=2016-12-29 Dosleg=2016-12-29 DOLE=2016-12-29,non,,14,non,oui,oui,oui,1,1,gouvernement,gouvernement,gouvernement,AN et Dosleg concordants,finances_fss,finances_fss,finances_fss,AN et Dosleg concordants,non,DLR5L14N35384,53942,Projet de loi de finances rectificative pour 2016
2016-1919,2016-12-29,non,AN=2016-12-29 Dosleg=2016-12-29 DOLE=2016-12-29,non,,14,non,oui,oui,oui,1,1,parlementaire AN,parlementaire AN,parlementaire AN,AN et Dosleg concordants,ordinaire,ordinaire,ordinaire,AN et Dosleg concordants,non,DLR5L14N34922,51863,Croix-Rouge et rétablissement des liens familiaux
2016-1920,2016-12-29,non,AN=2016-12-29 Dosleg=2016-12-29 DOLE=2016-12-29,non,,14,non,oui,oui,oui,1,1,parlementaire AN,parlementaire AN,parlementaire AN,AN et Dosleg concordants,ordinaire,ordinaire,ordinaire,AN et Dosleg concordants,non,DLR5L14N34990,52305,Transport public particulier de personnes
2016-1973,2016-12-30,oui,AN=2017-01-30 Dosleg=2016-12-30 DOLE=,non,"DOLE : loi d'autorisation d'un traité (DOLE n'en contient qu'une minorité ; motif constaté, non documenté par la DILA)",14,non,oui,oui,non,0,1,gouvernement,gouvernement,gouvernement,AN et Dosleg concordants,traite,traite,traite,AN et Dosleg concordants,oui,DLR5L14N33719,47422,Accord France - Congo : services aériens
2016-1974,2016-12-30,non,AN=2016-12-30 Dosleg=2016-12-30 DOLE=,non,"DOLE : loi d'autorisation d'un traité (DOLE n'en contient qu'une minorité ; motif constaté, non documenté par la DILA)",14,non,oui,oui,non,0,1,gouvernement,gouvernement,gouvernement,AN et Dosleg concordants,traite,traite,traite,AN et Dosleg concordants,oui,DLR5L14N33718,47423,Accord France - Congo : services de transport aérien
2016-1975,2016-12-30,non,AN=2016-12-30 Dosleg=2016-12-30 DOLE=,non,"DOLE : loi d'autorisation d'un traité (DOLE n'en contient qu'une minorité ; motif constaté, non documenté par la DILA)",14,non,oui,oui,non,0,1,gouvernement,gouvernement,gouvernement,AN et Dosleg concordants,traite,traite,traite,AN et Dosleg concordants,oui,DLR5L14N33721,47543,Accord Panama services aériens
2016-1976,2016-12-30,non,AN=2016-12-30 Dosleg=2016-12-30 DOLE=,non,"DOLE : loi d'autorisation d'un traité (DOLE n'en contient qu'une minorité ; motif constaté, non documenté par la DILA)",14,non,oui,oui,non,0,1,gouvernement,gouvernement,gouvernement,AN et Dosleg concordants,traite,traite,traite,AN et Dosleg concordants,oui,DLR5L14N35082,52842,Accord avec le Tadjikistan relatif à l'aéroport de Douchanbé
2016-1977,2016-12-30,non,AN=2016-12-30 Dosleg=2016-12-30 DOLE=,non,"DOLE : loi d'autorisation d'un traité (DOLE n'en contient qu'une minorité ; motif constaté, non documenté par la DILA)",14,non,oui,oui,non,0,1,gouvernement,gouvernement,gouvernement,AN et Dosleg concordants,traite,traite,traite,AN et Dosleg concordants,oui,DLR5L14N35303,53502,Entente avec le Québec en matière de sécurité sociale
2017-54,2017-01-20,non,AN=2017-01-20 Dosleg=2017-01-20 DOLE=2017-01-20,non,,14,non,oui,oui,oui,1,1,parlementaire Sénat,parlementaire Sénat,parlementaire Sénat,AN et Dosleg concordants,organique,organique,organique,AN et Dosleg concordants,non,DLR5L14N34675,50265,Autorités administratives indépendantes
2017-55,2017-01-20,non,AN=2017-01-20 Dosleg=2017-01-20 DOLE=2017-01-20,non,,14,non,oui,oui,oui,1,1,parlementaire Sénat,parlementaire Sénat,parlementaire Sénat,AN et Dosleg concordants,ordinaire,ordinaire,ordinaire,AN et Dosleg concordants,non,DLR5L14N34674,50264,Statut général des AAI et des API
2017-68,2017-01-26,non,AN=2017-01-26 Dosleg=2017-01-26 DOLE=,non,"DOLE : loi d'autorisation d'un traité (DOLE n'en contient qu'une minorité ; motif constaté, non documenté par la DILA)",14,non,oui,oui,non,0,1,gouvernement,gouvernement,gouvernement,AN et Dosleg concordants,traite,traite,traite,AN et Dosleg concordants,oui,DLR5L14N32737,44063,Accord aérien avec le Gabon
2017-86,2017-01-27,oui,AN=2017-01-26 Dosleg=2017-01-27 DOLE=2017-01-27,non,,14,non,oui,oui,oui,1,1,gouvernement,gouvernement,gouvernement,AN et Dosleg concordants,ordinaire,ordinaire,ordinaire,AN et Dosleg concordants,non,DLR5L14N34836,51614,Égalité et citoyenneté
2017-114,2017-02-01,non,AN=2017-02-01 Dosleg=2017-02-01 DOLE=,non,"DOLE : loi d'autorisation d'un traité (DOLE n'en contient qu'une minorité ; motif constaté, non documenté par la DILA)",14,non,oui,oui,non,0,1,gouvernement,gouvernement,gouvernement,AN et Dosleg concordants,traite,traite,traite,AN et Dosleg concordants,oui,DLR5L14N33179,44883,Convention relative à l'assistance alimentaire
2017-115,2017-02-01,oui,AN=2017-01-01 Dosleg=2017-02-01 DOLE=,non,"DOLE : loi d'autorisation d'un traité (DOLE n'en contient qu'une minorité ; motif constaté, non documenté par la DILA)",14,non,oui,oui,non,0,1,gouvernement,gouvernement,gouvernement,AN et Dosleg concordants,traite,traite,traite,AN et Dosleg concordants,oui,DLR5L14N35213,53162,Accord en vue de l'acquisition de contre-mesures médicales
2017-116,2017-02-01,non,AN=2017-02-01 Dosleg=2017-02-01 DOLE=,non,"DOLE : loi d'autorisation d'un traité (DOLE n'en contient qu'une minorité ; motif constaté, non documenté par la DILA)",14,non,oui,oui,non,0,1,gouvernement,gouvernement,gouvernement,AN et Dosleg concordants,traite,traite,traite,AN et Dosleg concordants,oui,DLR5L14N35342,53675,Accord avec l'Italie : nouvelle ligne ferroviaire Lyon-Turin
2017-117,2017-02-01,non,AN=2017-02-01 Dosleg=2017-02-01 DOLE=,non,"DOLE : loi d'autorisation d'un traité (DOLE n'en contient qu'une minorité ; motif constaté, non documenté par la DILA)",14,non,oui,oui,non,0,1,gouvernement,gouvernement,gouvernement,AN et Dosleg concordants,traite,traite,traite,AN et Dosleg concordants,oui,DLR5L14N35348,53742,Accord portant sur l'échange des déclarations pays par pays
2017-118,2017-02-01,non,AN=2017-02-01 Dosleg=2017-02-01 DOLE=,non,"DOLE : loi d'autorisation d'un traité (DOLE n'en contient qu'une minorité ; motif constaté, non documenté par la DILA)",14,non,oui,oui,non,0,1,gouvernement,gouvernement,gouvernement,AN et Dosleg concordants,traite,traite,traite,AN et Dosleg concordants,oui,DLR5L14N35319,53604,Accession du Monténégro à l'OTAN
2017-203,2017-02-21,non,AN=2017-02-21 Dosleg=2017-02-21 DOLE=2017-02-21,non,,14,non,oui,oui,oui,1,1,gouvernement,gouvernement,gouvernement,AN et Dosleg concordants,ordinaire,ordinaire,ordinaire,AN et Dosleg concordants,non,DLR5L14N34966,52102,Ratification de deux ordonnances relatives à la consommation
2017-204,2017-02-21,non,AN=2017-02-21 Dosleg=2017-02-21 DOLE=2017-02-21,non,,14,non,oui,oui,oui,1,1,gouvernement,gouvernement,gouvernement,AN et Dosleg concordants,ordinaire,ordinaire,ordinaire,AN et Dosleg concordants,non,DLR5L14N35490,54983,Formation professionnelle des adultes
2017-220,2017-02-23,non,AN=2017-02-23 Dosleg=2017-02-23 DOLE=2017-02-23,non,,14,non,oui,oui,oui,1,1,gouvernement,gouvernement,gouvernement,AN et Dosleg concordants,ordinaire,ordinaire,ordinaire,AN et Dosleg concordants,non,DLR5L14N35289,53383,Diverses dispositions relatives aux produits de santé
2017-224,2017-02-24,non,AN=2017-02-24 Dosleg=2017-02-24 DOLE=,non,"DOLE : loi d'autorisation d'un traité (DOLE n'en contient qu'une minorité ; motif constaté, non documenté par la DILA)",14,non,oui,oui,non,0,1,gouvernement,gouvernement,gouvernement,AN et Dosleg concordants,traite,traite,traite,AN et Dosleg concordants,oui,DLR5L14N34435,49985,Convention France-Suisse : ligne Belfort-Delle
2017-225,2017-02-24,non,AN=2017-02-24 Dosleg=2017-02-24 DOLE=,non,"DOLE : loi d'autorisation d'un traité (DOLE n'en contient qu'une minorité ; motif constaté, non documenté par la DILA)",14,non,oui,oui,non,0,1,gouvernement,gouvernement,gouvernement,AN et Dosleg concordants,traite,traite,traite,AN et Dosleg concordants,oui,DLR5L14N35270,53283,Convention France-Suisse : ligne Annemasse-Genève
2017-226,2017-02-24,non,AN=2017-02-24 Dosleg=2017-02-24 DOLE=,non,"DOLE : loi d'autorisation d'un traité (DOLE n'en contient qu'une minorité ; motif constaté, non documenté par la DILA)",14,non,oui,oui,non,0,1,gouvernement,gouvernement,gouvernement,AN et Dosleg concordants,traite,traite,traite,AN et Dosleg concordants,oui,DLR5L14N35415,54143,Protection des biens culturels en cas de conflit armé
2017-227,2017-02-24,non,AN=2017-02-24 Dosleg=2017-02-24 DOLE=2017-02-24,non,,14,non,oui,oui,oui,1,1,gouvernement,gouvernement,gouvernement,AN et Dosleg concordants,ordinaire,ordinaire,ordinaire,AN et Dosleg concordants,non,DLR5L14N35304,53503,Autoconsommation d'électricité et énergies renouvelables
2017-228,2017-02-24,oui,AN=2017-02-24 Dosleg=2017-02-20 DOLE=2017-02-24,non,,14,non,oui,oui,oui,1,1,gouvernement,gouvernement,gouvernement,AN et Dosleg concordants,ordinaire,ordinaire,ordinaire,AN et Dosleg concordants,non,DLR5L14N35053,52644,Création de l'Agence nationale de santé publique
2017-242,2017-02-27,non,AN=2017-02-27 Dosleg=2017-02-27 DOLE=2017-02-27,non,,14,non,oui,oui,oui,1,1,parlementaire AN,parlementaire AN,parlementaire AN,AN et Dosleg concordants,ordinaire,ordinaire,ordinaire,AN et Dosleg concordants,non,DLR5L14N34079,48866,Réforme de la prescription en matière pénale
2017-256,2017-02-28,non,AN=2017-02-28 Dosleg=2017-02-28 DOLE=2017-02-28,non,,14,non,oui,oui,oui,1,1,gouvernement,gouvernement,gouvernement,AN et Dosleg concordants,ordinaire,ordinaire,ordinaire,AN et Dosleg concordants,non,DLR5L14N35137,53024,Égalité réelle outre-mer
2017-257,2017-02-28,non,AN=2017-02-28 Dosleg=2017-02-28 DOLE=2017-02-28,non,,14,non,oui,oui,oui,1,1,gouvernement,gouvernement,gouvernement,AN et Dosleg concordants,ordinaire,ordinaire,ordinaire,AN et Dosleg concordants,non,DLR5L14N35138,53023,Statut de Paris
2017-258,2017-02-28,non,AN=2017-02-28 Dosleg=2017-02-28 DOLE=2017-02-28,non,,14,non,oui,oui,oui,1,1,gouvernement,gouvernement,gouvernement,AN et Dosleg concordants,ordinaire,ordinaire,ordinaire,AN et Dosleg concordants,non,DLR5L14N35469,54802,Sécurité publique
2017-261,2017-03-01,non,AN=2017-03-01 Dosleg=2017-03-01 DOLE=2017-03-01,non,,14,non,oui,oui,oui,1,1,parlementaire Sénat,parlementaire Sénat,parlementaire Sénat,AN et Dosleg concordants,ordinaire,ordinaire,ordinaire,AN et Dosleg concordants,non,DLR5L14N35282,53202,"Éthique, régulation et transparence du sport professionnel"
2017-262,2017-03-01,non,AN=2017-03-01 Dosleg=2017-03-01 DOLE=2017-03-01,non,,14,non,oui,oui,oui,1,1,parlementaire AN,parlementaire AN,parlementaire AN,AN et Dosleg concordants,ordinaire,ordinaire,ordinaire,AN et Dosleg concordants,non,DLR5L14N35548,55422,Calcul du potentiel fiscal de communautés d'agglomération
2017-285,2017-03-06,non,AN=2017-03-06 Dosleg=2017-03-06 DOLE=2017-03-06,non,,14,non,oui,oui,oui,1,1,parlementaire AN,parlementaire AN,parlementaire AN,AN et Dosleg concordants,ordinaire,ordinaire,ordinaire,AN et Dosleg concordants,non,DLR5L14N35331,53672,Assainissement cadastral
2017-286,2017-03-06,non,AN=2017-03-06 Dosleg=2017-03-06 DOLE=2017-03-06,non,,14,non,oui,oui,oui,1,1,parlementaire Sénat,parlementaire Sénat,parlementaire Sénat,AN et Dosleg concordants,ordinaire,ordinaire,ordinaire,AN et Dosleg concordants,non,DLR5L14N35530,54602,Obligations comptables des partis politiques
2017-289,2017-03-07,non,AN=2017-03-07 Dosleg=2017-03-07 DOLE=2017-03-07,non,,14,non,oui,oui,oui,1,1,gouvernement,gouvernement,gouvernement,AN et Dosleg concordants,ordinaire,ordinaire,ordinaire,AN et Dosleg concordants,non,DLR5L14N35507,54782,Ordonnances relatives à la Corse
2017-347,2017-03-20,non,AN=2017-03-20 Dosleg=2017-03-20 DOLE=2017-03-20,non,,14,non,oui,oui,oui,1,1,parlementaire AN,parlementaire AN,parlementaire AN,AN et Dosleg concordants,ordinaire,ordinaire,ordinaire,AN et Dosleg concordants,non,DLR5L14N35292,53510,Délit d'entrave à l'IVG
2017-348,2017-03-20,non,AN=2017-03-20 Dosleg=2017-03-20 DOLE=2017-03-20,non,,14,non,oui,oui,oui,1,1,parlementaire AN,parlementaire AN,parlementaire AN,AN et Dosleg concordants,ordinaire,ordinaire,ordinaire,AN et Dosleg concordants,non,DLR5L14N35456,54845,Lutte contre l'accaparement des terres agricoles
2017-399,2017-03-27,non,AN=2017-03-27 Dosleg=2017-03-27 DOLE=2017-03-27,non,,14,non,oui,oui,oui,1,1,parlementaire AN,parlementaire AN,parlementaire AN,AN et Dosleg concordants,ordinaire,ordinaire,ordinaire,AN et Dosleg concordants,non,DLR5L14N33752,47815,Devoir de vigilance des sociétés mères
2017-1154,2017-07-11,non,AN=2017-07-11 Dosleg=2017-07-11 DOLE=2017-07-11,non,,15,non,oui,oui,oui,1,1,gouvernement,gouvernement,gouvernement,AN et Dosleg concordants,ordinaire,ordinaire,ordinaire,AN et Dosleg concordants,non,DLR5L15N35829,57082,Sixième prorogation de l'état d'urgence
2017-1206,2017-07-31,non,AN=2017-07-31 Dosleg=2017-07-31 DOLE=2017-07-31,non,,15,non,oui,oui,oui,1,1,gouvernement,gouvernement,gouvernement,AN et Dosleg concordants,finances_fss,finances_fss,finances_fss,AN et Dosleg concordants,non,DLR5L15N35837,57144,Règlement du budget et approbation des comptes 2016
2017-1212,2017-08-02,non,AN=2017-08-02 Dosleg=2017-08-02 DOLE=,non,"DOLE : loi d'autorisation d'un traité (DOLE n'en contient qu'une minorité ; motif constaté, non documenté par la DILA)",15,non,oui,oui,non,0,1,gouvernement,gouvernement,gouvernement,AN et Dosleg concordants,traite,traite,traite,AN et Dosleg concordants,oui,DLR5L14N34590,50465,Accord sur le transport aérien avec les Comores
2017-1213,2017-08-02,non,AN=2017-08-02 Dosleg=2017-08-02 DOLE=,non,"DOLE : loi d'autorisation d'un traité (DOLE n'en contient qu'une minorité ; motif constaté, non documenté par la DILA)",15,non,oui,oui,non,0,1,gouvernement,gouvernement,gouvernement,AN et Dosleg concordants,traite,traite,traite,AN et Dosleg concordants,oui,DLR5L14N34589,50464,Accord sur les services aériens avec les Philippines
2017-1214,2017-08-02,non,AN=2017-08-02 Dosleg=2017-08-02 DOLE=,non,"DOLE : loi d'autorisation d'un traité (DOLE n'en contient qu'une minorité ; motif constaté, non documenté par la DILA)",15,non,oui,oui,non,0,1,gouvernement,gouvernement,gouvernement,AN et Dosleg concordants,traite,traite,traite,AN et Dosleg concordants,oui,DLR5L14N35041,52422,Accord de coopération spatiale avec la République tchèque
2017-1215,2017-08-02,non,AN=2017-08-02 Dosleg=2017-08-02 DOLE=,non,"DOLE : loi d'autorisation d'un traité (DOLE n'en contient qu'une minorité ; motif constaté, non documenté par la DILA)",15,non,oui,oui,non,0,1,gouvernement,gouvernement,gouvernement,AN et Dosleg concordants,traite,traite,traite,AN et Dosleg concordants,oui,DLR5L14N35392,54002,Secrétariat de l'accord sur les pêches dans l'océan Indien
2017-1241,2017-08-08,non,AN=2017-08-08 Dosleg=2017-08-08 DOLE=2017-08-08,non,,15,non,oui,oui,oui,1,1,gouvernement,gouvernement,gouvernement,AN et Dosleg concordants,ordinaire,ordinaire,ordinaire,AN et Dosleg concordants,non,DLR5L14N35489,54985,Code des juridictions financières
2017-1248,2017-08-09,non,AN=2017-08-09 Dosleg=2017-08-09 DOLE=,non,"DOLE : loi d'autorisation d'un traité (DOLE n'en contient qu'une minorité ; motif constaté, non documenté par la DILA)",15,non,oui,oui,non,0,1,gouvernement,gouvernement,gouvernement,AN et Dosleg concordants,traite,traite,traite,AN et Dosleg concordants,oui,DLR5L14N35271,53284,Conseil de l'Europe et prévention du terrorisme
2017-1249,2017-08-09,non,AN=2017-08-09 Dosleg=2017-08-09 DOLE=,non,"DOLE : loi d'autorisation d'un traité (DOLE n'en contient qu'une minorité ; motif constaté, non documenté par la DILA)",15,non,oui,oui,non,0,1,gouvernement,gouvernement,gouvernement,AN et Dosleg concordants,traite,traite,traite,AN et Dosleg concordants,oui,DLR5L14N35343,53664,Accord avec l'Algérie relatif aux échanges de jeunes actifs
2017-1338,2017-09-15,non,AN=2017-09-15 Dosleg=2017-09-15 DOLE=2017-09-15,non,,15,non,oui,oui,oui,1,1,gouvernement,gouvernement,gouvernement,AN et Dosleg concordants,organique,organique,organique,AN et Dosleg concordants,non,DLR5L14N35824|DLR5L15N35824,56982,Confiance dans la vie politique
2017-1339,2017-09-15,non,AN=2017-09-15 Dosleg=2017-09-15 DOLE=2017-09-15,non,,15,non,oui,oui,oui,1,1,gouvernement,gouvernement,gouvernement,AN et Dosleg concordants,ordinaire,ordinaire,ordinaire,AN et Dosleg concordants,non,DLR5L14N35825,57002,Confiance dans la vie politique
2017-1340,2017-09-15,non,AN=2017-09-15 Dosleg=2017-09-15 DOLE=2017-09-15,non,,15,non,oui,oui,oui,1,1,gouvernement,gouvernement,gouvernement,AN et Dosleg concordants,ordinaire,ordinaire,ordinaire,AN et Dosleg concordants,non,DLR5L15N35836,57143,Renforcer le dialogue social
2017-1477,2017-10-18,non,AN=2017-10-18 Dosleg=2017-10-18 DOLE=,non,"DOLE : loi d'autorisation d'un traité (DOLE n'en contient qu'une minorité ; motif constaté, non documenté par la DILA)",15,non,oui,oui,non,0,1,gouvernement,gouvernement,gouvernement,AN et Dosleg concordants,traite,traite,traite,AN et Dosleg concordants,oui,DLR5L14N35769,53743,Accord de défense avec la Jordanie
2017-1478,2017-10-18,non,AN=2017-10-18 Dosleg=2017-10-18 DOLE=,non,"DOLE : loi d'autorisation d'un traité (DOLE n'en contient qu'une minorité ; motif constaté, non documenté par la DILA)",15,non,oui,oui,non,0,1,gouvernement,gouvernement,gouvernement,AN et Dosleg concordants,traite,traite,traite,AN et Dosleg concordants,oui,DLR5L14N35703,56063,Accords sur la sécurité civile - Portugal et le Luxembourg
2017-1479,2017-10-18,non,AN=2017-10-18 Dosleg=2017-10-18 DOLE=,non,"DOLE : loi d'autorisation d'un traité (DOLE n'en contient qu'une minorité ; motif constaté, non documenté par la DILA)",15,non,oui,oui,non,0,1,gouvernement,gouvernement,gouvernement,AN et Dosleg concordants,traite,traite,traite,AN et Dosleg concordants,oui,DLR5L14N35718,56305,Convention fiscale avec le Portugal
2017-1487,2017-10-23,non,AN=2017-10-23 Dosleg=2017-10-23 DOLE=2017-10-23,non,,15,non,oui,oui,oui,1,1,gouvernement,gouvernement,gouvernement,AN et Dosleg concordants,ordinaire,ordinaire,ordinaire,AN et Dosleg concordants,non,DLR5L15N35848,56307,Ordonnance relative à notre système de santé
2017-1510,2017-10-30,non,AN=2017-10-30 Dosleg=2017-10-30 DOLE=2017-10-30,non,,15,non,oui,oui,oui,1,1,gouvernement,gouvernement,gouvernement,AN et Dosleg concordants,ordinaire,ordinaire,ordinaire,AN et Dosleg concordants,non,DLR5L15N35857,57084,Sécurité intérieure et lutte contre le terrorisme
2017-1575,2017-11-17,non,AN=2017-11-17 Dosleg=2017-11-17 DOLE=,non,"DOLE : loi d'autorisation d'un traité (DOLE n'en contient qu'une minorité ; motif constaté, non documenté par la DILA)",15,non,oui,oui,non,0,1,gouvernement,gouvernement,gouvernement,AN et Dosleg concordants,traite,traite,traite,AN et Dosleg concordants,oui,DLR5L15N35842,56322,Entraide judiciaire en matière pénale avec l'Algérie
2017-1576,2017-11-17,non,AN=2017-11-17 Dosleg=2017-11-17 DOLE=,non,"DOLE : loi d'autorisation d'un traité (DOLE n'en contient qu'une minorité ; motif constaté, non documenté par la DILA)",15,non,oui,oui,non,0,1,gouvernement,gouvernement,gouvernement,AN et Dosleg concordants,traite,traite,traite,AN et Dosleg concordants,oui,DLR5L15N35845,56662,Sécurité de la navigation maritime
2017-1640,2017-12-01,non,AN=2017-12-01 Dosleg=2017-12-01 DOLE=2017-12-01,non,,15,non,oui,oui,oui,1,1,gouvernement,gouvernement,gouvernement,AN et Dosleg concordants,finances_fss,finances_fss,finances_fss,AN et Dosleg concordants,non,DLR5L15N36107,58419,Projet de loi de finances rectificative pour 2017
2017-1742,2017-12-22,non,AN=2017-12-22 Dosleg=2017-12-22 DOLE=,non,"DOLE : loi d'autorisation d'un traité (DOLE n'en contient qu'une minorité ; motif constaté, non documenté par la DILA)",15,non,oui,oui,non,0,1,gouvernement,gouvernement,gouvernement,AN et Dosleg concordants,traite,traite,traite,AN et Dosleg concordants,oui,DLR5L15N36069,58356,Convention fiscale - aéroport de Bâle-Mulhouse
2017-1752,2017-12-25,non,AN=2017-12-25 Dosleg=2017-12-25 DOLE=,non,"DOLE : loi d'autorisation d'un traité (DOLE n'en contient qu'une minorité ; motif constaté, non documenté par la DILA)",15,non,oui,oui,non,0,1,gouvernement,gouvernement,gouvernement,AN et Dosleg concordants,traite,traite,traite,AN et Dosleg concordants,oui,DLR5L14N33602,46922,Convention France-Costa Rica : extradition
2017-1753,2017-12-25,non,AN=2017-12-25 Dosleg=2017-12-25 DOLE=,non,"DOLE : loi d'autorisation d'un traité (DOLE n'en contient qu'une minorité ; motif constaté, non documenté par la DILA)",15,non,oui,oui,non,0,1,gouvernement,gouvernement,gouvernement,AN et Dosleg concordants,traite,traite,traite,AN et Dosleg concordants,oui,DLR5L14N33604,46923,Convention France-Costa Rica : entraide judiciaire
2017-1754,2017-12-25,non,AN=2017-12-25 Dosleg=2017-12-25 DOLE=2017-12-25,non,,15,non,oui,oui,oui,1,1,gouvernement,gouvernement,gouvernement,AN et Dosleg concordants,ordinaire,ordinaire,ordinaire,AN et Dosleg concordants,non,DLR5L14N35814,56663,Création de l'établissement public Paris La Défense
2017-1775,2017-12-28,non,AN=2017-12-28 Dosleg=2017-12-28 DOLE=2017-12-28,non,,15,non,oui,oui,oui,1,1,gouvernement,gouvernement,gouvernement,AN et Dosleg concordants,finances_fss,finances_fss,finances_fss,AN et Dosleg concordants,non,DLR5L15N36131,58465,Projet de loi de finances rectificative pour 2017 (2)
2017-1836,2017-12-30,non,AN=2017-12-30 Dosleg=2017-12-30 DOLE=2017-12-30,non,,15,non,oui,oui,oui,1,1,gouvernement,gouvernement,gouvernement,AN et Dosleg concordants,finances_fss,finances_fss,finances_fss,AN et Dosleg concordants,non,DLR5L15N36030,58284,Financement de la sécurité sociale pour 2018
2017-1837,2017-12-30,non,AN=2017-12-30 Dosleg=2017-12-30 DOLE=2017-12-30,non,,15,non,oui,oui,oui,1,1,gouvernement,gouvernement,gouvernement,AN et Dosleg concordants,finances_fss,finances_fss,finances_fss,AN et Dosleg concordants,non,DLR5L15N35854,58101,Budget 2018
2017-1838,2017-12-30,non,AN=2017-12-30 Dosleg=2017-12-30 DOLE=2017-12-30,non,,15,non,oui,oui,oui,1,1,parlementaire AN,parlementaire AN,parlementaire AN,AN et Dosleg concordants,ordinaire,ordinaire,ordinaire,AN et Dosleg concordants,non,DLR5L15N36047,58353,Gestion des milieux aquatiques et prévention des inondations
2017-1839,2017-12-30,non,AN=2017-12-30 Dosleg=2017-12-30 DOLE=2017-12-30,non,,15,non,oui,oui,oui,1,1,gouvernement,gouvernement,gouvernement,AN et Dosleg concordants,ordinaire,ordinaire,ordinaire,AN et Dosleg concordants,non,DLR5L15N35929,57822,Fin de la recherche et de l'exploitation des hydrocarbures
2017-1840,2017-12-30,non,AN=2017-12-30 Dosleg=2017-12-30 DOLE=,non,"DOLE : loi d'autorisation d'un traité (DOLE n'en contient qu'une minorité ; motif constaté, non documenté par la DILA)",15,non,oui,oui,non,0,1,gouvernement,gouvernement,gouvernement,AN et Dosleg concordants,traite,traite,traite,AN et Dosleg concordants,oui,DLR5L15N35893,57702,Protocole relatif à la juridiction unifiée du brevet
2017-1841,2017-12-30,non,AN=2017-12-30 Dosleg=2017-12-30 DOLE=2017-12-30,non,,15,non,oui,oui,oui,1,1,gouvernement,gouvernement,gouvernement,AN et Dosleg concordants,ordinaire,ordinaire,ordinaire,AN et Dosleg concordants,non,DLR5L15N35847,56602,Fonctionnement des ordres des professions de santé
2018-32,2018-01-22,non,AN=2018-01-22 Dosleg=2018-01-22 DOLE=2018-01-22,non,,15,non,oui,oui,oui,1,1,gouvernement,gouvernement,gouvernement,AN et Dosleg concordants,ordinaire,ordinaire,ordinaire,AN et Dosleg concordants,non,DLR5L15N35984,58098,Programmation des finances publiques de 2018 à 2022
2018-51,2018-01-31,non,AN=2018-01-31 Dosleg=2018-01-31 DOLE=2018-01-31,non,,15,non,oui,oui,oui,1,1,parlementaire AN,parlementaire AN,parlementaire AN,AN et Dosleg concordants,ordinaire,ordinaire,ordinaire,AN et Dosleg concordants,non,DLR5L14N34301,49477,Modalités de dépôt de candidature aux élections
2018-52,2018-01-31,non,AN=2018-01-31 Dosleg=2018-01-31 DOLE=,non,"DOLE : loi d'autorisation d'un traité (DOLE n'en contient qu'une minorité ; motif constaté, non documenté par la DILA)",15,non,oui,oui,non,0,1,gouvernement,gouvernement,gouvernement,AN et Dosleg concordants,traite,traite,traite,AN et Dosleg concordants,oui,DLR5L15N35949,48203,Coopération avec Andorre en matière de sécurité civile
2018-53,2018-01-31,non,AN=2018-01-31 Dosleg=2018-01-31 DOLE=,non,"DOLE : loi d'autorisation d'un traité (DOLE n'en contient qu'une minorité ; motif constaté, non documenté par la DILA)",15,non,oui,oui,non,0,1,gouvernement,gouvernement,gouvernement,AN et Dosleg concordants,traite,traite,traite,AN et Dosleg concordants,oui,DLR5L15N35950,48523,Accord de coopération transfrontalière avec Andorre
2018-84,2018-02-13,non,AN=2018-02-13 Dosleg=2018-02-13 DOLE=2018-02-13,non,,15,non,oui,oui,oui,1,1,parlementaire AN,parlementaire AN,parlementaire AN,AN et Dosleg concordants,ordinaire,ordinaire,ordinaire,AN et Dosleg concordants,non,DLR5L15N35967,58094,Don de jours de repos pour les proches aidants
2018-132,2018-02-26,non,AN=2018-02-26 Dosleg=2018-02-26 DOLE=2018-02-26,non,,15,non,oui,oui,oui,1,1,gouvernement,gouvernement,gouvernement,AN et Dosleg concordants,ordinaire,ordinaire,ordinaire,AN et Dosleg concordants,non,DLR5L15N35846,56303,Physicien médical et qualifications professionnelles
2018-133,2018-02-26,non,AN=2018-02-26 Dosleg=2018-02-26 DOLE=2018-02-26,non,,15,non,oui,oui,oui,1,1,gouvernement,gouvernement,gouvernement,AN et Dosleg concordants,ordinaire,ordinaire,ordinaire,AN et Dosleg concordants,non,DLR5L15N36157,58505,Adaptation dans le domaine de la sécurité au droit de l'UE
2018-148,2018-03-02,non,AN=2018-03-02 Dosleg=2018-03-02 DOLE=2018-03-02,non,,15,non,oui,oui,oui,1,1,gouvernement,gouvernement,gouvernement,AN et Dosleg concordants,ordinaire,ordinaire,ordinaire,AN et Dosleg concordants,non,DLR5L15N35843,54542,Évaluation environnementale
2018-149,2018-03-02,non,AN=2018-03-02 Dosleg=2018-03-02 DOLE=,non,"DOLE : loi d'autorisation d'un traité (DOLE n'en contient qu'une minorité ; motif constaté, non documenté par la DILA)",15,non,oui,oui,non,0,1,gouvernement,gouvernement,gouvernement,AN et Dosleg concordants,traite,traite,traite,AN et Dosleg concordants,oui,DLR5L15N35844,55342,Accord avec l'Algérie sur la sécurité sociale
2018-150,2018-03-02,non,AN=2018-03-02 Dosleg=2018-03-02 DOLE=,non,"DOLE : loi d'autorisation d'un traité (DOLE n'en contient qu'une minorité ; motif constaté, non documenté par la DILA)",15,non,oui,oui,non,0,1,gouvernement,gouvernement,gouvernement,AN et Dosleg concordants,traite,traite,traite,AN et Dosleg concordants,oui,DLR5L15N35896,57742,Accord de partenariat et de coopération UE - Kazakhstan
2018-151,2018-03-02,non,AN=2018-03-02 Dosleg=2018-03-02 DOLE=,non,"DOLE : loi d'autorisation d'un traité (DOLE n'en contient qu'une minorité ; motif constaté, non documenté par la DILA)",15,non,oui,oui,non,0,1,gouvernement,gouvernement,gouvernement,AN et Dosleg concordants,traite,traite,traite,AN et Dosleg concordants,oui,DLR5L15N36031,58282,Appauvrissement de la couche d'ozone
2018-166,2018-03-08,non,AN=2018-03-08 Dosleg=2018-03-08 DOLE=2018-03-08,non,,15,non,oui,oui,oui,1,1,gouvernement,gouvernement,gouvernement,AN et Dosleg concordants,ordinaire,ordinaire,ordinaire,AN et Dosleg concordants,non,DLR5L15N36143,58507,Orientation et réussite des étudiants
2018-180,2018-03-15,non,AN= Dosleg=2018-03-15 DOLE=,non,"AN : dossier DLR5L14N33962 présent dans les fichiers AN, sans acte PROM-PUB portant ce numéro ; DOLE : loi d'autorisation d'un traité (DOLE n'en contient qu'une minorité ; motif constaté, non documenté par la DILA)",15,non,non,oui,non,0,1,,gouvernement,gouvernement,source unique : Dosleg,,traite,traite,source unique,oui,,48442,Convention d'extradition : France - Émirats arabes unis
2018-181,2018-03-15,non,AN= Dosleg=2018-03-15 DOLE=,non,"AN : dossier DLR5L14N35235 présent dans les fichiers AN, sans acte PROM-PUB portant ce numéro ; DOLE : loi d'autorisation d'un traité (DOLE n'en contient qu'une minorité ; motif constaté, non documenté par la DILA)",15,non,non,oui,non,0,1,,gouvernement,gouvernement,source unique : Dosleg,,traite,traite,source unique,oui,,53122,Transport aérien entre les USA et l'UE
2018-182,2018-03-15,non,AN= Dosleg=2018-03-15 DOLE=,non,"AN : dossier DLR5L14N35233 présent dans les fichiers AN, sans acte PROM-PUB portant ce numéro ; DOLE : loi d'autorisation d'un traité (DOLE n'en contient qu'une minorité ; motif constaté, non documenté par la DILA)",15,non,non,oui,non,0,1,,gouvernement,gouvernement,source unique : Dosleg,,traite,traite,source unique,oui,,53102,Accord relatif aux services aériens entre l'UE et Israël
2018-185,2018-03-16,non,AN= Dosleg=2018-03-16 DOLE=,non,"AN : dossier DLR5L14N33686 présent dans les fichiers AN, sans acte PROM-PUB portant ce numéro ; DOLE : loi d'autorisation d'un traité (DOLE n'en contient qu'une minorité ; motif constaté, non documenté par la DILA)",15,non,non,oui,non,0,1,,gouvernement,gouvernement,source unique : Dosleg,,traite,traite,source unique,oui,,47302,Entraide judiciaire avec l'Union des Comores
2018-187,2018-03-20,non,AN=2018-03-20 Dosleg=2018-03-20 DOLE=2018-03-20,non,,15,non,oui,oui,oui,1,1,parlementaire AN,parlementaire AN,parlementaire AN,AN et Dosleg concordants,ordinaire,ordinaire,ordinaire,AN et Dosleg concordants,non,DLR5L15N36071,58369,Application du régime d'asile européen
2018-202,2018-03-26,non,AN=2018-03-26 Dosleg=2018-03-26 DOLE=2018-03-26,non,,15,non,oui,oui,oui,1,1,gouvernement,gouvernement,gouvernement,AN et Dosleg concordants,ordinaire,ordinaire,ordinaire,AN et Dosleg concordants,non,DLR5L15N36130,58464,Organisation des Jeux Olympiques et Paralympiques de 2024
2018-217,2018-03-29,non,AN=2018-03-29 Dosleg=2018-03-29 DOLE=2018-03-29,non,,15,non,oui,oui,oui,1,1,gouvernement,gouvernement,gouvernement,AN et Dosleg concordants,ordinaire,ordinaire,ordinaire,AN et Dosleg concordants,non,DLR5L15N35986,58102,Renforcement du dialogue social
2018-237,2018-04-03,non,AN=2018-04-03 Dosleg=2018-04-03 DOLE=,non,"DOLE : loi d'autorisation d'un traité (DOLE n'en contient qu'une minorité ; motif constaté, non documenté par la DILA)",15,non,oui,oui,non,0,1,gouvernement,gouvernement,gouvernement,AN et Dosleg concordants,traite,traite,traite,AN et Dosleg concordants,oui,DLR5L15N36240,58628,Protocole n° 16 à la convention des droits de l'homme
2018-266,2018-04-13,non,AN=2018-04-13 Dosleg=2018-04-13 DOLE=2018-04-13,non,,15,non,oui,oui,oui,1,1,parlementaire Sénat,parlementaire Sénat,parlementaire Sénat,AN et Dosleg concordants,ordinaire,ordinaire,ordinaire,AN et Dosleg concordants,non,DLR5L15N36364,57102,Régime d'ouverture des établissements privés hors contrat
2018-280,2018-04-19,non,AN=2018-04-19 Dosleg=2018-04-19 DOLE=2018-04-19,non,,15,non,oui,oui,oui,1,1,gouvernement,gouvernement,gouvernement,AN et Dosleg concordants,organique,organique,organique,AN et Dosleg concordants,non,DLR5L15N36333,58599,Accession à la pleine souveraineté de la Nouvelle-Calédonie
2018-281,2018-04-19,non,AN=2018-04-19 Dosleg=2018-04-19 DOLE=,non,"DOLE : loi d'autorisation d'un traité (DOLE n'en contient qu'une minorité ; motif constaté, non documenté par la DILA)",15,non,oui,oui,non,0,1,gouvernement,gouvernement,gouvernement,AN et Dosleg concordants,traite,traite,traite,AN et Dosleg concordants,oui,DLR5L15N36114,58403,Accord concernant l'emploi transfrontalier d'aéronefs
2018-287,2018-04-20,non,AN= Dosleg=2018-04-20 DOLE=2018-04-20,non,"AN : dossier DLR5L14N35818 présent dans les fichiers AN, sans acte PROM-PUB portant ce numéro",15,non,non,oui,oui,1,1,,gouvernement,gouvernement,source unique : Dosleg,,ordinaire,ordinaire,source unique,non,,52645,Réforme du droit des contrats
2018-305,2018-04-27,non,AN=2018-04-27 Dosleg=2018-04-27 DOLE=,non,"DOLE : loi d'autorisation d'un traité (DOLE n'en contient qu'une minorité ; motif constaté, non documenté par la DILA)",15,non,oui,oui,non,0,1,gouvernement,gouvernement,gouvernement,AN et Dosleg concordants,traite,traite,traite,AN et Dosleg concordants,oui,DLR5L15N36239,58627,Viabilité des routes nationales entre la France et Andorre
2018-493,2018-06-20,non,AN=2018-06-20 Dosleg=2018-06-20 DOLE=2018-06-20,non,,15,non,oui,oui,oui,1,1,gouvernement,gouvernement,gouvernement,AN et Dosleg concordants,ordinaire,ordinaire,ordinaire,AN et Dosleg concordants,non,DLR5L15N36220,58605,Protection des données personnelles
2018-509,2018-06-25,non,AN=2018-06-25 Dosleg=2018-06-25 DOLE=2018-06-25,non,,15,non,oui,oui,oui,1,1,gouvernement,gouvernement,gouvernement,AN et Dosleg concordants,ordinaire,ordinaire,ordinaire,AN et Dosleg concordants,non,DLR5L15N36254,58663,Élection des représentants au Parlement européen
2018-515,2018-06-27,non,AN=2018-06-27 Dosleg=2018-06-27 DOLE=2018-06-27,non,,15,non,oui,oui,oui,1,1,gouvernement,gouvernement,gouvernement,AN et Dosleg concordants,ordinaire,ordinaire,ordinaire,AN et Dosleg concordants,non,DLR5L15N36460,59086,Nouveau pacte ferroviaire
2018-527,2018-06-28,non,AN= Dosleg=2018-06-28 DOLE=2018-06-28,non,"AN : dossier DLR5L14N35193 présent dans les fichiers AN, sans acte PROM-PUB portant ce numéro",15,non,non,oui,oui,1,1,,parlementaire AN,parlementaire AN,source unique : Dosleg,,ordinaire,ordinaire,source unique,non,,53522,Défibrillateur cardiaque
2018-581,2018-07-06,non,AN= Dosleg=2018-07-06 DOLE=,non,"AN : dossier DLR5L14N35418 présent dans les fichiers AN, sans acte PROM-PUB portant ce numéro ; DOLE : loi d'autorisation d'un traité (DOLE n'en contient qu'une minorité ; motif constaté, non documenté par la DILA)",15,non,non,oui,non,0,1,,gouvernement,gouvernement,source unique : Dosleg,,traite,traite,source unique,oui,,54142,Accord avec le Chili et la Bolivie
2018-582,2018-07-06,non,AN= Dosleg=2018-07-06 DOLE=,non,"AN : dossier DLR5L14N35819 présent dans les fichiers AN, sans acte PROM-PUB portant ce numéro ; DOLE : loi d'autorisation d'un traité (DOLE n'en contient qu'une minorité ; motif constaté, non documenté par la DILA)",15,non,non,oui,non,0,1,,gouvernement,gouvernement,source unique : Dosleg,,traite,traite,source unique,oui,,56942,Entraide judiciaire et extradition avec Sainte-Lucie
2018-604,2018-07-12,non,AN=2018-07-12 Dosleg=2018-07-12 DOLE=,non,"DOLE : loi d'autorisation d'un traité (DOLE n'en contient qu'une minorité ; motif constaté, non documenté par la DILA)",15,non,oui,oui,non,0,1,gouvernement,gouvernement,gouvernement,AN et Dosleg concordants,traite,traite,traite,AN et Dosleg concordants,oui,DLR5L15N36293,58722,Prévention de l'érosion de la base d'imposition
2018-607,2018-07-13,non,AN=2018-07-13 Dosleg=2018-07-13 DOLE=2018-07-13,non,,15,non,oui,oui,oui,1,1,gouvernement,gouvernement,gouvernement,AN et Dosleg concordants,ordinaire,ordinaire,ordinaire,AN et Dosleg concordants,non,DLR5L15N36362,58875,Programmation militaire pour les années 2019 à 2025
2018-643,2018-07-23,non,AN=2018-07-23 Dosleg=2018-07-23 DOLE=2018-07-23,non,,15,non,oui,oui,oui,1,1,gouvernement,gouvernement,gouvernement,AN et Dosleg concordants,ordinaire,ordinaire,ordinaire,AN et Dosleg concordants,non,DLR5L15N36430,58984,Sanctions en matière de concurrence en Polynésie française
2018-652,2018-07-25,non,AN=2018-07-25 Dosleg=2018-07-25 DOLE=2018-07-25,non,,15,non,oui,oui,oui,1,1,gouvernement,gouvernement,gouvernement,AN et Dosleg concordants,finances_fss,finances_fss,finances_fss,AN et Dosleg concordants,non,DLR5L15N36644,59447,Règlement du budget et approbation des comptes de l'année 2017
2018-670,2018-07-30,non,AN=2018-07-30 Dosleg=2018-07-30 DOLE=2018-07-30,non,,15,non,oui,oui,oui,1,1,parlementaire AN,parlementaire AN,parlementaire AN,AN et Dosleg concordants,ordinaire,ordinaire,ordinaire,AN et Dosleg concordants,non,DLR5L15N36388,58943,Protection des savoir-faire et des informations commerciales
2018-692,2018-08-03,non,AN=2018-08-03 Dosleg=2018-08-03 DOLE=,non,"DOLE : loi d'autorisation d'un traité (DOLE n'en contient qu'une minorité ; motif constaté, non documenté par la DILA)",15,non,oui,oui,non,0,1,gouvernement,gouvernement,gouvernement,AN et Dosleg concordants,traite,traite,traite,AN et Dosleg concordants,oui,DLR5L15N36078,48902,Accord avec l'Autriche sur les personnes en situation irrégulière
2018-697,2018-08-03,non,AN=2018-08-03 Dosleg=2018-08-03 DOLE=2018-08-03,non,,15,non,oui,oui,oui,1,1,parlementaire Sénat,parlementaire Sénat,parlementaire Sénat,AN et Dosleg concordants,ordinaire,ordinaire,ordinaire,AN et Dosleg concordants,non,DLR5L15N36690,59002,Utilisation des caméras mobiles
2018-698,2018-08-03,non,AN=2018-08-03 Dosleg=2018-08-03 DOLE=2018-08-03,non,,15,non,oui,oui,oui,1,1,parlementaire AN,parlementaire AN,parlementaire AN,AN et Dosleg concordants,ordinaire,ordinaire,ordinaire,AN et Dosleg concordants,non,DLR5L15N36622,59383,Utilisation encadrée du portable dans les écoles et collèges
2018-699,2018-08-03,non,AN=2018-08-03 Dosleg=2018-08-03 DOLE=2018-08-03,non,,15,non,oui,oui,oui,1,1,parlementaire AN,parlementaire AN,parlementaire AN,AN et Dosleg concordants,ordinaire,ordinaire,ordinaire,AN et Dosleg concordants,non,DLR5L15N36529,59164,Nomination et présence des parlementaires dans certains OEP
2018-700,2018-08-03,non,AN=2018-08-03 Dosleg=2018-08-03 DOLE=2018-08-03,non,,15,non,oui,oui,oui,1,1,gouvernement,gouvernement,gouvernement,AN et Dosleg concordants,ordinaire,ordinaire,ordinaire,AN et Dosleg concordants,non,DLR5L15N36122,58425,Directive services de paiement dans le marché intérieur
2018-701,2018-08-03,non,AN=2018-08-03 Dosleg=2018-08-03 DOLE=2018-08-03,non,,15,non,oui,oui,oui,1,1,parlementaire AN,parlementaire AN,parlementaire AN,AN et Dosleg concordants,ordinaire,ordinaire,ordinaire,AN et Dosleg concordants,non,DLR5L15N36621,59382,Renforcer la lutte contre les rodéos motorisés
2018-702,2018-08-03,non,AN=2018-08-03 Dosleg=2018-08-03 DOLE=2018-08-03,non,,15,non,oui,oui,oui,1,1,parlementaire AN,parlementaire AN,parlementaire AN,AN et Dosleg concordants,ordinaire,ordinaire,ordinaire,AN et Dosleg concordants,non,DLR5L15N36246,58642,Transfert des compétences eau et assainissement aux communautés de communes
2018-703,2018-08-03,non,AN=2018-08-03 Dosleg=2018-08-03 DOLE=2018-08-03,non,,15,non,oui,oui,oui,1,1,gouvernement,gouvernement,gouvernement,AN et Dosleg concordants,ordinaire,ordinaire,ordinaire,AN et Dosleg concordants,non,DLR5L15N36496,59107,Lutte contre les violences sexuelles et sexistes
2018-727,2018-08-10,non,AN=2018-08-10 Dosleg=2018-08-10 DOLE=2018-08-10,non,,15,non,oui,oui,oui,1,1,gouvernement,gouvernement,gouvernement,AN et Dosleg concordants,ordinaire,ordinaire,ordinaire,AN et Dosleg concordants,non,DLR5L15N36159,58543,État au service d'une société de confiance
2018-771,2018-09-05,non,AN=2018-09-05 Dosleg=2018-09-05 DOLE=2018-09-05,non,,15,non,oui,oui,oui,1,1,gouvernement,gouvernement,gouvernement,AN et Dosleg concordants,ordinaire,ordinaire,ordinaire,AN et Dosleg concordants,non,DLR5L15N36601,59282,Liberté de choisir son avenir professionnel
2018-778,2018-09-10,non,AN=2018-09-10 Dosleg=2018-09-10 DOLE=2018-09-10,non,,15,non,oui,oui,oui,1,1,gouvernement,gouvernement,gouvernement,AN et Dosleg concordants,ordinaire,ordinaire,ordinaire,AN et Dosleg concordants,non,DLR5L15N36410,58945,"Immigration, droit d'asile et intégration"
2018-869,2018-10-09,non,AN= Dosleg=2018-10-09 DOLE=,non,"AN : dossier DLR5L14N35562 présent dans les fichiers AN, sans acte PROM-PUB portant ce numéro ; DOLE : loi d'autorisation d'un traité (DOLE n'en contient qu'une minorité ; motif constaté, non documenté par la DILA)",15,non,non,oui,non,0,1,,gouvernement,gouvernement,source unique : Dosleg,,traite,traite,source unique,oui,,55462,Accord avec le Pérou sur le transfèrement
2018-870,2018-10-09,non,AN=2018-10-09 Dosleg=2018-10-09 DOLE=,non,"DOLE : loi d'autorisation d'un traité (DOLE n'en contient qu'une minorité ; motif constaté, non documenté par la DILA)",15,non,oui,oui,non,0,1,gouvernement,gouvernement,gouvernement,AN et Dosleg concordants,traite,traite,traite,AN et Dosleg concordants,oui,DLR5L15N36123,58426,"Accords avec le Congo, l'Équateur et le Pérou"
2018-871,2018-10-09,non,AN=2018-10-09 Dosleg=2018-10-09 DOLE=,non,"DOLE : loi d'autorisation d'un traité (DOLE n'en contient qu'une minorité ; motif constaté, non documenté par la DILA)",15,non,oui,oui,non,0,1,gouvernement,gouvernement,gouvernement,AN et Dosleg concordants,traite,traite,traite,AN et Dosleg concordants,oui,DLR5L15N36319,58783,Accord instituant la Fondation internationale UE-ALC
2018-888,2018-10-16,non,AN=2018-10-16 Dosleg=2018-10-16 DOLE=,non,"DOLE : loi d'autorisation d'un traité (DOLE n'en contient qu'une minorité ; motif constaté, non documenté par la DILA)",15,non,oui,oui,non,0,1,gouvernement,gouvernement,gouvernement,AN et Dosleg concordants,traite,traite,traite,AN et Dosleg concordants,oui,DLR5L15N36080,48762,Accord avec la Bosnie sur les personnes en séjour irrégulier
2018-889,2018-10-16,non,AN=2018-10-16 Dosleg=2018-10-16 DOLE=,non,"DOLE : loi d'autorisation d'un traité (DOLE n'en contient qu'une minorité ; motif constaté, non documenté par la DILA)",15,non,oui,oui,non,0,1,gouvernement,gouvernement,gouvernement,AN et Dosleg concordants,traite,traite,traite,AN et Dosleg concordants,oui,DLR5L15N36304,58782,Protocole sur les armes à feu
2018-892,2018-10-17,non,AN=2018-10-17 Dosleg=2018-10-17 DOLE=2018-10-17,non,,15,non,oui,oui,oui,1,1,parlementaire AN,parlementaire AN,parlementaire AN,AN et Dosleg concordants,ordinaire,ordinaire,ordinaire,AN et Dosleg concordants,non,DLR5L15N36531,59187,Comités de protection des personnes
2018-898,2018-10-23,non,AN=2018-10-23 Dosleg=2018-10-23 DOLE=2018-10-23,non,,15,non,oui,oui,oui,1,1,gouvernement,gouvernement,gouvernement,AN et Dosleg concordants,ordinaire,ordinaire,ordinaire,AN et Dosleg concordants,non,DLR5L15N36530,59145,Lutte contre la fraude
2018-938,2018-10-30,non,AN=2018-10-30 Dosleg=2018-10-30 DOLE=2018-10-30,non,,15,non,oui,oui,oui,1,1,gouvernement,gouvernement,gouvernement,AN et Dosleg concordants,ordinaire,ordinaire,ordinaire,AN et Dosleg concordants,non,DLR5L15N36336,58834,Relations commerciales dans le secteur agricole et alimentaire
2018-957,2018-11-07,non,AN= Dosleg=2018-11-07 DOLE=2018-11-07,non,"AN : dossier DLR5L14N36020 présent dans les fichiers AN, sans acte PROM-PUB portant ce numéro",15,non,non,oui,oui,1,1,,parlementaire Sénat,parlementaire Sénat,source unique : Dosleg,,ordinaire,ordinaire,source unique,non,,56782,Accueil des gens du voyage
2018-1001,2018-11-19,non,AN=2018-11-19 Dosleg=2018-11-19 DOLE=,non,"DOLE : loi d'autorisation d'un traité (DOLE n'en contient qu'une minorité ; motif constaté, non documenté par la DILA)",15,non,oui,oui,non,0,1,gouvernement,gouvernement,gouvernement,AN et Dosleg concordants,traite,traite,traite,AN et Dosleg concordants,oui,DLR5L15N36079,48524,Accord avec la Bosnie-Herzégovine sur la mobilité des jeunes
2018-1021,2018-11-23,non,AN=2018-11-23 Dosleg=2018-11-23 DOLE=2018-11-23,non,,15,non,oui,oui,oui,1,1,gouvernement,gouvernement,gouvernement,AN et Dosleg concordants,ordinaire,ordinaire,ordinaire,AN et Dosleg concordants,non,DLR5L15N36537,59186,"Évolution du logement, de l'aménagement et du numérique"
2018-1068,2018-12-03,non,AN= Dosleg=2018-12-03 DOLE=,non,"AN : dossier DLR5L14N33376 présent dans les fichiers AN, sans acte PROM-PUB portant ce numéro ; DOLE : loi d'autorisation d'un traité (DOLE n'en contient qu'une minorité ; motif constaté, non documenté par la DILA)",15,non,non,oui,non,0,1,,gouvernement,gouvernement,source unique : Dosleg,,traite,traite,source unique,oui,,45702,Accord France - Géorgie : séjour et migration circulaire de professionnels
2018-1104,2018-12-10,non,AN=2018-12-10 Dosleg=2018-12-10 DOLE=2018-12-10,non,,15,non,oui,oui,oui,1,1,gouvernement,gouvernement,gouvernement,AN et Dosleg concordants,finances_fss,finances_fss,finances_fss,AN et Dosleg concordants,non,DLR5L15N36985,60262,Projet de loi de finances rectificative pour 2018
2018-1201,2018-12-22,non,AN=2018-12-22 Dosleg=2018-12-22 DOLE=2018-12-22,non,,15,non,oui,oui,oui,1,1,parlementaire AN,parlementaire AN,parlementaire AN,AN et Dosleg concordants,organique,organique,organique,AN et Dosleg concordants,non,DLR5L15N36468,59092,Lutte contre la manipulation de l'information
2018-1202,2018-12-22,non,AN=2018-12-22 Dosleg=2018-12-22 DOLE=2018-12-22,non,,15,non,oui,oui,oui,1,1,parlementaire AN,parlementaire AN,parlementaire AN,AN et Dosleg concordants,ordinaire,ordinaire,ordinaire,AN et Dosleg concordants,non,DLR5L15N36488,59110,Lutte contre la manipulation de l'information
2018-1203,2018-12-22,non,AN=2018-12-22 Dosleg=2018-12-22 DOLE=2018-12-22,non,,15,non,oui,oui,oui,1,1,gouvernement,gouvernement,gouvernement,AN et Dosleg concordants,finances_fss,finances_fss,finances_fss,AN et Dosleg concordants,non,DLR5L15N36892,60149,Financement de la sécurité sociale pour 2019
2018-1213,2018-12-24,non,AN=2018-12-24 Dosleg=2018-12-24 DOLE=2018-12-24,non,,15,non,oui,oui,oui,1,1,gouvernement,gouvernement,gouvernement,AN et Dosleg concordants,ordinaire,ordinaire,ordinaire,AN et Dosleg concordants,non,DLR5L15N37103,60468,Mesures d'urgence économiques et sociales
2018-1214,2018-12-24,non,AN= Dosleg=2018-12-24 DOLE=2018-12-24,non,"AN : dossier DLR5L14N36253 présent dans les fichiers AN, sans acte PROM-PUB portant ce numéro",15,non,non,oui,oui,1,1,,parlementaire Sénat,parlementaire Sénat,source unique : Dosleg,,ordinaire,ordinaire,source unique,non,,56742,Réforme de la caisse des Français de l'étranger
2018-1244,2018-12-27,non,AN=2018-12-27 Dosleg=2018-12-27 DOLE=2018-12-27,non,,15,non,oui,oui,oui,1,1,parlementaire AN,parlementaire AN,parlementaire AN,AN et Dosleg concordants,ordinaire,ordinaire,ordinaire,AN et Dosleg concordants,non,DLR5L15N36209,58577,Indivision successorale et politique du logement ultramarin
2018-1245,2018-12-27,non,AN=2018-12-27 Dosleg=2018-12-27 DOLE=2018-12-27,non,,15,non,oui,oui,oui,1,1,parlementaire AN,parlementaire AN,parlementaire AN,AN et Dosleg concordants,ordinaire,ordinaire,ordinaire,AN et Dosleg concordants,non,DLR5L15N36973,60278,Sécuriser l'exercice des praticiens diplômés hors Union européenne
2018-1317,2018-12-28,non,AN=2018-12-28 Dosleg=2018-12-28 DOLE=2018-12-28,non,,15,non,oui,oui,oui,1,1,gouvernement,gouvernement,gouvernement,AN et Dosleg concordants,finances_fss,finances_fss,finances_fss,AN et Dosleg concordants,non,DLR5L15N36733,60062,Budget 2019
2019-30,2019-01-20,oui,AN=2019-01-19 Dosleg=2019-01-19 DOLE=2019-01-20,non,,15,non,oui,oui,oui,1,1,gouvernement,gouvernement,gouvernement,AN et Dosleg concordants,ordinaire,ordinaire,ordinaire,AN et Dosleg concordants,non,DLR5L15N36910,60125,Mesures de préparation au retrait du Royaume-Uni de l'UE
2019-72,2019-02-05,non,AN=2019-02-05 Dosleg=2019-02-05 DOLE=2019-02-05,non,,15,non,oui,oui,oui,1,1,parlementaire AN,parlementaire AN,parlementaire AN,AN et Dosleg concordants,ordinaire,ordinaire,ordinaire,AN et Dosleg concordants,non,DLR5L15N36922,60189,Santé visuelle des personnes âgées en perte d'autonomie
2019-89,2019-02-13,non,AN=2019-02-13 Dosleg=2019-02-13 DOLE=,non,"DOLE : loi d'autorisation d'un traité (DOLE n'en contient qu'une minorité ; motif constaté, non documenté par la DILA)",15,non,oui,oui,non,0,1,gouvernement,gouvernement,gouvernement,AN et Dosleg concordants,traite,traite,traite,AN et Dosleg concordants,oui,DLR5L15N36332,58823,Accord de partenariat entre l'UE et la Nouvelle-Zélande
2019-90,2019-02-13,non,AN=2019-02-13 Dosleg=2019-02-13 DOLE=,non,"DOLE : loi d'autorisation d'un traité (DOLE n'en contient qu'une minorité ; motif constaté, non documenté par la DILA)",15,non,oui,oui,non,0,1,gouvernement,gouvernement,gouvernement,AN et Dosleg concordants,traite,traite,traite,AN et Dosleg concordants,oui,DLR5L15N36449,59042,Accord entre l'UE et la République de Cuba
2019-127,2019-02-25,non,AN= Dosleg=2019-02-25 DOLE=,non,"AN : dossier DLR5L14N33679 présent dans les fichiers AN, sans acte PROM-PUB portant ce numéro ; DOLE : loi d'autorisation d'un traité (DOLE n'en contient qu'une minorité ; motif constaté, non documenté par la DILA)",15,non,non,oui,non,0,1,,gouvernement,gouvernement,source unique : Dosleg,,traite,traite,source unique,oui,,47243,Organisation mondiale de la propriété intellectuelle
2019-128,2019-02-25,non,AN=2019-02-25 Dosleg=2019-02-25 DOLE=,non,"DOLE : loi d'autorisation d'un traité (DOLE n'en contient qu'une minorité ; motif constaté, non documenté par la DILA)",15,non,oui,oui,non,0,1,gouvernement,gouvernement,gouvernement,AN et Dosleg concordants,traite,traite,traite,AN et Dosleg concordants,oui,DLR5L15N36465,59084,Accords internationaux relatifs aux services aériens
2019-129,2019-02-25,non,AN=2019-02-25 Dosleg=2019-02-25 DOLE=,non,"DOLE : loi d'autorisation d'un traité (DOLE n'en contient qu'une minorité ; motif constaté, non documenté par la DILA)",15,non,oui,oui,non,0,1,gouvernement,gouvernement,gouvernement,AN et Dosleg concordants,traite,traite,traite,AN et Dosleg concordants,oui,DLR5L15N36672,59488,"Accords avec la Moldavie, le Bénin, la Serbie et l'Albanie"
2019-130,2019-02-25,non,AN=2019-02-25 Dosleg=2019-02-25 DOLE=,non,"DOLE : loi d'autorisation d'un traité (DOLE n'en contient qu'une minorité ; motif constaté, non documenté par la DILA)",15,non,oui,oui,non,0,1,gouvernement,gouvernement,gouvernement,AN et Dosleg concordants,traite,traite,traite,AN et Dosleg concordants,oui,DLR5L15N36954,60216,Convention fiscale avec le Grand-Duché de Luxembourg
2019-131,2019-02-25,non,AN=2019-02-25 Dosleg=2019-02-25 DOLE=2019-02-25,non,,15,non,oui,oui,oui,1,1,gouvernement,gouvernement,gouvernement,AN et Dosleg concordants,traite,traite,traite,AN et Dosleg concordants,oui,DLR5L15N36955,60227,Élection des membres du Parlement européen
2019-161,2019-03-01,non,AN=2019-03-01 Dosleg=2019-03-01 DOLE=2019-03-01,non,,15,non,oui,oui,oui,1,1,parlementaire AN,parlementaire AN,parlementaire AN,AN et Dosleg concordants,ordinaire,ordinaire,ordinaire,AN et Dosleg concordants,non,DLR5L15N37090,60463,Délai d'intervention du JLD à Mayotte
2019-180,2019-03-08,non,AN=2019-03-08 Dosleg=2019-03-08 DOLE=2019-03-08,non,,15,non,oui,oui,oui,1,1,parlementaire AN,parlementaire AN,parlementaire AN,AN et Dosleg concordants,ordinaire,ordinaire,ordinaire,AN et Dosleg concordants,non,DLR5L15N36927,60174,Prise en charge des cancers pédiatriques
2019-221,2019-03-23,non,AN=2019-03-23 Dosleg=2019-03-23 DOLE=2019-03-23,non,,15,non,oui,oui,oui,1,1,gouvernement,gouvernement,gouvernement,AN et Dosleg concordants,organique,organique,organique,AN et Dosleg concordants,non,DLR5L15N36627,59260,Renforcement de l'organisation des juridictions
2019-222,2019-03-23,non,AN=2019-03-23 Dosleg=2019-03-23 DOLE=2019-03-23,non,,15,non,oui,oui,oui,1,1,gouvernement,gouvernement,gouvernement,AN et Dosleg concordants,ordinaire,ordinaire,ordinaire,AN et Dosleg concordants,non,DLR5L15N36626,59259,Programmation 2018-2022 et réforme pour la justice
2019-282,2019-04-08,non,AN= Dosleg=2019-04-08 DOLE=,non,"AN : dossier DLR5L14N35702 présent dans les fichiers AN, sans acte PROM-PUB portant ce numéro ; DOLE : loi d'autorisation d'un traité (DOLE n'en contient qu'une minorité ; motif constaté, non documenté par la DILA)",15,non,non,oui,non,0,1,,gouvernement,gouvernement,source unique : Dosleg,,traite,traite,source unique,oui,,56064,Accord de défense avec le Nigéria
2019-283,2019-04-08,non,AN=2019-04-08 Dosleg=2019-04-08 DOLE=,non,"DOLE : loi d'autorisation d'un traité (DOLE n'en contient qu'une minorité ; motif constaté, non documenté par la DILA)",15,non,oui,oui,non,0,1,gouvernement,gouvernement,gouvernement,AN et Dosleg concordants,traite,traite,traite,AN et Dosleg concordants,oui,DLR5L15N35850,57122,Sécurité et la santé dans l'agriculture
2019-284,2019-04-08,non,AN= Dosleg=2019-04-08 DOLE=,non,"AN : dossier DLR5L14N35831 présent dans les fichiers AN, sans acte PROM-PUB portant ce numéro ; DOLE : loi d'autorisation d'un traité (DOLE n'en contient qu'une minorité ; motif constaté, non documenté par la DILA)",15,non,non,oui,non,0,1,,gouvernement,gouvernement,source unique : Dosleg,,traite,traite,source unique,oui,,57003,Convention de formation du personnel des navires de pêche
2019-285,2019-04-08,non,AN=2019-04-08 Dosleg=2019-04-08 DOLE=,non,"DOLE : loi d'autorisation d'un traité (DOLE n'en contient qu'une minorité ; motif constaté, non documenté par la DILA)",15,non,oui,oui,non,0,1,gouvernement,gouvernement,gouvernement,AN et Dosleg concordants,traite,traite,traite,AN et Dosleg concordants,oui,DLR5L15N36838,59902,Accords France - République dominicaine et France - Nicaragua
2019-286,2019-04-08,non,AN=2019-04-08 Dosleg=2019-04-08 DOLE=2019-04-08,non,,15,non,oui,oui,oui,1,1,parlementaire Sénat,parlementaire Sénat,parlementaire Sénat,AN et Dosleg concordants,ordinaire,ordinaire,ordinaire,AN et Dosleg concordants,non,DLR5L15N36914,59682,Conseils d'administration des SDIS
2019-290,2019-04-10,non,AN=2019-04-10 Dosleg=2019-04-10 DOLE=2019-04-10,non,,15,non,oui,oui,oui,1,1,parlementaire Sénat,parlementaire Sénat,parlementaire Sénat,AN et Dosleg concordants,ordinaire,ordinaire,ordinaire,AN et Dosleg concordants,non,DLR5L15N36884,59608,Prévenir et sanctionner les violences lors des manifestations
2019-463,2019-05-17,non,AN=2019-05-17 Dosleg=2019-05-17 DOLE=2019-05-17,non,,15,non,oui,oui,oui,1,1,parlementaire Sénat,parlementaire Sénat,parlementaire Sénat,AN et Dosleg concordants,ordinaire,ordinaire,ordinaire,AN et Dosleg concordants,non,DLR5L15N37317,60692,Actionnariat des SPL et SEM
2019-469,2019-05-20,non,AN=2019-05-20 Dosleg=2019-05-20 DOLE=2019-05-20,non,,15,non,oui,oui,oui,1,1,parlementaire AN,parlementaire AN,parlementaire AN,AN et Dosleg concordants,ordinaire,ordinaire,ordinaire,AN et Dosleg concordants,non,DLR5L15N36917,60180,Protection des activités agricoles et des cultures marines
2019-485,2019-05-22,non,AN=2019-05-22 Dosleg=2019-05-22 DOLE=2019-05-22,non,,15,non,oui,oui,oui,1,1,parlementaire Sénat,parlementaire Sénat,parlementaire Sénat,AN et Dosleg concordants,ordinaire,ordinaire,ordinaire,AN et Dosleg concordants,non,DLR5L15N36913,59584,Favoriser la reconnaissance des proches aidants
2019-486,2019-05-22,non,AN=2019-05-22 Dosleg=2019-05-22 DOLE=2019-05-22,non,,15,non,oui,oui,oui,1,1,gouvernement,gouvernement,gouvernement,AN et Dosleg concordants,ordinaire,ordinaire,ordinaire,AN et Dosleg concordants,non,DLR5L15N36728,59644,Croissance et transformation des entreprises
2019-487,2019-05-22,non,AN=2019-05-22 Dosleg=2019-05-22 DOLE=2019-05-22,non,,15,non,oui,oui,oui,1,1,gouvernement,gouvernement,gouvernement,AN et Dosleg concordants,ordinaire,ordinaire,ordinaire,AN et Dosleg concordants,non,DLR5L15N37434,61083,Union européenne : entrée en fonction députés français élus
2019-550,2019-06-03,non,AN=2019-06-03 Dosleg=2019-06-03 DOLE=,non,"DOLE : loi d'autorisation d'un traité (DOLE n'en contient qu'une minorité ; motif constaté, non documenté par la DILA)",15,non,oui,oui,non,0,1,gouvernement,gouvernement,gouvernement,AN et Dosleg concordants,traite,traite,traite,AN et Dosleg concordants,oui,DLR5L15N36751,59683,Accord avec l'Autorité européenne des marchés financiers
2019-551,2019-06-03,non,AN=2019-06-03 Dosleg=2019-06-03 DOLE=,non,"DOLE : loi d'autorisation d'un traité (DOLE n'en contient qu'une minorité ; motif constaté, non documenté par la DILA)",15,non,oui,oui,non,0,1,gouvernement,gouvernement,gouvernement,AN et Dosleg concordants,traite,traite,traite,AN et Dosleg concordants,oui,DLR5L15N37247,60707,Accord France-Belgique
2019-686,2019-07-01,non,AN=2019-07-01 Dosleg=2019-07-01 DOLE=,non,"DOLE : loi d'autorisation d'un traité (DOLE n'en contient qu'une minorité ; motif constaté, non documenté par la DILA)",15,non,oui,oui,non,0,1,gouvernement,gouvernement,gouvernement,AN et Dosleg concordants,traite,traite,traite,AN et Dosleg concordants,oui,DLR5L15N36142,58506,Accords France-Suisse et France-Luxembourg
2019-706,2019-07-05,non,AN=2019-07-05 Dosleg=2019-07-05 DOLE=2019-07-05,non,,15,non,oui,oui,oui,1,1,gouvernement,gouvernement,gouvernement,AN et Dosleg concordants,organique,organique,organique,AN et Dosleg concordants,non,DLR5L15N37075,60443,Modification du statut d'autonomie de la Polynésie française
2019-707,2019-07-05,non,AN=2019-07-05 Dosleg=2019-07-05 DOLE=2019-07-05,non,,15,non,oui,oui,oui,1,1,gouvernement,gouvernement,gouvernement,AN et Dosleg concordants,ordinaire,ordinaire,ordinaire,AN et Dosleg concordants,non,DLR5L15N37074,60444,Dispositions institutionnelles en Polynésie française
2019-721,2019-07-10,non,AN=2019-07-10 Dosleg=2019-07-10 DOLE=2019-07-10,non,,15,non,oui,oui,oui,1,1,parlementaire AN,parlementaire AN,parlementaire AN,AN et Dosleg concordants,ordinaire,ordinaire,ordinaire,AN et Dosleg concordants,non,DLR5L15N36918,60183,Interdiction des violences éducatives ordinaires
2019-729,2019-07-12,non,AN=2019-07-12 Dosleg=2019-07-12 DOLE=,non,"DOLE : loi d'autorisation d'un traité (DOLE n'en contient qu'une minorité ; motif constaté, non documenté par la DILA)",15,non,oui,oui,non,0,1,gouvernement,gouvernement,gouvernement,AN et Dosleg concordants,traite,traite,traite,AN et Dosleg concordants,oui,DLR5L15N36831,59862,Ratification du protocole additionnel de Nagoya-Kuala Lumpur
2019-733,2019-07-14,non,AN=2019-07-14 Dosleg=2019-07-14 DOLE=2019-07-14,non,,15,non,oui,oui,oui,1,1,parlementaire AN,parlementaire AN,parlementaire AN,AN et Dosleg concordants,ordinaire,ordinaire,ordinaire,AN et Dosleg concordants,non,DLR5L15N37206,60687,Résiliation des contrats de complémentaire santé
2019-744,2019-07-19,non,AN= Dosleg=2019-07-19 DOLE=2019-07-19,non,"AN : dossier DLR5L14N34952 présent dans les fichiers AN, sans acte PROM-PUB portant ce numéro",15,non,non,oui,oui,1,1,,parlementaire Sénat,parlementaire Sénat,source unique : Dosleg,,ordinaire,ordinaire,source unique,non,,45662,Simplification du code de commerce
2019-753,2019-07-22,non,AN=2019-07-22 Dosleg=2019-07-22 DOLE=2019-07-22,non,,15,non,oui,oui,oui,1,1,parlementaire Sénat,parlementaire Sénat,parlementaire Sénat,AN et Dosleg concordants,ordinaire,ordinaire,ordinaire,AN et Dosleg concordants,non,DLR5L15N36915,60123,Agence nationale de la cohésion des territoires
2019-759,2019-07-24,non,AN=2019-07-24 Dosleg=2019-07-24 DOLE=2019-07-24,non,,15,non,oui,oui,oui,1,1,gouvernement,gouvernement,gouvernement,AN et Dosleg concordants,ordinaire,ordinaire,ordinaire,AN et Dosleg concordants,non,DLR5L15N37309,60824,Création d'une taxe sur les services numériques
2019-773,2019-07-24,non,AN=2019-07-24 Dosleg=2019-07-24 DOLE=2019-07-24,non,,15,non,oui,oui,oui,1,1,gouvernement,gouvernement,gouvernement,AN et Dosleg concordants,ordinaire,ordinaire,ordinaire,AN et Dosleg concordants,non,DLR5L15N36997,60306,Création de l'Office français de la biodiversité
2019-774,2019-07-24,non,AN=2019-07-24 Dosleg=2019-07-24 DOLE=2019-07-24,non,,15,non,oui,oui,oui,1,1,gouvernement,gouvernement,gouvernement,AN et Dosleg concordants,ordinaire,ordinaire,ordinaire,AN et Dosleg concordants,non,DLR5L15N37234,60705,Organisation du système de santé
2019-775,2019-07-24,non,AN=2019-07-24 Dosleg=2019-07-24 DOLE=2019-07-24,non,,15,non,oui,oui,oui,1,1,parlementaire Sénat,parlementaire Sénat,parlementaire Sénat,AN et Dosleg concordants,ordinaire,ordinaire,ordinaire,AN et Dosleg concordants,non,DLR5L15N37127,59963,Création d'un droit voisin au profit des agences et éditeurs de presse
2019-776,2019-07-24,non,AN=2019-07-24 Dosleg=2019-07-24 DOLE=2019-07-24,non,,15,non,oui,oui,oui,1,1,parlementaire Sénat,parlementaire Sénat,parlementaire Sénat,AN et Dosleg concordants,ordinaire,ordinaire,ordinaire,AN et Dosleg concordants,non,DLR5L15N37485,61062,Participation des conseillers de Lyon aux élections sénatoriales
2019-786,2019-07-26,non,AN=2019-07-26 Dosleg=2019-07-26 DOLE=2019-07-26,non,,15,non,oui,oui,oui,1,1,parlementaire AN,parlementaire AN,parlementaire AN,AN et Dosleg concordants,ordinaire,ordinaire,ordinaire,AN et Dosleg concordants,non,DLR5L15N37599,61524,Polynésie française
2019-789,2019-07-26,non,AN=2019-07-26 Dosleg=2019-07-26 DOLE=2019-07-26,non,,15,non,oui,oui,oui,1,1,gouvernement,gouvernement,gouvernement,AN et Dosleg concordants,organique,organique,organique,AN et Dosleg concordants,non,DLR5L15N36996,60305,Application du 5ème alinéa de l'article 13 de la Constitution
2019-790,2019-07-26,non,AN=2019-07-26 Dosleg=2019-07-26 DOLE=2019-07-26,non,,15,non,oui,oui,oui,1,1,parlementaire Sénat,parlementaire Sénat,parlementaire Sénat,AN et Dosleg concordants,organique,organique,organique,AN et Dosleg concordants,non,DLR5L15N36933,60164,Directeur général de l'Agence nationale de la cohésion des territoires
2019-791,2019-07-26,non,AN=2019-07-26 Dosleg=2019-07-26 DOLE=2019-07-26,non,,15,non,oui,oui,oui,1,1,gouvernement,gouvernement,gouvernement,AN et Dosleg concordants,ordinaire,ordinaire,ordinaire,AN et Dosleg concordants,non,DLR5L15N37055,60406,Pour une école de la confiance
2019-803,2019-07-29,non,AN=2019-07-29 Dosleg=2019-07-29 DOLE=2019-07-29,non,,15,non,oui,oui,oui,1,1,gouvernement,gouvernement,gouvernement,AN et Dosleg concordants,ordinaire,ordinaire,ordinaire,AN et Dosleg concordants,non,DLR5L15N37436,61084,Restauration et conservation de Notre-Dame de Paris
2019-809,2019-08-01,non,AN=2019-08-01 Dosleg=2019-08-01 DOLE=2019-08-01,non,,15,non,oui,oui,oui,1,1,parlementaire Sénat,parlementaire Sénat,parlementaire Sénat,AN et Dosleg concordants,ordinaire,ordinaire,ordinaire,AN et Dosleg concordants,non,DLR5L15N36990,59462,Communes nouvelles et diversité des territoires
2019-810,2019-08-01,non,AN=2019-08-01 Dosleg=2019-08-01 DOLE=2019-08-01,non,,15,non,oui,oui,oui,1,1,parlementaire AN,parlementaire AN,parlementaire AN,AN et Dosleg concordants,ordinaire,ordinaire,ordinaire,AN et Dosleg concordants,non,DLR5L15N37263,60744,Exploitation des réseaux radioélectriques mobiles
2019-811,2019-08-01,non,AN=2019-08-01 Dosleg=2019-08-01 DOLE=2019-08-01,non,,15,non,oui,oui,oui,1,1,gouvernement,gouvernement,gouvernement,AN et Dosleg concordants,finances_fss,finances_fss,finances_fss,AN et Dosleg concordants,non,DLR5L15N37471,61242,Règlement du budget et approbation des comptes de l'année 2018
2019-812,2019-08-01,non,AN=2019-08-01 Dosleg=2019-08-01 DOLE=2019-08-01,non,,15,non,oui,oui,oui,1,1,gouvernement,gouvernement,gouvernement,AN et Dosleg concordants,ordinaire,ordinaire,ordinaire,AN et Dosleg concordants,non,DLR5L15N37573,61403,Jeux Olympiques et Paralympiques de 2024
2019-816,2019-08-02,non,AN=2019-08-02 Dosleg=2019-08-02 DOLE=2019-08-02,non,,15,non,oui,oui,oui,1,1,gouvernement,gouvernement,gouvernement,AN et Dosleg concordants,ordinaire,ordinaire,ordinaire,AN et Dosleg concordants,non,DLR5L15N37289,60763,Collectivité européenne d'Alsace
2019-828,2019-08-06,non,AN=2019-08-06 Dosleg=2019-08-06 DOLE=2019-08-06,non,,15,non,oui,oui,oui,1,1,gouvernement,gouvernement,gouvernement,AN et Dosleg concordants,ordinaire,ordinaire,ordinaire,AN et Dosleg concordants,non,DLR5L15N37357,60963,Transformation de la fonction publique
2019-983,2019-09-26,non,AN= Dosleg=2019-09-26 DOLE=,non,"AN : dossier DLR5L14N35350 présent dans les fichiers AN, sans acte PROM-PUB portant ce numéro ; DOLE : loi d'autorisation d'un traité (DOLE n'en contient qu'une minorité ; motif constaté, non documenté par la DILA)",15,non,non,oui,non,0,1,,gouvernement,gouvernement,source unique : Dosleg,,traite,traite,source unique,oui,,53722,Convention judiciaire en outre-mer
2019-984,2019-09-26,non,AN=2019-09-26 Dosleg=2019-09-26 DOLE=,non,"DOLE : loi d'autorisation d'un traité (DOLE n'en contient qu'une minorité ; motif constaté, non documenté par la DILA)",15,non,oui,oui,non,0,1,gouvernement,gouvernement,gouvernement,AN et Dosleg concordants,traite,traite,traite,AN et Dosleg concordants,oui,DLR5L15N37030,60363,Accord de coopération Union européenne - Afghanistan
2019-1006,2019-09-30,non,AN=2019-09-30 Dosleg=2019-09-30 DOLE=,non,"DOLE : loi d'autorisation d'un traité (DOLE n'en contient qu'une minorité ; motif constaté, non documenté par la DILA)",15,non,oui,oui,non,0,1,gouvernement,gouvernement,gouvernement,AN et Dosleg concordants,traite,traite,traite,AN et Dosleg concordants,oui,DLR5L15N36853,59962,Accord France-Suisse sur l'organisation européenne pour la recherche nucléaire
2019-1063,2019-10-18,non,AN=2019-10-18 Dosleg=2019-10-18 DOLE=2019-10-18,non,,15,non,oui,oui,oui,1,1,gouvernement,gouvernement,gouvernement,AN et Dosleg concordants,ordinaire,ordinaire,ordinaire,AN et Dosleg concordants,non,DLR5L15N37404,61022,Modernisation de la distribution de la presse
2019-1066,2019-10-21,non,AN=2019-10-21 Dosleg=2019-10-21 DOLE=2019-10-21,non,,15,non,oui,oui,oui,1,1,gouvernement,gouvernement,gouvernement,AN et Dosleg concordants,traite,traite,traite,AN et Dosleg concordants,oui,DLR5L15N37597,61362,Traité sur la coopération et l'intégration franco-allemandes
2019-1093,2019-10-28,non,AN=2019-10-28 Dosleg=2019-10-28 DOLE=,non,"DOLE : loi d'autorisation d'un traité (DOLE n'en contient qu'une minorité ; motif constaté, non documenté par la DILA)",15,non,oui,oui,non,0,1,gouvernement,gouvernement,gouvernement,AN et Dosleg concordants,traite,traite,traite,AN et Dosleg concordants,oui,DLR5L15N36780,59762,Accord France - Djibouti
2019-1094,2019-10-28,non,AN=2019-10-28 Dosleg=2019-10-28 DOLE=,non,"DOLE : loi d'autorisation d'un traité (DOLE n'en contient qu'une minorité ; motif constaté, non documenté par la DILA)",15,non,oui,oui,non,0,1,gouvernement,gouvernement,gouvernement,AN et Dosleg concordants,traite,traite,traite,AN et Dosleg concordants,oui,DLR5L15N37307,60823,Accord Grand-Duché de Luxembourg
2019-1100,2019-10-30,non,AN=2019-10-30 Dosleg=2019-10-30 DOLE=2019-10-30,non,,15,non,oui,oui,oui,1,1,parlementaire AN,parlementaire AN,parlementaire AN,AN et Dosleg concordants,ordinaire,ordinaire,ordinaire,AN et Dosleg concordants,non,DLR5L15N37352,60964,Création du Centre national de la musique
2019-1147,2019-11-08,non,AN=2019-11-08 Dosleg=2019-11-08 DOLE=2019-11-08,non,,15,non,oui,oui,oui,1,1,gouvernement,gouvernement,gouvernement,AN et Dosleg concordants,ordinaire,ordinaire,ordinaire,AN et Dosleg concordants,non,DLR5L15N37447,61124,Énergie et climat
2019-1245,2019-11-28,non,AN=2019-11-28 Dosleg=2019-11-28 DOLE=,non,"DOLE : loi d'autorisation d'un traité (DOLE n'en contient qu'une minorité ; motif constaté, non documenté par la DILA)",15,non,oui,oui,non,0,1,gouvernement,gouvernement,gouvernement,AN et Dosleg concordants,traite,traite,traite,AN et Dosleg concordants,oui,DLR5L15N37658,61667,Macédoine du Nord
2019-1268,2019-12-02,non,AN=2019-12-02 Dosleg=2019-12-02 DOLE=2019-12-02,non,,15,non,oui,oui,oui,1,1,parlementaire Sénat,parlementaire Sénat,parlementaire Sénat,AN et Dosleg concordants,organique,organique,organique,AN et Dosleg concordants,non,DLR5L15N37390,60905,Clarifier diverses dispositions du droit électoral
2019-1269,2019-12-02,non,AN=2019-12-02 Dosleg=2019-12-02 DOLE=2019-12-02,non,,15,non,oui,oui,oui,1,1,parlementaire Sénat,parlementaire Sénat,parlementaire Sénat,AN et Dosleg concordants,ordinaire,ordinaire,ordinaire,AN et Dosleg concordants,non,DLR5L15N37385,60904,Clarifier diverses dispositions du droit électoral
2019-1270,2019-12-02,non,AN=2019-12-02 Dosleg=2019-12-02 DOLE=2019-12-02,non,,15,non,oui,oui,oui,1,1,gouvernement,gouvernement,gouvernement,AN et Dosleg concordants,finances_fss,finances_fss,finances_fss,AN et Dosleg concordants,non,DLR5L15N37942,62423,Projet de loi de finances rectificative pour 2019
2019-1332,2019-12-11,non,AN=2019-12-11 Dosleg=2019-12-11 DOLE=2019-12-11,non,,15,non,oui,oui,oui,1,1,parlementaire Sénat,parlementaire Sénat,parlementaire Sénat,AN et Dosleg concordants,ordinaire,ordinaire,ordinaire,AN et Dosleg concordants,non,DLR5L15N37229,60124,Améliorer la lisibilité du droit
2019-1364,2019-12-17,non,AN=2019-12-17 Dosleg=2019-12-17 DOLE=,non,"DOLE : loi d'autorisation d'un traité (DOLE n'en contient qu'une minorité ; motif constaté, non documenté par la DILA)",15,non,oui,oui,non,0,1,gouvernement,gouvernement,gouvernement,AN et Dosleg concordants,traite,traite,traite,AN et Dosleg concordants,oui,DLR5L15N37272,60727,Accords France - Principauté de Monaco
2019-1428,2019-12-24,non,AN=2019-12-24 Dosleg=2019-12-24 DOLE=2019-12-24,non,,15,non,oui,oui,oui,1,1,gouvernement,gouvernement,gouvernement,AN et Dosleg concordants,ordinaire,ordinaire,ordinaire,AN et Dosleg concordants,non,DLR5L15N37029,60362,Orientation des mobilités
2019-1446,2019-12-24,non,AN=2019-12-24 Dosleg=2019-12-24 DOLE=2019-12-24,non,,15,non,oui,oui,oui,1,1,gouvernement,gouvernement,gouvernement,AN et Dosleg concordants,finances_fss,finances_fss,finances_fss,AN et Dosleg concordants,non,DLR5L15N37831,62189,Financement de la sécurité sociale pour 2020
2019-1447,2019-12-26,non,AN=2019-12-26 Dosleg=2019-12-26 DOLE=,non,"DOLE : loi d'autorisation d'un traité (DOLE n'en contient qu'une minorité ; motif constaté, non documenté par la DILA)",15,non,oui,oui,non,0,1,gouvernement,gouvernement,gouvernement,AN et Dosleg concordants,traite,traite,traite,AN et Dosleg concordants,oui,DLR5L15N37133,60509,Accord UE - Arménie
2019-1461,2019-12-27,non,AN=2019-12-27 Dosleg=2019-12-27 DOLE=2019-12-27,non,,15,non,oui,oui,oui,1,1,gouvernement,gouvernement,gouvernement,AN et Dosleg concordants,ordinaire,ordinaire,ordinaire,AN et Dosleg concordants,non,DLR5L15N37659,61668,Engagement et proximité
2019-1479,2019-12-28,non,AN=2019-12-28 Dosleg=2019-12-28 DOLE=2019-12-28,non,,15,non,oui,oui,oui,1,1,gouvernement,gouvernement,gouvernement,AN et Dosleg concordants,finances_fss,finances_fss,finances_fss,AN et Dosleg concordants,non,DLR5L15N37615,62064,Budget 2020
2019-1480,2019-12-28,non,AN=2019-12-28 Dosleg=2019-12-28 DOLE=2019-12-28,non,,15,non,oui,oui,oui,1,1,parlementaire AN,parlementaire AN,parlementaire AN,AN et Dosleg concordants,ordinaire,ordinaire,ordinaire,AN et Dosleg concordants,non,DLR5L15N37702,61865,Agir contre les violences au sein de la famille
2020-43,2020-01-27,non,AN= Dosleg=2020-01-27 DOLE=,non,"AN : dossier DLR5L14N33798 présent dans les fichiers AN, sans acte PROM-PUB portant ce numéro ; DOLE : loi d'autorisation d'un traité (DOLE n'en contient qu'une minorité ; motif constaté, non documenté par la DILA)",15,non,non,oui,non,0,1,,gouvernement,gouvernement,source unique : Dosleg,,traite,traite,source unique,oui,,47922,Charte européenne de l'autonomie locale
2020-44,2020-01-27,non,AN=2020-01-27 Dosleg=2020-01-27 DOLE=,non,"DOLE : loi d'autorisation d'un traité (DOLE n'en contient qu'une minorité ; motif constaté, non documenté par la DILA)",15,non,oui,oui,non,0,1,gouvernement,gouvernement,gouvernement,AN et Dosleg concordants,traite,traite,traite,AN et Dosleg concordants,oui,DLR5L15N35851,57222,Traité d'extradition et d'entraide judiciaire avec le Viet Nam
2020-45,2020-01-27,non,AN=2020-01-27 Dosleg=2020-01-27 DOLE=,non,"DOLE : loi d'autorisation d'un traité (DOLE n'en contient qu'une minorité ; motif constaté, non documenté par la DILA)",15,non,oui,oui,non,0,1,gouvernement,gouvernement,gouvernement,AN et Dosleg concordants,traite,traite,traite,AN et Dosleg concordants,oui,DLR5L15N36998,60304,Accords France-Albanie et France-Chypre en matière de défense
2020-46,2020-01-27,non,AN=2020-01-27 Dosleg=2020-01-27 DOLE=,non,"DOLE : loi d'autorisation d'un traité (DOLE n'en contient qu'une minorité ; motif constaté, non documenté par la DILA)",15,non,oui,oui,non,0,1,gouvernement,gouvernement,gouvernement,AN et Dosleg concordants,traite,traite,traite,AN et Dosleg concordants,oui,DLR5L15N37372,60985,Accord France-Arménie
2020-47,2020-01-27,non,AN=2020-01-27 Dosleg=2020-01-27 DOLE=,non,"DOLE : loi d'autorisation d'un traité (DOLE n'en contient qu'une minorité ; motif constaté, non documenté par la DILA)",15,non,oui,oui,non,0,1,gouvernement,gouvernement,gouvernement,AN et Dosleg concordants,traite,traite,traite,AN et Dosleg concordants,oui,DLR5L15N37495,61302,Accord France Arménie
2020-48,2020-01-28,non,AN=2020-01-28 Dosleg=2020-01-28 DOLE=2020-01-28,non,,15,non,oui,oui,oui,1,1,parlementaire AN,parlementaire AN,parlementaire AN,AN et Dosleg concordants,ordinaire,ordinaire,ordinaire,AN et Dosleg concordants,non,DLR5L15N37618,61659,Mitage des espaces forestiers en Île-de-France
2020-85,2020-02-05,oui,AN=2020-02-06 Dosleg=2020-02-05 DOLE=,non,"DOLE : loi d'autorisation d'un traité (DOLE n'en contient qu'une minorité ; motif constaté, non documenté par la DILA)",15,non,oui,oui,non,0,1,gouvernement,gouvernement,gouvernement,AN et Dosleg concordants,traite,traite,traite,AN et Dosleg concordants,oui,DLR5L15N36802,59782,"Accords France-Éthiopie, France-Costa Rica, France-Mozambique"
2020-86,2020-02-05,non,AN=2020-02-05 Dosleg=2020-02-05 DOLE=,non,"DOLE : loi d'autorisation d'un traité (DOLE n'en contient qu'une minorité ; motif constaté, non documenté par la DILA)",15,non,oui,oui,non,0,1,gouvernement,gouvernement,gouvernement,AN et Dosleg concordants,traite,traite,traite,AN et Dosleg concordants,oui,DLR5L15N37132,60508,Accords France-Tchad et France-Angola
2020-105,2020-02-10,non,AN=2020-02-10 Dosleg=2020-02-10 DOLE=2020-02-10,non,,15,non,oui,oui,oui,1,1,gouvernement,gouvernement,gouvernement,AN et Dosleg concordants,ordinaire,ordinaire,ordinaire,AN et Dosleg concordants,non,DLR5L15N37641,61625,Économie circulaire
2020-146,2020-02-21,non,AN=2020-02-21 Dosleg=2020-02-21 DOLE=2020-02-21,non,,15,non,oui,oui,oui,1,1,gouvernement,gouvernement,gouvernement,AN et Dosleg concordants,ordinaire,ordinaire,ordinaire,AN et Dosleg concordants,non,DLR5L15N37595,61482,Code de l'urbanisme de Saint-Martin
2020-220,2020-03-06,non,AN=2020-03-06 Dosleg=2020-03-06 DOLE=2020-03-06,non,,15,non,oui,oui,oui,1,1,parlementaire Sénat,parlementaire Sénat,parlementaire Sénat,AN et Dosleg concordants,ordinaire,ordinaire,ordinaire,AN et Dosleg concordants,non,DLR5L15N37804,62123,Prestation de compensation du handicap
2020-240,2020-03-13,non,AN=2020-03-13 Dosleg=2020-03-13 DOLE=,non,"DOLE : loi d'autorisation d'un traité (DOLE n'en contient qu'une minorité ; motif constaté, non documenté par la DILA)",15,non,oui,oui,non,0,1,gouvernement,gouvernement,gouvernement,AN et Dosleg concordants,traite,traite,traite,AN et Dosleg concordants,oui,DLR5L15N37570,61444,Accord France-Allemagne
2020-289,2020-03-23,non,AN=2020-03-23 Dosleg=2020-03-23 DOLE=2020-03-23,non,,15,non,oui,oui,oui,1,1,gouvernement,gouvernement,gouvernement,AN et Dosleg concordants,finances_fss,finances_fss,finances_fss,AN et Dosleg concordants,non,DLR5L15N39144,63645,Loi de finances rectificative pour 2020 (1)
2020-290,2020-03-23,non,AN=2020-03-23 Dosleg=2020-03-23 DOLE=2020-03-23,non,,15,non,oui,oui,oui,1,1,gouvernement,gouvernement,gouvernement,AN et Dosleg concordants,ordinaire,ordinaire,ordinaire,AN et Dosleg concordants,non,DLR5L15N39205,63642,Faire face à l'épidémie de covid-19
2020-364,2020-03-30,non,AN=2020-03-30 Dosleg=2020-03-30 DOLE=2020-03-30,non,,15,non,oui,oui,oui,1,1,gouvernement,gouvernement,gouvernement,AN et Dosleg concordants,organique,organique,organique,AN et Dosleg concordants,non,DLR5L15N37969,62464,Modification de la loi organique n° 2010-837 du 23 juillet 2010
2020-365,2020-03-30,non,AN=2020-03-30 Dosleg=2020-03-30 DOLE=2020-03-30,non,,15,non,oui,oui,oui,1,1,gouvernement,gouvernement,gouvernement,AN et Dosleg concordants,organique,organique,organique,AN et Dosleg concordants,non,DLR5L15N39206,63644,Faire face à l'épidémie de covid-19
2020-366,2020-03-30,non,AN=2020-03-30 Dosleg=2020-03-30 DOLE=2020-03-30,non,,15,non,oui,oui,oui,1,1,gouvernement,gouvernement,gouvernement,AN et Dosleg concordants,ordinaire,ordinaire,ordinaire,AN et Dosleg concordants,non,DLR5L15N37968,62463,Protection des droits sur internet
2020-473,2020-04-25,non,AN=2020-04-25 Dosleg=2020-04-25 DOLE=2020-04-25,non,,15,non,oui,oui,oui,1,1,gouvernement,gouvernement,gouvernement,AN et Dosleg concordants,finances_fss,finances_fss,finances_fss,AN et Dosleg concordants,non,DLR5L15N39427,63923,Loi de finances rectificative pour 2020 (2)
2020-546,2020-05-11,non,AN=2020-05-11 Dosleg=2020-05-11 DOLE=2020-05-11,non,,15,non,oui,oui,oui,1,1,gouvernement,gouvernement,gouvernement,AN et Dosleg concordants,ordinaire,ordinaire,ordinaire,AN et Dosleg concordants,non,DLR5L15N39597,64162,Prorogation de l'état d'urgence sanitaire
2020-692,2020-06-08,non,AN=2020-06-08 Dosleg=2020-06-08 DOLE=2020-06-08,non,,15,non,oui,oui,oui,1,1,parlementaire AN,parlementaire AN,parlementaire AN,AN et Dosleg concordants,ordinaire,ordinaire,ordinaire,AN et Dosleg concordants,non,DLR5L15N36748,59693,Congé pour le décès d'un enfant
2020-699,2020-06-10,non,AN=2020-06-10 Dosleg=2020-06-10 DOLE=2020-06-10,non,,15,non,oui,oui,oui,1,1,parlementaire AN,parlementaire AN,parlementaire AN,AN et Dosleg concordants,ordinaire,ordinaire,ordinaire,AN et Dosleg concordants,non,DLR5L15N37328,60921,Information sur les produits agricoles et alimentaires
2020-734,2020-06-17,non,AN=2020-06-17 Dosleg=2020-06-17 DOLE=2020-06-17,non,,15,non,oui,oui,oui,1,1,gouvernement,gouvernement,gouvernement,AN et Dosleg concordants,ordinaire,ordinaire,ordinaire,AN et Dosleg concordants,non,DLR5L15N39644,64242,Dispositions urgentes face à l'épidémie de covid-19
2020-760,2020-06-22,non,AN=2020-06-22 Dosleg=2020-06-22 DOLE=2020-06-22,non,,15,non,oui,oui,oui,1,1,gouvernement,gouvernement,gouvernement,AN et Dosleg concordants,ordinaire,ordinaire,ordinaire,AN et Dosleg concordants,non,DLR5L15N39814,64546,Second tour des municipales
2020-766,2020-06-24,non,AN=2020-06-24 Dosleg=2020-06-24 DOLE=2020-06-24,non,,15,non,oui,oui,oui,1,1,parlementaire AN,parlementaire AN,parlementaire AN,AN et Dosleg concordants,ordinaire,ordinaire,ordinaire,AN et Dosleg concordants,non,DLR5L15N37327,60919,Lutte contre la haine sur internet
2020-833,2020-07-02,non,AN=2020-07-02 Dosleg=2020-07-02 DOLE=2020-07-02,non,,15,non,oui,oui,oui,1,1,parlementaire AN,parlementaire AN,parlementaire AN,AN et Dosleg concordants,ordinaire,ordinaire,ordinaire,AN et Dosleg concordants,non,DLR5L15N37904,62418,Fonds de garantie des victimes des actes de terrorisme
2020-839,2020-07-03,non,AN= Dosleg=2020-07-03 DOLE=2020-07-03,non,"AN : dossier DLR5L14N35468 présent dans les fichiers AN, sans acte PROM-PUB portant ce numéro",15,non,non,oui,oui,1,1,,parlementaire AN,parlementaire AN,source unique : Dosleg,,ordinaire,ordinaire,source unique,non,,54903,Revalorisation des pensions de retraite agricoles
2020-840,2020-07-03,non,AN=2020-07-03 Dosleg=2020-07-03 DOLE=2020-07-03,non,,15,non,oui,oui,oui,1,1,parlementaire AN,parlementaire AN,parlementaire AN,AN et Dosleg concordants,ordinaire,ordinaire,ordinaire,AN et Dosleg concordants,non,DLR5L15N37091,60462,Statut de citoyen sauveteur
2020-856,2020-07-09,non,AN=2020-07-09 Dosleg=2020-07-09 DOLE=2020-07-09,non,,15,non,oui,oui,oui,1,1,gouvernement,gouvernement,gouvernement,AN et Dosleg concordants,ordinaire,ordinaire,ordinaire,AN et Dosleg concordants,non,DLR5L15N39896,64685,Organiser la sortie de l'état d'urgence sanitaire
2020-901,2020-07-24,non,AN=2020-07-24 Dosleg=2020-07-24 DOLE=2020-07-24,non,,15,non,oui,oui,oui,1,1,parlementaire AN,parlementaire AN,parlementaire AN,AN et Dosleg concordants,ordinaire,ordinaire,ordinaire,AN et Dosleg concordants,non,DLR5L15N36876,60139,Démarchage téléphonique et lutte contre les appels frauduleux
2020-909,2020-07-27,non,AN=2020-07-27 Dosleg=2020-07-27 DOLE=2020-07-27,non,,15,non,oui,oui,oui,1,1,parlementaire AN,parlementaire AN,parlementaire AN,AN et Dosleg concordants,ordinaire,ordinaire,ordinaire,AN et Dosleg concordants,non,DLR5L15N37475,61307,Peines d'emprisonnement prévues en Nouvelle-Calédonie
2020-935,2020-07-30,non,AN=2020-07-30 Dosleg=2020-07-30 DOLE=2020-07-30,non,,15,non,oui,oui,oui,1,1,gouvernement,gouvernement,gouvernement,AN et Dosleg concordants,finances_fss,finances_fss,finances_fss,AN et Dosleg concordants,non,DLR5L15N39895,64684,Loi de finances rectificative pour 2020 (3)
2020-936,2020-07-30,non,AN=2020-07-30 Dosleg=2020-07-30 DOLE=2020-07-30,non,,15,non,oui,oui,oui,1,1,parlementaire AN,parlementaire AN,parlementaire AN,AN et Dosleg concordants,ordinaire,ordinaire,ordinaire,AN et Dosleg concordants,non,DLR5L15N38334,62703,Protéger les victimes de violences conjugales
2020-937,2020-07-30,non,AN=2020-07-30 Dosleg=2020-07-30 DOLE=2020-07-30,non,,15,non,oui,oui,oui,1,1,gouvernement,gouvernement,gouvernement,AN et Dosleg concordants,finances_fss,finances_fss,finances_fss,AN et Dosleg concordants,non,DLR5L15N39596,64163,Règlement du budget et approbation des comptes de 2019
2020-938,2020-07-30,non,AN=2020-07-30 Dosleg=2020-07-30 DOLE=2020-07-30,non,,15,non,oui,oui,oui,1,1,parlementaire AN,parlementaire AN,parlementaire AN,AN et Dosleg concordants,ordinaire,ordinaire,ordinaire,AN et Dosleg concordants,non,DLR5L15N39726,64435,Offrir des chèques-vacances aux personnels secteurs sanitaire - médico-social
2020-976,2020-08-03,non,AN=2020-08-03 Dosleg=2020-08-03 DOLE=2020-08-03,non,,15,non,oui,oui,oui,1,1,gouvernement,gouvernement,gouvernement,AN et Dosleg concordants,organique,organique,organique,AN et Dosleg concordants,non,DLR5L15N39815,64547,Report des élections sénatoriales et des élections législatives partielles
2020-991,2020-08-07,non,AN=2020-08-07 Dosleg=2020-08-07 DOLE=2020-08-07,non,,15,non,oui,oui,oui,1,1,gouvernement,gouvernement,gouvernement,AN et Dosleg concordants,organique,organique,organique,AN et Dosleg concordants,non,DLR5L15N39812,64544,Dette sociale et autonomie
2020-992,2020-08-07,non,AN=2020-08-07 Dosleg=2020-08-07 DOLE=2020-08-07,non,,15,non,oui,oui,oui,1,1,gouvernement,gouvernement,gouvernement,AN et Dosleg concordants,ordinaire,ordinaire,ordinaire,AN et Dosleg concordants,non,DLR5L15N39813,64545,Dette sociale et autonomie
2020-1022,2020-08-10,non,AN=2020-08-10 Dosleg=2020-08-10 DOLE=2020-08-10,non,,15,non,oui,oui,oui,1,1,gouvernement,gouvernement,gouvernement,AN et Dosleg concordants,organique,organique,organique,AN et Dosleg concordants,non,DLR5L15N40096,65022,Prorogation du mandat des membres du CESE
2020-1023,2020-08-10,non,AN=2020-08-10 Dosleg=2020-08-10 DOLE=2020-08-10,non,,15,non,oui,oui,oui,1,1,parlementaire AN,parlementaire AN,parlementaire AN,AN et Dosleg concordants,ordinaire,ordinaire,ordinaire,AN et Dosleg concordants,non,DLR5L15N39028,63582,Mesures de sûreté contre les auteurs d'infractions terroristes
2020-1236,2020-10-09,non,AN=2020-10-09 Dosleg=2020-10-09 DOLE=,non,"DOLE : loi d'autorisation d'un traité (DOLE n'en contient qu'une minorité ; motif constaté, non documenté par la DILA)",15,non,oui,oui,non,0,1,gouvernement,gouvernement,gouvernement,AN et Dosleg concordants,traite,traite,traite,AN et Dosleg concordants,oui,DLR5L15N37341,60907,Accord fiscal France-Botswana
2020-1237,2020-10-09,non,AN=2020-10-09 Dosleg=2020-10-09 DOLE=,non,"DOLE : loi d'autorisation d'un traité (DOLE n'en contient qu'une minorité ; motif constaté, non documenté par la DILA)",15,non,oui,oui,non,0,1,gouvernement,gouvernement,gouvernement,AN et Dosleg concordants,traite,traite,traite,AN et Dosleg concordants,oui,DLR5L15N38566,63104,Convention européenne d'extradition
2020-1238,2020-10-09,non,AN=2020-10-09 Dosleg=2020-10-09 DOLE=,non,"DOLE : loi d'autorisation d'un traité (DOLE n'en contient qu'une minorité ; motif constaté, non documenté par la DILA)",15,non,oui,oui,non,0,1,gouvernement,gouvernement,gouvernement,AN et Dosleg concordants,traite,traite,traite,AN et Dosleg concordants,oui,DLR5L15N38768,63344,Accords France-Turkménistan et France-États-Unis
2020-1266,2020-10-19,non,AN=2020-10-19 Dosleg=2020-10-19 DOLE=2020-10-19,non,,15,non,oui,oui,oui,1,1,parlementaire AN,parlementaire AN,parlementaire AN,AN et Dosleg concordants,ordinaire,ordinaire,ordinaire,AN et Dosleg concordants,non,DLR5L15N38385,62845,Exploitation commerciale de l'image d'enfants sur les plateformes en ligne
2020-1367,2020-11-12,non,AN=2020-11-12 Dosleg=2020-11-12 DOLE=,non,"DOLE : loi d'autorisation d'un traité (DOLE n'en contient qu'une minorité ; motif constaté, non documenté par la DILA)",15,non,oui,oui,non,0,1,gouvernement,gouvernement,gouvernement,AN et Dosleg concordants,traite,traite,traite,AN et Dosleg concordants,oui,DLR5L15N37977,62523,Accord France-Inde - Trafic illicite de stupéfiants
2020-1379,2020-11-14,non,AN=2020-11-14 Dosleg=2020-11-14 DOLE=2020-11-14,non,,15,non,oui,oui,oui,1,1,gouvernement,gouvernement,gouvernement,AN et Dosleg concordants,ordinaire,ordinaire,ordinaire,AN et Dosleg concordants,non,DLR5L15N40751,65985,Prorogation de l'état d'urgence sanitaire
2020-1473,2020-11-30,non,AN=2020-11-30 Dosleg=2020-11-30 DOLE=2020-11-30,non,,15,non,oui,oui,oui,1,1,gouvernement,gouvernement,gouvernement,AN et Dosleg concordants,finances_fss,finances_fss,finances_fss,AN et Dosleg concordants,non,DLR5L15N40849,66182,Loi de finances rectificative pour 2020 (4)
2020-1508,2020-12-03,non,AN=2020-12-03 Dosleg=2020-12-03 DOLE=2020-12-03,non,,15,non,oui,oui,oui,1,1,gouvernement,gouvernement,gouvernement,AN et Dosleg concordants,ordinaire,ordinaire,ordinaire,AN et Dosleg concordants,non,DLR5L15N38769,63343,Adaptation au droit de l'Union européenne en matière économique et financière
2020-1525,2020-12-07,non,AN=2020-12-07 Dosleg=2020-12-07 DOLE=2020-12-07,non,,15,non,oui,oui,oui,1,1,gouvernement,gouvernement,gouvernement,AN et Dosleg concordants,ordinaire,ordinaire,ordinaire,AN et Dosleg concordants,non,DLR5L15N38690,63243,Accélération et simplification de l'action publique
2020-1576,2020-12-14,non,AN=2020-12-14 Dosleg=2020-12-14 DOLE=2020-12-14,non,,15,non,oui,oui,oui,1,1,gouvernement,gouvernement,gouvernement,AN et Dosleg concordants,finances_fss,finances_fss,finances_fss,AN et Dosleg concordants,non,DLR5L15N40633,65803,Financement de la sécurité sociale pour 2021
2020-1577,2020-12-14,non,AN=2020-12-14 Dosleg=2020-12-14 DOLE=2020-12-14,non,,15,non,oui,oui,oui,1,1,parlementaire AN,parlementaire AN,parlementaire AN,AN et Dosleg concordants,ordinaire,ordinaire,ordinaire,AN et Dosleg concordants,non,DLR5L15N39924,64761,Inclusion dans l'emploi par l'activité économique
2020-1578,2020-12-14,non,AN=2020-12-14 Dosleg=2020-12-14 DOLE=2020-12-14,non,,15,non,oui,oui,oui,1,1,gouvernement,gouvernement,gouvernement,AN et Dosleg concordants,ordinaire,ordinaire,ordinaire,AN et Dosleg concordants,non,DLR5L15N40450,65465,Mise sur le marché de certains produits phytopharmaceutiques
2020-1630,2020-12-22,non,AN=2020-12-22 Dosleg=2020-12-22 DOLE=2020-12-22,non,,15,non,oui,oui,oui,1,1,parlementaire AN,parlementaire AN,parlementaire AN,AN et Dosleg concordants,ordinaire,ordinaire,ordinaire,AN et Dosleg concordants,non,DLR5L15N40666,65886,Conseillers de l'Assemblée de Guyane
2020-1669,2020-12-24,non,AN=2020-12-24 Dosleg=2020-12-24 DOLE=2020-12-24,non,,15,non,oui,oui,oui,1,1,gouvernement,gouvernement,gouvernement,AN et Dosleg concordants,organique,organique,organique,AN et Dosleg concordants,non,DLR5L15N40949,66363,Délais d'organisation des élections législatives et sénatoriales
2020-1670,2020-12-24,non,AN=2020-12-24 Dosleg=2020-12-24 DOLE=2020-12-24,non,,15,non,oui,oui,oui,1,1,gouvernement,gouvernement,gouvernement,AN et Dosleg concordants,ordinaire,ordinaire,ordinaire,AN et Dosleg concordants,non,DLR5L15N40950,66364,Délais d'organisation des élections municipales partielles
2020-1671,2020-12-24,non,AN=2020-12-24 Dosleg=2020-12-24 DOLE=2020-12-24,non,,15,non,oui,oui,oui,1,1,gouvernement,gouvernement,gouvernement,AN et Dosleg concordants,ordinaire,ordinaire,ordinaire,AN et Dosleg concordants,non,DLR5L15N39947,64762,Code de la sécurité intérieure
2020-1672,2020-12-24,non,AN=2020-12-24 Dosleg=2020-12-24 DOLE=2020-12-24,non,,15,non,oui,oui,oui,1,1,gouvernement,gouvernement,gouvernement,AN et Dosleg concordants,ordinaire,ordinaire,ordinaire,AN et Dosleg concordants,non,DLR5L15N38588,63143,Parquet européen et justice pénale spécialisée
2020-1673,2020-12-24,non,AN=2020-12-24 Dosleg=2020-12-24 DOLE=2020-12-24,non,,15,non,oui,oui,oui,1,1,gouvernement,gouvernement,gouvernement,AN et Dosleg concordants,ordinaire,ordinaire,ordinaire,AN et Dosleg concordants,non,DLR5L15N40129,65105,Restitution de biens culturels au Bénin et au Sénégal
2020-1674,2020-12-24,non,AN=2020-12-24 Dosleg=2020-12-24 DOLE=2020-12-24,non,,15,non,oui,oui,oui,1,1,gouvernement,gouvernement,gouvernement,AN et Dosleg concordants,ordinaire,ordinaire,ordinaire,AN et Dosleg concordants,non,DLR5L15N40171,65185,Programmation de la recherche pour les années 2021 à 2030
2020-1721,2020-12-29,non,AN=2020-12-29 Dosleg=2020-12-29 DOLE=2020-12-29,non,,15,non,oui,oui,oui,1,1,gouvernement,gouvernement,gouvernement,AN et Dosleg concordants,finances_fss,finances_fss,finances_fss,AN et Dosleg concordants,non,DLR5L15N40245,65702,Budget 2021
2021-27,2021-01-15,non,AN=2021-01-15 Dosleg=2021-01-15 DOLE=2021-01-15,non,,15,non,oui,oui,oui,1,1,gouvernement,gouvernement,gouvernement,AN et Dosleg concordants,organique,organique,organique,AN et Dosleg concordants,non,DLR5L15N40073,65064,"Conseil économique, social et environnemental"
2021-65,2021-01-27,non,AN=2021-01-27 Dosleg=2021-01-27 DOLE=,non,"DOLE : loi d'autorisation d'un traité (DOLE n'en contient qu'une minorité ; motif constaté, non documenté par la DILA)",15,non,oui,oui,non,0,1,gouvernement,gouvernement,gouvernement,AN et Dosleg concordants,traite,traite,traite,AN et Dosleg concordants,oui,DLR5L15N37715,61863,Conventions France - Burkina Faso
2021-66,2021-01-27,non,AN=2021-01-27 Dosleg=2021-01-27 DOLE=,non,"DOLE : loi d'autorisation d'un traité (DOLE n'en contient qu'une minorité ; motif constaté, non documenté par la DILA)",15,non,oui,oui,non,0,1,gouvernement,gouvernement,gouvernement,AN et Dosleg concordants,traite,traite,traite,AN et Dosleg concordants,oui,DLR5L15N37727,61922,Accord France - Niger
2021-67,2021-01-27,non,AN=2021-01-27 Dosleg=2021-01-27 DOLE=,non,"DOLE : loi d'autorisation d'un traité (DOLE n'en contient qu'une minorité ; motif constaté, non documenté par la DILA)",15,non,oui,oui,non,0,1,gouvernement,gouvernement,gouvernement,AN et Dosleg concordants,traite,traite,traite,AN et Dosleg concordants,oui,DLR5L15N38427,62904,Aménagement de la Lys mitoyenne entre Deûlémont et Menin
2021-68,2021-01-27,non,AN=2021-01-27 Dosleg=2021-01-27 DOLE=,non,"DOLE : loi d'autorisation d'un traité (DOLE n'en contient qu'une minorité ; motif constaté, non documenté par la DILA)",15,non,oui,oui,non,0,1,gouvernement,gouvernement,gouvernement,AN et Dosleg concordants,traite,traite,traite,AN et Dosleg concordants,oui,DLR5L15N39855,64604,Convention France - Luxembourg
2021-85,2021-01-29,non,AN=2021-01-29 Dosleg=2021-01-29 DOLE=2021-01-29,non,,15,non,oui,oui,oui,1,1,parlementaire AN,parlementaire AN,parlementaire AN,AN et Dosleg concordants,ordinaire,ordinaire,ordinaire,AN et Dosleg concordants,non,DLR5L15N37637,61963,Patrimoine sensoriel des campagnes françaises
2021-107,2021-02-03,non,AN=2021-02-03 Dosleg=2021-02-03 DOLE=,non,"DOLE : loi d'autorisation d'un traité (DOLE n'en contient qu'une minorité ; motif constaté, non documenté par la DILA)",15,non,oui,oui,non,0,1,gouvernement,gouvernement,gouvernement,AN et Dosleg concordants,traite,traite,traite,AN et Dosleg concordants,oui,DLR5L15N38367,62784,Convention relative aux infractions à bord des aéronefs
2021-108,2021-02-03,non,AN=2021-02-03 Dosleg=2021-02-03 DOLE=,non,"DOLE : loi d'autorisation d'un traité (DOLE n'en contient qu'une minorité ; motif constaté, non documenté par la DILA)",15,non,oui,oui,non,0,1,gouvernement,gouvernement,gouvernement,AN et Dosleg concordants,traite,traite,traite,AN et Dosleg concordants,oui,DLR5L15N39765,64442,Union monétaire ouest-africaine
2021-127,2021-02-08,non,AN=2021-02-08 Dosleg=2021-02-08 DOLE=,non,"DOLE : loi d'autorisation d'un traité (DOLE n'en contient qu'une minorité ; motif constaté, non documenté par la DILA)",15,non,oui,oui,non,0,1,gouvernement,gouvernement,gouvernement,AN et Dosleg concordants,traite,traite,traite,AN et Dosleg concordants,oui,DLR5L15N41310,66904,Système des ressources propres de l'Union européenne
2021-160,2021-02-15,non,AN=2021-02-15 Dosleg=2021-02-15 DOLE=2021-02-15,non,,15,non,oui,oui,oui,1,1,gouvernement,gouvernement,gouvernement,AN et Dosleg concordants,ordinaire,ordinaire,ordinaire,AN et Dosleg concordants,non,DLR5L15N41308,66902,Prorogation de l'état d'urgence sanitaire
2021-191,2021-02-22,oui,AN=0021-02-24 Dosleg=2021-02-22 DOLE=2021-02-22,oui,,15,non,oui,oui,oui,1,1,gouvernement,gouvernement,gouvernement,AN et Dosleg concordants,ordinaire,ordinaire,ordinaire,AN et Dosleg concordants,non,DLR5L15N41210,66784,Renouvellement des conseils départementaux et régionaux
2021-194,2021-02-23,non,AN=2021-02-23 Dosleg=2021-02-23 DOLE=2021-02-23,non,,15,non,oui,oui,oui,1,1,gouvernement,gouvernement,gouvernement,AN et Dosleg concordants,ordinaire,ordinaire,ordinaire,AN et Dosleg concordants,non,DLR5L15N38846,63405,Code mondial antidopage et lutte contre le dopage
2021-195,2021-02-23,non,AN=2021-02-23 Dosleg=2021-02-23 DOLE=2021-02-23,non,,15,non,oui,oui,oui,1,1,gouvernement,gouvernement,gouvernement,AN et Dosleg concordants,ordinaire,ordinaire,ordinaire,AN et Dosleg concordants,non,DLR5L15N40174,65183,Ratification de diverses ordonnances pour faire face à la covid-19
2021-218,2021-02-26,non,AN=2021-02-26 Dosleg=2021-02-26 DOLE=2021-02-26,non,,15,non,oui,oui,oui,1,1,gouvernement,gouvernement,gouvernement,AN et Dosleg concordants,ordinaire,ordinaire,ordinaire,AN et Dosleg concordants,non,DLR5L15N37919,62363,Code de la justice pénale des mineurs
2021-219,2021-02-26,non,AN=2021-02-26 Dosleg=2021-02-26 DOLE=2021-02-26,non,,15,non,oui,oui,oui,1,1,parlementaire AN,parlementaire AN,parlementaire AN,AN et Dosleg concordants,ordinaire,ordinaire,ordinaire,AN et Dosleg concordants,non,DLR5L15N39229,63696,Déshérence des contrats de retraite supplémentaire
2021-302,2021-03-22,non,AN=2021-03-22 Dosleg=2021-03-22 DOLE=,non,"DOLE : loi d'autorisation d'un traité (DOLE n'en contient qu'une minorité ; motif constaté, non documenté par la DILA)",15,non,oui,oui,non,0,1,gouvernement,gouvernement,gouvernement,AN et Dosleg concordants,traite,traite,traite,AN et Dosleg concordants,oui,DLR5L15N38350,62745,Accord avec la République algérienne démocratique et populaire
2021-303,2021-03-22,non,AN=2021-03-22 Dosleg=2021-03-22 DOLE=,non,"DOLE : loi d'autorisation d'un traité (DOLE n'en contient qu'une minorité ; motif constaté, non documenté par la DILA)",15,non,oui,oui,non,0,1,gouvernement,gouvernement,gouvernement,AN et Dosleg concordants,traite,traite,traite,AN et Dosleg concordants,oui,DLR5L15N38416,62902,Accords avec le Burkina Faso et la République du Paraguay
2021-335,2021-03-29,non,AN=2021-03-29 Dosleg=2021-03-29 DOLE=2021-03-29,non,,15,non,oui,oui,oui,1,1,gouvernement,gouvernement,gouvernement,AN et Dosleg concordants,organique,organique,organique,AN et Dosleg concordants,non,DLR5L15N41207,66786,Élection du Président de la République
2021-401,2021-04-08,non,AN=2021-04-08 Dosleg=2021-04-08 DOLE=2021-04-08,non,,15,non,oui,oui,oui,1,1,parlementaire AN,parlementaire AN,parlementaire AN,AN et Dosleg concordants,ordinaire,ordinaire,ordinaire,AN et Dosleg concordants,non,DLR5L15N40640,65882,Justice de proximité et réponse pénale
2021-402,2021-04-08,non,AN=2021-04-08 Dosleg=2021-04-08 DOLE=2021-04-08,non,,15,non,oui,oui,oui,1,1,parlementaire AN,parlementaire AN,parlementaire AN,AN et Dosleg concordants,ordinaire,ordinaire,ordinaire,AN et Dosleg concordants,non,DLR5L15N38445,62974,Réforme du courtage
2021-403,2021-04-08,non,AN=2021-04-08 Dosleg=2021-04-08 DOLE=2021-04-08,non,,15,non,oui,oui,oui,1,1,parlementaire Sénat,parlementaire Sénat,parlementaire Sénat,AN et Dosleg concordants,ordinaire,ordinaire,ordinaire,AN et Dosleg concordants,non,DLR5L15N41688,67203,Droit au respect de la dignité en détention
2021-467,2021-04-19,non,AN=2021-04-19 Dosleg=2021-04-19 DOLE=2021-04-19,non,,15,non,oui,oui,oui,1,1,gouvernement,gouvernement,gouvernement,AN et Dosleg concordants,organique,organique,organique,AN et Dosleg concordants,non,DLR5L15N40253,65286,Simplification des expérimentations de l'article 72 de la Constitution
2021-475,2021-04-21,non,AN=2021-04-21 Dosleg=2021-04-21 DOLE=,non,"DOLE : loi d'autorisation d'un traité (DOLE n'en contient qu'une minorité ; motif constaté, non documenté par la DILA)",15,non,oui,oui,non,0,1,gouvernement,gouvernement,gouvernement,AN et Dosleg concordants,traite,traite,traite,AN et Dosleg concordants,oui,DLR5L15N38376,62785,Accord France-Suisse
2021-476,2021-04-21,non,AN=2021-04-21 Dosleg=2021-04-21 DOLE=,non,"DOLE : loi d'autorisation d'un traité (DOLE n'en contient qu'une minorité ; motif constaté, non documenté par la DILA)",15,non,oui,oui,non,0,1,gouvernement,gouvernement,gouvernement,AN et Dosleg concordants,traite,traite,traite,AN et Dosleg concordants,oui,DLR5L15N38864,63403,Accord France-Suisse
2021-477,2021-04-21,non,AN=2021-04-21 Dosleg=2021-04-21 DOLE=,non,"DOLE : loi d'autorisation d'un traité (DOLE n'en contient qu'une minorité ; motif constaté, non documenté par la DILA)",15,non,oui,oui,non,0,1,gouvernement,gouvernement,gouvernement,AN et Dosleg concordants,ordinaire,traite,traite,désaccord résolu par le titre JO (« autorisant ») : AN=ordinaire / Dosleg=traite,oui,DLR5L15N40567,65664,Accords France-Qatar et France-Chine
2021-478,2021-04-21,non,AN=2021-04-21 Dosleg=2021-04-21 DOLE=2021-04-21,non,,15,non,oui,oui,oui,1,1,parlementaire Sénat,parlementaire Sénat,parlementaire Sénat,AN et Dosleg concordants,ordinaire,ordinaire,ordinaire,AN et Dosleg concordants,non,DLR5L15N40997,66423,Protéger les mineurs des crimes et délits sexuels et de l'inceste
2021-502,2021-04-26,non,AN=2021-04-26 Dosleg=2021-04-26 DOLE=2021-04-26,non,,15,non,oui,oui,oui,1,1,parlementaire AN,parlementaire AN,parlementaire AN,AN et Dosleg concordants,ordinaire,ordinaire,ordinaire,AN et Dosleg concordants,non,DLR5L15N40764,66003,Améliorer le système de santé par la confiance et la simplification
2021-513,2021-04-29,non,AN=2021-04-29 Dosleg=2021-04-29 DOLE=2021-04-29,non,,15,non,oui,oui,oui,1,1,parlementaire AN,parlementaire AN,parlementaire AN,AN et Dosleg concordants,ordinaire,ordinaire,ordinaire,AN et Dosleg concordants,non,DLR5L15N41089,66671,Service public d'eau potable et d'assainissement en Guadeloupe
2021-641,2021-05-21,non,AN=2021-05-21 Dosleg=2021-05-21 DOLE=2021-05-21,non,,15,non,oui,oui,oui,1,1,parlementaire AN,parlementaire AN,parlementaire AN,AN et Dosleg concordants,ordinaire,ordinaire,ordinaire,AN et Dosleg concordants,non,DLR5L15N38412,62883,Protection patrimoniale et promotion des langues régionales
2021-646,2021-05-25,non,AN=2021-05-25 Dosleg=2021-05-25 DOLE=2021-05-25,non,,15,non,oui,oui,oui,1,1,parlementaire AN,parlementaire AN,parlementaire AN,AN et Dosleg concordants,ordinaire,ordinaire,ordinaire,AN et Dosleg concordants,non,DLR5L15N40712,65962,Sécurité globale
2021-689,2021-05-31,non,AN=2021-05-31 Dosleg=2021-05-31 DOLE=2021-05-31,non,,15,non,oui,oui,oui,1,1,gouvernement,gouvernement,gouvernement,AN et Dosleg concordants,ordinaire,ordinaire,ordinaire,AN et Dosleg concordants,non,DLR5L15N42326,67544,Gestion de la sortie de crise sanitaire
2021-695,2021-06-01,non,AN=2021-06-01 Dosleg=2021-06-01 DOLE=2021-06-01,non,,15,non,oui,oui,oui,1,1,parlementaire Sénat,parlementaire Sénat,parlementaire Sénat,AN et Dosleg concordants,ordinaire,ordinaire,ordinaire,AN et Dosleg concordants,non,DLR5L15N37978,61007,Usages dangereux du protoxyde d'azote
2021-710,2021-06-04,non,AN=2021-06-04 Dosleg=2021-06-04 DOLE=2021-06-04,non,,15,non,oui,oui,oui,1,1,parlementaire Sénat,parlementaire Sénat,parlementaire Sénat,AN et Dosleg concordants,ordinaire,ordinaire,ordinaire,AN et Dosleg concordants,non,DLR5L15N37846,60883,Fondation du patrimoine
2021-725,2021-06-08,non,AN=2021-06-08 Dosleg=2021-06-08 DOLE=2021-06-08,non,,15,non,oui,oui,oui,1,1,parlementaire AN,parlementaire AN,parlementaire AN,AN et Dosleg concordants,ordinaire,ordinaire,ordinaire,AN et Dosleg concordants,non,DLR5L15N41447,67004,Assistants maternels et salariés des particuliers employeurs
2021-748,2021-06-11,non,AN=2021-06-11 Dosleg=2021-06-11 DOLE=,non,"DOLE : loi d'autorisation d'un traité (DOLE n'en contient qu'une minorité ; motif constaté, non documenté par la DILA)",15,non,oui,oui,non,0,1,gouvernement,gouvernement,gouvernement,AN et Dosleg concordants,traite,traite,traite,AN et Dosleg concordants,oui,DLR5L15N40427,65402,Accord France-Monaco
2021-749,2021-06-11,non,AN=2021-06-11 Dosleg=2021-06-11 DOLE=,non,"DOLE : loi d'autorisation d'un traité (DOLE n'en contient qu'une minorité ; motif constaté, non documenté par la DILA)",15,non,oui,oui,non,0,1,gouvernement,gouvernement,gouvernement,AN et Dosleg concordants,traite,traite,traite,AN et Dosleg concordants,oui,DLR5L15N40452,65463,Accord entre la France et l'OMS
2021-750,2021-06-11,non,AN=2021-06-11 Dosleg=2021-06-11 DOLE=,non,"DOLE : loi d'autorisation d'un traité (DOLE n'en contient qu'une minorité ; motif constaté, non documenté par la DILA)",15,non,oui,oui,non,0,1,gouvernement,gouvernement,gouvernement,AN et Dosleg concordants,traite,traite,traite,AN et Dosleg concordants,oui,DLR5L15N41351,66903,Extinction des traités bilatéraux d'investissement dans l'UE
2021-771,2021-06-17,non,AN=2021-06-17 Dosleg=2021-06-17 DOLE=2021-06-17,non,,15,non,oui,oui,oui,1,1,gouvernement,gouvernement,gouvernement,AN et Dosleg concordants,ordinaire,ordinaire,ordinaire,AN et Dosleg concordants,non,DLR5L15N41730,67226,Réforme de la formation des élus locaux
2021-874,2021-07-01,non,AN=2021-07-01 Dosleg=2021-07-01 DOLE=2021-07-01,non,,15,non,oui,oui,oui,1,1,parlementaire AN,parlementaire AN,parlementaire AN,AN et Dosleg concordants,ordinaire,ordinaire,ordinaire,AN et Dosleg concordants,non,DLR5L15N36532,59188,Engagement associatif
2021-875,2021-07-01,non,AN=2021-07-01 Dosleg=2021-07-01 DOLE=2021-07-01,non,,15,non,oui,oui,oui,1,1,parlementaire AN,parlementaire AN,parlementaire AN,AN et Dosleg concordants,ordinaire,ordinaire,ordinaire,AN et Dosleg concordants,non,DLR5L15N36916,60177,Améliorer la trésorerie des associations
2021-888,2021-07-05,non,AN=2021-07-05 Dosleg=2021-07-05 DOLE=,non,"DOLE : loi d'autorisation d'un traité (DOLE n'en contient qu'une minorité ; motif constaté, non documenté par la DILA)",15,non,oui,oui,non,0,1,gouvernement,gouvernement,gouvernement,AN et Dosleg concordants,traite,traite,traite,AN et Dosleg concordants,oui,DLR5L15N38322,62603,Accord-cadre entre l'Union européenne et l'Australie
2021-889,2021-07-05,non,AN=2021-07-05 Dosleg=2021-07-05 DOLE=,non,"DOLE : loi d'autorisation d'un traité (DOLE n'en contient qu'une minorité ; motif constaté, non documenté par la DILA)",15,non,oui,oui,non,0,1,gouvernement,gouvernement,gouvernement,AN et Dosleg concordants,traite,traite,traite,AN et Dosleg concordants,oui,DLR5L15N39852,64608,Accord France-Inde
2021-890,2021-07-05,non,AN=2021-07-05 Dosleg=2021-07-05 DOLE=,non,"DOLE : loi d'autorisation d'un traité (DOLE n'en contient qu'une minorité ; motif constaté, non documenté par la DILA)",15,non,oui,oui,non,0,1,gouvernement,gouvernement,gouvernement,AN et Dosleg concordants,traite,traite,traite,AN et Dosleg concordants,oui,DLR5L15N40985,66403,Accord entre l'Union européenne et le Japon
2021-953,2021-07-19,non,AN=2021-07-19 Dosleg=2021-07-19 DOLE=2021-07-19,non,,15,non,oui,oui,oui,1,1,gouvernement,gouvernement,gouvernement,AN et Dosleg concordants,finances_fss,finances_fss,finances_fss,AN et Dosleg concordants,non,DLR5L15N42526,67782,Loi de finances rectificative pour 2021 (1)
2021-998,2021-07-30,non,AN=2021-07-30 Dosleg=2021-07-30 DOLE=2021-07-30,non,,15,non,oui,oui,oui,1,1,gouvernement,gouvernement,gouvernement,AN et Dosleg concordants,ordinaire,ordinaire,ordinaire,AN et Dosleg concordants,non,DLR5L15N42325,67542,Prévention d'actes de terrorisme et renseignement
2021-1017,2021-08-02,non,AN=2021-08-02 Dosleg=2021-08-02 DOLE=2021-08-02,non,,15,non,oui,oui,oui,1,1,gouvernement,gouvernement,gouvernement,AN et Dosleg concordants,ordinaire,ordinaire,ordinaire,AN et Dosleg concordants,non,DLR5L15N37672,61743,Bioéthique
2021-1018,2021-08-02,non,AN=2021-08-02 Dosleg=2021-08-02 DOLE=2021-08-02,non,,15,non,oui,oui,oui,1,1,parlementaire AN,parlementaire AN,parlementaire AN,AN et Dosleg concordants,ordinaire,ordinaire,ordinaire,AN et Dosleg concordants,non,DLR5L15N41215,66802,Renforcer la prévention en santé au travail
2021-1031,2021-08-04,non,AN=2021-08-04 Dosleg=2021-08-04 DOLE=2021-08-04,non,,15,non,oui,oui,oui,1,1,gouvernement,gouvernement,gouvernement,AN et Dosleg concordants,ordinaire,ordinaire,ordinaire,AN et Dosleg concordants,non,DLR5L15N41162,66727,Développement solidaire et lutte contre les inégalités mondiales
2021-1039,2021-08-05,non,AN=2021-08-05 Dosleg=2021-08-05 DOLE=2021-08-05,non,,15,non,oui,oui,oui,1,1,gouvernement,gouvernement,gouvernement,AN et Dosleg concordants,finances_fss,finances_fss,finances_fss,AN et Dosleg concordants,non,DLR5L15N42235,67486,Règlement du budget et approbation des comptes de l'année 2020
2021-1040,2021-08-05,non,AN=2021-08-05 Dosleg=2021-08-05 DOLE=2021-08-05,non,,15,non,oui,oui,oui,1,1,gouvernement,gouvernement,gouvernement,AN et Dosleg concordants,ordinaire,ordinaire,ordinaire,AN et Dosleg concordants,non,DLR5L15N43005,68024,Gestion de la crise sanitaire
2021-1104,2021-08-22,non,AN=2021-08-22 Dosleg=2021-08-22 DOLE=2021-08-22,non,,15,non,oui,oui,oui,1,1,gouvernement,gouvernement,gouvernement,AN et Dosleg concordants,ordinaire,ordinaire,ordinaire,AN et Dosleg concordants,non,DLR5L15N41668,67183,Lutte contre le dérèglement climatique
2021-1109,2021-08-24,non,AN=2021-08-24 Dosleg=2021-08-24 DOLE=2021-08-24,non,,15,non,oui,oui,oui,1,1,gouvernement,gouvernement,gouvernement,AN et Dosleg concordants,ordinaire,ordinaire,ordinaire,AN et Dosleg concordants,non,DLR5L15N41074,66624,Respect des principes de la République
2021-1172,2021-09-11,non,AN=2021-09-11 Dosleg=2021-09-11 DOLE=2021-09-11,non,,15,non,oui,oui,oui,1,1,gouvernement,gouvernement,gouvernement,AN et Dosleg concordants,ordinaire,ordinaire,ordinaire,AN et Dosleg concordants,non,DLR5L15N43326,68163,Prorogation de l'état d'urgence sanitaire dans les outre-mer
2021-1308,2021-10-08,non,AN=2021-10-08 Dosleg=2021-10-08 DOLE=2021-10-08,non,,15,non,oui,oui,oui,1,1,gouvernement,gouvernement,gouvernement,AN et Dosleg concordants,ordinaire,ordinaire,ordinaire,AN et Dosleg concordants,non,DLR5L15N42238,67488,Adaptation au droit de l'UE dans le domaine des transports
2021-1317,2021-10-11,non,AN=2021-10-11 Dosleg=2021-10-11 DOLE=2021-10-11,non,,15,non,oui,oui,oui,1,1,parlementaire Sénat,parlementaire Sénat,parlementaire Sénat,AN et Dosleg concordants,ordinaire,ordinaire,ordinaire,AN et Dosleg concordants,non,DLR5L15N42539,67802,Réélection des juges consulaires dans les tribunaux de commerce
2021-1357,2021-10-18,non,AN=2021-10-18 Dosleg=2021-10-18 DOLE=2021-10-18,non,,15,non,oui,oui,oui,1,1,parlementaire AN,parlementaire AN,parlementaire AN,AN et Dosleg concordants,ordinaire,ordinaire,ordinaire,AN et Dosleg concordants,non,DLR5L15N42333,67584,Protéger la rémunération des agriculteurs
2021-1360,2021-10-20,non,AN=2021-10-20 Dosleg=2021-10-20 DOLE=2021-10-20,non,,15,non,oui,oui,oui,1,1,parlementaire AN,parlementaire AN,parlementaire AN,AN et Dosleg concordants,ordinaire,ordinaire,ordinaire,AN et Dosleg concordants,non,DLR5L15N38411,62882,Gel des matchs de football le 5 mai
2021-1381,2021-10-25,non,AN=2021-10-25 Dosleg=2021-10-25 DOLE=2021-10-25,non,,15,non,oui,oui,oui,1,1,gouvernement,gouvernement,gouvernement,AN et Dosleg concordants,organique,organique,organique,AN et Dosleg concordants,non,DLR5L15N42195,67439,Application du cinquième alinéa de l'article 13 de la Constitution
2021-1382,2021-10-25,non,AN=2021-10-25 Dosleg=2021-10-25 DOLE=2021-10-25,non,,15,non,oui,oui,oui,1,1,gouvernement,gouvernement,gouvernement,AN et Dosleg concordants,ordinaire,ordinaire,ordinaire,AN et Dosleg concordants,non,DLR5L15N42194,67440,Oeuvres culturelles à l'ère numérique
2021-1429,2021-11-03,non,AN=2021-11-03 Dosleg=2021-11-03 DOLE=,non,"DOLE : loi d'autorisation d'un traité (DOLE n'en contient qu'une minorité ; motif constaté, non documenté par la DILA)",15,non,oui,oui,non,0,1,gouvernement,gouvernement,gouvernement,AN et Dosleg concordants,traite,traite,traite,AN et Dosleg concordants,oui,DLR5L15N40796,66082,Accord en vue de la mise en oeuvre du projet ITER
2021-1457,2021-11-08,non,AN=2021-11-08 Dosleg=2021-11-08 DOLE=,non,"DOLE : loi d'autorisation d'un traité (DOLE n'en contient qu'une minorité ; motif constaté, non documenté par la DILA)",15,non,oui,oui,non,0,1,gouvernement,gouvernement,gouvernement,AN et Dosleg concordants,traite,traite,traite,AN et Dosleg concordants,oui,DLR5L15N41827,67269,Protocole de Göteborg
2021-1458,2021-11-08,non,AN=2021-11-08 Dosleg=2021-11-08 DOLE=,non,"DOLE : loi d'autorisation d'un traité (DOLE n'en contient qu'une minorité ; motif constaté, non documenté par la DILA)",15,non,oui,oui,non,0,1,gouvernement,gouvernement,gouvernement,AN et Dosleg concordants,traite,traite,traite,AN et Dosleg concordants,oui,DLR5L15N42527,67785,Organisation internationale du Travail
2021-1459,2021-11-08,non,AN=2021-11-08 Dosleg=2021-11-08 DOLE=,non,"DOLE : loi d'autorisation d'un traité (DOLE n'en contient qu'une minorité ; motif constaté, non documenté par la DILA)",15,non,oui,oui,non,0,1,gouvernement,gouvernement,gouvernement,AN et Dosleg concordants,ordinaire,traite,traite,désaccord résolu par le titre JO (« autorisant ») : AN=ordinaire / Dosleg=traite,oui,DLR5L15N42609,67863,Protocole au Traité sur l'Antarctique
2021-1465,2021-11-10,non,AN=2021-11-10 Dosleg=2021-11-10 DOLE=2021-11-10,non,,15,non,oui,oui,oui,1,1,gouvernement,gouvernement,gouvernement,AN et Dosleg concordants,ordinaire,ordinaire,ordinaire,AN et Dosleg concordants,non,DLR5L15N43812,68398,Vigilance sanitaire
2021-1484,2021-11-15,non,AN=2021-11-15 Dosleg=2021-11-15 DOLE=2021-11-15,non,,15,non,oui,oui,oui,1,1,parlementaire AN,parlementaire AN,parlementaire AN,AN et Dosleg concordants,ordinaire,ordinaire,ordinaire,AN et Dosleg concordants,non,DLR5L15N40629,65876,Présence parentale auprès d'un enfant
2021-1485,2021-11-15,non,AN=2021-11-15 Dosleg=2021-11-15 DOLE=2021-11-15,non,,15,non,oui,oui,oui,1,1,parlementaire Sénat,parlementaire Sénat,parlementaire Sénat,AN et Dosleg concordants,ordinaire,ordinaire,ordinaire,AN et Dosleg concordants,non,DLR5L15N40696,65824,Réduire l'empreinte environnementale du numérique en France
2021-1520,2021-11-25,non,AN=2021-11-25 Dosleg=2021-11-25 DOLE=2021-11-25,non,,15,non,oui,oui,oui,1,1,parlementaire AN,parlementaire AN,parlementaire AN,AN et Dosleg concordants,ordinaire,ordinaire,ordinaire,AN et Dosleg concordants,non,DLR5L15N39995,64922,Volontariat des sapeurs-pompiers
2021-1539,2021-11-30,non,AN=2021-11-30 Dosleg=2021-11-30 DOLE=2021-11-30,non,,15,non,oui,oui,oui,1,1,parlementaire AN,parlementaire AN,parlementaire AN,AN et Dosleg concordants,ordinaire,ordinaire,ordinaire,AN et Dosleg concordants,non,DLR5L15N41126,66663,Lutte contre la maltraitance animale
2021-1549,2021-12-01,non,AN=2021-12-01 Dosleg=2021-12-01 DOLE=2021-12-01,non,,15,non,oui,oui,oui,1,1,gouvernement,gouvernement,gouvernement,AN et Dosleg concordants,finances_fss,finances_fss,finances_fss,AN et Dosleg concordants,non,DLR5L15N44111,68502,Loi de finances rectificative pour 2021 (2)
2021-1575,2021-12-06,non,AN=2021-12-06 Dosleg=2021-12-06 DOLE=2021-12-06,non,,15,non,oui,oui,oui,1,1,parlementaire AN,parlementaire AN,parlementaire AN,AN et Dosleg concordants,ordinaire,ordinaire,ordinaire,AN et Dosleg concordants,non,DLR5L15N37007,60338,Accès à certaines professions en raison de l'état de santé
2021-1576,2021-12-06,non,AN=2021-12-06 Dosleg=2021-12-06 DOLE=2021-12-06,non,,15,non,oui,oui,oui,1,1,parlementaire Sénat,parlementaire Sénat,parlementaire Sénat,AN et Dosleg concordants,ordinaire,ordinaire,ordinaire,AN et Dosleg concordants,non,DLR5L15N41067,66582,Nommer les enfants nés sans vie
2021-1577,2021-12-06,non,AN=2021-12-06 Dosleg=2021-12-06 DOLE=2021-12-06,non,,15,non,oui,oui,oui,1,1,parlementaire AN,parlementaire AN,parlementaire AN,AN et Dosleg concordants,ordinaire,ordinaire,ordinaire,AN et Dosleg concordants,non,DLR5L15N42043,67567,Haut Conseil des finances publiques
2021-1676,2021-12-17,non,AN=2021-12-17 Dosleg=2021-12-17 DOLE=,non,"DOLE : loi d'autorisation d'un traité (DOLE n'en contient qu'une minorité ; motif constaté, non documenté par la DILA)",15,non,oui,oui,non,0,1,gouvernement,gouvernement,gouvernement,AN et Dosleg concordants,traite,traite,traite,AN et Dosleg concordants,oui,DLR5L15N42090,67393,Accord France-Kenya
2021-1677,2021-12-17,non,AN=2021-12-17 Dosleg=2021-12-17 DOLE=,non,"DOLE : loi d'autorisation d'un traité (DOLE n'en contient qu'une minorité ; motif constaté, non documenté par la DILA)",15,non,oui,oui,non,0,1,gouvernement,gouvernement,gouvernement,AN et Dosleg concordants,traite,traite,traite,AN et Dosleg concordants,oui,DLR5L15N43127,68066,Mécanisme européen de stabilité
2021-1678,2021-12-17,non,AN=2021-12-17 Dosleg=2021-12-17 DOLE=2021-12-17,non,,15,non,oui,oui,oui,1,1,parlementaire AN,parlementaire AN,parlementaire AN,AN et Dosleg concordants,ordinaire,ordinaire,ordinaire,AN et Dosleg concordants,non,DLR5L15N41644,67165,Accompagnement des enfants atteints de pathologie chronique ou de cancer
2021-1679,2021-12-17,non,AN=2021-12-17 Dosleg=2021-12-17 DOLE=2021-12-17,non,,15,non,oui,oui,oui,1,1,parlementaire AN,parlementaire AN,parlementaire AN,AN et Dosleg concordants,ordinaire,ordinaire,ordinaire,AN et Dosleg concordants,non,DLR5L15N42337,67587,Revalorisation des pensions de retraites agricoles
2021-1715,2021-12-21,non,AN=2021-12-21 Dosleg=2021-12-21 DOLE=,non,"DOLE : loi d'autorisation d'un traité (DOLE n'en contient qu'une minorité ; motif constaté, non documenté par la DILA)",15,non,oui,oui,non,0,1,gouvernement,gouvernement,gouvernement,AN et Dosleg concordants,traite,traite,traite,AN et Dosleg concordants,oui,DLR5L15N39810,64542,Accord de sécurité sociale
2021-1716,2021-12-21,non,AN=2021-12-21 Dosleg=2021-12-21 DOLE=2021-12-21,non,,15,non,oui,oui,oui,1,1,parlementaire AN,parlementaire AN,parlementaire AN,AN et Dosleg concordants,ordinaire,ordinaire,ordinaire,AN et Dosleg concordants,non,DLR5L15N39648,64318,Fonction de directrice ou de directeur d'école
2021-1717,2021-12-21,non,AN=2021-12-21 Dosleg=2021-12-21 DOLE=2021-12-21,non,,15,non,oui,oui,oui,1,1,parlementaire Sénat,parlementaire Sénat,parlementaire Sénat,AN et Dosleg concordants,ordinaire,ordinaire,ordinaire,AN et Dosleg concordants,non,DLR5L15N41616,67102,Bibliothèques et développement de la lecture publique
2021-1728,2021-12-22,non,AN=2021-12-22 Dosleg=2021-12-22 DOLE=2021-12-22,non,,15,non,oui,oui,oui,1,1,gouvernement,gouvernement,gouvernement,AN et Dosleg concordants,organique,organique,organique,AN et Dosleg concordants,non,DLR5L15N42237,67485,Confiance dans l'institution judiciaire
2021-1729,2021-12-22,non,AN=2021-12-22 Dosleg=2021-12-22 DOLE=2021-12-22,non,,15,non,oui,oui,oui,1,1,gouvernement,gouvernement,gouvernement,AN et Dosleg concordants,ordinaire,ordinaire,ordinaire,AN et Dosleg concordants,non,DLR5L15N42236,67487,Confiance dans l'institution judiciaire
2021-1754,2021-12-23,non,AN=2021-12-23 Dosleg=2021-12-23 DOLE=2021-12-23,non,,15,non,oui,oui,oui,1,1,gouvernement,gouvernement,gouvernement,AN et Dosleg concordants,finances_fss,finances_fss,finances_fss,AN et Dosleg concordants,non,DLR5L15N43709,68355,Financement de la sécurité sociale pour 2022
2021-1755,2021-12-23,non,AN=2021-12-23 Dosleg=2021-12-23 DOLE=2021-12-23,non,,15,non,oui,oui,oui,1,1,parlementaire Sénat,parlementaire Sénat,parlementaire Sénat,AN et Dosleg concordants,ordinaire,ordinaire,ordinaire,AN et Dosleg concordants,non,DLR5L15N43509,68244,Renforcer la régulation environnementale du numérique
2021-1756,2021-12-23,non,AN=2021-12-23 Dosleg=2021-12-23 DOLE=2021-12-23,non,,15,non,oui,oui,oui,1,1,parlementaire AN,parlementaire AN,parlementaire AN,AN et Dosleg concordants,ordinaire,ordinaire,ordinaire,AN et Dosleg concordants,non,DLR5L15N41647,67144,Accès au foncier agricole
2021-1774,2021-12-24,non,AN=2021-12-24 Dosleg=2021-12-24 DOLE=2021-12-24,non,,15,non,oui,oui,oui,1,1,parlementaire AN,parlementaire AN,parlementaire AN,AN et Dosleg concordants,ordinaire,ordinaire,ordinaire,AN et Dosleg concordants,non,DLR5L15N42024,67366,Accélérer l'égalité économique et professionnelle
2021-1836,2021-12-28,non,AN=2021-12-28 Dosleg=2021-12-28 DOLE=2021-12-28,non,,15,non,oui,oui,oui,1,1,parlementaire AN,parlementaire AN,parlementaire AN,AN et Dosleg concordants,organique,organique,organique,AN et Dosleg concordants,non,DLR5L15N42349,67590,Modernisation de la gestion des finances publiques
2021-1837,2021-12-28,non,AN=2021-12-28 Dosleg=2021-12-28 DOLE=2021-12-28,non,,15,non,oui,oui,oui,1,1,parlementaire AN,parlementaire AN,parlementaire AN,AN et Dosleg concordants,ordinaire,ordinaire,ordinaire,AN et Dosleg concordants,non,DLR5L15N41111,66691,Indemnisation des catastrophes naturelles
2021-1900,2021-12-30,non,AN=2021-12-30 Dosleg=2021-12-30 DOLE=2021-12-30,non,,15,non,oui,oui,oui,1,1,gouvernement,gouvernement,gouvernement,AN et Dosleg concordants,finances_fss,finances_fss,finances_fss,AN et Dosleg concordants,non,DLR5L15N42785,68297,Budget 2022
2021-1901,2021-12-30,non,AN=2021-12-30 Dosleg=2021-12-30 DOLE=2021-12-30,non,,15,non,oui,oui,oui,1,1,parlementaire Sénat,parlementaire Sénat,parlementaire Sénat,AN et Dosleg concordants,ordinaire,ordinaire,ordinaire,AN et Dosleg concordants,non,DLR5L15N41209,66782,Conforter l'économie du livre
2022-46,2022-01-22,non,AN=2022-01-22 Dosleg=2022-01-22 DOLE=2022-01-22,non,,15,non,oui,oui,oui,1,1,gouvernement,gouvernement,gouvernement,AN et Dosleg concordants,ordinaire,ordinaire,ordinaire,AN et Dosleg concordants,non,DLR5L15N44625,68762,Gestion de la crise sanitaire
2022-52,2022-01-24,non,AN=2022-01-24 Dosleg=2022-01-24 DOLE=2022-01-24,non,,15,non,oui,oui,oui,1,1,gouvernement,gouvernement,gouvernement,AN et Dosleg concordants,ordinaire,ordinaire,ordinaire,AN et Dosleg concordants,non,DLR5L15N43025,68022,Responsabilité pénale et sécurité intérieure
2022-53,2022-01-24,non,AN=2022-01-24 Dosleg=2022-01-24 DOLE=2022-01-24,non,,15,non,oui,oui,oui,1,1,parlementaire AN,parlementaire AN,parlementaire AN,AN et Dosleg concordants,ordinaire,ordinaire,ordinaire,AN et Dosleg concordants,non,DLR5L15N40619,65873,Plateforme de référencement des malades chroniques de la covid-19
2022-90,2022-01-31,non,AN=2022-01-31 Dosleg=2022-01-31 DOLE=,non,"DOLE : loi d'autorisation d'un traité (DOLE n'en contient qu'une minorité ; motif constaté, non documenté par la DILA)",15,non,oui,oui,non,0,1,gouvernement,gouvernement,gouvernement,AN et Dosleg concordants,ordinaire,traite,traite,désaccord résolu par le titre JO (« autorisant ») : AN=ordinaire / Dosleg=traite,oui,DLR5L15N40483,65522,Convention France-Argentine
2022-91,2022-01-31,non,AN=2022-01-31 Dosleg=2022-01-31 DOLE=,non,"DOLE : loi d'autorisation d'un traité (DOLE n'en contient qu'une minorité ; motif constaté, non documenté par la DILA)",15,non,oui,oui,non,0,1,gouvernement,gouvernement,gouvernement,AN et Dosleg concordants,ordinaire,traite,traite,désaccord résolu par le titre JO (« autorisant ») : AN=ordinaire / Dosleg=traite,oui,DLR5L15N42834,67947,Siège de l'Agence de l'Union européenne pour les chemins de fer
2022-92,2022-01-31,non,AN=2022-01-31 Dosleg=2022-01-31 DOLE=2022-01-31,non,,15,non,oui,oui,oui,1,1,parlementaire AN,parlementaire AN,parlementaire AN,AN et Dosleg concordants,ordinaire,ordinaire,ordinaire,AN et Dosleg concordants,non,DLR5L15N42044,67382,Interdire les pratiques visant à modifier l'orientation sexuelle
2022-139,2022-02-07,non,AN=2022-02-07 Dosleg=2022-02-07 DOLE=2022-02-07,non,,15,non,oui,oui,oui,1,1,gouvernement,gouvernement,gouvernement,AN et Dosleg concordants,ordinaire,ordinaire,ordinaire,AN et Dosleg concordants,non,DLR5L15N42930,67966,Dialogue social avec les plateformes
2022-140,2022-02-07,non,AN=2022-02-07 Dosleg=2022-02-07 DOLE=2022-02-07,non,,15,non,oui,oui,oui,1,1,gouvernement,gouvernement,gouvernement,AN et Dosleg concordants,ordinaire,ordinaire,ordinaire,AN et Dosleg concordants,non,DLR5L15N42608,67862,Protection des enfants
2022-171,2022-02-14,non,AN=2022-02-14 Dosleg=2022-02-14 DOLE=2022-02-14,non,,15,non,oui,oui,oui,1,1,parlementaire Sénat,parlementaire Sénat,parlementaire Sénat,AN et Dosleg concordants,ordinaire,ordinaire,ordinaire,AN et Dosleg concordants,non,DLR5L15N40768,66002,Améliorer la lisibilité du droit (2)
2022-172,2022-02-14,non,AN=2022-02-14 Dosleg=2022-02-14 DOLE=2022-02-14,non,,15,non,oui,oui,oui,1,1,gouvernement,gouvernement,gouvernement,AN et Dosleg concordants,ordinaire,ordinaire,ordinaire,AN et Dosleg concordants,non,DLR5L15N43599,68305,Activité professionnelle indépendante
2022-215,2022-02-21,non,AN=2022-02-21 Dosleg=2022-02-21 DOLE=,non,"DOLE : loi d'autorisation d'un traité (DOLE n'en contient qu'une minorité ; motif constaté, non documenté par la DILA)",15,non,oui,oui,non,0,1,gouvernement,gouvernement,gouvernement,AN et Dosleg concordants,traite,traite,traite,AN et Dosleg concordants,oui,DLR5L15N42488,67702,Accord entre la République française et la République de Maurice
2022-216,2022-02-21,non,AN=2022-02-21 Dosleg=2022-02-21 DOLE=,non,"DOLE : loi d'autorisation d'un traité (DOLE n'en contient qu'une minorité ; motif constaté, non documenté par la DILA)",15,non,oui,oui,non,0,1,gouvernement,gouvernement,gouvernement,AN et Dosleg concordants,traite,traite,traite,AN et Dosleg concordants,oui,DLR5L15N44468,68681,Accord France-Espagne relatif à la nationalité
2022-217,2022-02-21,non,AN=2022-02-21 Dosleg=2022-02-21 DOLE=2022-02-21,non,,15,non,oui,oui,oui,1,1,gouvernement,gouvernement,gouvernement,AN et Dosleg concordants,ordinaire,ordinaire,ordinaire,AN et Dosleg concordants,non,DLR5L15N42412,67606,"Différenciation, décentralisation, déconcentration et simplification"
2022-218,2022-02-21,non,AN=2022-02-21 Dosleg=2022-02-21 DOLE=2022-02-21,non,,15,non,oui,oui,oui,1,1,gouvernement,gouvernement,gouvernement,AN et Dosleg concordants,ordinaire,ordinaire,ordinaire,AN et Dosleg concordants,non,DLR5L15N44109,68486,Restitution de certains biens culturels aux ayants droit de leurs propriétaires
2022-219,2022-02-21,non,AN=2022-02-21 Dosleg=2022-02-21 DOLE=2022-02-21,non,,15,non,oui,oui,oui,1,1,parlementaire AN,parlementaire AN,parlementaire AN,AN et Dosleg concordants,ordinaire,ordinaire,ordinaire,AN et Dosleg concordants,non,DLR5L15N39990,64920,Réforme de l'adoption
2022-226,2022-02-23,non,AN=2022-02-23 Dosleg=2022-02-23 DOLE=,non,"DOLE : loi d'autorisation d'un traité (DOLE n'en contient qu'une minorité ; motif constaté, non documenté par la DILA)",15,non,oui,oui,non,0,1,gouvernement,gouvernement,gouvernement,AN et Dosleg concordants,traite,traite,traite,AN et Dosleg concordants,oui,DLR5L15N43839,68395,Accord entre la République française et la République du Tadjikistan
2022-229,2022-02-23,non,AN=2022-02-23 Dosleg=2022-02-23 DOLE=2022-02-23,non,,15,non,oui,oui,oui,1,1,gouvernement,gouvernement,gouvernement,AN et Dosleg concordants,ordinaire,ordinaire,ordinaire,AN et Dosleg concordants,non,DLR5L15N44108,68485,Harkis et autres personnes rapatriées d'Algérie
2022-267,2022-02-28,non,AN=2022-02-28 Dosleg=2022-02-28 DOLE=2022-02-28,non,,15,non,oui,oui,oui,1,1,parlementaire Sénat,parlementaire Sénat,parlementaire Sénat,AN et Dosleg concordants,ordinaire,ordinaire,ordinaire,AN et Dosleg concordants,non,DLR5L15N37849,60689,Modernisation de la régulation du marché de l'art
2022-268,2022-02-28,non,AN=2022-02-28 Dosleg=2022-02-28 DOLE=2022-02-28,non,,15,non,oui,oui,oui,1,1,parlementaire AN,parlementaire AN,parlementaire AN,AN et Dosleg concordants,ordinaire,ordinaire,ordinaire,AN et Dosleg concordants,non,DLR5L15N41109,66684,Accès des experts forestiers aux données cadastrales
2022-269,2022-02-28,non,AN=2022-02-28 Dosleg=2022-02-28 DOLE=2022-02-28,non,,15,non,oui,oui,oui,1,1,gouvernement,gouvernement,gouvernement,AN et Dosleg concordants,ordinaire,ordinaire,ordinaire,AN et Dosleg concordants,non,DLR5L15N42841,67945,Compétences de la Collectivité européenne d'Alsace
2022-270,2022-02-28,non,AN=2022-02-28 Dosleg=2022-02-28 DOLE=2022-02-28,non,,15,non,oui,oui,oui,1,1,parlementaire AN,parlementaire AN,parlementaire AN,AN et Dosleg concordants,ordinaire,ordinaire,ordinaire,AN et Dosleg concordants,non,DLR5L15N44085,68471,Marché de l'assurance emprunteur
2022-271,2022-02-28,non,AN=2022-02-28 Dosleg=2022-02-28 DOLE=2022-02-28,non,,15,non,oui,oui,oui,1,1,parlementaire AN,parlementaire AN,parlementaire AN,AN et Dosleg concordants,ordinaire,ordinaire,ordinaire,AN et Dosleg concordants,non,DLR5L15N44561,68727,Aménagement du Rhône
2022-272,2022-02-28,non,AN=2022-02-28 Dosleg=2022-02-28 DOLE=2022-02-28,non,,15,non,oui,oui,oui,1,1,parlementaire Sénat,parlementaire Sénat,parlementaire Sénat,AN et Dosleg concordants,ordinaire,ordinaire,ordinaire,AN et Dosleg concordants,non,DLR5L15N44387,68625,Gouvernance de l'AEFE et création des instituts régionaux de formation
2022-295,2022-03-02,non,AN=2022-03-02 Dosleg=2022-03-02 DOLE=2022-03-02,non,,15,non,oui,oui,oui,1,1,parlementaire AN,parlementaire AN,parlementaire AN,AN et Dosleg concordants,ordinaire,ordinaire,ordinaire,AN et Dosleg concordants,non,DLR5L15N40346,65386,Renforcer le droit à l'avortement
2022-296,2022-03-02,non,AN=2022-03-02 Dosleg=2022-03-02 DOLE=2022-03-02,non,,15,non,oui,oui,oui,1,1,parlementaire AN,parlementaire AN,parlementaire AN,AN et Dosleg concordants,ordinaire,ordinaire,ordinaire,AN et Dosleg concordants,non,DLR5L15N41449,67005,Démocratiser le sport en France
2022-297,2022-03-02,non,AN=2022-03-02 Dosleg=2022-03-02 DOLE=2022-03-02,non,,15,non,oui,oui,oui,1,1,parlementaire Sénat,parlementaire Sénat,parlementaire Sénat,AN et Dosleg concordants,ordinaire,ordinaire,ordinaire,AN et Dosleg concordants,non,DLR5L15N38461,62982,Monde combattant
2022-298,2022-03-02,non,AN=2022-03-02 Dosleg=2022-03-02 DOLE=2022-03-02,non,,15,non,oui,oui,oui,1,1,gouvernement,gouvernement,gouvernement,AN et Dosleg concordants,ordinaire,ordinaire,ordinaire,AN et Dosleg concordants,non,DLR5L15N44395,68650,Outils de gestion des risques climatiques en agriculture
2022-299,2022-03-02,non,AN=2022-03-02 Dosleg=2022-03-02 DOLE=2022-03-02,non,,15,non,oui,oui,oui,1,1,parlementaire AN,parlementaire AN,parlementaire AN,AN et Dosleg concordants,ordinaire,ordinaire,ordinaire,AN et Dosleg concordants,non,DLR5L15N44129,68505,Combattre le harcèlement scolaire
2022-300,2022-03-02,non,AN=2022-03-02 Dosleg=2022-03-02 DOLE=2022-03-02,non,,15,non,oui,oui,oui,1,1,parlementaire AN,parlementaire AN,parlementaire AN,AN et Dosleg concordants,ordinaire,ordinaire,ordinaire,AN et Dosleg concordants,non,DLR5L15N44049,68499,Contrôle parental sur internet
2022-301,2022-03-02,non,AN=2022-03-02 Dosleg=2022-03-02 DOLE=2022-03-02,non,,15,non,oui,oui,oui,1,1,parlementaire AN,parlementaire AN,parlementaire AN,AN et Dosleg concordants,ordinaire,ordinaire,ordinaire,AN et Dosleg concordants,non,DLR5L15N44585,68748,Choix du nom issu de la filiation
2022-309,2022-03-03,non,AN=2022-03-03 Dosleg=2022-03-03 DOLE=2022-03-03,non,,15,non,oui,oui,oui,1,1,parlementaire Sénat,parlementaire Sénat,parlementaire Sénat,AN et Dosleg concordants,ordinaire,ordinaire,ordinaire,AN et Dosleg concordants,non,DLR5L15N40131,65103,Certification de cybersécurité des plateformes numériques
2022-354,2022-03-14,non,AN=2022-03-14 Dosleg=2022-03-14 DOLE=2022-03-14,non,,15,non,oui,oui,oui,1,1,parlementaire AN,parlementaire AN,parlementaire AN,AN et Dosleg concordants,organique,organique,organique,AN et Dosleg concordants,non,DLR5L15N42350,67591,Financement de la sécurité sociale
2022-355,2022-03-14,non,AN=2022-03-14 Dosleg=2022-03-14 DOLE=2022-03-14,non,,15,non,oui,oui,oui,1,1,parlementaire AN,parlementaire AN,parlementaire AN,AN et Dosleg concordants,ordinaire,ordinaire,ordinaire,AN et Dosleg concordants,non,DLR5L15N42346,67589,Financement de la sécurité sociale
2022-400,2022-03-21,non,AN=2022-03-21 Dosleg=2022-03-21 DOLE=2022-03-21,non,,15,non,oui,oui,oui,1,1,parlementaire AN,parlementaire AN,parlementaire AN,AN et Dosleg concordants,organique,organique,organique,AN et Dosleg concordants,non,DLR5L15N42967,68002,Rôle du Défenseur des droits
2022-401,2022-03-21,non,AN=2022-03-21 Dosleg=2022-03-21 DOLE=2022-03-21,non,,15,non,oui,oui,oui,1,1,parlementaire AN,parlementaire AN,parlementaire AN,AN et Dosleg concordants,ordinaire,ordinaire,ordinaire,AN et Dosleg concordants,non,DLR5L15N42986,68047,Protection des lanceurs d'alerte
2022-1032,2022-07-22,non,AN=2022-07-22 Dosleg=2022-07-22 DOLE=,non,"DOLE : loi d'autorisation d'un traité (DOLE n'en contient qu'une minorité ; motif constaté, non documenté par la DILA)",16,non,oui,oui,non,0,1,gouvernement,gouvernement,gouvernement,AN et Dosleg concordants,traite,traite,traite,AN et Dosleg concordants,oui,DLR5L15N42927,67962,Convention du Conseil de l'Europe contre le trafic d'organes humains
2022-1053,2022-07-29,non,AN=2022-07-29 Dosleg=2022-07-29 DOLE=,non,"DOLE : loi d'autorisation d'un traité (DOLE n'en contient qu'une minorité ; motif constaté, non documenté par la DILA)",16,non,oui,oui,non,0,1,gouvernement,gouvernement,gouvernement,AN et Dosleg concordants,ordinaire,traite,traite,désaccord résolu par le titre JO (« autorisant ») : AN=ordinaire / Dosleg=traite,oui,DLR5L15N42835,67948,Accord France-Qatar relatif au statut de leurs forces
2022-1054,2022-07-29,non,AN=2022-07-29 Dosleg=2022-07-29 DOLE=,non,"DOLE : loi d'autorisation d'un traité (DOLE n'en contient qu'une minorité ; motif constaté, non documenté par la DILA)",16,non,oui,oui,non,0,1,gouvernement,gouvernement,gouvernement,AN et Dosleg concordants,traite,traite,traite,AN et Dosleg concordants,oui,DLR5L15N44231,68583,"Mécanisme international, impartial et indépendant pour la Syrie"
2022-1055,2022-07-29,non,AN=2022-07-29 Dosleg=2022-07-29 DOLE=,non,"DOLE : loi d'autorisation d'un traité (DOLE n'en contient qu'une minorité ; motif constaté, non documenté par la DILA)",16,non,oui,oui,non,0,1,gouvernement,gouvernement,gouvernement,AN et Dosleg concordants,traite,traite,traite,AN et Dosleg concordants,oui,DLR5L15N44667,68785,Siège de l'Autorité bancaire européenne
2022-1089,2022-07-30,non,AN=2022-07-30 Dosleg=2022-07-30 DOLE=2022-07-30,non,,16,non,oui,oui,oui,1,1,gouvernement,gouvernement,gouvernement,AN et Dosleg concordants,ordinaire,ordinaire,ordinaire,AN et Dosleg concordants,non,DLR5L16N45927,69625,Fin des régimes d'exception créés pour lutter contre la covid-19
2022-1124,2022-08-05,non,AN=2022-08-05 Dosleg=2022-08-05 DOLE=,non,"DOLE : loi d'autorisation d'un traité (DOLE n'en contient qu'une minorité ; motif constaté, non documenté par la DILA)",16,non,oui,oui,non,0,1,gouvernement,gouvernement,gouvernement,AN et Dosleg concordants,traite,traite,traite,AN et Dosleg concordants,oui,DLR5L16N45973,69683,Ratification du protocole au Traité de l'Atlantique Nord
2022-1136,2022-08-09,non,AN=2022-08-09 Dosleg=2022-08-09 DOLE=,non,"DOLE : loi d'autorisation d'un traité (DOLE n'en contient qu'une minorité ; motif constaté, non documenté par la DILA)",16,non,oui,oui,non,0,1,gouvernement,gouvernement,gouvernement,AN et Dosleg concordants,traite,traite,traite,AN et Dosleg concordants,oui,DLR5L15N44670,68783,Sécurité de la Coupe du Monde de football de 2022
2022-1137,2022-08-10,non,AN=2022-08-10 Dosleg=2022-08-10 DOLE=2022-08-10,non,,16,non,oui,oui,oui,1,1,gouvernement,gouvernement,gouvernement,AN et Dosleg concordants,ordinaire,ordinaire,ordinaire,AN et Dosleg concordants,non,DLR5L15N44752,68837,Fonction publique des communes de Polynésie française
2022-1157,2022-08-16,non,AN=2022-08-16 Dosleg=2022-08-16 DOLE=2022-08-16,non,,16,non,oui,oui,oui,1,1,gouvernement,gouvernement,gouvernement,AN et Dosleg concordants,finances_fss,finances_fss,finances_fss,AN et Dosleg concordants,non,DLR5L16N45943,69637,Loi de finances rectificative pour 2022
2022-1158,2022-08-16,non,AN=2022-08-16 Dosleg=2022-08-16 DOLE=2022-08-16,non,,16,non,oui,oui,oui,1,1,gouvernement,gouvernement,gouvernement,AN et Dosleg concordants,ordinaire,ordinaire,ordinaire,AN et Dosleg concordants,non,DLR5L16N45942,69635,Mesures d'urgence pour la protection du pouvoir d'achat
2022-1159,2022-08-16,non,AN=2022-08-16 Dosleg=2022-08-16 DOLE=2022-08-16,non,,16,non,oui,oui,oui,1,1,parlementaire AN,parlementaire AN,parlementaire AN,AN et Dosleg concordants,ordinaire,ordinaire,ordinaire,AN et Dosleg concordants,non,DLR5L15N44665,68831,Diffusion de contenus à caractère terroriste en ligne
2022-1348,2022-10-24,non,AN=2022-10-24 Dosleg=2022-10-24 DOLE=2022-10-24,non,,16,non,oui,oui,oui,1,1,parlementaire Sénat,parlementaire Sénat,parlementaire Sénat,AN et Dosleg concordants,ordinaire,ordinaire,ordinaire,AN et Dosleg concordants,non,DLR5L16N45939,69633,Régime de réélection des juges consulaires
2022-1382,2022-10-31,non,AN=2022-10-31 Dosleg=2022-10-31 DOLE=,non,"DOLE : loi d'autorisation d'un traité (DOLE n'en contient qu'une minorité ; motif constaté, non documenté par la DILA)",16,non,oui,oui,non,0,1,gouvernement,gouvernement,gouvernement,AN et Dosleg concordants,traite,traite,traite,AN et Dosleg concordants,oui,DLR5L15N43810,68396,Organisation internationale pour les aides à la navigation maritime
2022-1383,2022-10-31,non,AN=2022-10-31 Dosleg=2022-10-31 DOLE=,non,"DOLE : loi d'autorisation d'un traité (DOLE n'en contient qu'une minorité ; motif constaté, non documenté par la DILA)",16,non,oui,oui,non,0,1,gouvernement,gouvernement,gouvernement,AN et Dosleg concordants,traite,traite,traite,AN et Dosleg concordants,oui,DLR5L16N45944,69636,Statut et activités de la Banque des règlements internationaux en France
2022-1384,2022-10-31,non,AN=2022-10-31 Dosleg=2022-10-31 DOLE=,non,"DOLE : loi d'autorisation d'un traité (DOLE n'en contient qu'une minorité ; motif constaté, non documenté par la DILA)",16,non,oui,oui,non,0,1,gouvernement,gouvernement,gouvernement,AN et Dosleg concordants,traite,traite,traite,AN et Dosleg concordants,oui,DLR5L16N45931,69628,Traité de coopération entre la France et l'Italie
2022-1449,2022-11-22,non,AN=2022-11-22 Dosleg=2022-11-22 DOLE=2022-11-22,non,,16,non,oui,oui,oui,1,1,parlementaire Sénat,parlementaire Sénat,parlementaire Sénat,AN et Dosleg concordants,ordinaire,ordinaire,ordinaire,AN et Dosleg concordants,non,DLR5L16N46271,69944,Accompagner la mise en place de comités sociaux et économiques à La Poste
2022-1460,2022-11-24,non,AN=2022-11-24 Dosleg=2022-11-24 DOLE=,non,"DOLE : loi d'autorisation d'un traité (DOLE n'en contient qu'une minorité ; motif constaté, non documenté par la DILA)",16,non,oui,oui,non,0,1,gouvernement,gouvernement,gouvernement,AN et Dosleg concordants,traite,traite,traite,AN et Dosleg concordants,oui,DLR5L16N46063,69796,Restructuration de la plate-forme douanière de Saint-Louis - Bâle sur l'A35
2022-1461,2022-11-24,non,AN=2022-11-24 Dosleg=2022-11-24 DOLE=,non,"DOLE : loi d'autorisation d'un traité (DOLE n'en contient qu'une minorité ; motif constaté, non documenté par la DILA)",16,non,oui,oui,non,0,1,gouvernement,gouvernement,gouvernement,AN et Dosleg concordants,traite,traite,traite,AN et Dosleg concordants,oui,DLR5L15N42368,67594,Traitement automatisé des données à caractère personnel
2022-1462,2022-11-24,non,AN=2022-11-24 Dosleg=2022-11-24 DOLE=,non,"DOLE : loi d'autorisation d'un traité (DOLE n'en contient qu'une minorité ; motif constaté, non documenté par la DILA)",16,non,oui,oui,non,0,1,gouvernement,gouvernement,gouvernement,AN et Dosleg concordants,ordinaire,traite,traite,désaccord résolu par le titre JO (« autorisant ») : AN=ordinaire / Dosleg=traite,oui,DLR5L15N43285,68123,Accord France-Singapour
2022-1477,2022-11-28,non,AN=2022-11-28 Dosleg=2022-11-28 DOLE=,non,"DOLE : loi d'autorisation d'un traité (DOLE n'en contient qu'une minorité ; motif constaté, non documenté par la DILA)",16,non,oui,oui,non,0,1,gouvernement,gouvernement,gouvernement,AN et Dosleg concordants,traite,traite,traite,AN et Dosleg concordants,oui,DLR5L15N40984,66402,Centre spatial guyanais
2022-1499,2022-12-01,non,AN=2022-12-01 Dosleg=2022-12-01 DOLE=2022-12-01,non,,16,non,oui,oui,oui,1,1,gouvernement,gouvernement,gouvernement,AN et Dosleg concordants,finances_fss,finances_fss,finances_fss,AN et Dosleg concordants,non,DLR5L16N46617,70364,Loi de finances rectificative pour 2022 (2)
2022-1555,2022-12-12,non,AN=2022-12-12 Dosleg=2022-12-12 DOLE=,non,"DOLE : loi d'autorisation d'un traité (DOLE n'en contient qu'une minorité ; motif constaté, non documenté par la DILA)",16,non,oui,oui,non,0,1,gouvernement,gouvernement,gouvernement,AN et Dosleg concordants,traite,traite,traite,AN et Dosleg concordants,oui,DLR5L15N45527,69306,Manipulation de compétitions sportives
2022-1574,2022-12-16,non,AN=2022-12-16 Dosleg=2022-12-16 DOLE=2022-12-16,non,,16,non,oui,oui,oui,1,1,parlementaire AN,parlementaire AN,parlementaire AN,AN et Dosleg concordants,ordinaire,ordinaire,ordinaire,AN et Dosleg concordants,non,DLR5L15N44426,68674,Accompagnants d'élèves en situation de handicap et assistants d'éducation
2022-1587,2022-12-19,non,AN=2022-12-19 Dosleg=2022-12-19 DOLE=2022-12-19,non,,16,non,oui,oui,oui,1,1,parlementaire AN,parlementaire AN,parlementaire AN,AN et Dosleg concordants,ordinaire,ordinaire,ordinaire,AN et Dosleg concordants,non,DLR5L16N46187,69892,Abus et fraudes au compte personnel de formation
2022-1598,2022-12-21,non,AN=2022-12-21 Dosleg=2022-12-21 DOLE=2022-12-21,non,,16,non,oui,oui,oui,1,1,gouvernement,gouvernement,gouvernement,AN et Dosleg concordants,ordinaire,ordinaire,ordinaire,AN et Dosleg concordants,non,DLR5L16N46266,69946,Fonctionnement du marché du travail en vue du plein emploi
2022-1616,2022-12-23,non,AN=2022-12-23 Dosleg=2022-12-23 DOLE=2022-12-23,non,,16,non,oui,oui,oui,1,1,gouvernement,gouvernement,gouvernement,AN et Dosleg concordants,finances_fss,finances_fss,finances_fss,AN et Dosleg concordants,non,DLR5L16N46347,70066,Financement de la sécurité sociale pour 2023
2022-1726,2022-12-30,non,AN=2022-12-30 Dosleg=2022-12-30 DOLE=2022-12-30,non,,16,non,oui,oui,oui,1,1,gouvernement,gouvernement,gouvernement,AN et Dosleg concordants,finances_fss,finances_fss,finances_fss,AN et Dosleg concordants,non,DLR5L16N45988,70065,Budget 2023
2023-22,2023-01-24,non,AN=2023-01-24 Dosleg=2023-01-24 DOLE=2023-01-24,non,,16,non,oui,oui,oui,1,1,gouvernement,gouvernement,gouvernement,AN et Dosleg concordants,ordinaire,ordinaire,ordinaire,AN et Dosleg concordants,non,DLR5L16N46269,69948,Orientation et programmation du ministère de l'intérieur
2023-23,2023-01-24,non,AN=2023-01-24 Dosleg=2023-01-24 DOLE=2023-01-24,non,,16,non,oui,oui,oui,1,1,parlementaire Sénat,parlementaire Sénat,parlementaire Sénat,AN et Dosleg concordants,ordinaire,ordinaire,ordinaire,AN et Dosleg concordants,non,DLR5L15N45729,69442,Soutien aux édiles victimes d'agression
2023-29,2023-01-25,non,AN=2023-01-25 Dosleg=2023-01-25 DOLE=2023-01-25,non,,16,non,oui,oui,oui,1,1,parlementaire AN,parlementaire AN,parlementaire AN,AN et Dosleg concordants,ordinaire,ordinaire,ordinaire,AN et Dosleg concordants,non,DLR5L15N43746,68382,Faire évoluer la formation de sage-femme
2023-47,2023-02-01,non,AN=2023-02-01 Dosleg=2023-02-01 DOLE=,non,"DOLE : loi d'autorisation d'un traité (DOLE n'en contient qu'une minorité ; motif constaté, non documenté par la DILA)",16,non,oui,oui,non,0,1,gouvernement,gouvernement,gouvernement,AN et Dosleg concordants,traite,traite,traite,AN et Dosleg concordants,oui,DLR5L15N42569,67824,Transports routiers internationaux
2023-48,2023-02-01,non,AN=2023-02-01 Dosleg=2023-02-01 DOLE=,non,"DOLE : loi d'autorisation d'un traité (DOLE n'en contient qu'une minorité ; motif constaté, non documenté par la DILA)",16,non,oui,oui,non,0,1,gouvernement,gouvernement,gouvernement,AN et Dosleg concordants,traite,traite,traite,AN et Dosleg concordants,oui,DLR5L15N42572,67823,Accord entre la République française et la République du Kosovo
2023-49,2023-02-01,non,AN=2023-02-01 Dosleg=2023-02-01 DOLE=,non,"DOLE : loi d'autorisation d'un traité (DOLE n'en contient qu'une minorité ; motif constaté, non documenté par la DILA)",16,non,oui,oui,non,0,1,gouvernement,gouvernement,gouvernement,AN et Dosleg concordants,traite,traite,traite,AN et Dosleg concordants,oui,DLR5L16N46206,69886,Accord France - Royaume-Uni - Irlande du Nord
2023-54,2023-02-02,non,AN=2023-02-02 Dosleg=2023-02-02 DOLE=2023-02-02,non,,16,non,oui,oui,oui,1,1,parlementaire Sénat,parlementaire Sénat,parlementaire Sénat,AN et Dosleg concordants,ordinaire,ordinaire,ordinaire,AN et Dosleg concordants,non,DLR5L15N43849,68394,Limiter l'engrillagement des espaces naturels et protéger la propriété privée
2023-55,2023-02-02,non,AN=2023-02-02 Dosleg=2023-02-02 DOLE=2023-02-02,non,,16,non,oui,oui,oui,1,1,parlementaire Sénat,parlementaire Sénat,parlementaire Sénat,AN et Dosleg concordants,ordinaire,ordinaire,ordinaire,AN et Dosleg concordants,non,DLR5L16N46445,70178,Déroulement des élections sénatoriales
2023-76,2023-02-08,non,AN=2023-02-08 Dosleg=2023-02-08 DOLE=,non,"DOLE : loi d'autorisation d'un traité (DOLE n'en contient qu'une minorité ; motif constaté, non documenté par la DILA)",16,non,oui,oui,non,0,1,gouvernement,gouvernement,gouvernement,AN et Dosleg concordants,traite,traite,traite,AN et Dosleg concordants,oui,DLR5L15N44963,68909,Accords relatifs à l'océan Indien occidental
2023-87,2023-02-13,non,AN=2023-02-13 Dosleg=2023-02-13 DOLE=2023-02-13,non,,16,non,oui,oui,oui,1,1,parlementaire AN,parlementaire AN,parlementaire AN,AN et Dosleg concordants,ordinaire,ordinaire,ordinaire,AN et Dosleg concordants,non,DLR5L16N46472,70233,Retraite de base des non-salariés agricoles
2023-115,2023-02-21,non,AN=2023-02-21 Dosleg=2023-02-21 DOLE=,non,"DOLE : loi d'autorisation d'un traité (DOLE n'en contient qu'une minorité ; motif constaté, non documenté par la DILA)",16,non,oui,oui,non,0,1,gouvernement,gouvernement,gouvernement,AN et Dosleg concordants,traite,traite,traite,AN et Dosleg concordants,oui,DLR5L16N45971,69682,Cour pénale internationale
2023-140,2023-02-28,non,AN=2023-02-28 Dosleg=2023-02-28 DOLE=2023-02-28,non,,16,non,oui,oui,oui,1,1,parlementaire Sénat,parlementaire Sénat,parlementaire Sénat,AN et Dosleg concordants,ordinaire,ordinaire,ordinaire,AN et Dosleg concordants,non,DLR5L16N46270,69945,Aide universelle d'urgence pour les victimes de violences conjugales
2023-171,2023-03-09,non,AN=2023-03-09 Dosleg=2023-03-09 DOLE=2023-03-09,non,,16,non,oui,oui,oui,1,1,gouvernement,gouvernement,gouvernement,AN et Dosleg concordants,ordinaire,ordinaire,ordinaire,AN et Dosleg concordants,non,DLR5L16N46734,70522,Adaptation au droit de l'Union européenne
2023-175,2023-03-10,non,AN=2023-03-10 Dosleg=2023-03-10 DOLE=2023-03-10,non,,16,non,oui,oui,oui,1,1,gouvernement,gouvernement,gouvernement,AN et Dosleg concordants,ordinaire,ordinaire,ordinaire,AN et Dosleg concordants,non,DLR5L16N46539,70063,Production d'énergies renouvelables
2023-190,2023-03-22,non,AN=2023-03-22 Dosleg=2023-03-22 DOLE=,non,"DOLE : loi d'autorisation d'un traité (DOLE n'en contient qu'une minorité ; motif constaté, non documenté par la DILA)",16,non,oui,oui,non,0,1,gouvernement,gouvernement,gouvernement,AN et Dosleg concordants,traite,traite,traite,AN et Dosleg concordants,oui,DLR5L15N45106,68982,Traitement de résidus gazeux de cargaison liquide
2023-203,2023-03-27,non,AN=2023-03-27 Dosleg=2023-03-27 DOLE=,non,"DOLE : loi d'autorisation d'un traité (DOLE n'en contient qu'une minorité ; motif constaté, non documenté par la DILA)",16,non,oui,oui,non,0,1,gouvernement,gouvernement,gouvernement,AN et Dosleg concordants,traite,traite,traite,AN et Dosleg concordants,oui,DLR5L16N45914,69523,Accord France-Pays-Bas
2023-221,2023-03-30,non,AN=2023-03-30 Dosleg=2023-03-30 DOLE=2023-03-30,non,,16,non,oui,oui,oui,1,1,parlementaire AN,parlementaire AN,parlementaire AN,AN et Dosleg concordants,ordinaire,ordinaire,ordinaire,AN et Dosleg concordants,non,DLR5L16N46750,70570,Relations commerciales entre fournisseurs et distributeurs
2023-222,2023-03-30,non,AN=2023-03-30 Dosleg=2023-03-30 DOLE=2023-03-30,non,,16,non,oui,oui,oui,1,1,parlementaire AN,parlementaire AN,parlementaire AN,AN et Dosleg concordants,ordinaire,ordinaire,ordinaire,AN et Dosleg concordants,non,DLR5L16N46753,70569,Favoriser les travaux de rénovation énergétique
2023-265,2023-04-13,non,AN=2023-04-13 Dosleg=2023-04-13 DOLE=2023-04-13,non,,16,non,oui,oui,oui,1,1,parlementaire Sénat,parlementaire Sénat,parlementaire Sénat,AN et Dosleg concordants,ordinaire,ordinaire,ordinaire,AN et Dosleg concordants,non,DLR5L15N41895,67289,Restauration à tarif modéré pour tous les étudiants
2023-270,2023-04-14,non,AN=2023-04-14 Dosleg=2023-04-14 DOLE=2023-04-14,non,,16,non,oui,oui,oui,1,1,gouvernement,gouvernement,gouvernement,AN et Dosleg concordants,finances_fss,finances_fss,finances_fss,AN et Dosleg concordants,non,DLR5L16N47066,71042,Réforme des retraites
2023-305,2023-04-24,non,AN=2023-04-24 Dosleg=2023-04-24 DOLE=2023-04-24,non,,16,non,oui,oui,oui,1,1,parlementaire AN,parlementaire AN,parlementaire AN,AN et Dosleg concordants,ordinaire,ordinaire,ordinaire,AN et Dosleg concordants,non,DLR5L16N46965,70903,Fusion des filières REP d'emballages ménagers et de papier
2023-378,2023-05-19,non,AN=2023-05-19 Dosleg=2023-05-19 DOLE=2023-05-19,non,,16,non,oui,oui,oui,1,1,parlementaire AN,parlementaire AN,parlementaire AN,AN et Dosleg concordants,ordinaire,ordinaire,ordinaire,AN et Dosleg concordants,non,DLR5L16N46485,70243,Encadrement des centres de santé
2023-379,2023-05-19,non,AN=2023-05-19 Dosleg=2023-05-19 DOLE=2023-05-19,non,,16,non,oui,oui,oui,1,1,parlementaire AN,parlementaire AN,parlementaire AN,AN et Dosleg concordants,ordinaire,ordinaire,ordinaire,AN et Dosleg concordants,non,DLR5L16N46486,70244,Amélioration de l'accès aux soins
2023-380,2023-05-19,non,AN=2023-05-19 Dosleg=2023-05-19 DOLE=2023-05-19,non,,16,non,oui,oui,oui,1,1,gouvernement,gouvernement,gouvernement,AN et Dosleg concordants,ordinaire,ordinaire,ordinaire,AN et Dosleg concordants,non,DLR5L16N46918,70803,Jeux Olympiques et Paralympiques de 2024
2023-425,2023-06-02,non,AN=2023-06-02 Dosleg=2023-06-02 DOLE=,non,"DOLE : loi d'autorisation d'un traité (DOLE n'en contient qu'une minorité ; motif constaté, non documenté par la DILA)",16,non,oui,oui,non,0,1,gouvernement,gouvernement,gouvernement,AN et Dosleg concordants,traite,traite,traite,AN et Dosleg concordants,oui,DLR5L16N46205,69885,Conventions France-Sénégal
2023-426,2023-06-02,non,AN=2023-06-02 Dosleg=2023-06-02 DOLE=,non,"DOLE : loi d'autorisation d'un traité (DOLE n'en contient qu'une minorité ; motif constaté, non documenté par la DILA)",16,non,oui,oui,non,0,1,gouvernement,gouvernement,gouvernement,AN et Dosleg concordants,traite,traite,traite,AN et Dosleg concordants,oui,DLR5L16N47211,71293,Accord France-Andorre
2023-427,2023-06-02,non,AN=2023-06-02 Dosleg=2023-06-02 DOLE=,non,"DOLE : loi d'autorisation d'un traité (DOLE n'en contient qu'une minorité ; motif constaté, non documenté par la DILA)",16,non,oui,oui,non,0,1,gouvernement,gouvernement,gouvernement,AN et Dosleg concordants,traite,traite,traite,AN et Dosleg concordants,oui,DLR5L15N44193,68524,Accord entre la République française et la Principauté d'Andorre
2023-451,2023-06-09,non,AN=2023-06-09 Dosleg=2023-06-09 DOLE=2023-06-09,non,,16,non,oui,oui,oui,1,1,parlementaire AN,parlementaire AN,parlementaire AN,AN et Dosleg concordants,ordinaire,ordinaire,ordinaire,AN et Dosleg concordants,non,DLR5L16N47074,71624,Influenceurs sur les réseaux sociaux
2023-479,2023-06-21,non,AN=2023-06-21 Dosleg=2023-06-21 DOLE=2023-06-21,non,,16,non,oui,oui,oui,1,1,parlementaire AN,parlementaire AN,parlementaire AN,AN et Dosleg concordants,ordinaire,ordinaire,ordinaire,AN et Dosleg concordants,non,DLR5L16N47073,71683,Permis de conduire
2023-491,2023-06-22,non,AN=2023-06-22 Dosleg=2023-06-22 DOLE=2023-06-22,non,,16,non,oui,oui,oui,1,1,gouvernement,gouvernement,gouvernement,AN et Dosleg concordants,ordinaire,ordinaire,ordinaire,AN et Dosleg concordants,non,DLR5L16N46622,70363,Construction de nouvelles installations nucléaires
2023-506,2023-06-26,non,AN=2023-06-26 Dosleg=2023-06-26 DOLE=2023-06-26,non,,16,non,oui,oui,oui,1,1,parlementaire Sénat,parlementaire Sénat,parlementaire Sénat,AN et Dosleg concordants,ordinaire,ordinaire,ordinaire,AN et Dosleg concordants,non,DLR5L16N46115,69812,Représentation des communes au sein des conseils communautaires
2023-565,2023-07-07,non,AN=2023-07-07 Dosleg=2023-07-07 DOLE=,non,"DOLE : loi d'autorisation d'un traité (DOLE n'en contient qu'une minorité ; motif constaté, non documenté par la DILA)",16,non,oui,oui,non,0,1,gouvernement,gouvernement,gouvernement,AN et Dosleg concordants,traite,traite,traite,AN et Dosleg concordants,oui,DLR5L16N46537,70304,Accord de sécurité sociale France-Serbie
2023-566,2023-07-07,non,AN=2023-07-07 Dosleg=2023-07-07 DOLE=2023-07-07,non,,16,non,oui,oui,oui,1,1,parlementaire AN,parlementaire AN,parlementaire AN,AN et Dosleg concordants,ordinaire,ordinaire,ordinaire,AN et Dosleg concordants,non,DLR5L16N47035,71006,Instaurer une majorité numérique
2023-567,2023-07-07,non,AN=2023-07-07 Dosleg=2023-07-07 DOLE=2023-07-07,non,,16,non,oui,oui,oui,1,1,parlementaire AN,parlementaire AN,parlementaire AN,AN et Dosleg concordants,ordinaire,ordinaire,ordinaire,AN et Dosleg concordants,non,DLR5L16N47015,70976,Couples confrontés à une interruption spontanée de grossesse
2023-568,2023-07-07,non,AN=2023-07-07 Dosleg=2023-07-07 DOLE=2023-07-07,non,,16,non,oui,oui,oui,1,1,parlementaire AN,parlementaire AN,parlementaire AN,AN et Dosleg concordants,ordinaire,ordinaire,ordinaire,AN et Dosleg concordants,non,DLR5L16N47975,72315,Indices locatifs
2023-580,2023-07-10,non,AN=2023-07-10 Dosleg=2023-07-10 DOLE=2023-07-10,non,,16,non,oui,oui,oui,1,1,parlementaire Sénat,parlementaire Sénat,parlementaire Sénat,AN et Dosleg concordants,ordinaire,ordinaire,ordinaire,AN et Dosleg concordants,non,DLR5L16N47006,70725,Lutte contre le risque incendie
2023-594,2023-07-13,non,AN=2023-07-13 Dosleg=2023-07-13 DOLE=2023-07-13,non,,16,non,oui,oui,oui,1,1,gouvernement,gouvernement,gouvernement,AN et Dosleg concordants,ordinaire,ordinaire,ordinaire,AN et Dosleg concordants,non,DLR5L16N47615,71967,Code monétaire et financier et diverses dispositions relatives à l'outre-mer
2023-610,2023-07-18,non,AN=2023-07-18 Dosleg=2023-07-18 DOLE=2023-07-18,non,,16,non,oui,oui,oui,1,1,gouvernement,gouvernement,gouvernement,AN et Dosleg concordants,ordinaire,ordinaire,ordinaire,AN et Dosleg concordants,non,DLR5L16N47571,71927,Douane
2023-622,2023-07-19,non,AN=2023-07-19 Dosleg=2023-07-19 DOLE=2023-07-19,non,,16,non,oui,oui,oui,1,1,parlementaire AN,parlementaire AN,parlementaire AN,AN et Dosleg concordants,ordinaire,ordinaire,ordinaire,AN et Dosleg concordants,non,DLR5L16N47037,71003,Renforcer la protection des familles d'enfants malades
2023-623,2023-07-19,non,AN=2023-07-19 Dosleg=2023-07-19 DOLE=2023-07-19,non,,16,non,oui,oui,oui,1,1,parlementaire Sénat,parlementaire Sénat,parlementaire Sénat,AN et Dosleg concordants,ordinaire,ordinaire,ordinaire,AN et Dosleg concordants,non,DLR5L16N46695,70463,Parité dans la haute fonction publique
2023-629,2023-07-20,non,AN=2023-07-20 Dosleg=2023-07-20 DOLE=,non,"DOLE : loi d'autorisation d'un traité (DOLE n'en contient qu'une minorité ; motif constaté, non documenté par la DILA)",16,non,oui,oui,non,0,1,gouvernement,gouvernement,gouvernement,AN et Dosleg concordants,traite,traite,traite,AN et Dosleg concordants,oui,DLR5L16N46988,70926,Organisation maritime internationale
2023-630,2023-07-20,non,AN=2023-07-20 Dosleg=2023-07-20 DOLE=2023-07-20,non,,16,non,oui,oui,oui,1,1,parlementaire Sénat,parlementaire Sénat,parlementaire Sénat,AN et Dosleg concordants,ordinaire,ordinaire,ordinaire,AN et Dosleg concordants,non,DLR5L16N46880,70724,Objectifs de « zéro artificialisation nette » au coeur des territoires
2023-649,2023-07-21,non,AN=2023-07-21 Dosleg=2023-07-21 DOLE=2023-07-21,non,,16,non,oui,oui,oui,1,1,parlementaire Sénat,parlementaire Sénat,parlementaire Sénat,AN et Dosleg concordants,ordinaire,ordinaire,ordinaire,AN et Dosleg concordants,non,DLR5L16N46409,70124,PLUi de la Communauté de communes du Bas-Chablais
2023-650,2023-07-22,non,AN=2023-07-22 Dosleg=2023-07-22 DOLE=2023-07-22,non,,16,non,oui,oui,oui,1,1,gouvernement,gouvernement,gouvernement,AN et Dosleg concordants,ordinaire,ordinaire,ordinaire,AN et Dosleg concordants,non,DLR5L16N47616,71966,Biens culturels spoliés entre 1933 et 1945
2023-652,2023-07-23,non,AN=2023-07-23 Dosleg=2023-07-23 DOLE=,non,"DOLE : loi d'autorisation d'un traité (DOLE n'en contient qu'une minorité ; motif constaté, non documenté par la DILA)",16,non,oui,oui,non,0,1,gouvernement,gouvernement,gouvernement,AN et Dosleg concordants,traite,traite,traite,AN et Dosleg concordants,oui,DLR5L16N46825,70663,Approbation du premier amendement et du protocole à la convention d'Espoo
2023-653,2023-07-23,non,AN=2023-07-23 Dosleg=2023-07-23 DOLE=,non,"DOLE : loi d'autorisation d'un traité (DOLE n'en contient qu'une minorité ; motif constaté, non documenté par la DILA)",16,non,oui,oui,non,0,1,gouvernement,gouvernement,gouvernement,AN et Dosleg concordants,traite,traite,traite,AN et Dosleg concordants,oui,DLR5L16N46919,70802,Transport par mer de substances nocives
2023-654,2023-07-23,non,AN=2023-07-23 Dosleg=2023-07-23 DOLE=,non,"DOLE : loi d'autorisation d'un traité (DOLE n'en contient qu'une minorité ; motif constaté, non documenté par la DILA)",16,non,oui,oui,non,0,1,gouvernement,gouvernement,gouvernement,AN et Dosleg concordants,traite,traite,traite,AN et Dosleg concordants,oui,DLR5L16N47271,71366,Conventions France-Sénégal et France-Sri Lanka
2023-656,2023-07-25,non,AN=2023-07-25 Dosleg=2023-07-25 DOLE=2023-07-25,non,,16,non,oui,oui,oui,1,1,gouvernement,gouvernement,gouvernement,AN et Dosleg concordants,ordinaire,ordinaire,ordinaire,AN et Dosleg concordants,non,DLR5L16N48392,72732,Reconstruction et réfection des bâtiments dégradés ou détruits
2023-659,2023-07-26,non,AN=2023-07-26 Dosleg=2023-07-26 DOLE=2023-07-26,non,,16,non,oui,oui,oui,1,1,parlementaire AN,parlementaire AN,parlementaire AN,AN et Dosleg concordants,ordinaire,ordinaire,ordinaire,AN et Dosleg concordants,non,DLR5L16N47089,71684,Transport transmanche
2023-668,2023-07-27,non,AN=2023-07-27 Dosleg=2023-07-27 DOLE=2023-07-27,non,,16,non,oui,oui,oui,1,1,parlementaire AN,parlementaire AN,parlementaire AN,AN et Dosleg concordants,ordinaire,ordinaire,ordinaire,AN et Dosleg concordants,non,DLR5L16N46484,70242,Protéger les logements contre l'occupation illicite
2023-703,2023-08-01,non,AN=2023-08-01 Dosleg=2023-08-01 DOLE=2023-08-01,non,,16,non,oui,oui,oui,1,1,gouvernement,gouvernement,gouvernement,AN et Dosleg concordants,ordinaire,ordinaire,ordinaire,AN et Dosleg concordants,non,DLR5L16N47509,71802,Programmation militaire pour les années 2024 à 2030
2023-973,2023-10-23,non,AN=2023-10-23 Dosleg=2023-10-23 DOLE=2023-10-23,non,,16,non,oui,oui,oui,1,1,gouvernement,gouvernement,gouvernement,AN et Dosleg concordants,ordinaire,ordinaire,ordinaire,AN et Dosleg concordants,non,DLR5L16N47917,72265,Industrie verte
2023-1023,2023-11-06,non,AN=2023-11-06 Dosleg=2023-11-06 DOLE=,non,"DOLE : loi d'autorisation d'un traité (DOLE n'en contient qu'une minorité ; motif constaté, non documenté par la DILA)",16,non,oui,oui,non,0,1,gouvernement,gouvernement,gouvernement,AN et Dosleg concordants,traite,traite,traite,AN et Dosleg concordants,oui,DLR5L16N47267,71365,Accord France - Macédoine du Nord
2023-1041,2023-11-17,non,AN=2023-11-17 Dosleg=2023-11-17 DOLE=2023-11-17,non,,16,non,oui,oui,oui,1,1,gouvernement,gouvernement,gouvernement,AN et Dosleg concordants,ordinaire,ordinaire,ordinaire,AN et Dosleg concordants,non,DLR5L16N48681,73064,Négociations commerciales dans la grande distribution
2023-1058,2023-11-20,non,AN=2023-11-20 Dosleg=2023-11-20 DOLE=2023-11-20,non,,16,non,oui,oui,oui,1,1,gouvernement,gouvernement,gouvernement,AN et Dosleg concordants,organique,organique,organique,AN et Dosleg concordants,non,DLR5L16N47780,72124,"Ouverture, modernisation et responsabilité du corps judiciaire"
2023-1059,2023-11-20,non,AN=2023-11-20 Dosleg=2023-11-20 DOLE=2023-11-20,non,,16,non,oui,oui,oui,1,1,gouvernement,gouvernement,gouvernement,AN et Dosleg concordants,ordinaire,ordinaire,ordinaire,AN et Dosleg concordants,non,DLR5L16N47779,72123,Orientation et programmation du ministère de la justice 2023-2027
2023-1107,2023-11-29,non,AN=2023-11-29 Dosleg=2023-11-29 DOLE=2023-11-29,non,,16,non,oui,oui,oui,1,1,gouvernement,gouvernement,gouvernement,AN et Dosleg concordants,ordinaire,ordinaire,ordinaire,AN et Dosleg concordants,non,DLR5L16N47979,72323,Partage de la valeur au sein de l'entreprise
2023-1114,2023-11-30,non,AN=2023-11-30 Dosleg=2023-11-30 DOLE=2023-11-30,non,,16,non,oui,oui,oui,1,1,gouvernement,gouvernement,gouvernement,AN et Dosleg concordants,finances_fss,ordinaire,finances_fss,désaccord résolu par le titre JO (loi de finances ou de règlement) : AN=finances_fss / Dosleg=ordinaire,non,DLR5L16N48839,73246,Projet de loi de finances de fin de gestion pour 2023
2023-1177,2023-12-14,non,AN=2023-12-14 Dosleg=2023-12-14 DOLE=2023-12-14,non,,16,non,oui,oui,oui,1,1,parlementaire Sénat,parlementaire Sénat,parlementaire Sénat,AN et Dosleg concordants,ordinaire,ordinaire,ordinaire,AN et Dosleg concordants,non,DLR5L16N47515,71846,Établissements de spectacles cinématographiques dans les outre-mer
2023-1178,2023-12-14,non,AN=2023-12-14 Dosleg=2023-12-14 DOLE=2023-12-14,non,,16,non,oui,oui,oui,1,1,parlementaire Sénat,parlementaire Sénat,parlementaire Sénat,AN et Dosleg concordants,ordinaire,ordinaire,ordinaire,AN et Dosleg concordants,non,DLR5L16N47246,71304,Ouvertures de casinos
2023-1195,2023-12-18,non,AN=2023-12-18 Dosleg=2023-12-18 DOLE=2023-12-18,non,,16,non,oui,oui,oui,1,1,gouvernement,gouvernement,gouvernement,AN et Dosleg concordants,ordinaire,ordinaire,ordinaire,AN et Dosleg concordants,non,DLR5L16N46346,70064,Programmation des finances publiques pour les années 2023 à 2027
2023-1196,2023-12-18,non,AN=2023-12-18 Dosleg=2023-12-18 DOLE=2023-12-18,non,,16,non,oui,oui,oui,1,1,gouvernement,gouvernement,gouvernement,AN et Dosleg concordants,ordinaire,ordinaire,ordinaire,AN et Dosleg concordants,non,DLR5L16N48163,72444,Plein emploi
2023-1232,2023-12-22,non,AN=2023-12-22 Dosleg=2023-12-22 DOLE=,non,"DOLE : loi d'autorisation d'un traité (DOLE n'en contient qu'une minorité ; motif constaté, non documenté par la DILA)",16,non,oui,oui,non,0,1,gouvernement,gouvernement,gouvernement,AN et Dosleg concordants,traite,traite,traite,AN et Dosleg concordants,oui,DLR5L16N47719,72062,Accords France-Danemark et France-Grèce
2023-1250,2023-12-26,non,AN=2023-12-26 Dosleg=2023-12-26 DOLE=2023-12-26,non,,16,non,oui,oui,oui,1,1,gouvernement,gouvernement,gouvernement,AN et Dosleg concordants,finances_fss,finances_fss,finances_fss,AN et Dosleg concordants,non,DLR5L16N48683,73066,Financement de la sécurité sociale pour 2024
2023-1251,2023-12-26,non,AN=2023-12-26 Dosleg=2023-12-26 DOLE=2023-12-26,non,,16,non,oui,oui,oui,1,1,parlementaire Sénat,parlementaire Sénat,parlementaire Sénat,AN et Dosleg concordants,ordinaire,ordinaire,ordinaire,AN et Dosleg concordants,non,DLR5L16N47720,72082,Restitution des restes humains appartenant aux collections publiques
2023-1252,2023-12-26,non,AN=2023-12-26 Dosleg=2023-12-26 DOLE=2023-12-26,non,,16,non,oui,oui,oui,1,1,parlementaire AN,parlementaire AN,parlementaire AN,AN et Dosleg concordants,ordinaire,ordinaire,ordinaire,AN et Dosleg concordants,non,DLR5L16N48925,73341,Utilisation des titres restaurant
2023-1264,2023-12-27,non,AN=2023-12-27 Dosleg=2023-12-27 DOLE=,non,"DOLE : loi d'autorisation d'un traité (DOLE n'en contient qu'une minorité ; motif constaté, non documenté par la DILA)",16,non,oui,oui,non,0,1,gouvernement,gouvernement,gouvernement,AN et Dosleg concordants,traite,traite,traite,AN et Dosleg concordants,oui,DLR5L16N47439,71623,Accord France - Panama
2023-1265,2023-12-27,non,AN=2023-12-27 Dosleg=2023-12-27 DOLE=,non,"DOLE : loi d'autorisation d'un traité (DOLE n'en contient qu'une minorité ; motif constaté, non documenté par la DILA)",16,non,oui,oui,non,0,1,gouvernement,gouvernement,gouvernement,AN et Dosleg concordants,traite,traite,traite,AN et Dosleg concordants,oui,DLR5L16N47778,72122,Accord France - Luxembourg
2023-1266,2023-12-27,non,AN=2023-12-27 Dosleg=2023-12-27 DOLE=,non,"DOLE : loi d'autorisation d'un traité (DOLE n'en contient qu'une minorité ; motif constaté, non documenté par la DILA)",16,non,oui,oui,non,0,1,gouvernement,gouvernement,gouvernement,AN et Dosleg concordants,traite,traite,traite,AN et Dosleg concordants,oui,DLR5L16N48347,72694,Règlement des différends relatifs aux investissements
2023-1267,2023-12-27,non,AN=2023-12-27 Dosleg=2023-12-27 DOLE=2023-12-27,non,,16,non,oui,oui,oui,1,1,parlementaire AN,parlementaire AN,parlementaire AN,AN et Dosleg concordants,ordinaire,ordinaire,ordinaire,AN et Dosleg concordants,non,DLR5L16N46767,70571,Erasmus de l'apprentissage
2023-1268,2023-12-27,non,AN=2023-12-27 Dosleg=2023-12-27 DOLE=2023-12-27,non,,16,non,oui,oui,oui,1,1,parlementaire AN,parlementaire AN,parlementaire AN,AN et Dosleg concordants,ordinaire,ordinaire,ordinaire,AN et Dosleg concordants,non,DLR5L16N47721,72083,Accès aux soins par l'engagement territorial des professionnels
2023-1269,2023-12-27,non,AN=2023-12-27 Dosleg=2023-12-27 DOLE=2023-12-27,non,,16,non,oui,oui,oui,1,1,parlementaire AN,parlementaire AN,parlementaire AN,AN et Dosleg concordants,ordinaire,ordinaire,ordinaire,AN et Dosleg concordants,non,DLR5L16N47637,72055,Services express régionaux métropolitains
2023-1270,2023-12-27,non,AN=2023-12-27 Dosleg=2023-12-27 DOLE=2023-12-27,non,,16,non,oui,oui,oui,1,1,parlementaire Sénat,parlementaire Sénat,parlementaire Sénat,AN et Dosleg concordants,ordinaire,ordinaire,ordinaire,AN et Dosleg concordants,non,DLR5L16N48696,73072,Ouverture à la concurrence du réseau de bus francilien de la RATP
2023-1289,2023-12-28,non,AN=2023-12-28 Dosleg=2023-12-28 DOLE=2023-12-28,non,,16,non,oui,oui,oui,1,1,parlementaire Sénat,parlementaire Sénat,parlementaire Sénat,AN et Dosleg concordants,ordinaire,ordinaire,ordinaire,AN et Dosleg concordants,non,DLR5L16N47781,72105,Organisation de la navigation aérienne en cas de mouvement social
2023-1322,2023-12-29,non,AN=2023-12-29 Dosleg=2023-12-29 DOLE=2023-12-29,non,,16,non,oui,oui,oui,1,1,gouvernement,gouvernement,gouvernement,AN et Dosleg concordants,finances_fss,finances_fss,finances_fss,AN et Dosleg concordants,non,DLR5L16N48397,73065,Budget 2024
2023-1380,2023-12-30,non,AN=2023-12-30 Dosleg=2023-12-30 DOLE=2023-12-30,non,,16,non,oui,oui,oui,1,1,parlementaire Sénat,parlementaire Sénat,parlementaire Sénat,AN et Dosleg concordants,ordinaire,ordinaire,ordinaire,AN et Dosleg concordants,non,DLR5L16N47755,72103,Revaloriser le métier de secrétaire de mairie
2024-42,2024-01-26,non,AN=2024-01-26 Dosleg=2024-01-26 DOLE=2024-01-26,non,,16,non,oui,oui,oui,1,1,gouvernement,gouvernement,gouvernement,AN et Dosleg concordants,ordinaire,ordinaire,ordinaire,AN et Dosleg concordants,non,DLR5L16N47118,71145,Immigration et intégration
2024-84,2024-02-06,non,AN=2024-02-06 Dosleg=2024-02-06 DOLE=,non,"DOLE : loi d'autorisation d'un traité (DOLE n'en contient qu'une minorité ; motif constaté, non documenté par la DILA)",16,non,oui,oui,non,0,1,gouvernement,gouvernement,gouvernement,AN et Dosleg concordants,traite,traite,traite,AN et Dosleg concordants,oui,DLR5L16N48541,72867,Accords France-Maurice
2024-120,2024-02-19,non,AN=2024-02-19 Dosleg=2024-02-19 DOLE=2024-02-19,non,,16,non,oui,oui,oui,1,1,parlementaire AN,parlementaire AN,parlementaire AN,AN et Dosleg concordants,ordinaire,ordinaire,ordinaire,AN et Dosleg concordants,non,DLR5L16N47047,71028,Respect du droit à l'image des enfants
2024-174,2024-03-06,non,AN=2024-03-06 Dosleg=2024-03-06 DOLE=,non,"DOLE : loi d'autorisation d'un traité (DOLE n'en contient qu'une minorité ; motif constaté, non documenté par la DILA)",16,non,oui,oui,non,0,1,gouvernement,gouvernement,gouvernement,AN et Dosleg concordants,traite,traite,traite,AN et Dosleg concordants,oui,DLR5L16N48255,72592,Accord France-Andorre
2024-200,2024-03-08,non,AN=2024-03-08 Dosleg=2024-03-08 DOLE=2024-03-08,non,,16,non,oui,oui,oui,1,1,gouvernement,gouvernement,gouvernement,AN et Dosleg concordants,constitutionnelle,constitutionnelle,constitutionnelle,AN et Dosleg concordants,non,DLR5L16N49095,73485,Liberté de recourir à l'interruption volontaire de grossesse
2024-201,2024-03-08,non,AN=2024-03-08 Dosleg=2024-03-08 DOLE=2024-03-08,non,,16,non,oui,oui,oui,1,1,parlementaire Sénat,parlementaire Sénat,parlementaire Sénat,AN et Dosleg concordants,ordinaire,ordinaire,ordinaire,AN et Dosleg concordants,non,DLR5L16N47026,70942,Protection des mineurs et honorabilité dans le sport
2024-233,2024-03-18,non,AN=2024-03-18 Dosleg=2024-03-18 DOLE=2024-03-18,non,,16,non,oui,oui,oui,1,1,parlementaire AN,parlementaire AN,parlementaire AN,AN et Dosleg concordants,ordinaire,ordinaire,ordinaire,AN et Dosleg concordants,non,DLR5L16N46864,70760,Violences intrafamiliales
2024-245,2024-03-21,non,AN=2024-03-21 Dosleg=2024-03-21 DOLE=,non,"DOLE : loi d'autorisation d'un traité (DOLE n'en contient qu'une minorité ; motif constaté, non documenté par la DILA)",16,non,oui,oui,non,0,1,gouvernement,gouvernement,gouvernement,AN et Dosleg concordants,traite,traite,traite,AN et Dosleg concordants,oui,DLR5L16N47858,72205,Accord France - Canada
2024-246,2024-03-21,non,AN=2024-03-21 Dosleg=2024-03-21 DOLE=,non,"DOLE : loi d'autorisation d'un traité (DOLE n'en contient qu'une minorité ; motif constaté, non documenté par la DILA)",16,non,oui,oui,non,0,1,gouvernement,gouvernement,gouvernement,AN et Dosleg concordants,traite,traite,traite,AN et Dosleg concordants,oui,DLR5L16N48838,73245,Convention France-Moldavie
2024-247,2024-03-21,non,AN=2024-03-21 Dosleg=2024-03-21 DOLE=2024-03-21,non,,16,non,oui,oui,oui,1,1,parlementaire Sénat,parlementaire Sénat,parlementaire Sénat,AN et Dosleg concordants,ordinaire,ordinaire,ordinaire,AN et Dosleg concordants,non,DLR5L16N48018,72346,Sécurité des élus locaux et protection des maires
2024-250,2024-03-22,non,AN=2024-03-22 Dosleg=2024-03-22 DOLE=2024-03-22,non,,16,non,oui,oui,oui,1,1,parlementaire AN,parlementaire AN,parlementaire AN,AN et Dosleg concordants,ordinaire,ordinaire,ordinaire,AN et Dosleg concordants,non,DLR5L16N49021,73446,Réseau routier national non concédé
2024-279,2024-03-29,non,AN=2024-03-29 Dosleg=2024-03-29 DOLE=2024-03-29,non,,16,non,oui,oui,oui,1,1,parlementaire Sénat,parlementaire Sénat,parlementaire Sénat,AN et Dosleg concordants,ordinaire,ordinaire,ordinaire,AN et Dosleg concordants,non,DLR5L16N48597,72945,Collectivités territoriales et transition écologique des bâtiments scolaires
2024-300,2024-04-02,non,AN=2024-04-02 Dosleg=2024-04-02 DOLE=,non,"DOLE : loi d'autorisation d'un traité (DOLE n'en contient qu'une minorité ; motif constaté, non documenté par la DILA)",16,non,oui,oui,non,0,1,gouvernement,gouvernement,gouvernement,AN et Dosleg concordants,traite,traite,traite,AN et Dosleg concordants,oui,DLR5L16N48779,73193,Création d'une compagnie de gendarmerie fluviale franco-allemande sur le Rhin
2024-301,2024-04-02,non,AN=2024-04-02 Dosleg=2024-04-02 DOLE=2024-04-02,non,,16,non,oui,oui,oui,1,1,parlementaire AN,parlementaire AN,parlementaire AN,AN et Dosleg concordants,ordinaire,ordinaire,ordinaire,AN et Dosleg concordants,non,DLR5L16N48586,73004,Jardins d'enfants
2024-309,2024-04-05,non,AN=2024-04-05 Dosleg=2024-04-05 DOLE=2024-04-05,non,,16,non,oui,oui,oui,1,1,parlementaire AN,parlementaire AN,parlementaire AN,AN et Dosleg concordants,ordinaire,ordinaire,ordinaire,AN et Dosleg concordants,non,DLR5L16N47695,72211,Aide publique au développement
2024-310,2024-04-05,non,AN=2024-04-05 Dosleg=2024-04-05 DOLE=2024-04-05,non,,16,non,oui,oui,oui,1,1,parlementaire Sénat,parlementaire Sénat,parlementaire Sénat,AN et Dosleg concordants,ordinaire,ordinaire,ordinaire,AN et Dosleg concordants,non,DLR5L16N48617,72964,Réemploi des véhicules
2024-317,2024-04-08,non,AN=2024-04-08 Dosleg=2024-04-08 DOLE=2024-04-08,non,,16,non,oui,oui,oui,1,1,parlementaire AN,parlementaire AN,parlementaire AN,AN et Dosleg concordants,ordinaire,ordinaire,ordinaire,AN et Dosleg concordants,non,DLR5L16N46868,70745,Bâtir la société du bien-vieillir et de l'autonomie
2024-321,2024-04-09,non,AN=2024-04-09 Dosleg=2024-04-09 DOLE=,non,"DOLE : loi d'autorisation d'un traité (DOLE n'en contient qu'une minorité ; motif constaté, non documenté par la DILA)",16,non,oui,oui,non,0,1,gouvernement,gouvernement,gouvernement,AN et Dosleg concordants,traite,traite,traite,AN et Dosleg concordants,oui,DLR5L16N48040,72364,Accord judiciaire France - Kazakhstan
2024-322,2024-04-09,non,AN=2024-04-09 Dosleg=2024-04-09 DOLE=2024-04-09,non,,16,non,oui,oui,oui,1,1,gouvernement,gouvernement,gouvernement,AN et Dosleg concordants,ordinaire,ordinaire,ordinaire,AN et Dosleg concordants,non,DLR5L16N49096,73486,Rénovation de l'habitat dégradé
2024-330,2024-04-11,non,AN=2024-04-11 Dosleg=2024-04-11 DOLE=2024-04-11,non,,16,non,oui,oui,oui,1,1,parlementaire AN,parlementaire AN,parlementaire AN,AN et Dosleg concordants,ordinaire,ordinaire,ordinaire,AN et Dosleg concordants,non,DLR5L16N46921,70842,Protéger le groupe Électricité de France d'un démembrement
2024-343,2024-04-15,non,AN=2024-04-15 Dosleg=2024-04-15 DOLE=2024-04-15,non,,16,non,oui,oui,oui,1,1,gouvernement,gouvernement,gouvernement,AN et Dosleg concordants,organique,organique,organique,AN et Dosleg concordants,non,DLR5L16N49374,73785,Congrès et assemblées de province de la Nouvelle-Calédonie (PJLO)
2024-344,2024-04-15,non,AN=2024-04-15 Dosleg=2024-04-15 DOLE=2024-04-15,non,,16,non,oui,oui,oui,1,1,parlementaire AN,parlementaire AN,parlementaire AN,AN et Dosleg concordants,ordinaire,ordinaire,ordinaire,AN et Dosleg concordants,non,DLR5L16N48422,72798,Engagement bénévole et vie associative
2024-345,2024-04-15,non,AN=2024-04-15 Dosleg=2024-04-15 DOLE=2024-04-15,non,,16,non,oui,oui,oui,1,1,gouvernement,gouvernement,gouvernement,AN et Dosleg concordants,ordinaire,ordinaire,ordinaire,AN et Dosleg concordants,non,DLR5L16N49320,73770,Modifications du CG3P relatives à la Polynésie française
2024-346,2024-04-15,non,AN=2024-04-15 Dosleg=2024-04-15 DOLE=2024-04-15,non,,16,non,oui,oui,oui,1,1,parlementaire AN,parlementaire AN,parlementaire AN,AN et Dosleg concordants,ordinaire,ordinaire,ordinaire,AN et Dosleg concordants,non,DLR5L16N48414,72799,Adapter le droit de la responsabilité civile aux enjeux actuels
2024-353,2024-04-17,non,AN=2024-04-17 Dosleg=2024-04-17 DOLE=,non,"DOLE : loi d'autorisation d'un traité (DOLE n'en contient qu'une minorité ; motif constaté, non documenté par la DILA)",16,non,oui,oui,non,0,1,gouvernement,gouvernement,gouvernement,AN et Dosleg concordants,traite,traite,traite,AN et Dosleg concordants,oui,DLR5L16N49049,73463,Domaine du transport aérien - accord Asie du sud-est et UE
2024-364,2024-04-22,non,AN=2024-04-22 Dosleg=2024-04-22 DOLE=2024-04-22,non,,16,non,oui,oui,oui,1,1,gouvernement,gouvernement,gouvernement,AN et Dosleg concordants,ordinaire,ordinaire,ordinaire,AN et Dosleg concordants,non,DLR5L16N48908,73327,Adaptation au droit de l'Union européenne
2024-420,2024-05-10,non,AN=2024-05-10 Dosleg=2024-05-10 DOLE=2024-05-10,non,,16,non,oui,oui,oui,1,1,gouvernement,gouvernement,gouvernement,AN et Dosleg concordants,ordinaire,ordinaire,ordinaire,AN et Dosleg concordants,non,DLR5L16N48909,73326,Lutte contre les dérives sectaires
2024-448,2024-05-21,non,AN=2024-05-21 Dosleg=2024-05-21 DOLE=2024-05-21,non,,16,non,oui,oui,oui,1,1,gouvernement,gouvernement,gouvernement,AN et Dosleg concordants,organique,organique,organique,AN et Dosleg concordants,non,DLR5L16N49123,73549,Modification de la loi organique n° 2010-837 du 23 juillet 2010
2024-449,2024-05-21,non,AN=2024-05-21 Dosleg=2024-05-21 DOLE=2024-05-21,non,,16,non,oui,oui,oui,1,1,gouvernement,gouvernement,gouvernement,AN et Dosleg concordants,ordinaire,ordinaire,ordinaire,AN et Dosleg concordants,non,DLR5L16N47884,72203,Sécuriser et réguler l'espace numérique
2024-450,2024-05-21,non,AN=2024-05-21 Dosleg=2024-05-21 DOLE=2024-05-21,non,,16,non,oui,oui,oui,1,1,gouvernement,gouvernement,gouvernement,AN et Dosleg concordants,ordinaire,ordinaire,ordinaire,AN et Dosleg concordants,non,DLR5L16N49124,73548,Gouvernance de la sûreté nucléaire et de la radioprotection
2024-456,2024-05-23,non,AN=2024-05-23 Dosleg=2024-05-23 DOLE=2024-05-23,non,,16,non,oui,oui,oui,1,1,gouvernement,gouvernement,gouvernement,AN et Dosleg concordants,ordinaire,ordinaire,ordinaire,AN et Dosleg concordants,non,DLR5L16N48973,73365,Dispositions législatives relatives à la santé
2024-475,2024-05-27,non,AN=2024-05-27 Dosleg=2024-05-27 DOLE=2024-05-27,non,,16,non,oui,oui,oui,1,1,parlementaire Sénat,parlementaire Sénat,parlementaire Sénat,AN et Dosleg concordants,ordinaire,ordinaire,ordinaire,AN et Dosleg concordants,non,DLR5L16N48348,72698,Accompagnement humain des élèves en situation de handicap
2024-494,2024-05-31,non,AN=2024-05-31 Dosleg=2024-05-31 DOLE=2024-05-31,non,,16,non,oui,oui,oui,1,1,parlementaire AN,parlementaire AN,parlementaire AN,AN et Dosleg concordants,ordinaire,ordinaire,ordinaire,AN et Dosleg concordants,non,DLR5L16N49023,73442,Justice patrimoniale au sein de la famille
2024-536,2024-06-13,non,AN=2024-06-13 Dosleg=2024-06-13 DOLE=2024-06-13,non,,hors législature,non,oui,oui,oui,1,1,parlementaire AN,parlementaire AN,parlementaire AN,AN et Dosleg concordants,ordinaire,ordinaire,ordinaire,AN et Dosleg concordants,non,DLR5L16N49029,73431,Ordonnance de protection
2024-537,2024-06-13,non,AN=2024-06-13 Dosleg=2024-06-13 DOLE=2024-06-13,non,,hors législature,non,oui,oui,oui,1,1,parlementaire AN,parlementaire AN,parlementaire AN,AN et Dosleg concordants,ordinaire,ordinaire,ordinaire,AN et Dosleg concordants,non,DLR5L16N49601,74030,Financement des entreprises et attractivité de la France
2024-538,2024-06-13,non,AN=2024-06-13 Dosleg=2024-06-13 DOLE=2024-06-13,non,,hors législature,non,oui,oui,oui,1,1,parlementaire Sénat,parlementaire Sénat,parlementaire Sénat,AN et Dosleg concordants,ordinaire,ordinaire,ordinaire,AN et Dosleg concordants,non,DLR5L16N49623,74063,Dématérialisation de l'état civil
2024-582,2024-06-24,oui,AN=2024-06-23 Dosleg=2024-06-24 DOLE=2024-06-24,non,,hors législature,non,oui,oui,oui,1,1,parlementaire AN,parlementaire AN,parlementaire AN,AN et Dosleg concordants,ordinaire,ordinaire,ordinaire,AN et Dosleg concordants,non,DLR5L16N47629,72051,Saisie et confiscation des avoirs criminels
2024-850,2024-07-25,non,AN=2024-07-25 Dosleg=2024-07-25 DOLE=2024-07-25,non,,17,oui,oui,oui,oui,1,1,parlementaire AN,parlementaire AN,parlementaire AN,AN et Dosleg concordants,ordinaire,ordinaire,ordinaire,AN et Dosleg concordants,non,DLR5L16N49386,73823,Ingérences étrangères en France
2024-1017,2024-11-13,non,AN=2024-11-13 Dosleg=2024-11-13 DOLE=,non,"DOLE : loi d'autorisation d'un traité (DOLE n'en contient qu'une minorité ; motif constaté, non documenté par la DILA)",17,oui,oui,oui,non,0,1,gouvernement,gouvernement,gouvernement,AN et Dosleg concordants,traite,traite,traite,AN et Dosleg concordants,oui,DLR5L16N49392,73827,Accord entre la France et la Papouasie-Nouvelle-Guinée
2024-1018,2024-11-13,non,AN=2024-11-13 Dosleg=2024-11-13 DOLE=,non,"DOLE : loi d'autorisation d'un traité (DOLE n'en contient qu'une minorité ; motif constaté, non documenté par la DILA)",17,oui,oui,oui,non,0,1,gouvernement,gouvernement,gouvernement,AN et Dosleg concordants,traite,traite,traite,AN et Dosleg concordants,oui,DLR5L16N49957,74425,Convention des Nations unies sur le droit de la mer
2024-1026,2024-11-15,non,AN=2024-11-15 Dosleg=2024-11-15 DOLE=2024-11-15,non,,17,oui,oui,oui,oui,1,1,parlementaire Sénat,parlementaire Sénat,parlementaire Sénat,AN et Dosleg concordants,organique,organique,organique,AN et Dosleg concordants,non,DLR5L17N50450,74884,Renouvellement du congrès et des assemblées de province de la Nouvelle-Calédonie
2024-1027,2024-11-15,non,AN=2024-11-15 Dosleg=2024-11-15 DOLE=2024-11-15,non,,17,oui,oui,oui,oui,1,1,parlementaire AN,parlementaire AN,parlementaire AN,AN et Dosleg concordants,ordinaire,ordinaire,ordinaire,AN et Dosleg concordants,non,DLR5L16N49033,73427,Travail à temps partagé aux fins d'employabilité
2024-1028,2024-11-15,non,AN=2024-11-15 Dosleg=2024-11-15 DOLE=2024-11-15,non,,17,oui,oui,oui,oui,1,1,parlementaire Sénat,parlementaire Sénat,parlementaire Sénat,AN et Dosleg concordants,ordinaire,ordinaire,ordinaire,AN et Dosleg concordants,non,DLR5L16N48498,72843,Repérage des troubles du neuro-développement
2024-1039,2024-11-19,non,AN=2024-11-19 Dosleg=2024-11-19 DOLE=2024-11-19,non,,17,oui,oui,oui,oui,1,1,parlementaire AN,parlementaire AN,parlementaire AN,AN et Dosleg concordants,ordinaire,ordinaire,ordinaire,AN et Dosleg concordants,non,DLR5L16N47722,72084,Renforcer les outils de régulation des meublés de tourisme
2024-1061,2024-11-26,non,AN=2024-11-26 Dosleg=2024-11-26 DOLE=2024-11-26,non,,17,oui,oui,oui,oui,1,1,parlementaire Sénat,parlementaire Sénat,parlementaire Sénat,AN et Dosleg concordants,ordinaire,ordinaire,ordinaire,AN et Dosleg concordants,non,DLR5L16N50082,74550,Sécuriser le mécanisme de purge des nullités
2024-1167,2024-12-06,non,AN=2024-12-06 Dosleg=2024-12-06 DOLE=2024-12-06,non,,17,oui,oui,oui,oui,1,1,gouvernement,gouvernement,gouvernement,AN et Dosleg concordants,finances_fss,ordinaire,finances_fss,désaccord résolu par le titre JO (loi de finances ou de règlement) : AN=finances_fss / Dosleg=ordinaire,non,DLR5L17N50838,75383,Projet de loi de finances de fin de gestion pour 2024
2024-1177,2024-12-13,non,AN=2024-12-13 Dosleg=2024-12-13 DOLE=2024-12-13,non,,17,oui,oui,oui,oui,1,1,parlementaire Sénat,parlementaire Sénat,parlementaire Sénat,AN et Dosleg concordants,organique,organique,organique,AN et Dosleg concordants,non,DLR5L17N50168,74663,Réforme du financement de l'audiovisuel public
2024-1188,2024-12-20,non,AN=2024-12-20 Dosleg=2024-12-20 DOLE=2024-12-20,non,,17,oui,oui,oui,oui,1,1,gouvernement,gouvernement,gouvernement,AN et Dosleg concordants,ordinaire,ordinaire,ordinaire,AN et Dosleg concordants,non,DLR5L17N51079,75629,Projet de loi spéciale prévue par l'article 45 de la LOLF
2025-56,2025-01-21,non,AN=2025-01-21 Dosleg=2025-01-21 DOLE=2025-01-21,non,,17,oui,oui,oui,oui,1,1,parlementaire AN,parlementaire AN,parlementaire AN,AN et Dosleg concordants,ordinaire,ordinaire,ordinaire,AN et Dosleg concordants,non,DLR5L17N50820,75366,Dérogation d'usage des titres-restaurant pour tout produit alimentaire
2025-74,2025-01-29,non,AN=2025-01-29 Dosleg=2025-01-29 DOLE=2025-01-29,non,,17,oui,oui,oui,oui,1,1,parlementaire Sénat,parlementaire Sénat,parlementaire Sénat,AN et Dosleg concordants,ordinaire,ordinaire,ordinaire,AN et Dosleg concordants,non,DLR5L16N46650,70444,Nombre minimum de soignants par patient hospitalisé
2025-106,2025-02-05,non,AN=2025-02-05 Dosleg=2025-02-05 DOLE=2025-02-05,non,,17,oui,oui,oui,oui,1,1,parlementaire AN,parlementaire AN,parlementaire AN,AN et Dosleg concordants,ordinaire,ordinaire,ordinaire,AN et Dosleg concordants,non,DLR5L16N49801,74246,Améliorer la prise en charge du cancer du sein par l'assurance maladie
2025-115,2025-02-07,non,AN=2025-02-07 Dosleg=2025-02-07 DOLE=2025-02-07,non,,17,oui,oui,oui,oui,1,1,parlementaire Sénat,parlementaire Sénat,parlementaire Sénat,AN et Dosleg concordants,ordinaire,ordinaire,ordinaire,AN et Dosleg concordants,non,DLR5L16N48725,73128,Assainissement cadastral et résorption du désordre de la propriété
2025-127,2025-02-14,non,AN=2025-02-14 Dosleg=2025-02-14 DOLE=2025-02-14,non,,17,oui,oui,oui,oui,1,1,gouvernement,gouvernement,gouvernement,AN et Dosleg concordants,finances_fss,finances_fss,finances_fss,AN et Dosleg concordants,non,DLR5L17N50198,75109,Budget 2025
2025-128,2025-02-14,non,AN=2025-02-14 Dosleg=2025-02-14 DOLE=2025-02-14,non,,17,oui,oui,oui,oui,1,1,parlementaire Sénat,parlementaire Sénat,parlementaire Sénat,AN et Dosleg concordants,ordinaire,ordinaire,ordinaire,AN et Dosleg concordants,non,DLR5L16N49843,74284,Élection du maire d'une commune nouvelle en cas de conseil municipal incomplet
2025-136,2025-02-15,oui,AN=2025-02-14 Dosleg=2025-02-15 DOLE=2025-02-15,non,,17,oui,oui,oui,oui,1,1,parlementaire AN,parlementaire AN,parlementaire AN,AN et Dosleg concordants,ordinaire,ordinaire,ordinaire,AN et Dosleg concordants,non,DLR5L17N50915,75441,Fonctionnement des chambres d'agriculture et de la mutualité sociale agricole
2025-138,2025-02-17,non,AN=2025-02-17 Dosleg=2025-02-17 DOLE=2025-02-17,non,,17,oui,oui,oui,oui,1,1,parlementaire Sénat,parlementaire Sénat,parlementaire Sénat,AN et Dosleg concordants,ordinaire,ordinaire,ordinaire,AN et Dosleg concordants,non,DLR5L16N49796,74243,Prise en charge de la sclérose latérale amyotrophique
2025-139,2025-02-17,non,AN=2025-02-17 Dosleg=2025-02-17 DOLE=,non,"DOLE : loi d'autorisation d'un traité (DOLE n'en contient qu'une minorité ; motif constaté, non documenté par la DILA)",17,oui,oui,oui,non,0,1,gouvernement,gouvernement,gouvernement,AN et Dosleg concordants,traite,traite,traite,AN et Dosleg concordants,oui,DLR5L16N49273,73705,Convention entre la République française et le Grand-duché de Luxembourg
2025-140,2025-02-17,non,AN=2025-02-17 Dosleg=2025-02-17 DOLE=,non,"DOLE : loi d'autorisation d'un traité (DOLE n'en contient qu'une minorité ; motif constaté, non documenté par la DILA)",17,oui,oui,oui,non,0,1,gouvernement,gouvernement,gouvernement,AN et Dosleg concordants,traite,traite,traite,AN et Dosleg concordants,oui,DLR5L16N49615,74034,Accord France - Allemagne sur l'apprentissage transfrontalier
2025-175,2025-02-24,non,AN=2025-02-24 Dosleg=2025-02-24 DOLE=2025-02-24,non,,17,oui,oui,oui,oui,1,1,parlementaire AN,parlementaire AN,parlementaire AN,AN et Dosleg concordants,ordinaire,ordinaire,ordinaire,AN et Dosleg concordants,non,DLR5L16N46655,70484,Interdire les dispositifs électroniques de vapotage à usage unique
2025-176,2025-02-24,non,AN=2025-02-24 Dosleg=2025-02-24 DOLE=2025-02-24,non,,17,oui,oui,oui,oui,1,1,gouvernement,gouvernement,gouvernement,AN et Dosleg concordants,ordinaire,ordinaire,ordinaire,AN et Dosleg concordants,non,DLR5L17N51222,75731,Urgence pour Mayotte
2025-188,2025-02-27,non,AN=2025-02-27 Dosleg=2025-02-27 DOLE=2025-02-27,non,,17,oui,oui,oui,oui,1,1,parlementaire AN,parlementaire AN,parlementaire AN,AN et Dosleg concordants,ordinaire,ordinaire,ordinaire,AN et Dosleg concordants,non,DLR5L16N49455,73906,Substances per- et polyfluoroalkylées
2025-199,2025-02-28,non,AN=2025-02-28 Dosleg=2025-02-28 DOLE=2025-02-28,non,,17,oui,oui,oui,oui,1,1,gouvernement,gouvernement,gouvernement,AN et Dosleg concordants,finances_fss,finances_fss,finances_fss,AN et Dosleg concordants,non,DLR5L17N50588,75110,Financement de la sécurité sociale pour 2025
2025-237,2025-03-14,non,AN=2025-03-14 Dosleg=2025-03-14 DOLE=2025-03-14,non,,17,oui,oui,oui,oui,1,1,parlementaire Sénat,parlementaire Sénat,parlementaire Sénat,AN et Dosleg concordants,ordinaire,ordinaire,ordinaire,AN et Dosleg concordants,non,DLR5L16N49472,73946,Prolifération du frelon asiatique
2025-250,2025-03-20,non,AN=2025-03-20 Dosleg=2025-03-20 DOLE=,non,"DOLE : loi d'autorisation d'un traité (DOLE n'en contient qu'une minorité ; motif constaté, non documenté par la DILA)",17,oui,oui,oui,non,0,1,gouvernement,gouvernement,gouvernement,AN et Dosleg concordants,traite,traite,traite,AN et Dosleg concordants,oui,DLR5L17N50946,74627,Accord France - Espagne
2025-268,2025-03-24,non,AN=2025-03-24 Dosleg=2025-03-24 DOLE=2025-03-24,non,,17,oui,oui,oui,oui,1,1,gouvernement,gouvernement,gouvernement,AN et Dosleg concordants,ordinaire,ordinaire,ordinaire,AN et Dosleg concordants,non,DLR5L16N49726,74165,Souveraineté alimentaire et agricole
2025-269,2025-03-24,non,AN=2025-03-24 Dosleg=2025-03-24 DOLE=2025-03-24,non,,17,oui,oui,oui,oui,1,1,parlementaire AN,parlementaire AN,parlementaire AN,AN et Dosleg concordants,ordinaire,ordinaire,ordinaire,AN et Dosleg concordants,non,DLR5L17N51161,75683,Égalité des chances pour l'accès à certaines écoles de service public
2025-272,2025-03-25,non,AN=2025-03-25 Dosleg=2025-03-25 DOLE=,non,"DOLE : loi d'autorisation d'un traité (DOLE n'en contient qu'une minorité ; motif constaté, non documenté par la DILA)",17,oui,oui,oui,non,0,1,gouvernement,gouvernement,gouvernement,AN et Dosleg concordants,traite,traite,traite,AN et Dosleg concordants,oui,DLR5L16N49807,74265,Accords Union européenne - Arménie et Union européenne - Ukraine
2025-273,2025-03-25,non,AN=2025-03-25 Dosleg=2025-03-25 DOLE=,non,"DOLE : loi d'autorisation d'un traité (DOLE n'en contient qu'une minorité ; motif constaté, non documenté par la DILA)",17,oui,oui,oui,non,0,1,gouvernement,gouvernement,gouvernement,AN et Dosleg concordants,ordinaire,traite,traite,désaccord résolu par le titre JO (« autorisant ») : AN=ordinaire / Dosleg=traite,oui,DLR5L15N49541,53323,Convention d'extradition avec le Cambodge
2025-274,2025-03-25,non,AN=2025-03-25 Dosleg=2025-03-25 DOLE=,non,"DOLE : loi d'autorisation d'un traité (DOLE n'en contient qu'une minorité ; motif constaté, non documenté par la DILA)",17,oui,oui,oui,non,0,1,gouvernement,gouvernement,gouvernement,AN et Dosleg concordants,traite,traite,traite,AN et Dosleg concordants,oui,DLR5L16N49806,74266,Accord France - Indonésie relatif à la coopération dans le domaine de la défense
2025-327,2025-04-11,non,AN=2025-04-11 Dosleg=2025-04-11 DOLE=2025-04-11,non,,17,oui,oui,oui,oui,1,1,parlementaire Sénat,parlementaire Sénat,parlementaire Sénat,AN et Dosleg concordants,ordinaire,ordinaire,ordinaire,AN et Dosleg concordants,non,DLR5L16N49927,74304,Gestion des compétences « eau » et « assainissement »
2025-336,2025-04-14,non,AN=2025-04-14 Dosleg=2025-04-14 DOLE=2025-04-14,non,,17,oui,oui,oui,oui,1,1,parlementaire Sénat,parlementaire Sénat,parlementaire Sénat,AN et Dosleg concordants,ordinaire,ordinaire,ordinaire,AN et Dosleg concordants,non,DLR5L17N51485,75939,Conversion de centrales à charbon
2025-337,2025-04-14,non,AN=2025-04-14 Dosleg=2025-04-14 DOLE=2025-04-14,non,,17,oui,oui,oui,oui,1,1,parlementaire AN,parlementaire AN,parlementaire AN,AN et Dosleg concordants,ordinaire,ordinaire,ordinaire,AN et Dosleg concordants,non,DLR5L17N51504,75959,Renforcer la stabilité économique et la compétitivité du secteur agroalimentaire
2025-339,2025-04-15,non,AN=2025-04-15 Dosleg=2025-04-15 DOLE=,non,"DOLE : loi d'autorisation d'un traité (DOLE n'en contient qu'une minorité ; motif constaté, non documenté par la DILA)",17,oui,oui,oui,non,0,1,gouvernement,gouvernement,gouvernement,AN et Dosleg concordants,traite,traite,traite,AN et Dosleg concordants,oui,DLR5L17N51237,75732,Accord BERD - Afrique subsaharienne et Irak
2025-365,2025-04-23,non,AN=2025-04-23 Dosleg=2025-04-23 DOLE=2025-04-23,non,,17,oui,oui,oui,oui,1,1,parlementaire AN,parlementaire AN,parlementaire AN,AN et Dosleg concordants,ordinaire,ordinaire,ordinaire,AN et Dosleg concordants,non,DLR5L17N50636,75164,Traitement des maladies des cultures végétales par aéronefs télépilotés
2025-379,2025-04-28,non,AN=2025-04-28 Dosleg=2025-04-28 DOLE=2025-04-28,non,,17,oui,oui,oui,oui,1,1,parlementaire Sénat,parlementaire Sénat,parlementaire Sénat,AN et Dosleg concordants,ordinaire,ordinaire,ordinaire,AN et Dosleg concordants,non,DLR5L16N49176,73603,Sûreté dans les transports
2025-391,2025-04-30,non,AN=2025-04-30 Dosleg=2025-04-30 DOLE=2025-04-30,non,,17,oui,oui,oui,oui,1,1,gouvernement,gouvernement,gouvernement,AN et Dosleg concordants,ordinaire,ordinaire,ordinaire,AN et Dosleg concordants,non,DLR5L17N50796,75343,Adaptation au droit de l'Union européenne
2025-412,2025-05-12,non,AN=2025-05-12 Dosleg=2025-05-12 DOLE=2025-05-12,non,,17,oui,oui,oui,oui,1,1,parlementaire AN,parlementaire AN,parlementaire AN,AN et Dosleg concordants,ordinaire,ordinaire,ordinaire,AN et Dosleg concordants,non,DLR5L17N51039,75587,Renforcer les conditions d'accès à la nationalité française à Mayotte
2025-415,2025-05-13,non,AN=2025-05-13 Dosleg=2025-05-13 DOLE=2025-05-13,non,,17,oui,oui,oui,oui,1,1,parlementaire AN,parlementaire AN,parlementaire AN,AN et Dosleg concordants,ordinaire,ordinaire,ordinaire,AN et Dosleg concordants,non,DLR5L16N49258,73687,Frais bancaires sur succession
2025-443,2025-05-21,non,AN=2025-05-21 Dosleg=2025-05-21 DOLE=2025-05-21,non,,17,oui,oui,oui,oui,1,1,parlementaire Sénat,parlementaire Sénat,parlementaire Sénat,AN et Dosleg concordants,organique,organique,organique,AN et Dosleg concordants,non,DLR5L17N50579,75084,Harmoniser le scrutin de liste aux élections municipales (PPLO)
2025-444,2025-05-21,non,AN=2025-05-21 Dosleg=2025-05-21 DOLE=2025-05-21,non,,17,oui,oui,oui,oui,1,1,parlementaire AN,parlementaire AN,parlementaire AN,AN et Dosleg concordants,ordinaire,ordinaire,ordinaire,AN et Dosleg concordants,non,DLR5L15N43846,68434,Parité dans les fonctions électives et exécutives du bloc communal
2025-449,2025-05-23,non,AN=2025-05-23 Dosleg=2025-05-23 DOLE=,non,"DOLE : loi d'autorisation d'un traité (DOLE n'en contient qu'une minorité ; motif constaté, non documenté par la DILA)",17,oui,oui,oui,non,0,1,gouvernement,gouvernement,gouvernement,AN et Dosleg concordants,ordinaire,traite,traite,désaccord résolu par le titre JO (« autorisant ») : AN=ordinaire / Dosleg=traite,oui,DLR5L17N51729,76184,Accord-cadre France - Nations unies
2025-474,2025-05-30,non,AN=2025-05-30 Dosleg=2025-05-30 DOLE=,non,"DOLE : loi d'autorisation d'un traité (DOLE n'en contient qu'une minorité ; motif constaté, non documenté par la DILA)",17,oui,oui,oui,non,0,1,gouvernement,gouvernement,gouvernement,AN et Dosleg concordants,traite,traite,traite,AN et Dosleg concordants,oui,DLR5L17N50957,75508,Centre de développement des capacités cyber dans les Balkans occidentaux
2025-486,2025-06-02,non,AN=2025-06-02 Dosleg=2025-06-02 DOLE=2025-06-02,non,,17,oui,oui,oui,oui,1,1,gouvernement,gouvernement,gouvernement,AN et Dosleg concordants,ordinaire,ordinaire,ordinaire,AN et Dosleg concordants,non,DLR5L17N51986,76419,Personnels enseignants du premier degré dans les îles Wallis et Futuna
2025-531,2025-06-13,non,AN=2025-06-13 Dosleg=2025-06-13 DOLE=2025-06-13,non,,17,oui,oui,oui,oui,1,1,parlementaire Sénat,parlementaire Sénat,parlementaire Sénat,AN et Dosleg concordants,organique,organique,organique,AN et Dosleg concordants,non,DLR5L17N51078,75627,Statut du procureur de la République anti-criminalité organisée
2025-532,2025-06-13,non,AN=2025-06-13 Dosleg=2025-06-13 DOLE=2025-06-13,non,,17,oui,oui,oui,oui,1,1,parlementaire Sénat,parlementaire Sénat,parlementaire Sénat,AN et Dosleg concordants,ordinaire,ordinaire,ordinaire,AN et Dosleg concordants,non,DLR5L17N50169,74675,Sortir la France du piège du narcotrafic
2025-533,2025-06-13,non,AN=2025-06-13 Dosleg=2025-06-13 DOLE=2025-06-13,non,,17,oui,oui,oui,oui,1,1,parlementaire AN,parlementaire AN,parlementaire AN,AN et Dosleg concordants,ordinaire,ordinaire,ordinaire,AN et Dosleg concordants,non,DLR5L17N51328,75815,Prévenir le développement des vignes non cultivées
2025-534,2025-06-13,non,AN=2025-06-13 Dosleg=2025-06-13 DOLE=2025-06-13,non,,17,oui,oui,oui,oui,1,1,parlementaire Sénat,parlementaire Sénat,parlementaire Sénat,AN et Dosleg concordants,ordinaire,ordinaire,ordinaire,AN et Dosleg concordants,non,DLR5L17N51115,75633,Encadrement des loyers et amélioration de l'habitat dans les outre-mer
2025-541,2025-06-16,non,AN=2025-06-16 Dosleg=2025-06-16 DOLE=2025-06-16,non,,17,oui,oui,oui,oui,1,1,parlementaire AN,parlementaire AN,parlementaire AN,AN et Dosleg concordants,ordinaire,ordinaire,ordinaire,AN et Dosleg concordants,non,DLR5L16N49107,73523,Transformation des bâtiments de destination autre qu'habitation en habitations
2025-566,2025-06-23,non,AN=2025-06-23 Dosleg=2025-06-23 DOLE=,non,"DOLE : loi d'autorisation d'un traité (DOLE n'en contient qu'une minorité ; motif constaté, non documenté par la DILA)",17,oui,oui,oui,non,0,1,gouvernement,gouvernement,gouvernement,AN et Dosleg concordants,traite,traite,traite,AN et Dosleg concordants,oui,DLR5L17N51362,74643,Résolution sur la prévention de la pollution des mers
2025-567,2025-06-23,non,AN=2025-06-23 Dosleg=2025-06-23 DOLE=,non,"DOLE : loi d'autorisation d'un traité (DOLE n'en contient qu'une minorité ; motif constaté, non documenté par la DILA)",17,oui,oui,oui,non,0,1,gouvernement,gouvernement,gouvernement,AN et Dosleg concordants,traite,traite,traite,AN et Dosleg concordants,oui,DLR5L17N51783,74626,Avenant à la convention entre la France et la Suisse du 9 septembre 1966
2025-568,2025-06-23,non,AN=2025-06-23 Dosleg=2025-06-23 DOLE=2025-06-23,non,,17,oui,oui,oui,oui,1,1,parlementaire AN,parlementaire AN,parlementaire AN,AN et Dosleg concordants,ordinaire,ordinaire,ordinaire,AN et Dosleg concordants,non,DLR5L17N50690,75218,Aménager le code de la justice pénale des mineurs et la responsabilité parentale
2025-579,2025-06-27,non,AN=2025-06-27 Dosleg=2025-06-27 DOLE=,non,"DOLE : loi d'autorisation d'un traité (DOLE n'en contient qu'une minorité ; motif constaté, non documenté par la DILA)",17,oui,oui,oui,non,0,1,gouvernement,gouvernement,gouvernement,AN et Dosleg concordants,traite,traite,traite,AN et Dosleg concordants,oui,DLR5L17N51789,76219,Accord France - Djibouti
2025-580,2025-06-27,non,AN=2025-06-27 Dosleg=2025-06-27 DOLE=2025-06-27,non,,17,oui,oui,oui,oui,1,1,parlementaire AN,parlementaire AN,parlementaire AN,AN et Dosleg concordants,ordinaire,ordinaire,ordinaire,AN et Dosleg concordants,non,DLR5L16N48758,73184,Accès aux soins
2025-581,2025-06-27,non,AN=2025-06-27 Dosleg=2025-06-27 DOLE=2025-06-27,non,,17,oui,oui,oui,oui,1,1,parlementaire AN,parlementaire AN,parlementaire AN,AN et Dosleg concordants,ordinaire,ordinaire,ordinaire,AN et Dosleg concordants,non,DLR5L17N51002,75550,Profession d'infirmier
2025-594,2025-06-30,non,AN=2025-06-30 Dosleg=2025-06-30 DOLE=2025-06-30,non,,17,oui,oui,oui,oui,1,1,parlementaire AN,parlementaire AN,parlementaire AN,AN et Dosleg concordants,ordinaire,ordinaire,ordinaire,AN et Dosleg concordants,non,DLR5L17N50715,75242,Lutte contre toutes les fraudes aux aides publiques
2025-595,2025-06-30,non,AN=2025-06-30 Dosleg=2025-06-30 DOLE=2025-06-30,non,,17,oui,oui,oui,oui,1,1,parlementaire AN,parlementaire AN,parlementaire AN,AN et Dosleg concordants,ordinaire,ordinaire,ordinaire,AN et Dosleg concordants,non,DLR5L17N50689,75217,Projet parental et discriminations au travail
2025-596,2025-06-30,non,AN=2025-06-30 Dosleg=2025-06-30 DOLE=2025-06-30,non,,17,oui,oui,oui,oui,1,1,parlementaire Sénat,parlementaire Sénat,parlementaire Sénat,AN et Dosleg concordants,ordinaire,ordinaire,ordinaire,AN et Dosleg concordants,non,DLR5L16N47676,71982,Registre national des cancers
2025-622,2025-07-09,non,AN=2025-07-09 Dosleg=2025-07-09 DOLE=2025-07-09,non,,17,oui,oui,oui,oui,1,1,parlementaire AN,parlementaire AN,parlementaire AN,AN et Dosleg concordants,ordinaire,ordinaire,ordinaire,AN et Dosleg concordants,non,DLR5L16N48739,73167,Homicide routier
2025-623,2025-07-09,non,AN=2025-07-09 Dosleg=2025-07-09 DOLE=2025-07-09,non,,17,oui,oui,oui,oui,1,1,parlementaire AN,parlementaire AN,parlementaire AN,AN et Dosleg concordants,ordinaire,ordinaire,ordinaire,AN et Dosleg concordants,non,DLR5L16N49299,73759,Sécurité des professionnels de santé
2025-640,2025-07-15,non,AN=2025-07-15 Dosleg=2025-07-15 DOLE=,non,DOLE : promulgation postérieure à l'archive globale du 13/07/2025,17,oui,oui,oui,non,0,1,gouvernement,gouvernement,gouvernement,AN et Dosleg concordants,ordinaire,ordinaire,ordinaire,AN et Dosleg concordants,non,DLR5L17N52002,76458,Création de l'établissement public du commerce et de l'industrie de Corse
2025-644,2025-07-16,non,AN=2025-07-16 Dosleg=2025-07-16 DOLE=,non,DOLE : promulgation postérieure à l'archive globale du 13/07/2025,17,oui,oui,oui,non,0,1,parlementaire Sénat,parlementaire Sénat,parlementaire Sénat,AN et Dosleg concordants,ordinaire,ordinaire,ordinaire,AN et Dosleg concordants,non,DLR5L17N50882,75410,Restitution d'un bien culturel à la République de Côte d'Ivoire
2025-658,2025-07-18,non,AN=2025-07-18 Dosleg=2025-07-18 DOLE=,non,DOLE : promulgation postérieure à l'archive globale du 13/07/2025,17,oui,oui,oui,non,0,1,parlementaire Sénat,parlementaire Sénat,parlementaire Sénat,AN et Dosleg concordants,ordinaire,ordinaire,ordinaire,AN et Dosleg concordants,non,DLR5L17N51052,75603,Droit de vote par correspondance des personnes détenues
2025-677,2025-07-21,non,AN=2025-07-21 Dosleg=2025-07-21 DOLE=,non,DOLE : promulgation postérieure à l'archive globale du 13/07/2025,17,oui,oui,oui,non,0,1,gouvernement,gouvernement,gouvernement,AN et Dosleg concordants,traite,traite,traite,AN et Dosleg concordants,oui,DLR5L17N51599,76057,Accord France - Panama
2025-732,2025-07-31,non,AN=2025-07-31 Dosleg=2025-07-31 DOLE=,non,DOLE : promulgation postérieure à l'archive globale du 13/07/2025,17,oui,oui,oui,non,0,1,parlementaire Sénat,parlementaire Sénat,parlementaire Sénat,AN et Dosleg concordants,ordinaire,ordinaire,ordinaire,AN et Dosleg concordants,non,DLR5L17N50724,75103,Lutte contre l'antisémitisme dans l'enseignement supérieur
2025-793,2025-08-11,non,AN=2025-08-11 Dosleg=2025-08-11 DOLE=,non,DOLE : promulgation postérieure à l'archive globale du 13/07/2025,17,oui,oui,oui,non,0,1,gouvernement,gouvernement,gouvernement,AN et Dosleg concordants,organique,organique,organique,AN et Dosleg concordants,non,DLR5L17N51984,76417,Département-Région de Mayotte
2025-794,2025-08-11,non,AN=2025-08-11 Dosleg=2025-08-11 DOLE=,non,DOLE : promulgation postérieure à l'archive globale du 13/07/2025,17,oui,oui,oui,non,0,1,parlementaire Sénat,parlementaire Sénat,parlementaire Sénat,AN et Dosleg concordants,ordinaire,ordinaire,ordinaire,AN et Dosleg concordants,non,DLR5L17N50819,75364,Lever les contraintes à l'exercice du métier d'agriculteur
2025-795,2025-08-11,non,AN=2025-08-11 Dosleg=2025-08-11 DOLE=,non,DOLE : promulgation postérieure à l'archive globale du 13/07/2025,17,oui,oui,oui,non,0,1,parlementaire AN,parlementaire AN,parlementaire AN,AN et Dosleg concordants,ordinaire,ordinaire,ordinaire,AN et Dosleg concordants,non,DLR5L17N50692,75220,Conseil de Paris et conseils municipaux de Lyon et de Marseille
2025-796,2025-08-11,non,AN=2025-08-11 Dosleg=2025-08-11 DOLE=,non,DOLE : promulgation postérieure à l'archive globale du 13/07/2025,17,oui,oui,oui,non,0,1,parlementaire Sénat,parlementaire Sénat,parlementaire Sénat,AN et Dosleg concordants,ordinaire,ordinaire,ordinaire,AN et Dosleg concordants,non,DLR5L17N51429,75877,Rétention des personnes condamnées pour des faits d'une particulière gravité
2025-797,2025-08-11,non,AN=2025-08-11 Dosleg=2025-08-11 DOLE=,non,DOLE : promulgation postérieure à l'archive globale du 13/07/2025,17,oui,oui,oui,non,0,1,gouvernement,gouvernement,gouvernement,AN et Dosleg concordants,ordinaire,ordinaire,ordinaire,AN et Dosleg concordants,non,DLR5L17N51985,76418,Refondation de Mayotte
2025-983,2025-10-22,non,AN=2025-10-22 Dosleg=2025-10-22 DOLE=,non,DOLE : promulgation postérieure à l'archive globale du 13/07/2025,17,oui,oui,oui,non,0,1,gouvernement,gouvernement,gouvernement,AN et Dosleg concordants,traite,traite,traite,AN et Dosleg concordants,oui,DLR5L16N50115,74564,Convention sur la sécurité et la santé des travailleurs
2025-989,2025-10-24,non,AN=2025-10-24 Dosleg=2025-10-24 DOLE=,non,DOLE : promulgation postérieure à l'archive globale du 13/07/2025,17,oui,oui,oui,non,0,1,gouvernement,gouvernement,gouvernement,AN et Dosleg concordants,ordinaire,ordinaire,ordinaire,AN et Dosleg concordants,non,DLR5L17N52040,76498,Emploi des salariés expérimentés et évolution du dialogue social
2025-1044,2025-11-03,non,AN=2025-11-03 Dosleg=2025-11-03 DOLE=,non,DOLE : promulgation postérieure à l'archive globale du 13/07/2025,17,oui,oui,oui,non,0,1,parlementaire AN,parlementaire AN,parlementaire AN,AN et Dosleg concordants,ordinaire,ordinaire,ordinaire,AN et Dosleg concordants,non,DLR5L17N51973,76408,Garantir un cadre fiscal pour nos micro-entrepreneurs et petites entreprises
2025-1055,2025-11-06,non,AN=2025-11-06 Dosleg=2025-11-06 DOLE=,non,DOLE : promulgation postérieure à l'archive globale du 13/07/2025,17,oui,oui,oui,non,0,1,parlementaire Sénat,parlementaire Sénat,parlementaire Sénat,AN et Dosleg concordants,organique,organique,organique,AN et Dosleg concordants,non,DLR5L17N52655,77019,Renouvellement du congrès et des assemblées de province de la Nouvelle-Calédonie
2025-1056,2025-11-06,non,AN=2025-11-06 Dosleg=2025-11-06 DOLE=,non,DOLE : promulgation postérieure à l'archive globale du 13/07/2025,17,oui,oui,oui,non,0,1,gouvernement,gouvernement,gouvernement,AN et Dosleg concordants,traite,traite,traite,AN et Dosleg concordants,oui,DLR5L17N52226,76706,Accord France - Macédoine du Nord
2025-1057,2025-11-06,non,AN=2025-11-06 Dosleg=2025-11-06 DOLE=,non,DOLE : promulgation postérieure à l'archive globale du 13/07/2025,17,oui,oui,oui,non,0,1,parlementaire AN,parlementaire AN,parlementaire AN,AN et Dosleg concordants,ordinaire,ordinaire,ordinaire,AN et Dosleg concordants,non,DLR5L17N51349,75836,Définition pénale du viol et des agressions sexuelles
2025-1058,2025-11-06,non,AN=2025-11-06 Dosleg=2025-11-06 DOLE=,non,DOLE : promulgation postérieure à l'archive globale du 13/07/2025,17,oui,oui,oui,non,0,1,parlementaire AN,parlementaire AN,parlementaire AN,AN et Dosleg concordants,ordinaire,ordinaire,ordinaire,AN et Dosleg concordants,non,DLR5L17N51434,75887,Renforcer la lutte contre la fraude bancaire
2025-1079,2025-11-17,non,AN=2025-11-17 Dosleg=2025-11-17 DOLE=,non,DOLE : promulgation postérieure à l'archive globale du 13/07/2025,17,oui,oui,oui,non,0,1,parlementaire AN,parlementaire AN,parlementaire AN,AN et Dosleg concordants,ordinaire,ordinaire,ordinaire,AN et Dosleg concordants,non,DLR5L17N52037,76499,Élever Alfred Dreyfus au grade de général de brigade
2025-1129,2025-11-26,non,AN=2025-11-26 Dosleg=2025-11-26 DOLE=,non,DOLE : promulgation postérieure à l'archive globale du 13/07/2025,17,oui,oui,oui,non,0,1,parlementaire AN,parlementaire AN,parlementaire AN,AN et Dosleg concordants,ordinaire,ordinaire,ordinaire,AN et Dosleg concordants,non,DLR5L17N51852,76275,Simplification du droit de l'urbanisme et du logement
2025-1173,2025-12-08,non,AN=2025-12-08 Dosleg=2025-12-08 DOLE=,non,DOLE : promulgation postérieure à l'archive globale du 13/07/2025,17,oui,oui,oui,non,0,1,gouvernement,gouvernement,gouvernement,AN et Dosleg concordants,finances_fss,ordinaire,finances_fss,désaccord résolu par le titre JO (loi de finances ou de règlement) : AN=finances_fss / Dosleg=ordinaire,non,DLR5L17N53135,78479,Projet de loi de finances de fin de gestion pour 2025
2025-1225,2025-12-16,non,AN=2025-12-16 Dosleg=2025-12-16 DOLE=,non,DOLE : promulgation postérieure à l'archive globale du 13/07/2025,17,oui,oui,oui,non,0,1,gouvernement,gouvernement,gouvernement,AN et Dosleg concordants,traite,traite,traite,AN et Dosleg concordants,oui,DLR5L17N51352,75837,Conventions-cadres relatives aux bureaux à contrôles nationaux juxtaposés
2025-1249,2025-12-22,non,AN=2025-12-22 Dosleg=2025-12-22 DOLE=,non,DOLE : promulgation postérieure à l'archive globale du 13/07/2025,17,oui,oui,oui,non,0,1,parlementaire Sénat,parlementaire Sénat,parlementaire Sénat,AN et Dosleg concordants,ordinaire,ordinaire,ordinaire,AN et Dosleg concordants,non,DLR5L16N49280,73711,Création d'un statut de l'élu local
2025-1250,2025-12-22,non,AN=2025-12-22 Dosleg=2025-12-22 DOLE=,non,DOLE : promulgation postérieure à l'archive globale du 13/07/2025,17,oui,oui,oui,non,0,1,parlementaire Sénat,parlementaire Sénat,parlementaire Sénat,AN et Dosleg concordants,ordinaire,ordinaire,ordinaire,AN et Dosleg concordants,non,DLR5L17N51581,75937,Recours des collectivités territoriales au modèle de la société portuaire
2025-1251,2025-12-22,non,AN=2025-12-22 Dosleg=2025-12-22 DOLE=,non,DOLE : promulgation postérieure à l'archive globale du 13/07/2025,17,oui,oui,oui,non,0,1,parlementaire Sénat,parlementaire Sénat,parlementaire Sénat,AN et Dosleg concordants,ordinaire,ordinaire,ordinaire,AN et Dosleg concordants,non,DLR5L17N51457,75881,Protection sociale complémentaire des agents publics territoriaux
2025-1316,2025-12-26,non,AN=2025-12-26 Dosleg=2025-12-26 DOLE=,non,DOLE : promulgation postérieure à l'archive globale du 13/07/2025,17,oui,oui,oui,non,0,1,gouvernement,gouvernement,gouvernement,AN et Dosleg concordants,ordinaire,ordinaire,ordinaire,AN et Dosleg concordants,non,DLR5L17N53386,79859,Projet de loi spéciale prévue par l'article 45 de la LOLF
2025-1317,2025-12-26,non,AN=2025-12-26 Dosleg=2025-12-26 DOLE=,non,DOLE : promulgation postérieure à l'archive globale du 13/07/2025,17,oui,oui,oui,non,0,1,gouvernement,gouvernement,gouvernement,AN et Dosleg concordants,traite,traite,traite,AN et Dosleg concordants,oui,DLR5L17N51519,75951,Accord France - République de Chypre
2025-1374,2025-12-29,non,AN=2025-12-29 Dosleg=2025-12-29 DOLE=,non,DOLE : promulgation postérieure à l'archive globale du 13/07/2025,17,oui,oui,oui,non,0,1,parlementaire Sénat,parlementaire Sénat,parlementaire Sénat,AN et Dosleg concordants,ordinaire,ordinaire,ordinaire,AN et Dosleg concordants,non,DLR5L17N51351,75766,Personnes condamnées sur le fondement de la législation pénalisant l'avortement
2025-1403,2025-12-30,non,AN=2025-12-30 Dosleg=2025-12-30 DOLE=,non,DOLE : promulgation postérieure à l'archive globale du 13/07/2025,17,oui,oui,oui,non,0,1,gouvernement,gouvernement,gouvernement,AN et Dosleg concordants,finances_fss,finances_fss,finances_fss,AN et Dosleg concordants,non,DLR5L17N52922,77720,Financement de la sécurité sociale pour 2026
2026-6,2026-01-07,non,AN=2026-01-07 Dosleg=2026-01-07 DOLE=,non,DOLE : promulgation postérieure à l'archive globale du 13/07/2025,17,oui,oui,oui,non,0,1,parlementaire Sénat,parlementaire Sénat,parlementaire Sénat,AN et Dosleg concordants,organique,organique,organique,AN et Dosleg concordants,non,DLR5L17N51173,75690,Modification de la LO portant statut d'autonomie de la Polynésie française
2026-28,2026-01-28,non,AN=2026-01-28 Dosleg=2026-01-28 DOLE=,non,DOLE : promulgation postérieure à l'archive globale du 13/07/2025,17,oui,oui,oui,non,0,1,gouvernement,gouvernement,gouvernement,AN et Dosleg concordants,traite,traite,traite,AN et Dosleg concordants,oui,DLR5L17N52354,76766,Accord France-Moldavie relatif à l'échange de permis de conduire
2026-34,2026-01-29,non,AN=2026-01-29 Dosleg=2026-01-29 DOLE=,non,DOLE : promulgation postérieure à l'archive globale du 13/07/2025,17,oui,oui,oui,non,0,1,gouvernement,gouvernement,gouvernement,AN et Dosleg concordants,traite,traite,traite,AN et Dosleg concordants,oui,DLR5L17N50794,75342,Adhésion de la France à l'Observatoire du réseau d'antennes d'un kilomètre carré
2026-103,2026-02-19,non,AN=2026-02-19 Dosleg=2026-02-19 DOLE=,non,DOLE : promulgation postérieure à l'archive globale du 13/07/2025,17,oui,oui,oui,non,0,1,gouvernement,gouvernement,gouvernement,AN et Dosleg concordants,finances_fss,finances_fss,finances_fss,AN et Dosleg concordants,non,DLR5L17N52428,77719,Budget 2026
2026-122,2026-02-23,non,AN=2026-02-23 Dosleg=2026-02-23 DOLE=,non,DOLE : promulgation postérieure à l'archive globale du 13/07/2025,17,oui,oui,oui,non,0,1,parlementaire AN,parlementaire AN,parlementaire AN,AN et Dosleg concordants,ordinaire,ordinaire,ordinaire,AN et Dosleg concordants,non,DLR5L16N49138,73567,Confidentialité des consultations des juristes d'entreprise
2026-145,2026-03-02,non,AN=2026-03-02 Dosleg=2026-03-02 DOLE=,non,DOLE : promulgation postérieure à l'archive globale du 13/07/2025,17,oui,oui,oui,non,0,1,gouvernement,gouvernement,gouvernement,AN et Dosleg concordants,traite,traite,traite,AN et Dosleg concordants,oui,DLR5L17N52099,76563,Accord portant création du Fonds africain de développement
2026-148,2026-03-03,non,AN=2026-03-03 Dosleg=2026-03-03 DOLE=,non,DOLE : promulgation postérieure à l'archive globale du 13/07/2025,17,oui,oui,oui,non,0,1,gouvernement,gouvernement,gouvernement,AN et Dosleg concordants,traite,traite,traite,AN et Dosleg concordants,oui,DLR5L17N52103,76564,Accord France - Brésil
2026-167,2026-03-06,non,AN=2026-03-06 Dosleg=2026-03-06 DOLE=,non,DOLE : promulgation postérieure à l'archive globale du 13/07/2025,17,oui,oui,oui,non,0,1,gouvernement,gouvernement,gouvernement,AN et Dosleg concordants,traite,traite,traite,AN et Dosleg concordants,oui,DLR5L17N52561,76938,Accord France - Monténégro
2026-201,2026-03-20,non,AN=2026-03-20 Dosleg=2026-03-20 DOLE=,non,DOLE : promulgation postérieure à l'archive globale du 13/07/2025,17,oui,oui,oui,non,0,1,gouvernement,gouvernement,gouvernement,AN et Dosleg concordants,ordinaire,ordinaire,ordinaire,AN et Dosleg concordants,non,DLR5L17N52100,76565,Jeux Olympiques et Paralympiques de 2030
2026-246,2026-04-07,non,AN=2026-04-07 Dosleg=2026-04-07 DOLE=,non,DOLE : promulgation postérieure à l'archive globale du 13/07/2025,17,oui,oui,oui,non,0,1,gouvernement,gouvernement,gouvernement,AN et Dosleg concordants,traite,traite,traite,AN et Dosleg concordants,oui,DLR5L17N52429,76859,Accord France - ONU
2026-247,2026-04-07,non,AN=2026-04-07 Dosleg=2026-04-07 DOLE=,non,DOLE : promulgation postérieure à l'archive globale du 13/07/2025,17,oui,oui,oui,non,0,1,parlementaire AN,parlementaire AN,parlementaire AN,AN et Dosleg concordants,ordinaire,ordinaire,ordinaire,AN et Dosleg concordants,non,DLR5L17N51346,75833,Professionnels de santé des services d'incendie et de secours
2026-248,2026-04-07,non,AN=2026-04-07 Dosleg=2026-04-07 DOLE=,non,DOLE : promulgation postérieure à l'archive globale du 13/07/2025,17,oui,oui,oui,non,0,1,parlementaire AN,parlementaire AN,parlementaire AN,AN et Dosleg concordants,ordinaire,ordinaire,ordinaire,AN et Dosleg concordants,non,DLR5L17N51329,75816,Simplifier la sortie de l'indivision
2026-249,2026-04-07,non,AN=2026-04-07 Dosleg=2026-04-07 DOLE=,non,DOLE : promulgation postérieure à l'archive globale du 13/07/2025,17,oui,oui,oui,non,0,1,parlementaire Sénat,parlementaire Sénat,parlementaire Sénat,AN et Dosleg concordants,ordinaire,ordinaire,ordinaire,AN et Dosleg concordants,non,DLR5L17N53690,80619,Remboursement des frais d'expertise comptable aux candidats
2026-257,2026-04-09,non,AN=2026-04-09 Dosleg=2026-04-09 DOLE=,non,DOLE : promulgation postérieure à l'archive globale du 13/07/2025,17,oui,oui,oui,non,0,1,gouvernement,gouvernement,gouvernement,AN et Dosleg concordants,traite,traite,traite,AN et Dosleg concordants,oui,DLR5L17N53730,80719,Accord France - Italie
2026-300,2026-04-21,non,AN=2026-04-21 Dosleg=2026-04-21 DOLE=,non,DOLE : promulgation postérieure à l'archive globale du 13/07/2025,17,oui,oui,oui,non,0,1,gouvernement,gouvernement,gouvernement,AN et Dosleg concordants,traite,traite,traite,AN et Dosleg concordants,oui,DLR5L17N53259,79099,Accord France - Agence spatiale européenne
2026-307,2026-04-23,non,AN=2026-04-23 Dosleg=2026-04-23 DOLE=,non,DOLE : promulgation postérieure à l'archive globale du 13/07/2025,17,oui,oui,oui,non,0,1,parlementaire Sénat,parlementaire Sénat,parlementaire Sénat,AN et Dosleg concordants,ordinaire,ordinaire,ordinaire,AN et Dosleg concordants,non,DLR5L17N53315,79239,Recouvrement des créances commerciales incontestées
2026-325,2026-04-29,non,AN=2026-04-29 Dosleg=2026-04-29 DOLE=,non,DOLE : promulgation postérieure à l'archive globale du 13/07/2025,17,oui,oui,oui,non,0,1,gouvernement,gouvernement,gouvernement,AN et Dosleg concordants,traite,traite,traite,AN et Dosleg concordants,oui,DLR5L17N53235,78959,Accord France-Caraïbes
2026-350,2026-05-09,non,AN=2026-05-09 Dosleg=2026-05-09 DOLE=,non,DOLE : promulgation postérieure à l'archive globale du 13/07/2025,17,oui,oui,oui,non,0,1,parlementaire Sénat,parlementaire Sénat,parlementaire Sénat,AN et Dosleg concordants,ordinaire,ordinaire,ordinaire,AN et Dosleg concordants,non,DLR5L17N52230,76577,Garantir le droit de visite dans les lieux de privation de liberté
2026-351,2026-05-09,non,AN=2026-05-09 Dosleg=2026-05-09 DOLE=,non,DOLE : promulgation postérieure à l'archive globale du 13/07/2025,17,oui,oui,oui,non,0,1,gouvernement,gouvernement,gouvernement,AN et Dosleg concordants,ordinaire,ordinaire,ordinaire,AN et Dosleg concordants,non,DLR5L17N52635,77000,Restitution de biens culturels
2026-373,2026-05-15,non,AN=2026-05-15 Dosleg=2026-05-15 DOLE=,non,DOLE : promulgation postérieure à l'archive globale du 13/07/2025,17,oui,oui,oui,non,0,1,parlementaire AN,parlementaire AN,parlementaire AN,AN et Dosleg concordants,ordinaire,ordinaire,ordinaire,AN et Dosleg concordants,non,DLR5L17N53192,78607,Faciliter l'exercice en France des médecins diplômés au Royaume-Uni
2026-381,2026-05-19,non,AN=2026-05-19 Dosleg=2026-05-19 DOLE=,non,DOLE : promulgation postérieure à l'archive globale du 13/07/2025,17,oui,oui,oui,non,0,1,parlementaire Sénat,parlementaire Sénat,parlementaire Sénat,AN et Dosleg concordants,ordinaire,ordinaire,ordinaire,AN et Dosleg concordants,non,DLR5L17N51175,75703,Prévention et gestion des inondations par les collectivités territoriales
2026-403,2026-05-26,non,AN=2026-05-26 Dosleg=2026-05-26 DOLE=,non,DOLE : promulgation postérieure à l'archive globale du 13/07/2025,17,oui,oui,oui,non,0,1,gouvernement,gouvernement,gouvernement,AN et Dosleg concordants,ordinaire,ordinaire,ordinaire,AN et Dosleg concordants,non,DLR5L16N49868,74283,Simplification de la vie économique
2026-404,2026-05-26,non,AN=2026-05-26 Dosleg=2026-05-26 DOLE=,non,DOLE : promulgation postérieure à l'archive globale du 13/07/2025,17,oui,oui,oui,non,0,1,parlementaire AN,parlementaire AN,parlementaire AN,AN et Dosleg concordants,ordinaire,ordinaire,ordinaire,AN et Dosleg concordants,non,DLR5L17N51672,76129,Égal accès de tous à l'accompagnement et aux soins palliatifs
2026-410,2026-05-28,non,AN=2026-05-28 Dosleg=2026-05-28 DOLE=,non,DOLE : promulgation postérieure à l'archive globale du 13/07/2025,17,oui,oui,oui,non,0,1,parlementaire Sénat,parlementaire Sénat,parlementaire Sénat,AN et Dosleg concordants,organique,organique,organique,AN et Dosleg concordants,non,DLR5L17N52104,76570,Régularisation des natifs pour les élections en Nouvelle-Calédonie
2026-441,2026-06-04,non,AN=2026-06-04 Dosleg=2026-06-04 DOLE=,non,DOLE : promulgation postérieure à l'archive globale du 13/07/2025,17,oui,oui,oui,non,0,1,parlementaire Sénat,parlementaire Sénat,parlementaire Sénat,AN et Dosleg concordants,ordinaire,ordinaire,ordinaire,AN et Dosleg concordants,non,DLR5L17N51791,76197,Pérennisation du contrat de professionnalisation expérimental
2026-442,2026-06-04,non,AN=2026-06-04 Dosleg=2026-06-04 DOLE=,non,DOLE : promulgation postérieure à l'archive globale du 13/07/2025,17,oui,oui,oui,non,0,1,parlementaire Sénat,parlementaire Sénat,parlementaire Sénat,AN et Dosleg concordants,ordinaire,ordinaire,ordinaire,AN et Dosleg concordants,non,DLR5L17N53357,79565,Exercice des compétences du service public de la petite enfance
2026-470,2026-06-11,non,AN=2026-06-11 Dosleg=2026-06-11 DOLE=,non,DOLE : promulgation postérieure à l'archive globale du 13/07/2025,17,oui,oui,oui,non,0,1,gouvernement,gouvernement,gouvernement,AN et Dosleg concordants,ordinaire,ordinaire,ordinaire,AN et Dosleg concordants,non,DLR5L17N53981,82100,Protocole d'accord du 10 novembre 2023 relatif à l'assurance chômage
2026-491,2026-06-12,non,AN=2026-06-12 Dosleg=2026-06-12 DOLE=,non,DOLE : promulgation postérieure à l'archive globale du 13/07/2025,17,oui,oui,oui,non,0,1,parlementaire AN,parlementaire AN,parlementaire AN,AN et Dosleg concordants,ordinaire,ordinaire,ordinaire,AN et Dosleg concordants,non,DLR5L16N49263,73684,Victimes du chlordécone
2026-492,2026-06-12,non,AN=2026-06-12 Dosleg=2026-06-12 DOLE=,non,DOLE : promulgation postérieure à l'archive globale du 13/07/2025,17,oui,oui,oui,non,0,1,parlementaire AN,parlementaire AN,parlementaire AN,AN et Dosleg concordants,ordinaire,ordinaire,ordinaire,AN et Dosleg concordants,non,DLR5L17N50444,74974,Protection et accompagnement des parents d'enfants atteints de cancers
2026-510,2026-06-15,non,AN=2026-06-15 Dosleg=2026-06-15 DOLE=,non,DOLE : promulgation postérieure à l'archive globale du 13/07/2025,17,oui,oui,oui,non,0,1,gouvernement,gouvernement,gouvernement,AN et Dosleg concordants,traite,traite,traite,AN et Dosleg concordants,oui,DLR5L17N52549,76882,Accords France - Finlande et France - Suède
2026-532,2026-06-24,non,AN=2026-06-24 Dosleg=2026-06-24 DOLE=,non,DOLE : promulgation postérieure à l'archive globale du 13/07/2025,17,oui,oui,oui,non,0,1,parlementaire AN,parlementaire AN,parlementaire AN,AN et Dosleg concordants,ordinaire,ordinaire,ordinaire,AN et Dosleg concordants,non,DLR5L16N48747,73174,Moniteurs de ski stagiaires
2026-534,2026-06-25,non,AN=2026-06-25 Dosleg=2026-06-25 DOLE=,non,DOLE : promulgation postérieure à l'archive globale du 13/07/2025,17,oui,oui,oui,non,0,1,gouvernement,gouvernement,gouvernement,AN et Dosleg concordants,ordinaire,ordinaire,ordinaire,AN et Dosleg concordants,non,DLR5L17N52985,77721,Lutte contre les fraudes sociales et fiscales
2026-542,2026-06-26,non,AN=2026-06-26 Dosleg=2026-06-26 DOLE=,non,DOLE : promulgation postérieure à l'archive globale du 13/07/2025,17,oui,oui,oui,non,0,1,parlementaire Sénat,parlementaire Sénat,parlementaire Sénat,AN et Dosleg concordants,ordinaire,ordinaire,ordinaire,AN et Dosleg concordants,non,DLR5L17N50548,75067,Sortie des collections publiques de restes humains kali'nas et arawaks
2026-553,2026-06-29,non,AN=2026-06-29 Dosleg=2026-06-29 DOLE=,non,DOLE : promulgation postérieure à l'archive globale du 13/07/2025,17,oui,oui,oui,non,0,1,parlementaire AN,parlementaire AN,parlementaire AN,AN et Dosleg concordants,ordinaire,ordinaire,ordinaire,AN et Dosleg concordants,non,DLR5L17N51968,76403,Améliorer l'accès au logement des travailleurs des services publics
2026-554,2026-06-29,non,AN=2026-06-29 Dosleg=2026-06-29 DOLE=,non,DOLE : promulgation postérieure à l'archive globale du 13/07/2025,17,oui,oui,oui,non,0,1,parlementaire AN,parlementaire AN,parlementaire AN,AN et Dosleg concordants,ordinaire,ordinaire,ordinaire,AN et Dosleg concordants,non,DLR5L17N53530,80292,Relancer les investissements dans le secteur de l'hydroélectricité
2026-555,2026-06-29,non,AN=2026-06-29 Dosleg=2026-06-29 DOLE=,non,DOLE : promulgation postérieure à l'archive globale du 13/07/2025,17,oui,oui,oui,non,0,1,parlementaire AN,parlementaire AN,parlementaire AN,AN et Dosleg concordants,ordinaire,ordinaire,ordinaire,AN et Dosleg concordants,non,DLR5L17N51845,76268,Réparer les préjudices causés par la transplantation de mineurs de La Réunion
2026-574,2026-06-30,non,AN=2026-06-30 Dosleg=2026-06-30 DOLE=,non,DOLE : promulgation postérieure à l'archive globale du 13/07/2025,17,oui,oui,oui,non,0,1,gouvernement,gouvernement,gouvernement,AN et Dosleg concordants,ordinaire,ordinaire,ordinaire,AN et Dosleg concordants,non,DLR5L17N53600,80359,"Règles applicables en Martinique en matière d'énergie, d'eau et d'assainissement"
2026-586,2026-07-01,non,AN=2026-07-01 Dosleg=2026-07-01 DOLE=,non,DOLE : promulgation postérieure à l'archive globale du 13/07/2025,17,oui,oui,oui,non,0,1,gouvernement,gouvernement,gouvernement,AN et Dosleg concordants,traite,traite,traite,AN et Dosleg concordants,oui,DLR5L17N52000,76457,Accord France - Suriname
2026-587,2026-07-01,non,AN=2026-07-01 Dosleg=2026-07-01 DOLE=,non,DOLE : promulgation postérieure à l'archive globale du 13/07/2025,17,oui,oui,oui,non,0,1,gouvernement,gouvernement,gouvernement,AN et Dosleg concordants,traite,traite,traite,AN et Dosleg concordants,oui,DLR5L17N53844,81519,Partenariat et coopération Union européenne-République kirghize
2026-602,2026-07-08,non,AN=2026-07-08 Dosleg=2026-07-08 DOLE=,non,DOLE : promulgation postérieure à l'archive globale du 13/07/2025,17,oui,oui,oui,non,0,1,parlementaire AN,parlementaire AN,parlementaire AN,AN et Dosleg concordants,ordinaire,ordinaire,ordinaire,AN et Dosleg concordants,non,DLR5L16N49364,73788,Impact environnemental de l'industrie textile
2026-630,2026-07-13,non,AN=2026-07-13 Dosleg=2026-07-13 DOLE=,non,DOLE : promulgation postérieure à l'archive globale du 13/07/2025,17,oui,oui,oui,non,0,1,parlementaire AN,parlementaire AN,parlementaire AN,AN et Dosleg concordants,ordinaire,ordinaire,ordinaire,AN et Dosleg concordants,non,DLR5L17N52781,77199,Assurer le droit de chaque enfant à être assisté d'un avocat
2026-645,2026-07-22,non,AN=2026-07-22 Dosleg=2026-07-22 DOLE=,non,DOLE : promulgation postérieure à l'archive globale du 13/07/2025,17,oui,oui,oui,non,0,1,gouvernement,gouvernement,gouvernement,AN et Dosleg concordants,traite,traite,traite,AN et Dosleg concordants,oui,DLR5L17N53848,81520,Accord France - Pays-Bas
2026-650,2026-07-23,non,AN=2026-07-23 Dosleg=2026-07-23 DOLE=,non,DOLE : promulgation postérieure à l'archive globale du 13/07/2025,17,oui,oui,oui,non,0,1,gouvernement,gouvernement,gouvernement,AN et Dosleg concordants,organique,organique,organique,AN et Dosleg concordants,non,DLR5L17N53942,82020,Renforcement des juridictions criminelles
2026-651,2026-07-23,non,AN=2026-07-23 Dosleg=2026-07-23 DOLE=,non,DOLE : promulgation postérieure à l'archive globale du 13/07/2025,17,oui,oui,oui,non,0,1,gouvernement,gouvernement,gouvernement,AN et Dosleg concordants,ordinaire,ordinaire,ordinaire,AN et Dosleg concordants,non,DLR5L17N53940,82019,Justice criminelle et respect des victimes
2026-667,2026-07-27,non,AN=2026-07-27 Dosleg=2026-07-27 DOLE=,non,DOLE : promulgation postérieure à l'archive globale du 13/07/2025,17,oui,oui,oui,non,0,1,parlementaire AN,parlementaire AN,parlementaire AN,AN et Dosleg concordants,ordinaire,ordinaire,ordinaire,AN et Dosleg concordants,non,DLR5L17N53284,79147,Renforcer la prévention des risques d'attentat
2026-668,2026-07-27,non,AN=2026-07-27 Dosleg=2026-07-27 DOLE=,non,DOLE : promulgation postérieure à l'archive globale du 13/07/2025,17,oui,oui,oui,non,0,1,parlementaire AN,parlementaire AN,parlementaire AN,AN et Dosleg concordants,ordinaire,ordinaire,ordinaire,AN et Dosleg concordants,non,DLR5L17N53426,79916,Stratégie nationale de lutte contre les maladies cardio-neuro-vasculaires
2026-725,2026-08-03,non,AN=2026-08-03 Dosleg=2026-08-03 DOLE=,non,DOLE : promulgation postérieure à l'archive globale du 13/07/2025,17,oui,oui,oui,non,0,1,parlementaire Sénat,parlementaire Sénat,parlementaire Sénat,AN et Dosleg concordants,ordinaire,ordinaire,ordinaire,AN et Dosleg concordants,non,DLR5L17N51732,76160,"Organisation, gestion et financement du sport professionnel"
2026-791,2026-08-16,non,AN=2026-08-16 Dosleg=2026-08-16 DOLE=,non,DOLE : promulgation postérieure à l'archive globale du 13/07/2025,17,oui,oui,oui,non,0,1,gouvernement,gouvernement,gouvernement,AN et Dosleg concordants,ordinaire,ordinaire,ordinaire,AN et Dosleg concordants,non,DLR5L17N54083,82341,Programmation militaire pour les années 2024 à 2030
2026-794,2026-08-18,non,AN=2026-08-18 Dosleg=2026-08-18 DOLE=,non,DOLE : promulgation postérieure à l'archive globale du 13/07/2025,17,oui,oui,oui,non,0,1,parlementaire AN,parlementaire AN,parlementaire AN,AN et Dosleg concordants,ordinaire,ordinaire,ordinaire,AN et Dosleg concordants,non,DLR5L17N51670,76127,Droit à l'aide à mourir
2026-795,2026-08-18,non,AN=2026-08-18 Dosleg=2026-08-18 DOLE=,non,DOLE : promulgation postérieure à l'archive globale du 13/07/2025,17,oui,oui,oui,non,0,1,parlementaire AN,parlementaire AN,parlementaire AN,AN et Dosleg concordants,ordinaire,ordinaire,ordinaire,AN et Dosleg concordants,non,DLR5L17N52746,77166,Moderniser la gestion du patrimoine immobilier de l'État
2026-796,2026-08-18,non,AN=2026-08-18 Dosleg=2026-08-18 DOLE=,non,DOLE : promulgation postérieure à l'archive globale du 13/07/2025,17,oui,oui,oui,non,0,1,gouvernement,gouvernement,gouvernement,AN et Dosleg concordants,ordinaire,ordinaire,ordinaire,AN et Dosleg concordants,non,DLR5L17N54085,82340,Protection et souveraineté agricoles
2026-797,2026-08-18,non,AN=2026-08-18 Dosleg=2026-08-18 DOLE=,non,DOLE : promulgation postérieure à l'archive globale du 13/07/2025,17,oui,oui,oui,non,0,1,parlementaire AN,parlementaire AN,parlementaire AN,AN et Dosleg concordants,ordinaire,ordinaire,ordinaire,AN et Dosleg concordants,non,DLR5L17N54006,82190,Pour une montagne vivante et souveraine
2026-798,2026-08-18,non,AN=2026-08-18 Dosleg=2026-08-18 DOLE=,non,DOLE : promulgation postérieure à l'archive globale du 13/07/2025,17,oui,oui,oui,non,0,1,gouvernement,gouvernement,gouvernement,AN et Dosleg concordants,ordinaire,ordinaire,ordinaire,AN et Dosleg concordants,non,DLR5L17N53980,82101,Réponses immédiates aux phénomènes troublant l'ordre public
2026-813,2026-08-24,non,AN=2026-08-24 Dosleg=2026-08-24 DOLE=,non,DOLE : promulgation postérieure à l'archive globale du 13/07/2025,17,oui,oui,oui,non,0,1,parlementaire AN,parlementaire AN,parlementaire AN,AN et Dosleg concordants,ordinaire,ordinaire,ordinaire,AN et Dosleg concordants,non,DLR5L17N53187,78610,Protéger les mineurs des risques des réseaux sociaux
